source,target,weight
1,59,0.20937
1,359,0.20434
1,1000,0.22683
1,1023,0.25694
1,1183,0.25466
1,1212,0.21406
1,1329,0.21311
1,1519,0.24424
1,1842,0.2118
1,1907,0.26231
1,2077,0.20647
1,2198,0.21149
1,2516,0.27619
1,2656,0.22223
1,2742,0.26662
1,2784,0.2261
1,2880,0.22527
1,2962,0.37211
1,3039,0.26718
1,3045,0.2244
1,3055,0.26633
1,3326,0.23665
1,3712,0.2137
1,3836,0.22505
1,3981,0.24142
1,4090,0.20957
1,4577,0.27023
1,4787,0.21477
1,4816,0.20819
1,4837,0.25209
1,5392,0.21871
1,5447,0.21093
1,5489,0.33245
1,5689,0.23459
1,5734,0.24369
1,5788,0.2342
2,88,0.20653
2,3598,0.20717
2,5140,0.2031
4,601,0.33595
4,1087,0.22137
4,3192,0.20586
4,3364,0.28371
4,3528,0.41502
4,4268,0.38592
4,5486,0.20927
6,646,0.20407
6,1098,0.20243
6,1144,0.21601
6,2225,0.20296
6,2507,0.21393
6,2647,0.20488
6,3933,0.22884
6,4061,0.39292
6,4343,0.26525
6,4807,0.20099
6,5190,0.29638
6,5215,0.20844
7,293,0.24957
7,2518,0.20158
7,2931,0.27407
7,3861,0.2998
7,4336,0.27407
7,4556,0.36256
7,4753,0.29452
7,4948,0.21997
7,5277,0.28296
7,5300,0.34373
8,1954,0.20876
9,428,0.21164
9,621,0.21765
9,1226,0.20264
9,1248,0.21579
9,1800,0.30708
9,2144,0.21265
9,3135,0.47167
9,3392,0.25494
9,3657,0.33167
9,3965,0.23879
9,4029,0.20776
9,4544,0.43899
9,4580,0.42419
9,5032,0.20312
9,5070,0.24731
9,5561,0.28054
9,5662,0.34724
9,5919,0.22725
9,5939,0.20056
9,6174,0.20453
10,105,0.22318
10,289,0.38104
10,481,0.3111
10,638,0.31266
10,733,0.21224
10,2135,0.27672
10,2439,0.20128
10,2831,0.27262
10,2869,0.35219
10,3077,0.34694
10,3541,0.44197
10,3736,0.27315
10,4256,0.32906
10,4534,0.22324
10,4731,0.2435
10,5059,0.29396
10,5252,0.22915
10,5935,0.25492
10,5947,0.4194
10,6027,0.36876
11,2112,0.20496
11,5841,0.36808
12,194,0.23328
12,463,0.27034
12,1142,0.42151
12,1497,0.32682
12,1570,0.29316
12,1582,0.28765
12,1597,0.2175
12,1880,0.31313
12,2079,0.24687
12,2645,0.35219
12,2792,0.27028
12,2972,0.21386
12,3548,0.24258
12,3582,0.26213
12,3980,0.20794
12,4386,0.23055
12,4473,0.21028
12,4514,0.26019
12,4766,0.2511
12,4810,0.24282
12,4828,0.22273
12,4850,0.36001
12,4886,0.35219
12,4949,0.25874
12,4992,0.32343
12,5021,0.29634
12,5057,0.26823
12,5067,0.28054
12,5198,0.23088
12,5244,0.21948
12,5310,0.27548
12,5311,0.21926
12,5365,0.31772
12,5596,0.23672
12,5709,0.27302
12,5792,0.37669
12,5910,0.22081
12,5982,0.28104
12,6117,0.21354
12,6227,0.34605
13,681,0.22464
13,1102,0.20833
13,2336,0.2058
13,3447,0.20454
14,4623,0.20762
15,5088,0.22403
15,5419,0.54069
15,5799,0.21919
16,673,0.28514
16,1095,0.27453
16,1490,0.28584
16,1752,0.44208
16,2439,0.21778
16,3008,0.40709
16,4307,0.21093
16,4707,0.29335
16,5097,0.21812
16,5100,0.28983
16,5357,0.26213
16,6054,0.22725
17,215,0.20201
17,435,0.24429
17,500,0.21152
17,890,0.36045
17,905,0.24683
17,1685,0.31131
17,1837,0.20585
17,2100,0.23237
17,2170,0.42151
17,2450,0.23144
17,2545,0.22326
17,3013,0.20082
17,3022,0.26486
17,3761,0.29244
17,4631,0.22611
17,4727,0.29372
17,5171,0.21068
17,5267,0.20753
17,5766,0.25275
18,375,0.20227
18,491,0.2573
18,791,0.24141
18,1179,0.20201
18,2448,0.3044
18,3730,0.2001
18,3883,0.27193
18,4920,0.28065
18,5291,0.56059
18,5326,0.20158
18,5543,0.42514
18,5967,0.45644
19,2126,0.24616
19,3202,0.26704
19,4123,0.22048
19,5644,0.30194
19,5653,0.37949
19,6093,0.34842
19,6141,0.35575
21,350,0.33828
21,673,0.35219
21,1414,0.23466
21,1911,0.28385
21,2432,0.34012
21,2785,0.25864
21,2854,0.29452
21,4707,0.37258
21,4773,0.20706
21,6054,0.26019
22,47,0.27611
22,135,0.29181
22,351,0.394
22,471,0.23144
22,756,0.24431
22,910,0.49019
22,1408,0.29611
22,1411,0.20624
22,1627,0.22313
22,1735,0.28748
22,1946,0.29452
22,2497,0.26786
22,2532,0.37094
22,2612,0.40781
22,3066,0.2466
22,3381,0.24322
22,3738,0.25099
22,4396,0.23954
22,4581,0.34929
22,4687,0.28783
22,4936,0.21101
22,5022,0.31792
22,5235,0.31603
22,5783,0.41606
23,220,0.20616
23,287,0.44208
23,597,0.26019
23,640,0.36808
23,1136,0.20199
23,1464,0.35262
23,1527,0.4148
23,1741,0.22547
23,1778,0.2028
23,1908,0.30239
23,2101,0.35158
23,2343,0.32412
23,3304,0.21133
23,3564,0.42151
23,4056,0.21639
23,4092,0.35158
23,4515,0.35778
23,5133,0.36808
23,5750,0.22331
24,1254,0.35369
24,2317,0.28021
24,3248,0.27365
24,3352,0.25912
24,3924,0.44622
24,4123,0.25778
24,5346,0.33641
24,5474,0.29414
25,337,0.20961
25,1668,0.2352
25,2602,0.22871
25,2933,0.23293
25,5210,0.2193
25,5230,0.23525
26,3637,0.21679
26,3973,0.22156
26,5211,0.21942
28,357,0.22399
28,1746,0.23466
28,4033,0.25886
28,4814,0.26185
28,6072,0.22536
28,6156,0.44085
29,387,0.31312
29,548,0.27247
29,876,0.23205
29,922,0.20429
29,997,0.24678
29,1400,0.40219
29,2097,0.36258
29,2300,0.21829
29,2368,0.27718
29,2387,0.32433
29,2461,0.2821
29,2543,0.31554
29,2575,0.26299
29,3926,0.23343
29,4215,0.34912
29,4361,0.62184
29,4373,0.37157
29,4562,0.20991
29,4912,0.21805
29,5652,0.48287
30,1054,0.42634
30,1152,0.29686
30,1264,0.25518
30,1293,0.23927
30,1731,0.44944
30,1995,0.43286
30,2549,0.45113
30,2646,0.2434
30,2863,0.26213
30,2990,0.48011
30,3074,0.63849
30,3126,0.26732
30,3547,0.23427
30,3767,0.43286
30,3881,0.20236
30,4355,0.36164
30,4779,0.50247
30,5034,0.48011
30,5098,0.49019
30,5280,0.22725
30,5691,0.22725
30,5852,0.23675
30,6063,0.52721
31,730,0.45333
31,1101,0.42151
31,1203,0.24081
31,1440,0.58996
31,1843,0.24747
31,2200,0.25148
31,2323,0.48049
31,3053,0.30239
31,4292,0.39674
31,4413,0.29452
31,4633,0.38799
31,4715,0.44197
31,4756,0.20945
31,4856,0.6093
31,5341,0.62768
31,5555,0.40081
31,5610,0.59478
31,5614,0.61519
31,5720,0.36122
31,5780,0.56965
31,5853,0.26163
31,6149,0.28514
34,100,0.22509
34,110,0.21509
34,115,0.24047
34,161,0.25171
34,244,0.26933
34,616,0.22489
34,1361,0.23074
34,1448,0.24819
34,1650,0.22559
34,1848,0.27298
34,2553,0.2049
34,2582,0.23479
34,3091,0.24916
34,3983,0.24314
34,4071,0.38214
34,4402,0.22116
34,4424,0.20938
34,4537,0.24471
34,4582,0.26178
34,4799,0.31747
35,454,0.25049
35,1467,0.21187
35,1544,0.24533
35,2663,0.36122
35,2765,0.42151
35,3148,0.22715
35,3938,0.34538
35,4993,0.20438
37,1015,0.24979
37,1446,0.21528
37,5024,0.27619
37,5126,0.33828
37,5803,0.24731
38,277,0.4304
38,317,0.30089
38,348,0.21067
38,436,0.21563
38,646,0.30014
38,666,0.21596
38,691,0.23545
38,714,0.22859
38,884,0.30444
38,944,0.27966
38,981,0.35678
38,1036,0.20393
38,1098,0.30194
38,1144,0.20817
38,1211,0.25333
38,1216,0.4517
38,1223,0.25346
38,1238,0.22089
38,1369,0.20974
38,1380,0.33657
38,1496,0.26206
38,1514,0.20615
38,1679,0.2208
38,1758,0.21307
38,1999,0.20895
38,2032,0.24623
38,2160,0.22158
38,2172,0.25832
38,2225,0.2822
38,2272,0.20939
38,2328,0.29397
38,2401,0.21196
38,2481,0.24779
38,2507,0.2339
38,2647,0.38206
38,2846,0.20656
38,2959,0.24956
38,3439,0.24351
38,3454,0.21056
38,3612,0.23319
38,3933,0.29986
38,4011,0.22493
38,4257,0.21592
38,4285,0.32797
38,4343,0.29429
38,4349,0.24363
38,4380,0.20202
38,4394,0.23859
38,4423,0.29193
38,4443,0.22823
38,4547,0.2053
38,4560,0.26111
38,4598,0.25937
38,4602,0.20391
38,4807,0.34364
38,5040,0.23717
38,5190,0.3176
38,5192,0.21437
38,5215,0.3706
38,5292,0.22328
38,5318,0.21108
38,5333,0.32918
38,5345,0.22474
38,5603,0.27463
38,5703,0.20634
38,5711,0.39586
38,5763,0.21406
38,5796,0.20416
38,5874,0.21999
38,6078,0.27329
38,6143,0.26363
39,67,0.33057
39,148,0.32765
39,156,0.4275
39,170,0.26978
39,411,0.23031
39,459,0.45824
39,549,0.22662
39,837,0.53606
39,848,0.34316
39,1028,0.46086
39,1059,0.28323
39,1150,0.55047
39,1204,0.20047
39,1241,0.37756
39,1350,0.46647
39,1378,0.31649
39,1522,0.27261
39,1532,0.27352
39,1682,0.27556
39,1692,0.20328
39,1716,0.49591
39,1719,0.44384
39,1813,0.31487
39,1905,0.22552
39,2214,0.40482
39,2258,0.32457
39,2319,0.54459
39,2444,0.22574
39,2453,0.32015
39,2488,0.28273
39,2629,0.49152
39,2641,0.22419
39,2759,0.29815
39,2790,0.39769
39,2903,0.21695
39,2906,0.438
39,2993,0.21915
39,3252,0.36232
39,3472,0.47979
39,3643,0.27879
39,3791,0.212
39,3821,0.41663
39,3854,0.32115
39,3926,0.20037
39,4022,0.37954
39,4083,0.3477
39,4226,0.27109
39,4352,0.30513
39,4561,0.34567
39,4607,0.2058
39,4609,0.2727
39,4722,0.33799
39,4842,0.45012
39,4907,0.46948
39,4971,0.20717
39,5206,0.25356
39,5367,0.21394
39,5557,0.28624
39,5930,0.28058
39,5995,0.35118
39,5998,0.21535
39,6031,0.20179
40,3091,0.21969
40,5670,0.20755
41,4882,0.20499
41,5228,0.21294
42,92,0.21939
42,492,0.23691
42,813,0.31
42,867,0.25186
42,1201,0.34251
42,1904,0.28315
42,1956,0.20795
42,4365,0.34401
42,5022,0.20725
42,5766,0.20983
43,411,0.2028
43,2404,0.40375
43,4475,0.56777
43,5155,0.28219
43,6132,0.36311
44,875,0.21749
44,3600,0.23774
45,839,0.20009
45,2374,0.20529
45,3348,0.25799
45,3449,0.22376
45,3685,0.20421
46,252,0.2431
46,375,0.62753
46,490,0.25882
46,623,0.25868
46,1310,0.30094
46,2010,0.22509
46,2448,0.24302
46,3146,0.20095
46,3540,0.21213
46,4187,0.22948
46,4282,0.20998
46,4597,0.50941
46,4676,0.22575
46,4722,0.25679
46,4750,0.21475
46,5039,0.36777
46,5167,0.33939
46,5299,0.25846
46,5402,0.24832
46,5642,0.24601
46,5967,0.26701
47,135,0.32449
47,238,0.20535
47,351,0.3471
47,471,0.25129
47,756,0.34378
47,910,0.59084
47,1408,0.26921
47,1678,0.20346
47,1735,0.3115
47,1937,0.33765
47,1946,0.44446
47,2115,0.21368
47,2391,0.36083
47,2532,0.34004
47,2612,0.35924
47,2781,0.20538
47,3066,0.42484
47,3381,0.38823
47,3738,0.33832
47,4306,0.24567
47,4317,0.222
47,4687,0.57439
47,4936,0.2499
47,5022,0.36431
47,5235,0.41665
47,5783,0.23123
48,326,0.25176
49,1848,0.25982
49,2038,0.29023
49,2967,0.39644
49,3481,0.33728
49,3841,0.28162
49,4325,0.36776
49,4537,0.3052
49,4783,0.37289
49,4799,0.24664
49,5111,0.20281
49,5528,0.24682
49,5544,0.23713
49,5975,0.39236
49,6013,0.29404
50,2124,0.26671
50,5210,0.28463
50,5230,0.28526
51,71,0.21803
51,103,0.21908
51,127,0.24844
51,273,0.25905
51,385,0.27637
51,415,0.24243
51,459,0.20579
51,548,0.24141
51,800,0.31641
51,863,0.62809
51,876,0.26037
51,922,0.37663
51,997,0.3225
51,1013,0.23165
51,1270,0.22986
51,1298,0.20638
51,1400,0.41356
51,1673,0.22759
51,1684,0.32089
51,2097,0.31428
51,2265,0.45517
51,2300,0.23568
51,2325,0.34834
51,2368,0.40876
51,2387,0.34199
51,2461,0.31608
51,2543,0.40023
51,2575,0.33805
51,2713,0.51902
51,2759,0.25084
51,3146,0.55237
51,3172,0.21906
51,3249,0.29479
51,3350,0.2267
51,3610,0.22036
51,3639,0.25644
51,3731,0.50802
51,3818,0.20326
51,3846,0.30564
51,3926,0.31902
51,4022,0.22882
51,4155,0.26553
51,4215,0.34351
51,4227,0.23255
51,4294,0.63873
51,4361,0.21655
51,4373,0.37612
51,4395,0.23595
51,4528,0.39092
51,4562,0.23403
51,4676,0.29343
51,4743,0.23641
51,4752,0.25711
51,4848,0.26054
51,4912,0.213
51,4955,0.20541
51,4957,0.22998
51,4971,0.23634
51,5061,0.23762
51,5206,0.33859
51,5329,0.26196
51,5378,0.36122
51,5408,0.2074
51,5527,0.21213
51,5605,0.30995
51,5649,0.26202
51,5862,0.24748
51,5893,0.26308
51,5930,0.29779
51,6092,0.2106
51,6191,0.44779
52,573,0.30239
52,1536,0.25193
52,1961,0.22728
52,2487,0.26467
52,2958,0.20589
52,3297,0.26246
52,3311,0.22548
52,3451,0.22386
52,3480,0.23074
52,3768,0.2594
52,4003,0.27607
52,4144,0.36305
52,4242,0.34421
52,4497,0.20055
52,4498,0.29917
52,4623,0.31933
52,4851,0.2272
52,4893,0.29959
52,4901,0.34442
52,5046,0.22423
52,5187,0.22199
52,5237,0.35104
52,5317,0.23927
52,5335,0.2693
52,5820,0.42824
52,6023,0.22749
52,6181,0.32565
53,759,0.34977
53,1721,0.32723
53,1925,0.29826
53,5060,0.27485
53,5305,0.2591
54,287,0.21028
54,505,0.2254
54,1778,0.2163
54,1908,0.23466
54,2015,0.20584
54,2101,0.41545
54,2242,0.30239
54,2540,0.42151
54,3359,0.21213
54,4092,0.52721
54,4833,0.27464
54,4854,0.28118
54,5534,0.26022
54,5581,0.23153
54,5834,0.2212
54,5863,0.22813
54,6058,0.26213
55,2892,0.21936
56,367,0.21737
56,1155,0.25983
56,1278,0.28715
56,1421,0.48613
56,1433,0.20444
56,1526,0.31619
56,1799,0.41382
56,1829,0.29097
56,2396,0.37471
56,2447,0.37515
56,2917,0.50553
56,3027,0.38928
56,3164,0.24841
56,3212,0.43482
56,3913,0.52721
56,4095,0.59432
56,4243,0.26148
56,4503,0.4385
56,4763,0.20086
56,4767,0.41389
56,4883,0.26636
56,5616,0.27823
56,5793,0.37938
56,5883,0.24936
57,165,0.20678
57,564,0.25026
57,627,0.21849
57,834,0.25871
57,844,0.23039
57,883,0.24842
57,1188,0.32105
57,2035,0.28367
57,2359,0.22487
57,2516,0.2494
57,2656,0.27257
57,2880,0.23033
57,3370,0.25304
57,3393,0.2188
57,3408,0.26701
57,3812,0.2101
57,4125,0.22972
57,4326,0.29536
57,5104,0.25423
57,5187,0.22874
57,5489,0.24251
57,5577,0.21858
57,5629,0.21975
57,5688,0.23794
57,5823,0.20841
58,122,0.20938
58,408,0.21801
58,1625,0.22332
58,1630,0.21769
58,2342,0.30415
58,3052,0.24482
58,3278,0.20562
58,3748,0.20952
58,4964,0.25781
58,5683,0.21051
58,5752,0.2948
58,5882,0.20198
58,6109,0.20252
59,1609,0.31594
59,3605,0.22698
59,3981,0.22772
59,4577,0.21453
59,4591,0.20881
59,4942,0.20795
60,152,0.35684
60,497,0.24432
60,672,0.20287
60,1120,0.37567
60,1409,0.22399
60,1569,0.23187
60,1578,0.28319
60,1639,0.32751
60,1641,0.24335
60,1728,0.26722
60,2138,0.20162
60,2352,0.2947
60,2639,0.22338
60,3147,0.3276
60,3795,0.29118
60,3931,0.23633
60,3946,0.27064
60,4282,0.28607
60,4442,0.26093
60,4870,0.28296
60,4943,0.20065
60,5508,0.26842
61,566,0.30773
61,620,0.27242
61,1207,0.43973
61,2201,0.24976
61,2390,0.21083
61,2816,0.37072
61,3134,0.4701
61,3337,0.39867
61,4133,0.63849
61,4646,0.2165
61,4894,0.2189
61,5275,0.5105
61,5641,0.29891
61,6003,0.42366
61,6077,0.34517
61,6091,0.23573
61,6102,0.22074
62,164,0.20171
62,959,0.25068
62,1031,0.25835
62,1050,0.21944
62,1064,0.3478
62,1182,0.20755
62,1460,0.20167
62,1847,0.21998
62,1948,0.31937
62,2904,0.25386
62,3032,0.26865
62,3119,0.42427
62,3633,0.28827
62,3709,0.40775
62,4221,0.26378
62,4284,0.21885
62,4593,0.22261
62,4866,0.2911
62,4903,0.20158
62,5245,0.23156
62,5490,0.25087
62,5597,0.33806
62,5859,0.21688
62,5869,0.21533
62,6185,0.46305
62,6216,0.33446
63,1826,0.24957
63,5620,0.21062
64,273,0.24929
64,385,0.24106
64,737,0.22956
64,800,0.21568
64,922,0.21173
64,1684,0.20553
64,1690,0.21019
64,2300,0.21997
64,2506,0.21526
64,2575,0.27242
64,2833,0.20511
64,3146,0.20124
64,3496,0.21423
64,3639,0.26218
64,4155,0.26178
64,4395,0.25677
64,4528,0.21367
64,4676,0.20898
64,4912,0.24347
64,4971,0.23144
64,5908,0.22844
64,6212,0.24064
65,1125,0.2726
65,2672,0.38728
65,3257,0.22044
65,3504,0.24225
65,5419,0.22955
65,5873,0.20712
67,549,0.27783
67,837,0.5738
67,1028,0.26429
67,1150,0.2968
67,1241,0.2303
67,1560,0.20547
67,1682,0.20639
67,1716,0.31666
67,1719,0.22272
67,2319,0.2736
67,2453,0.28392
67,2488,0.20595
67,2629,0.2531
67,2759,0.23517
67,2790,0.25447
67,2906,0.25006
67,3472,0.20193
67,3513,0.21209
67,3821,0.24327
67,5930,0.20689
67,5995,0.20414
68,132,0.22053
68,329,0.23814
68,719,0.21224
68,962,0.34055
68,1241,0.2059
68,1443,0.62642
68,1573,0.32882
68,1897,0.22725
68,2255,0.31283
68,2412,0.25341
68,2425,0.29796
68,2687,0.20988
68,2749,0.27124
68,2951,0.23893
68,3619,0.34191
68,3950,0.23519
68,4189,0.27434
68,4223,0.27995
68,4300,0.20697
68,4507,0.23224
68,4946,0.27882
69,3268,0.21156
69,4662,0.22489
70,3598,0.21432
71,370,0.22795
71,385,0.25926
71,548,0.26162
71,582,0.31825
71,800,0.44034
71,860,0.36333
71,863,0.23572
71,922,0.2094
71,1215,0.28494
71,1310,0.22318
71,1400,0.22392
71,1684,0.40893
71,2265,0.24945
71,2387,0.21124
71,2506,0.20096
71,2575,0.34459
71,2797,0.26027
71,2833,0.30451
71,3170,0.26031
71,3497,0.2067
71,3610,0.60834
71,3639,0.36275
71,3926,0.23855
71,4215,0.22615
71,4294,0.23173
71,4395,0.28386
71,4562,0.5024
71,4848,0.40173
71,4888,0.29474
71,4912,0.20002
71,4955,0.20056
71,5018,0.21596
71,5025,0.28166
71,5061,0.2044
71,5206,0.27294
71,5378,0.29728
71,5908,0.23046
72,183,0.33971
72,535,0.21067
72,912,0.20884
72,3674,0.29197
72,4242,0.2114
72,4409,0.22724
72,4614,0.2225
72,4716,0.33342
72,4876,0.36939
72,5323,0.38118
72,5471,0.34699
72,5737,0.21028
73,1996,0.2306
73,2201,0.21299
73,6091,0.21394
74,218,0.30095
74,1169,0.21764
74,1454,0.2998
74,1476,0.46225
74,2781,0.21741
74,2875,0.20874
74,4306,0.21601
75,191,0.23504
75,654,0.20455
75,2383,0.21399
75,3463,0.20269
76,611,0.21614
76,3299,0.21245
76,3402,0.45113
76,4370,0.2208
76,5084,0.26213
76,5126,0.23466
76,5453,0.3276
76,5940,0.24275
76,6186,0.27665
77,124,0.24616
77,622,0.22704
77,765,0.24761
77,873,0.26613
77,901,0.24174
77,958,0.26053
77,1811,0.22963
77,1856,0.20091
77,3083,0.20098
77,3265,0.24785
77,3313,0.20326
77,3509,0.21337
77,4999,0.20537
77,5377,0.20651
77,5727,0.22551
77,5742,0.30757
77,5889,0.20976
77,5920,0.27576
77,6059,0.23059
77,6145,0.20249
79,181,0.20118
79,219,0.24365
79,802,0.46201
79,840,0.20187
79,1062,0.23459
79,2161,0.31933
79,2546,0.26345
79,2817,0.54287
79,3871,0.48309
79,3965,0.37533
79,4074,0.45329
79,4455,0.20201
79,4546,0.37937
79,5200,0.36842
79,5919,0.22725
80,695,0.23802
80,2802,0.23185
80,4452,0.30759
81,4000,0.20099
82,3777,0.22725
83,3079,0.32096
83,4100,0.26087
83,4481,0.24791
86,300,0.20867
86,312,0.22851
86,334,0.42271
86,635,0.2803
86,666,0.66266
86,687,0.25708
86,1117,0.46916
86,1380,0.20697
86,1456,0.28824
86,1496,0.21651
86,2225,0.35326
86,2647,0.21316
86,3084,0.20229
86,3312,0.2306
86,3439,0.29157
86,3711,0.35495
86,3826,0.26253
86,3847,0.21844
86,3851,0.23363
86,3956,0.32858
86,4011,0.48506
86,4342,0.20983
86,4598,0.3455
86,4683,0.47522
86,4984,0.51249
86,5086,0.22064
86,5119,0.23184
86,5202,0.2107
86,5333,0.22383
86,5448,0.25277
86,5796,0.21213
86,5909,0.21912
88,159,0.26652
88,449,0.31046
88,451,0.22261
88,670,0.40069
88,914,0.20881
88,927,0.26732
88,941,0.25637
88,1033,0.22161
88,1346,0.33522
88,1538,0.20742
88,1737,0.21401
88,2046,0.36138
88,2251,0.20709
88,2431,0.21116
88,2896,0.29335
88,3001,0.20065
88,3229,0.29829
88,3628,0.20483
88,3882,0.22628
88,4202,0.20129
88,4296,0.26213
88,4445,0.27271
88,4494,0.25557
88,4576,0.2646
88,4915,0.21261
88,5358,0.3079
88,5915,0.2661
90,389,0.20271
90,4107,0.21549
91,5328,0.2051
91,5662,0.21527
92,607,0.22062
92,1906,0.23429
92,3431,0.20156
93,866,0.39312
93,3535,0.22652
93,4454,0.26431
94,453,0.23397
94,856,0.21888
94,1226,0.27483
94,2219,0.25486
94,2965,0.20584
94,3536,0.21714
94,5070,0.37258
94,5916,0.36194
95,1920,0.22324
95,3213,0.20395
95,3455,0.26266
95,3990,0.20848
95,4545,0.24566
95,5292,0.218
96,163,0.49489
96,477,0.23663
96,882,0.76937
96,2478,0.22171
96,3071,0.38833
96,3682,0.2248
96,4214,0.34329
98,4127,0.43297
98,4417,0.20342
99,1489,0.22444
99,4630,0.2173
99,4966,0.44208
99,4979,0.35326
100,423,0.24155
100,525,0.2377
100,1516,0.34811
100,2582,0.20256
100,2618,0.2118
100,2659,0.21011
100,3091,0.28511
100,3166,0.2129
100,4582,0.20873
100,5250,0.33021
100,5472,0.20567
100,5647,0.26702
100,5873,0.25211
100,6220,0.36356
101,5759,0.29917
102,957,0.2206
102,3598,0.25689
103,459,0.20131
103,582,0.2106
103,800,0.34844
103,863,0.22206
103,922,0.23347
103,997,0.21832
103,2265,0.28385
103,2575,0.24979
103,2713,0.20943
103,3146,0.22261
103,3639,0.30264
103,4226,0.20902
103,4294,0.228
103,4528,0.22895
103,4955,0.20748
103,5025,0.20617
103,5206,0.30388
105,2428,0.24038
105,3077,0.29024
105,3541,0.22823
105,3736,0.21816
105,4240,0.24864
105,4731,0.23456
105,4894,0.23011
105,6120,0.22166
106,1250,0.27303
106,2019,0.23807
106,3097,0.31209
106,4210,0.24302
108,1996,0.30056
108,2729,0.20927
108,3008,0.22955
108,3533,0.20478
108,4466,0.20726
108,5357,0.22725
108,6008,0.23495
108,6186,0.22725
110,161,0.222
110,394,0.22611
110,599,0.23011
110,616,0.21592
110,1361,0.20278
110,1413,0.20519
110,1516,0.29324
110,2582,0.20314
110,2824,0.20701
110,3082,0.26971
110,3091,0.34801
110,4402,0.22678
110,4582,0.29279
110,4591,0.25312
110,4932,0.25262
110,5461,0.20825
110,5644,0.29149
110,5647,0.28117
110,5670,0.35503
110,6119,0.36296
110,6220,0.24242
111,4391,0.20236
111,5904,0.20347
112,604,0.20644
112,5903,0.27224
113,374,0.28783
113,605,0.26073
113,1565,0.29104
113,1893,0.22594
113,2695,0.26159
113,2724,0.35158
113,3661,0.26019
113,4012,0.35326
113,4966,0.22275
113,4979,0.32213
113,5331,0.23134
113,5666,0.29335
113,5827,0.2163
114,3095,0.26852
114,3633,0.20201
114,4758,0.2125
115,161,0.23311
115,1361,0.28893
115,1516,0.27964
115,1650,0.20421
115,2582,0.23028
115,2618,0.2411
115,2824,0.25169
115,3091,0.35133
115,4582,0.22034
115,4591,0.21268
115,5250,0.24976
115,5647,0.27146
115,5670,0.28086
115,6220,0.28378
117,4129,0.26607
117,4455,0.20288
117,5217,0.21166
117,5294,0.29302
117,6135,0.2831
118,1948,0.25709
118,3633,0.30282
119,216,0.20155
119,376,0.20364
119,2724,0.21119
119,4196,0.20024
120,3244,0.20909
120,4827,0.3716
120,5277,0.23723
123,5647,0.2002
124,1856,0.20341
124,2226,0.3252
124,3008,0.21213
124,5357,0.21213
124,5920,0.22453
124,6144,0.25632
125,5214,0.23466
126,1935,0.21352
126,2086,0.22723
126,2986,0.27564
126,4247,0.20523
126,4371,0.26667
126,5419,0.20927
127,402,0.24352
127,415,0.20377
127,863,0.26
127,1013,0.24225
127,1270,0.24928
127,1564,0.29512
127,2265,0.23127
127,2702,0.21162
127,3146,0.35122
127,3172,0.48071
127,3350,0.36829
127,3731,0.24559
127,4227,0.3903
127,4294,0.28645
127,4708,0.20545
127,4752,0.54567
127,4957,0.44621
127,4971,0.26705
127,5061,0.44947
127,5862,0.36584
127,5893,0.20743
128,1555,0.20378
128,2580,0.22955
128,3318,0.21641
128,3671,0.21432
129,350,0.29706
129,402,0.27049
129,415,0.35191
129,673,0.2595
129,1013,0.33905
129,1270,0.29206
129,1414,0.27407
129,1720,0.2467
129,2245,0.37592
129,2417,0.21606
129,2506,0.23383
129,2567,0.22947
129,2854,0.31594
129,2866,0.22062
129,2938,0.20055
129,2970,0.27218
129,3023,0.2089
129,3531,0.20891
129,4161,0.26099
129,4239,0.22177
129,4707,0.2595
129,4956,0.24957
129,5012,0.20752
129,6212,0.22209
132,1443,0.20414
132,5437,0.43829
132,5578,0.34374
133,271,0.43829
133,319,0.2833
133,347,0.21166
133,379,0.33828
133,409,0.2998
133,610,0.26997
133,628,0.20201
133,667,0.20352
133,1402,0.28783
133,1724,0.30617
133,2628,0.23415
133,2715,0.20201
133,2890,0.29706
133,2933,0.23927
133,3444,0.45012
133,3672,0.26823
133,4004,0.31594
133,4096,0.20927
133,4246,0.22261
133,6065,0.20201
134,3418,0.22646
134,4506,0.24534
134,4616,0.33905
134,6030,0.2799
135,351,0.31569
135,471,0.23671
135,756,0.34337
135,873,0.22771
135,910,0.48011
135,1408,0.21259
135,1735,0.32875
135,1937,0.2213
135,2391,0.26583
135,2532,0.34574
135,2612,0.30901
135,3066,0.33428
135,3381,0.29871
135,3509,0.22058
135,3738,0.27109
135,4317,0.26983
135,4396,0.28697
135,4581,0.20774
135,4936,0.29701
135,5022,0.55149
135,5235,0.27526
135,5605,0.21122
135,5783,0.31427
135,6088,0.31146
136,1269,0.26984
138,816,0.33764
138,1693,0.21838
138,1875,0.26153
138,3632,0.32372
138,3660,0.22072
138,4730,0.22114
138,4835,0.28869
138,4938,0.22563
138,5795,0.20322
139,716,0.21548
139,1111,0.23995
139,5181,0.21993
141,1966,0.26664
141,5242,0.31853
141,5347,0.21271
141,5368,0.21791
143,1903,0.21389
143,4134,0.22933
145,225,0.20038
145,1188,0.20793
145,2516,0.28296
145,3370,0.20769
145,4326,0.21432
145,4524,0.27356
145,5104,0.21771
146,1288,0.21124
146,1565,0.21594
146,2789,0.22514
146,3410,0.20119
146,4328,0.40751
146,4663,0.20092
147,289,0.23011
147,4240,0.2188
148,156,0.31657
148,170,0.25364
148,411,0.24946
148,837,0.24345
148,848,0.32842
148,1028,0.26861
148,1059,0.23515
148,1150,0.29576
148,1341,0.33867
148,1359,0.24771
148,1378,0.21084
148,1532,0.32598
148,1716,0.40775
148,1719,0.40301
148,1784,0.21578
148,1813,0.25011
148,1905,0.21692
148,2010,0.24868
148,2214,0.48516
148,2319,0.3113
148,2488,0.31902
148,2573,0.23466
148,2629,0.24374
148,2641,0.35217
148,2790,0.26333
148,2906,0.45699
148,2993,0.23739
148,3192,0.20657
148,3245,0.20478
148,3472,0.33332
148,3560,0.27163
148,3643,0.25264
148,3791,0.26449
148,3821,0.20676
148,4226,0.23861
148,4352,0.23165
148,4561,0.41639
148,4607,0.35627
148,4609,0.25383
148,4725,0.28917
148,4842,0.23737
148,4861,0.28902
148,5270,0.22901
148,5367,0.29703
149,2494,0.24341
149,2703,0.28436
149,4462,0.25891
149,5293,0.20834
150,225,0.20521
150,599,0.29119
150,852,0.20396
150,1019,0.26902
150,1249,0.49019
150,1902,0.30346
150,1953,0.23346
150,1974,0.45012
150,2297,0.36256
150,2376,0.21027
150,2878,0.21146
150,3595,0.20738
150,3680,0.23667
150,3880,0.25603
150,4466,0.21052
150,4732,0.22725
150,5001,0.21062
150,5425,0.2833
150,5595,0.37981
150,5677,0.32904
150,5898,0.44944
150,6084,0.44208
150,6095,0.2264
150,6101,0.28296
151,5265,0.20584
152,432,0.20705
152,497,0.40761
152,672,0.49928
152,1049,0.28767
152,1120,0.55386
152,1285,0.46639
152,1315,0.22355
152,1549,0.47988
152,1569,0.41978
152,1578,0.43971
152,1639,0.4971
152,1641,0.39036
152,1723,0.20615
152,1728,0.47734
152,1802,0.2154
152,1982,0.32033
152,2138,0.39335
152,2352,0.45433
152,2393,0.37445
152,2608,0.44401
152,3302,0.38897
152,3357,0.42944
152,3435,0.41938
152,3795,0.51558
152,3803,0.20822
152,3835,0.49279
152,3886,0.22645
152,3928,0.41496
152,3931,0.37484
152,3946,0.51947
152,4017,0.41787
152,4282,0.53221
152,4419,0.4443
152,4596,0.31263
152,4815,0.21708
152,4943,0.34381
152,5125,0.24966
152,5172,0.46249
152,5231,0.25088
152,5325,0.46651
152,5508,0.47651
152,5736,0.24526
152,5811,0.36627
154,232,0.21962
154,604,0.23074
154,720,0.21312
154,760,0.29858
154,1356,0.2234
154,2760,0.20125
154,2819,0.22208
154,2973,0.24942
154,2991,0.26768
154,3288,0.39179
154,3962,0.20294
154,4010,0.21462
154,4174,0.21921
154,4259,0.24292
154,4274,0.31126
154,4319,0.22977
154,4720,0.20706
154,5083,0.24385
154,5421,0.35962
154,5559,0.201
155,520,0.22926
155,562,0.26979
155,712,0.21603
155,1101,0.52721
155,1305,0.24734
155,1376,0.23921
155,1849,0.30824
155,2200,0.40709
155,2360,0.26444
155,2642,0.24596
155,2657,0.20745
155,2838,0.21233
155,3053,0.58618
155,3058,0.24345
155,3519,0.28514
155,3755,0.24989
155,4240,0.22417
155,4253,0.2893
155,4413,0.59084
155,4557,0.29335
155,4637,0.23134
155,4688,0.25277
155,4733,0.21708
155,4804,0.2177
155,4878,0.35019
155,5525,0.20391
155,5720,0.52721
155,6149,0.50576
156,234,0.215
156,459,0.25616
156,837,0.28457
156,848,0.26681
156,1028,0.39638
156,1059,0.22892
156,1150,0.48404
156,1241,0.23944
156,1350,0.25889
156,1378,0.25081
156,1522,0.23867
156,1532,0.22603
156,1716,0.28915
156,1719,0.27302
156,1905,0.26096
156,2214,0.3056
156,2258,0.20711
156,2319,0.38253
156,2444,0.22321
156,2488,0.23016
156,2573,0.26213
156,2629,0.27564
156,2790,0.27686
156,2906,0.2388
156,2993,0.24465
156,3385,0.28986
156,3472,0.27209
156,3643,0.27921
156,3821,0.2854
156,3854,0.23986
156,4022,0.23245
156,4226,0.27425
156,4352,0.32158
156,4561,0.28988
156,4607,0.20396
156,4609,0.27557
156,4842,0.37768
156,4907,0.3184
156,4999,0.20597
156,5090,0.22126
156,5995,0.21614
157,3142,0.20179
157,5742,0.26106
159,670,0.2231
159,2283,0.25372
159,2431,0.22611
159,2592,0.20597
159,3282,0.24021
159,3605,0.21295
159,3882,0.32454
159,4202,0.28907
159,4996,0.22575
159,5140,0.20278
159,5411,0.28453
159,5915,0.21305
159,6136,0.22367
160,4503,0.20458
160,5644,0.22566
160,6222,0.20183
161,525,0.22308
161,554,0.24835
161,822,0.2072
161,1361,0.33853
161,1516,0.31609
161,1609,0.20279
161,2582,0.25969
161,3091,0.37652
161,4402,0.20243
161,4582,0.26737
161,4591,0.23885
161,4737,0.20753
161,4761,0.27232
161,5647,0.24204
161,5670,0.20894
161,6220,0.33625
162,227,0.23075
162,228,0.27496
162,400,0.23303
162,763,0.25306
162,892,0.37349
162,906,0.26067
162,1002,0.35599
162,1332,0.20431
162,1393,0.21078
162,1606,0.48251
162,1621,0.23037
162,1805,0.27513
162,1924,0.28164
162,2177,0.29015
162,2232,0.23915
162,2308,0.35032
162,2367,0.28406
162,2426,0.30421
162,2622,0.21418
162,2900,0.22131
162,3208,0.27073
162,3283,0.25695
162,3833,0.22771
162,3948,0.32676
162,4130,0.27783
162,4150,0.32268
162,4603,0.23973
162,4909,0.25799
162,5007,0.20622
162,5047,0.35918
162,5239,0.23469
162,5456,0.20218
162,5538,0.22937
162,5607,0.22405
162,5628,0.31862
163,477,0.2277
163,882,0.36517
163,3071,0.28225
163,4214,0.26812
163,4281,0.27159
163,4649,0.2868
163,5329,0.2061
164,829,0.22294
164,1182,0.26058
164,1362,0.29515
164,1451,0.23212
164,1460,0.34385
164,1697,0.24941
164,2187,0.20335
164,2812,0.25141
164,2935,0.22493
164,2997,0.22074
164,3032,0.21979
164,3502,0.20467
164,3590,0.22208
164,3709,0.22633
164,4114,0.33041
164,4182,0.20179
164,4284,0.35454
164,4689,0.29893
164,4696,0.20162
164,5245,0.23369
164,5307,0.33893
164,5490,0.26709
164,5494,0.37077
164,5518,0.27507
164,5665,0.2518
164,5859,0.34029
164,6054,0.34286
165,564,0.26975
165,834,0.2744
165,844,0.22086
165,913,0.22529
165,972,0.21577
165,1183,0.22798
165,1188,0.25147
165,1519,0.21667
165,1770,0.24097
165,1958,0.20211
165,2077,0.22223
165,2359,0.21073
165,2516,0.28248
165,2656,0.21427
165,2880,0.27025
165,2897,0.22025
165,2927,0.23291
165,3045,0.24524
165,3122,0.25448
165,3370,0.21263
165,3393,0.41798
165,3408,0.25129
165,3812,0.20889
165,3836,0.202
165,4125,0.30078
165,4326,0.22568
165,4382,0.20206
165,4538,0.2506
165,4837,0.26378
165,4960,0.21551
165,5104,0.42213
165,5187,0.21309
165,5432,0.20648
165,5489,0.28221
165,5500,0.2104
165,5552,0.20094
165,5577,0.22693
165,5806,0.21759
165,6067,0.20377
165,6158,0.20761
165,6181,0.21687
166,2149,0.27394
166,2771,0.22221
166,3371,0.22315
166,4564,0.22939
166,4583,0.31793
166,4717,0.29766
166,5080,0.27845
166,5450,0.20009
167,1781,0.22188
168,3533,0.22505
168,5903,0.29462
168,6008,0.22652
169,2034,0.37532
169,3291,0.2017
169,4097,0.2173
169,5243,0.22987
169,5409,0.32632
170,183,0.23714
170,411,0.27546
170,418,0.76199
170,535,0.20467
170,837,0.21867
170,848,0.34696
170,1341,0.23819
170,1378,0.27372
170,1532,0.29219
170,1623,0.5368
170,1716,0.32274
170,1719,0.28172
170,1813,0.61425
170,2214,0.31846
170,2319,0.27663
170,2641,0.28622
170,2790,0.20779
170,2906,0.37165
170,3472,0.22427
170,3674,0.24543
170,3791,0.22022
170,4561,0.32984
170,4607,0.33212
170,4716,0.20088
170,5270,0.58682
170,5367,0.22994
170,5924,0.20574
170,5998,0.63554
171,1415,0.216
171,2624,0.24532
171,3157,0.24787
171,3468,0.26419
171,4289,0.24796
173,4213,0.21141
173,5584,0.20286
174,687,0.22869
174,2374,0.20088
175,1031,0.25333
175,1602,0.22778
176,4598,0.21088
178,1536,0.20916
178,1961,0.23307
178,1966,0.20615
178,2487,0.23387
178,3297,0.25319
178,3480,0.21245
178,3485,0.20144
178,3986,0.20584
178,4003,0.23607
178,4623,0.25447
178,4887,0.2456
178,5113,0.22399
178,5237,0.2351
178,5242,0.20943
178,6023,0.23931
179,272,0.33773
179,3307,0.2665
179,3957,0.21942
181,219,0.64978
181,840,0.61027
181,1062,0.63045
181,1077,0.46051
181,2006,0.43234
181,3374,0.52866
181,3434,0.24282
181,3722,0.41613
181,5939,0.21446
181,6174,0.40381
181,6205,0.33178
181,6215,0.49949
182,5753,0.21187
183,418,0.24651
183,535,0.31637
183,633,0.22656
183,891,0.21636
183,939,0.38776
183,1054,0.31594
183,1623,0.26785
183,1634,0.21404
183,1796,0.27954
183,1813,0.29342
183,2286,0.3067
183,2552,0.31131
183,3674,0.43523
183,4409,0.33191
183,4614,0.26875
183,4716,0.56126
183,4876,0.38592
183,4929,0.25306
183,5086,0.24064
183,5270,0.36861
183,5323,0.43317
183,5471,0.48424
183,5737,0.24979
183,5821,0.2107
183,5998,0.25303
184,1944,0.22526
184,2541,0.22097
184,3508,0.21246
185,1588,0.27715
185,4647,0.22315
185,5520,0.21271
186,1575,0.31643
186,2766,0.22991
186,4521,0.27271
186,4638,0.2652
186,4836,0.24522
187,442,0.22528
187,732,0.29497
187,791,0.22295
187,846,0.26716
187,1097,0.26347
187,1196,0.3787
187,1339,0.21713
187,1552,0.2414
187,1647,0.34081
187,2115,0.21948
187,2263,0.46877
187,2288,0.21614
187,2315,0.44141
187,2369,0.20697
187,2625,0.24296
187,2632,0.21975
187,2662,0.38108
187,2918,0.23641
187,3246,0.31186
187,3470,0.243
187,3542,0.21378
187,3599,0.38965
187,3701,0.31284
187,3839,0.20616
187,4271,0.2555
187,4478,0.22907
187,4622,0.4452
187,4631,0.23774
187,4642,0.25456
187,4744,0.26079
187,4803,0.21832
187,4969,0.27451
187,5110,0.29852
187,5143,0.25168
187,5186,0.38195
187,5255,0.28451
187,5571,0.20308
187,5576,0.28955
187,5706,0.22594
187,5919,0.31099
187,5924,0.23383
187,5944,0.23108
187,5978,0.20733
187,6028,0.3561
187,6205,0.21526
189,2947,0.28711
190,438,0.20021
190,544,0.22676
190,743,0.24023
190,813,0.24702
190,1768,0.28415
190,1906,0.21376
190,2607,0.21872
190,2665,0.20061
190,4142,0.29333
190,4365,0.20601
190,5130,0.23794
190,5212,0.22484
191,461,0.29405
191,1053,0.23934
191,2391,0.24024
191,3479,0.2273
191,4916,0.2133
192,917,0.2784
192,1804,0.2303
192,1848,0.2607
192,2316,0.21197
192,2381,0.20541
192,2389,0.35207
192,3113,0.23825
192,4417,0.20037
192,5983,0.27272
193,227,0.24375
193,228,0.32647
193,400,0.30505
193,1002,0.23797
193,1227,0.50593
193,1345,0.32848
193,1393,0.33419
193,1606,0.21601
193,2177,0.2157
193,2426,0.26672
193,2622,0.34769
193,2709,0.2437
193,2769,0.23883
193,2821,0.5654
193,3251,0.51527
193,3574,0.21834
193,3853,0.56507
193,3948,0.28137
193,4130,0.27815
193,4150,0.34046
193,4462,0.38089
193,4603,0.27269
193,5064,0.32768
193,5071,0.20874
193,5390,0.36071
193,5456,0.36403
193,5482,0.26711
193,5607,0.3729
193,5625,0.35949
193,5641,0.21405
193,6168,0.26732
194,203,0.24449
194,430,0.29686
194,463,0.34596
194,1085,0.21978
194,1142,0.38776
194,1236,0.28287
194,1382,0.40988
194,1497,0.22902
194,1570,0.25582
194,1582,0.24271
194,1597,0.24585
194,1795,0.23213
194,1880,0.27295
194,1882,0.22062
194,1957,0.26383
194,2034,0.43516
194,2645,0.3044
194,2972,0.21863
194,3010,0.20613
194,3442,0.25887
194,3548,0.26843
194,3582,0.38776
194,4295,0.29335
194,4473,0.28824
194,4480,0.22341
194,4514,0.42151
194,4810,0.241
194,4850,0.25162
194,4886,0.23675
194,4949,0.26068
194,4992,0.21765
194,5021,0.30486
194,5057,0.21093
194,5067,0.37624
194,5198,0.34874
194,5243,0.34166
194,5244,0.24924
194,5254,0.45113
194,5310,0.40785
194,5311,0.30604
194,5365,0.27983
194,5591,0.23354
194,5596,0.39512
194,5709,0.20576
194,5754,0.23816
194,5786,0.4027
194,5798,0.27169
194,5818,0.21464
194,5910,0.38073
194,5945,0.20451
194,5982,0.2752
194,6227,0.27066
195,1668,0.24272
196,415,0.26547
196,737,0.28569
196,1013,0.26887
196,1720,0.20536
196,2782,0.2933
196,2938,0.26593
196,3446,0.25119
196,3495,0.30091
196,3531,0.38015
196,3707,0.28421
196,3978,0.23636
196,4161,0.51305
196,4414,0.2972
196,5329,0.25925
196,5893,0.26057
198,744,0.20497
198,873,0.20378
198,1811,0.23997
198,2208,0.33871
198,2443,0.21299
198,2570,0.21832
198,3265,0.21046
198,3509,0.21493
198,3563,0.27533
198,4400,0.21242
198,5418,0.46218
198,5742,0.21786
199,965,0.20641
199,3244,0.25603
200,432,0.21946
200,3883,0.25695
201,682,0.44254
201,800,0.24573
201,1735,0.20855
201,1751,0.41929
201,1835,0.29496
201,2300,0.31883
201,3639,0.20594
201,3656,0.39784
201,3688,0.54394
201,3934,0.54772
201,4155,0.22411
201,4912,0.20939
203,209,0.2615
203,237,0.21691
203,463,0.24321
203,861,0.25004
203,1031,0.24505
203,1050,0.24359
203,1128,0.28339
203,1153,0.26751
203,1182,0.25239
203,1342,0.22229
203,1451,0.31364
203,1570,0.30545
203,1582,0.20047
203,1667,0.23302
203,1697,0.33843
203,1775,0.23895
203,1847,0.22181
203,1880,0.34244
203,2090,0.27058
203,2118,0.23547
203,2278,0.22412
203,2666,0.20772
203,2997,0.3264
203,3032,0.35431
203,3072,0.43625
203,3119,0.25077
203,3442,0.27784
203,3548,0.27913
203,3590,0.27394
203,3633,0.21547
203,4182,0.33795
203,4473,0.22614
203,4766,0.35753
203,5145,0.21304
203,5198,0.23805
203,5244,0.24683
203,5272,0.24168
203,5310,0.30603
203,5490,0.25039
203,5494,0.35237
203,5518,0.2818
203,5665,0.24818
203,5709,0.20007
203,5792,0.22907
203,5798,0.26448
203,5885,0.29544
203,5945,0.31479
203,5982,0.21271
203,6054,0.25566
203,6072,0.21206
203,6188,0.20582
204,1179,0.21028
204,1887,0.28687
204,2454,0.20242
204,3254,0.24501
204,3414,0.21448
204,4129,0.22955
204,4216,0.23732
204,4455,0.3876
204,5217,0.44901
204,5326,0.2998
204,5399,0.45946
204,5494,0.25457
204,5583,0.27668
204,5966,0.25451
204,6135,0.48011
205,1738,0.21009
205,2212,0.39029
205,2512,0.20182
205,3352,0.21045
205,4233,0.20209
205,4461,0.248
205,5246,0.21342
206,600,0.23069
206,725,0.21224
206,829,0.30976
206,1039,0.26333
206,1142,0.23415
206,1230,0.24243
206,1362,0.21808
206,1460,0.29759
206,1649,0.27799
206,1709,0.2091
206,2090,0.28783
206,2118,0.21201
206,2327,0.45113
206,2337,0.50247
206,2502,0.21732
206,2564,0.34171
206,2645,0.21571
206,2820,0.27454
206,3380,0.25858
206,3502,0.28719
206,3582,0.23577
206,3590,0.33064
206,3709,0.25641
206,3844,0.3125
206,3930,0.23183
206,3953,0.26937
206,4075,0.3425
206,4114,0.40035
206,4221,0.25103
206,4284,0.3093
206,4587,0.27015
206,4593,0.44446
206,4634,0.27201
206,4696,0.31088
206,4903,0.35262
206,4994,0.20633
206,5057,0.3883
206,5245,0.23413
206,5307,0.24376
206,5351,0.22725
206,5494,0.25871
206,5518,0.32624
206,5665,0.33242
206,5699,0.27416
206,5855,0.25265
206,5859,0.22612
206,5869,0.24065
206,5901,0.3032
206,6051,0.47513
206,6054,0.24177
206,6185,0.21193
206,6227,0.45542
207,1681,0.20611
207,2602,0.20145
207,2855,0.21296
207,3088,0.23571
207,4123,0.21472
207,4134,0.24006
207,5961,0.20252
209,725,0.20878
209,1128,0.2803
209,1153,0.22796
209,1182,0.25566
209,1451,0.23649
209,1460,0.25121
209,1587,0.26055
209,1697,0.27209
209,2090,0.25959
209,2579,0.2431
209,2935,0.26275
209,3032,0.3365
209,3072,0.20298
209,3590,0.25507
209,4114,0.20934
209,4182,0.21857
209,4284,0.21648
209,4459,0.2186
209,4593,0.20296
209,4689,0.24228
209,5145,0.21572
209,5272,0.20509
209,5307,0.255
209,5490,0.29004
209,5494,0.36103
209,5518,0.20003
209,5665,0.23843
209,5859,0.2955
209,5885,0.38126
209,6118,0.20446
209,6188,0.30268
210,5265,0.20596
211,5790,0.24365
212,2947,0.21956
213,553,0.57566
213,637,0.32319
213,1112,0.60012
213,1204,0.48841
213,1683,0.54159
213,2054,0.32053
213,2192,0.55575
213,2234,0.58553
213,3872,0.55894
213,4251,0.59455
213,4777,0.62976
215,1685,0.21038
215,3067,0.20227
216,293,0.24412
216,364,0.50247
216,368,0.30931
216,407,0.22502
216,440,0.2462
216,585,0.29891
216,640,0.23415
216,843,0.25941
216,954,0.44944
216,1045,0.22761
216,1048,0.20457
216,1179,0.45012
216,1403,0.42634
216,1493,0.22023
216,1527,0.26213
216,1712,0.26773
216,1793,0.25103
216,1912,0.2833
216,2282,0.23466
216,2454,0.45012
216,3042,0.25431
216,3184,0.52721
216,3323,0.21062
216,3414,0.36256
216,3503,0.38776
216,3564,0.20927
216,3900,0.26857
216,3964,0.20178
216,3968,0.28979
216,3975,0.22292
216,4129,0.46305
216,4132,0.41545
216,4243,0.26133
216,4329,0.28783
216,4411,0.44944
216,4455,0.52721
216,4869,0.27229
216,4874,0.23288
216,5153,0.27028
216,5195,0.2347
216,5217,0.44944
216,5294,0.23116
216,5326,0.50576
216,5583,0.26732
216,5695,0.21131
216,5966,0.36122
216,6126,0.30386
216,6135,0.50576
218,788,0.20119
218,1454,0.25557
218,1476,0.26734
218,2728,0.21618
218,3958,0.2063
219,802,0.21694
219,840,0.67375
219,1062,0.68282
219,1077,0.51032
219,2006,0.44653
219,2817,0.20955
219,3374,0.52183
219,3434,0.25024
219,3722,0.39752
219,3965,0.21103
219,4074,0.22086
219,6174,0.38043
219,6205,0.34814
219,6215,0.5315
220,1415,0.31416
220,5981,0.32323
220,5986,0.24953
221,990,0.2595
221,1242,0.33839
221,1830,0.26026
221,1967,0.47583
221,2033,0.37347
221,2834,0.22538
221,4001,0.36296
221,4021,0.23141
221,4036,0.35595
221,4052,0.324
221,4148,0.20965
221,4794,0.39964
221,5580,0.44358
221,5886,0.38781
221,5934,0.41729
223,515,0.21414
223,1415,0.20483
223,2618,0.25168
223,3468,0.25235
223,4289,0.20133
223,4821,0.30118
224,1516,0.26794
224,1598,0.20611
224,3091,0.20914
224,3468,0.20882
224,4874,0.24003
224,5250,0.21981
224,5618,0.20122
224,5639,0.2235
224,5670,0.23737
224,6220,0.26706
225,399,0.24731
225,591,0.34225
225,669,0.36831
225,852,0.24386
225,934,0.43085
225,977,0.44904
225,1172,0.41166
225,1291,0.29452
225,1902,0.21832
225,1974,0.27501
225,2297,0.21614
225,5231,0.29819
225,5973,0.20994
225,6160,0.43376
226,255,0.20994
226,946,0.26019
226,1202,0.3553
226,1777,0.33828
226,2896,0.27619
226,4254,0.23927
226,5208,0.23927
227,228,0.48333
227,308,0.21058
227,482,0.22296
227,528,0.2678
227,763,0.28717
227,892,0.55632
227,906,0.30685
227,1002,0.58667
227,1345,0.41575
227,1393,0.28787
227,1543,0.30492
227,1606,0.38478
227,1621,0.3003
227,1702,0.28801
227,1799,0.24482
227,1805,0.32915
227,2162,0.33909
227,2177,0.35516
227,2186,0.31571
227,2232,0.27231
227,2308,0.32207
227,2426,0.3548
227,2436,0.40697
227,2622,0.24421
227,2709,0.20643
227,2900,0.55994
227,3208,0.48748
227,3228,0.26499
227,3234,0.25329
227,3283,0.33211
227,3437,0.22847
227,3574,0.41278
227,3732,0.33836
227,3833,0.32168
227,3853,0.21996
227,3948,0.41716
227,3976,0.21923
227,4009,0.22614
227,4130,0.45403
227,4150,0.46443
227,4380,0.20343
227,4462,0.30748
227,4603,0.51659
227,4706,0.2028
227,4909,0.25432
227,5007,0.29088
227,5047,0.30357
227,5064,0.27231
227,5071,0.2824
227,5174,0.27906
227,5239,0.31352
227,5292,0.20132
227,5390,0.23892
227,5393,0.21468
227,5428,0.4359
227,5456,0.3704
227,5482,0.20205
227,5493,0.22532
227,5509,0.3521
227,5538,0.20994
227,5607,0.33599
227,5625,0.32102
227,5628,0.31673
227,5637,0.21656
227,5883,0.29085
227,5942,0.20486
227,6168,0.23466
227,6192,0.22034
228,246,0.22568
228,308,0.30398
228,397,0.21763
228,400,0.29635
228,482,0.2856
228,528,0.35074
228,763,0.44462
228,766,0.22255
228,892,0.48108
228,906,0.45153
228,1002,0.48311
228,1110,0.21474
228,1227,0.24848
228,1259,0.2789
228,1332,0.3574
228,1345,0.54175
228,1368,0.20639
228,1393,0.42366
228,1543,0.36781
228,1606,0.53579
228,1620,0.26172
228,1621,0.32136
228,1702,0.4237
228,1799,0.21279
228,1805,0.51395
228,1924,0.21314
228,2151,0.20503
228,2162,0.54286
228,2177,0.51832
228,2232,0.42061
228,2308,0.54848
228,2367,0.20552
228,2384,0.21974
228,2426,0.48313
228,2433,0.27594
228,2436,0.45996
228,2467,0.21794
228,2537,0.21795
228,2558,0.23121
228,2622,0.43896
228,2709,0.32015
228,2799,0.23067
228,2821,0.21202
228,2900,0.45852
228,3016,0.2125
228,3129,0.24532
228,3208,0.5446
228,3228,0.2609
228,3234,0.29905
228,3251,0.22186
228,3283,0.43906
228,3289,0.22011
228,3437,0.39207
228,3574,0.46466
228,3732,0.32466
228,3833,0.44752
228,3853,0.34146
228,3948,0.80129
228,3976,0.28127
228,4009,0.40268
228,4062,0.26958
228,4082,0.32002
228,4130,0.79253
228,4150,0.81822
228,4431,0.22542
228,4462,0.32348
228,4519,0.24459
228,4602,0.2287
228,4603,0.44437
228,4641,0.25646
228,4706,0.21213
228,4758,0.20355
228,4771,0.4251
228,4909,0.28871
228,5007,0.35175
228,5047,0.55991
228,5064,0.38621
228,5071,0.27013
228,5078,0.20273
228,5092,0.23656
228,5174,0.26948
228,5236,0.25644
228,5239,0.401
228,5304,0.21831
228,5333,0.21028
228,5390,0.33695
228,5393,0.2481
228,5428,0.59441
228,5456,0.51206
228,5457,0.20244
228,5482,0.28145
228,5493,0.27762
228,5509,0.37232
228,5538,0.51173
228,5607,0.43972
228,5625,0.46725
228,5628,0.48703
228,5637,0.29306
228,5718,0.22117
228,5873,0.32221
228,5883,0.31769
228,5942,0.33602
228,6036,0.21331
228,6143,0.27382
228,6168,0.3276
228,6192,0.32278
230,411,0.20006
230,2332,0.26032
230,3755,0.20416
230,4521,0.20052
230,5921,0.25557
231,4720,0.22085
232,604,0.2074
232,709,0.2409
232,852,0.29194
232,974,0.34512
232,1356,0.21663
232,1563,0.36246
232,1576,0.20442
232,2991,0.23242
232,3209,0.25686
232,3227,0.21707
232,3527,0.20056
232,3533,0.21208
232,3729,0.35198
232,3962,0.26635
232,4267,0.26087
232,4309,0.23041
232,5369,0.27702
232,5567,0.26619
232,6070,0.21436
233,5678,0.31379
234,289,0.20774
234,407,0.25483
234,440,0.20368
234,523,0.22418
234,529,0.21707
234,645,0.28159
234,648,0.30761
234,708,0.31606
234,843,0.2174
234,1614,0.24575
234,1712,0.25207
234,1793,0.29067
234,2375,0.26059
234,3042,0.20682
234,3566,0.27552
234,3867,0.21581
234,4298,0.23623
234,4396,0.39345
234,4605,0.2419
234,4869,0.25441
234,5153,0.23188
234,5195,0.20945
234,5475,0.22397
234,6071,0.24458
235,3077,0.26429
235,3541,0.44098
235,4256,0.39258
235,4731,0.27146
235,5059,0.2465
235,5947,0.31791
235,6027,0.23966
236,3645,0.22978
237,2073,0.2831
237,2226,0.20132
237,2337,0.26213
237,3072,0.31761
237,3582,0.2106
237,3590,0.2062
237,4593,0.21166
237,4634,0.22152
237,4903,0.23927
237,4994,0.22312
237,5057,0.23466
237,5351,0.36808
237,5665,0.25984
237,5869,0.20109
237,6051,0.26732
237,6227,0.2626
238,273,0.43943
238,385,0.20113
238,681,0.25072
238,756,0.22741
238,800,0.45623
238,910,0.28514
238,922,0.20854
238,1819,0.21431
238,1835,0.3009
238,1914,0.35375
238,2135,0.25485
238,2300,0.34128
238,2325,0.23909
238,2387,0.23994
238,2391,0.2416
238,2575,0.29465
238,2679,0.24091
238,3926,0.22214
238,4155,0.37185
238,4215,0.20643
238,4395,0.20205
238,4528,0.20281
238,4912,0.31955
238,5025,0.23885
238,5206,0.23304
238,5378,0.29335
238,5605,0.24766
238,5955,0.24772
239,1012,0.25225
239,1522,0.22092
239,1882,0.22658
239,1973,0.22637
239,2268,0.29326
239,2295,0.27883
239,2321,0.38076
239,2419,0.27399
239,2432,0.40693
239,2451,0.22359
239,2518,0.2337
239,2737,0.20905
239,2890,0.27342
239,3042,0.24037
239,3423,0.33098
239,3516,0.26254
239,3774,0.24026
239,3894,0.27525
239,3897,0.22641
239,4032,0.32325
239,4344,0.29707
239,4663,0.36229
239,4789,0.27227
239,4954,0.26237
239,4966,0.23037
239,4997,0.22602
239,5100,0.20524
239,5166,0.23184
239,5171,0.70394
239,5719,0.30987
239,5766,0.37527
239,6063,0.30341
239,6148,0.20404
239,6150,0.53959
239,6194,0.34769
240,5658,0.20192
242,1221,0.21964
242,1938,0.20822
242,1987,0.20303
242,2178,0.2478
242,2255,0.23609
242,2448,0.21377
242,3730,0.20472
242,5673,0.22686
242,5967,0.21978
242,6038,0.20189
244,554,0.20474
244,1361,0.28073
244,1448,0.23957
244,1516,0.28672
244,1520,0.21834
244,2153,0.20209
244,3091,0.3679
244,4364,0.20086
244,4417,0.20014
244,4475,0.20466
244,4591,0.23282
244,4728,0.21128
244,4737,0.20039
244,5127,0.21584
244,5472,0.20074
244,5647,0.33879
244,5891,0.24893
244,6200,0.30344
244,6220,0.31013
245,709,0.21388
245,974,0.2466
245,5362,0.20704
245,5449,0.25539
246,482,0.21995
246,906,0.25291
246,1096,0.21749
246,1273,0.24903
246,2426,0.20087
246,2467,0.30421
246,2647,0.2189
246,2733,0.28718
246,3016,0.27425
246,3283,0.22687
246,3493,0.20254
246,3948,0.22716
246,4009,0.21423
246,4394,0.23028
246,4443,0.23018
246,4547,0.22277
246,4602,0.21467
246,5190,0.25999
246,5215,0.21116
246,5493,0.3711
246,5607,0.24699
246,5625,0.26824
246,5942,0.20546
246,6143,0.23979
247,4831,0.21399
247,5843,0.24843
250,1152,0.31846
250,2247,0.21413
250,4948,0.39821
250,5063,0.20614
251,1655,0.21375
251,2065,0.26326
251,4827,0.343
251,5124,0.30004
251,5277,0.35014
252,490,0.56168
252,497,0.20433
252,549,0.27583
252,623,0.64784
252,1310,0.44372
252,1395,0.20313
252,1560,0.31684
252,1564,0.2059
252,1569,0.20497
252,1723,0.27328
252,2010,0.35349
252,2146,0.20241
252,2453,0.28918
252,2488,0.20198
252,3540,0.3694
252,3848,0.21772
252,4022,0.20741
252,4186,0.2363
252,4219,0.31243
252,4293,0.24924
252,4529,0.23686
252,4597,0.2403
252,4673,0.23147
252,4750,0.2822
252,4971,0.26802
252,5039,0.26595
252,5061,0.21856
252,5165,0.2179
252,5299,0.24281
252,5508,0.24817
252,5642,0.39063
252,5967,0.28543
253,1113,0.22677
253,1170,0.23047
253,1637,0.29133
253,2698,0.22725
253,2780,0.34243
253,3043,0.33234
253,5740,0.26451
255,1777,0.21697
255,1973,0.22264
255,2287,0.23981
255,2942,0.2831
255,5698,0.21844
255,5951,0.26607
255,6120,0.3005
256,3532,0.23927
257,5415,0.26599
258,535,0.21981
258,633,0.23263
258,891,0.22967
258,1388,0.37513
258,1831,0.29403
258,2552,0.24789
258,3171,0.39574
258,3674,0.23391
258,3708,0.2126
258,4409,0.21906
258,4518,0.35727
258,4667,0.33934
258,4716,0.21491
258,4876,0.22799
258,5111,0.29488
258,5132,0.34612
258,5471,0.2011
258,5544,0.49822
259,503,0.21113
259,725,0.20492
259,1142,0.20201
259,1460,0.22083
259,1587,0.21904
259,2327,0.2998
259,2337,0.29706
259,2940,0.23981
259,3590,0.2479
259,4593,0.2998
259,4689,0.22018
259,4788,0.21737
259,5057,0.21528
259,5145,0.27143
259,5307,0.21871
259,5885,0.24584
259,6051,0.23466
259,6185,0.20236
260,763,0.21331
260,906,0.23295
260,1281,0.59511
260,1702,0.23401
260,2436,0.2425
260,2679,0.22339
260,3732,0.25916
260,3833,0.21655
260,3948,0.20116
260,4150,0.2106
260,5509,0.22207
261,3074,0.22725
261,3152,0.21166
261,3440,0.20131
261,3448,0.20994
261,4201,0.27619
261,4688,0.2822
261,4718,0.20262
261,5085,0.3876
262,1055,0.21848
262,3861,0.20116
262,4159,0.23906
262,4430,0.37562
262,4440,0.22602
262,5761,0.41014
263,1780,0.2007
266,1179,0.28783
266,1516,0.21962
266,5326,0.2822
266,6126,0.25518
268,406,0.32386
268,900,0.20245
268,1898,0.22253
268,4765,0.21335
269,421,0.43286
269,1332,0.22562
269,3257,0.24052
269,4885,0.21323
269,5419,0.37258
270,300,0.2581
270,356,0.21688
270,380,0.25872
270,1920,0.24989
270,1960,0.29494
270,3213,0.25039
270,3312,0.22972
270,3455,0.27484
270,3751,0.26327
270,3922,0.25078
270,3990,0.21756
270,4186,0.24686
270,4446,0.2489
270,4545,0.21444
270,4761,0.22074
270,5119,0.24507
270,5167,0.30282
270,5737,0.26019
271,1724,0.21093
271,2890,0.20201
271,3444,0.44944
271,4004,0.30386
271,4806,0.21093
272,509,0.23882
272,1221,0.20112
272,1800,0.25153
272,2178,0.32205
272,2315,0.21826
272,2334,0.20905
272,2494,0.2148
272,2519,0.25677
272,2940,0.22399
272,3307,0.5983
272,3657,0.2878
272,3953,0.27619
272,3957,0.51264
272,4218,0.20588
272,4634,0.20994
272,5110,0.20507
272,5561,0.30983
272,5662,0.22441
272,5699,0.2138
272,5919,0.27341
272,5978,0.28783
273,385,0.30108
273,681,0.32309
273,800,0.55028
273,863,0.26286
273,876,0.2369
273,910,0.21093
273,922,0.29845
273,997,0.21317
273,1215,0.2205
273,1400,0.31119
273,1684,0.24183
273,1751,0.2597
273,1819,0.2705
273,1835,0.44575
273,1914,0.38208
273,2135,0.3033
273,2300,0.49511
273,2325,0.23157
273,2368,0.22418
273,2387,0.26184
273,2543,0.277
273,2575,0.39445
273,2679,0.37992
273,2713,0.24943
273,2797,0.22669
273,2833,0.22071
273,3170,0.23755
273,3249,0.29495
273,3610,0.2069
273,3639,0.22196
273,3656,0.24033
273,3688,0.23187
273,3926,0.29609
273,3934,0.22648
273,4155,0.551
273,4215,0.34563
273,4294,0.24293
273,4361,0.20653
273,4373,0.23056
273,4395,0.29949
273,4528,0.28931
273,4676,0.24941
273,4888,0.21873
273,4912,0.42472
273,5025,0.35171
273,5041,0.2184
273,5206,0.32551
273,5329,0.20173
273,5378,0.34373
273,5652,0.21606
273,6191,0.21751
274,329,0.30911
274,344,0.2976
274,473,0.30092
274,632,0.21549
274,669,0.2994
274,874,0.35122
274,934,0.23503
274,962,0.30161
274,1172,0.25163
274,1573,0.28516
274,1802,0.20766
274,1850,0.2315
274,2255,0.3003
274,2749,0.36619
274,2865,0.31467
274,3619,0.53753
274,3794,0.22209
274,4189,0.34703
274,4610,0.29404
274,4946,0.21414
274,5096,0.35513
274,5420,0.27682
274,5437,0.31634
274,5825,0.38553
274,5925,0.26875
275,2518,0.2699
275,2580,0.21528
275,2977,0.26992
275,4032,0.21077
275,4663,0.22023
275,4997,0.239
275,5425,0.22161
275,5719,0.2554
275,5751,0.24866
275,6145,0.25438
276,595,0.22888
276,2145,0.4101
276,2514,0.35814
276,4279,0.20228
277,646,0.20035
277,944,0.21262
277,1093,0.26533
277,1098,0.2661
277,1216,0.635
277,1223,0.20229
277,1380,0.26851
277,1501,0.21262
277,1635,0.2126
277,2160,0.34799
277,2328,0.35506
277,2481,0.24319
277,2647,0.23885
277,2959,0.26363
277,3303,0.20093
277,3395,0.22488
277,3439,0.22733
277,4285,0.24657
277,4423,0.24064
277,4560,0.26515
277,4586,0.2177
277,4807,0.21262
277,5215,0.22568
277,5318,0.33018
277,5333,0.22558
277,5345,0.26147
277,5711,0.36861
277,5763,0.25338
277,5909,0.2729
280,3133,0.20922
281,430,0.36256
281,463,0.22643
281,653,0.23929
281,1472,0.2267
281,2087,0.2013
281,2688,0.22712
281,3582,0.23577
281,4514,0.23927
281,4828,0.36275
281,4850,0.37286
281,4886,0.22955
281,4949,0.25491
281,4992,0.23633
281,5021,0.24509
281,5254,0.37258
281,5354,0.30361
281,5596,0.20767
281,5718,0.21354
283,607,0.28937
283,826,0.28912
283,1163,0.29681
283,1271,0.29785
283,1531,0.37917
283,2362,0.54553
283,2472,0.27897
283,2563,0.25308
283,2595,0.33178
283,2731,0.36158
283,3855,0.25382
283,4224,0.58416
283,4348,0.33201
283,4639,0.34604
283,5872,0.30195
284,3014,0.28783
284,3444,0.21213
284,5542,0.2028
286,695,0.23935
286,4949,0.21433
287,649,0.24458
287,1908,0.25171
287,2065,0.20927
287,2978,0.28248
287,3429,0.26451
287,3583,0.20131
287,4092,0.2186
287,4465,0.36122
287,4879,0.28783
287,5262,0.22097
287,5750,0.48011
287,6079,0.35326
288,569,0.27867
288,694,0.30695
288,821,0.33481
288,846,0.27368
288,1274,0.23443
288,1647,0.28079
288,2147,0.28485
288,2288,0.38776
288,2632,0.30988
288,2662,0.21969
288,2902,0.30008
288,2918,0.21188
288,3114,0.2254
288,3155,0.40373
288,3178,0.28286
288,3223,0.24987
288,3420,0.36241
288,3470,0.30162
288,3565,0.21878
288,3701,0.31354
288,3839,0.24917
288,3909,0.43184
288,4208,0.33416
288,4393,0.22543
288,4453,0.28149
288,4568,0.37553
288,4631,0.35026
288,4685,0.27706
288,4744,0.22895
288,4803,0.2163
288,4845,0.20336
288,4969,0.32311
288,5009,0.37965
288,5154,0.33661
288,5241,0.34002
288,5576,0.27226
288,5657,0.39774
288,5710,0.28783
288,5884,0.43636
288,5944,0.36414
288,6202,0.25885
289,323,0.21364
289,523,0.21749
289,529,0.21838
289,589,0.21239
289,638,0.20772
289,648,0.2254
289,1712,0.30321
289,2135,0.27417
289,2370,0.23244
289,2439,0.30286
289,3077,0.33666
289,3541,0.37243
289,3867,0.23546
289,4240,0.43756
289,4256,0.2838
289,4298,0.32269
289,4731,0.2807
289,4894,0.21075
289,5059,0.28965
289,5252,0.26253
289,5294,0.23535
289,5947,0.36117
289,6027,0.30136
289,6071,0.28706
290,4415,0.28414
290,5115,0.20314
290,5466,0.25272
290,5906,0.33839
291,421,0.28248
291,717,0.21203
291,784,0.2822
291,1311,0.20832
291,4342,0.35262
291,4692,0.36122
291,4700,0.26133
291,4724,0.44944
291,5419,0.43829
292,1737,0.23733
292,2397,0.20664
292,3361,0.22072
292,3513,0.45788
292,4038,0.23852
292,5268,0.74476
292,5571,0.38425
292,5731,0.21126
292,5835,0.24881
293,364,0.2173
293,440,0.20844
293,927,0.21213
293,1179,0.30239
293,1403,0.38091
293,1603,0.20994
293,1712,0.26959
293,2282,0.2956
293,2454,0.23466
293,2540,0.20201
293,3184,0.35967
293,3235,0.22725
293,3414,0.20513
293,3503,0.29728
293,3654,0.21879
293,4132,0.34373
293,4296,0.25451
293,4329,0.27619
293,4411,0.35326
293,4455,0.40709
293,4779,0.20201
293,4869,0.23425
293,4874,0.27076
293,5034,0.20584
293,5106,0.25451
293,5217,0.23577
293,5326,0.43829
293,5966,0.33828
293,6126,0.24941
293,6135,0.42151
295,800,0.22959
295,1215,0.2375
295,4395,0.22527
295,4528,0.20543
295,4562,0.20521
295,5378,0.2646
295,6191,0.20053
296,734,0.22713
296,1265,0.30138
296,1329,0.2276
296,1344,0.25902
296,1609,0.23466
296,1842,0.22982
296,1907,0.33005
296,2320,0.23589
296,2528,0.27123
296,2556,0.23563
296,2593,0.22831
296,3055,0.31868
296,3160,0.24363
296,4787,0.23337
296,4816,0.23045
296,4942,0.24543
296,5196,0.2095
296,5447,0.26614
296,5585,0.24441
296,5734,0.29393
296,5789,0.2058
296,5870,0.26658
296,5976,0.2106
297,4123,0.20295
297,5640,0.23954
297,5644,0.2809
298,1604,0.21409
298,2056,0.20598
298,2204,0.32044
298,2247,0.30402
298,2672,0.22694
298,3096,0.21246
298,3180,0.21844
298,5891,0.21458
299,1156,0.20309
300,334,0.39843
300,380,0.23436
300,666,0.24103
300,1117,0.30069
300,1253,0.21168
300,1313,0.24012
300,1357,0.23331
300,1456,0.20401
300,1632,0.29747
300,2253,0.38058
300,2438,0.34386
300,2811,0.203
300,2954,0.24121
300,3144,0.45625
300,3312,0.57017
300,3395,0.20737
300,3826,0.51867
300,4011,0.30289
300,4153,0.20967
300,4683,0.23733
300,4984,0.3602
300,5086,0.26264
300,5119,0.63283
300,5737,0.22725
301,1191,0.20026
301,2785,0.2281
301,3510,0.21022
303,4225,0.22067
305,637,0.26602
305,1683,0.20797
305,2054,0.21934
305,2192,0.20456
305,2234,0.24635
305,4251,0.22842
305,4777,0.25336
305,4811,0.26024
306,5601,0.2053
307,641,0.22146
307,2606,0.22261
308,397,0.24787
308,763,0.24513
308,892,0.20367
308,906,0.24388
308,1227,0.20392
308,1345,0.33373
308,1543,0.39865
308,1805,0.29173
308,2151,0.23855
308,2162,0.40278
308,2308,0.2732
308,2399,0.21225
308,2426,0.35243
308,2436,0.21479
308,2622,0.24381
308,2745,0.27661
308,2900,0.29594
308,3208,0.3456
308,3283,0.25012
308,3289,0.22904
308,3437,0.23987
308,3574,0.24794
308,3833,0.30115
308,3853,0.25908
308,3948,0.31385
308,3976,0.34346
308,4009,0.24099
308,4082,0.23584
308,4130,0.21972
308,4150,0.26581
308,5007,0.36952
308,5047,0.29651
308,5064,0.27845
308,5092,0.20896
308,5236,0.31686
308,5246,0.24892
308,5393,0.28721
308,5456,0.28188
308,5538,0.38616
308,5607,0.34358
308,5625,0.40386
308,5628,0.24736
308,5873,0.29728
308,6168,0.29452
308,6192,0.29271
310,6079,0.32547
312,334,0.2158
312,687,0.42105
312,1117,0.23469
312,1253,0.20254
312,1632,0.27533
312,2253,0.2238
312,2811,0.23894
312,3180,0.20678
312,3312,0.20361
312,4011,0.22199
312,4545,0.2885
312,4984,0.21702
312,5119,0.23737
312,5303,0.24371
313,4917,0.22399
314,3209,0.22594
314,5700,0.23129
316,3804,0.21895
316,4391,0.25734
316,5219,0.20729
316,6120,0.25304
317,635,0.23095
317,646,0.26147
317,666,0.25521
317,691,0.26197
317,884,0.23033
317,944,0.21765
317,981,0.3186
317,1098,0.26966
317,1117,0.2274
317,1144,0.26788
317,1211,0.22827
317,1216,0.29728
317,1223,0.24766
317,1369,0.24592
317,1380,0.29592
317,1496,0.25992
317,1501,0.2146
317,1514,0.22199
317,1635,0.3378
317,1679,0.20874
317,1758,0.26353
317,2172,0.20403
317,2328,0.31348
317,2481,0.25378
317,2507,0.25178
317,2647,0.32489
317,2945,0.2065
317,2959,0.37426
317,3439,0.21603
317,3454,0.23691
317,3933,0.27555
317,4011,0.22535
317,4343,0.20329
317,4349,0.25746
317,4394,0.31222
317,4423,0.23082
317,4443,0.22922
317,4547,0.20459
317,4560,0.20169
317,4807,0.25107
317,4984,0.23053
317,5190,0.28601
317,5215,0.30064
317,5318,0.34269
317,5333,0.2939
317,5345,0.33404
317,5763,0.22081
317,6193,0.24944
318,2424,0.55291
318,3392,0.25995
318,3755,0.30992
318,4804,0.3066
318,5527,0.23981
318,5680,0.26472
319,379,0.23577
319,409,0.36122
319,492,0.20201
319,610,0.26019
319,664,0.26019
319,1881,0.34373
319,2041,0.24613
319,2628,0.44446
319,2933,0.49019
319,3444,0.28584
319,3672,0.23927
319,4004,0.2626
319,5748,0.22725
319,5829,0.23577
319,6135,0.20201
319,6170,0.36256
320,387,0.22399
320,909,0.21213
320,1354,0.20994
320,2198,0.22955
320,2901,0.45012
320,4085,0.59084
320,4225,0.45113
320,4836,0.23466
321,2623,0.21224
321,4385,0.26547
321,4797,0.31062
321,5162,0.30119
321,5263,0.2775
323,523,0.24203
323,529,0.21912
323,1712,0.2672
323,4298,0.26817
323,5802,0.20182
323,6071,0.30373
324,1178,0.29445
324,1276,0.23875
324,5486,0.25969
325,4731,0.23399
325,5838,0.24873
326,1565,0.20296
326,2569,0.2028
326,2618,0.20875
326,3897,0.28514
326,4032,0.22161
326,4675,0.25597
327,2864,0.21045
327,3861,0.20994
327,4753,0.26732
327,5738,0.21715
327,6037,0.42151
327,6222,0.26997
328,1592,0.40717
328,2275,0.28075
328,3072,0.21825
328,3665,0.20629
328,5494,0.25067
328,5859,0.20883
328,6054,0.22051
329,344,0.20956
329,473,0.28207
329,632,0.28813
329,719,0.24684
329,874,0.35917
329,962,0.37316
329,1443,0.2968
329,1573,0.30601
329,2206,0.22725
329,2255,0.26182
329,2425,0.48661
329,2511,0.32305
329,2749,0.32598
329,2865,0.25113
329,2941,0.30183
329,3432,0.38166
329,3619,0.25483
329,3700,0.20443
329,3848,0.21474
329,3950,0.25701
329,4098,0.25997
329,4189,0.39173
329,4223,0.38039
329,4507,0.25028
329,4610,0.27143
329,5096,0.41141
329,5420,0.24991
329,5437,0.35431
329,5701,0.25265
329,5825,0.32917
329,5925,0.24507
329,6224,0.43552
331,4979,0.26997
331,5542,0.31099
332,454,0.4123
332,458,0.21083
332,2320,0.2083
332,2765,0.21905
332,3148,0.23109
332,3326,0.2372
332,3485,0.28075
332,4247,0.20881
332,4928,0.22688
332,5058,0.21275
332,5789,0.23906
333,350,0.43829
333,673,0.28783
333,1188,0.23048
333,1290,0.23352
333,1414,0.23927
333,1752,0.21832
333,1911,0.20296
333,2432,0.23028
333,2785,0.20584
333,2854,0.2998
333,2994,0.21213
333,3649,0.20236
333,4707,0.36164
333,6054,0.21475
334,633,0.21485
334,635,0.37087
334,666,0.50861
334,687,0.25671
334,1026,0.25223
334,1117,0.50552
334,1253,0.22711
334,1313,0.22378
334,1456,0.32544
334,1492,0.21829
334,1593,0.21621
334,1599,0.29829
334,1708,0.23607
334,2039,0.24879
334,2253,0.30235
334,2328,0.29243
334,2647,0.20113
334,3144,0.25513
334,3180,0.20633
334,3312,0.39211
334,3439,0.34166
334,3711,0.26019
334,3826,0.29223
334,4011,0.42305
334,4153,0.25116
334,4273,0.20131
334,4285,0.24596
334,4308,0.23542
334,4522,0.20601
334,4598,0.22134
334,4683,0.443
334,4984,0.41788
334,5119,0.39089
334,5318,0.23824
334,5763,0.22207
334,5878,0.21294
335,1227,0.20105
335,2467,0.20732
335,2535,0.22616
335,4009,0.33803
335,5538,0.25103
335,5625,0.20384
335,5628,0.21123
335,5942,0.33964
335,6192,0.21023
336,1625,0.27914
336,4336,0.20799
336,5380,0.26458
336,5414,0.24951
336,5752,0.21691
336,5991,0.21901
337,414,0.21991
337,817,0.25247
337,1589,0.25945
337,2340,0.3876
337,2583,0.24422
337,2914,0.52721
337,3210,0.30706
337,3482,0.40709
337,3898,0.50247
337,3926,0.21213
337,4255,0.57055
337,4523,0.2142
337,5725,0.56059
337,5790,0.30617
338,2941,0.20865
338,3755,0.28271
338,4507,0.22348
338,4804,0.31253
338,5797,0.28993
340,884,0.20113
340,4349,0.22796
340,5190,0.32418
340,5603,0.23026
340,6169,0.20533
340,6193,0.22336
341,359,0.23594
341,1023,0.21902
341,1265,0.24
341,1344,0.26626
341,1412,0.21774
341,2402,0.24641
341,2802,0.21528
341,3326,0.20368
341,3605,0.20921
341,3981,0.25224
341,4003,0.21755
341,4447,0.20236
341,4497,0.21594
341,4577,0.25003
341,4835,0.20278
341,4942,0.32024
341,5261,0.21558
341,5730,0.22368
341,6068,0.22949
342,900,0.23164
342,1419,0.21253
342,5892,0.20116
343,900,0.24322
344,2425,0.20272
344,2511,0.21828
344,2865,0.22196
344,4610,0.27331
344,5096,0.22771
344,6226,0.21905
345,5184,0.2212
345,5765,0.30651
346,836,0.25751
346,3322,0.37258
346,3516,0.21555
346,4789,0.35326
346,4954,0.35219
346,4997,0.20748
346,5166,0.21213
346,5542,0.35219
346,6194,0.40709
347,1881,0.21832
347,2580,0.36164
347,2606,0.30239
347,3008,0.20223
347,5902,0.2949
347,6155,0.27394
348,436,0.2685
348,646,0.38588
348,691,0.20495
348,714,0.24513
348,858,0.24805
348,884,0.35332
348,944,0.278
348,981,0.26896
348,1036,0.20472
348,1098,0.25923
348,1211,0.22399
348,1223,0.31269
348,1238,0.23916
348,1273,0.2211
348,1277,0.20234
348,1369,0.21924
348,1380,0.23176
348,1496,0.20755
348,1514,0.21512
348,1758,0.25002
348,2032,0.29747
348,2062,0.21213
348,2172,0.41293
348,2252,0.20933
348,2272,0.25318
348,2328,0.21776
348,2401,0.23418
348,2481,0.21412
348,2507,0.25351
348,2647,0.27905
348,2846,0.3501
348,2945,0.20748
348,3016,0.21213
348,3089,0.23885
348,3395,0.23692
348,3454,0.25658
348,3933,0.26367
348,4349,0.20853
348,4380,0.29451
348,4423,0.26658
348,4443,0.29813
348,4547,0.23678
348,4807,0.2348
348,4909,0.21797
348,5040,0.24309
348,5190,0.28205
348,5192,0.31116
348,5202,0.20584
348,5215,0.26427
348,5304,0.2041
348,5321,0.43265
348,5333,0.32594
348,5493,0.23784
348,5763,0.2171
348,6002,0.26808
348,6078,0.22536
348,6143,0.22725
350,432,0.26732
350,673,0.21528
350,979,0.21571
350,1188,0.31949
350,1290,0.36256
350,1414,0.23028
350,1750,0.35219
350,1886,0.22725
350,2002,0.33828
350,2221,0.28296
350,2785,0.28783
350,2848,0.2028
350,2854,0.32221
350,3221,0.45012
350,3486,0.2595
350,3553,0.44208
350,3560,0.28658
350,4707,0.26019
350,4773,0.24941
351,471,0.2665
351,756,0.40343
351,910,0.63147
351,1408,0.27962
351,1735,0.36261
351,1946,0.36122
351,2115,0.25687
351,2391,0.25422
351,2532,0.61663
351,2612,0.59461
351,3066,0.36537
351,3381,0.3202
351,3738,0.37487
351,4687,0.35219
351,4936,0.24199
351,5022,0.40651
351,5186,0.28024
351,5235,0.513
351,5783,0.40426
352,1190,0.31364
352,5601,0.20758
353,1021,0.23395
353,1267,0.29706
353,1303,0.24551
353,2207,0.48011
353,3431,0.24152
353,3680,0.30533
353,5567,0.30607
355,472,0.42634
355,986,0.37258
355,2184,0.22955
355,2287,0.33828
355,2517,0.22725
355,3214,0.45113
355,3564,0.25557
355,3828,0.20236
355,3861,0.21213
355,4556,0.39069
355,4723,0.44944
355,4982,0.29829
355,5271,0.45113
355,5421,0.20748
355,6022,0.27619
356,900,0.26161
357,1457,0.25049
357,1761,0.50929
357,2005,0.2107
357,2102,0.22074
357,2666,0.27619
357,4253,0.28248
357,4780,0.2595
357,5402,0.22955
357,5460,0.35219
357,5492,0.2173
358,1940,0.33146
358,4118,0.20333
358,5790,0.38749
358,6198,0.23767
359,734,0.28077
359,1023,0.26931
359,1212,0.22634
359,1261,0.21418
359,1265,0.34925
359,1329,0.21087
359,1344,0.37848
359,1756,0.20183
359,1842,0.35486
359,1907,0.27198
359,2276,0.23054
359,2320,0.23838
359,2402,0.24435
359,2536,0.23688
359,2556,0.21096
359,2593,0.26787
359,2610,0.20783
359,2784,0.21404
359,2860,0.2531
359,3001,0.22853
359,3055,0.31784
359,3112,0.20696
359,3128,0.22084
359,3160,0.32876
359,3188,0.24809
359,3326,0.21554
359,3783,0.24279
359,4090,0.35717
359,4139,0.24165
359,4577,0.2152
359,4787,0.26002
359,4816,0.4046
359,4942,0.21156
359,5051,0.24892
359,5058,0.24325
359,5077,0.27759
359,5196,0.20967
359,5343,0.24231
359,5347,0.20197
359,5384,0.26498
359,5392,0.40957
359,5447,0.22002
359,5585,0.30079
359,5734,0.31558
359,5788,0.22499
359,5789,0.26633
359,5976,0.22074
359,6108,0.21398
360,1012,0.22725
360,2449,0.2259
360,3054,0.20778
360,5751,0.21213
361,643,0.20123
361,1044,0.35178
361,1792,0.33875
361,1920,0.23293
361,1960,0.20574
361,3751,0.23742
361,3922,0.24057
361,4186,0.20943
361,4482,0.23465
361,5029,0.35375
361,5167,0.20685
362,1527,0.22677
362,1811,0.20768
362,4656,0.22484
362,5280,0.21169
362,5554,0.20535
363,2260,0.26338
363,2943,0.36121
363,3070,0.21528
363,4250,0.29452
363,4820,0.23981
364,368,0.23614
364,407,0.24845
364,440,0.22907
364,843,0.2527
364,954,0.32386
364,1045,0.22351
364,1048,0.23898
364,1179,0.35967
364,1247,0.50247
364,1712,0.36122
364,1793,0.57439
364,2454,0.44208
364,3042,0.36808
364,3105,0.35158
364,3184,0.25767
364,3333,0.22259
364,3414,0.27907
364,4129,0.63849
364,4329,0.21832
364,4455,0.48011
364,4606,0.2028
364,4677,0.23591
364,4800,0.38091
364,4835,0.28296
364,4869,0.27674
364,4874,0.28248
364,5153,0.43829
364,5195,0.21472
364,5217,0.50247
364,5294,0.52721
364,5326,0.44208
364,5583,0.21279
364,5695,0.27326
364,5879,0.30346
364,5964,0.40709
364,5966,0.35262
364,6126,0.38091
364,6135,0.50655
366,5250,0.21562
366,5670,0.22304
367,434,0.28296
367,891,0.24721
367,966,0.26849
367,1017,0.26098
367,1058,0.29352
367,1611,0.30046
367,1765,0.20952
367,1844,0.5375
367,2152,0.28155
367,2269,0.36206
367,2286,0.2551
367,2578,0.35036
367,2857,0.28098
367,2953,0.26886
367,2954,0.42969
367,2984,0.29337
367,2988,0.20007
367,3046,0.21555
367,3092,0.26212
367,3225,0.31155
367,3332,0.24037
367,3805,0.25402
367,3815,0.20209
367,3826,0.22012
367,3913,0.23927
367,4409,0.29922
367,4539,0.32138
367,4545,0.43494
367,4624,0.2905
367,4686,0.35537
367,4921,0.24957
367,4929,0.26253
367,5072,0.39353
367,5086,0.23173
367,5303,0.27943
367,5372,0.39735
367,5717,0.2851
367,5992,0.52721
368,795,0.22618
368,954,0.26626
368,1179,0.23872
368,1247,0.27066
368,1793,0.43829
368,2454,0.31352
368,2869,0.22955
368,4129,0.45012
368,4455,0.29728
368,4800,0.24169
368,5153,0.28296
368,5217,0.27341
368,5294,0.41802
368,5326,0.25492
368,5879,0.21193
368,5964,0.23577
368,6126,0.34605
368,6135,0.36164
369,666,0.21041
369,2200,0.20352
369,4413,0.22725
369,5644,0.20507
369,5720,0.2028
369,6149,0.21166
370,415,0.21121
370,582,0.24372
370,860,0.29626
370,1298,0.21418
370,1520,0.20323
370,1684,0.23733
370,1891,0.21384
370,2506,0.24518
370,2866,0.28229
370,3610,0.25727
370,3639,0.32322
370,4239,0.22511
370,4562,0.24095
370,4743,0.25453
370,4848,0.22222
370,4956,0.25049
370,5025,0.26926
372,548,0.20447
372,997,0.21477
372,1400,0.21305
372,2368,0.26174
372,2387,0.22559
372,2543,0.24634
372,3706,0.51083
372,3851,0.20423
372,4342,0.26723
372,4373,0.24596
372,4750,0.21555
372,5165,0.24508
372,5955,0.2818
373,2931,0.3121
374,2724,0.25689
374,4012,0.43829
374,5827,0.21597
375,583,0.21174
375,623,0.24309
375,1044,0.21002
375,1310,0.21418
375,2448,0.24552
375,3883,0.20294
375,4187,0.24507
375,4676,0.20284
375,4722,0.255
375,5039,0.35163
375,5167,0.23849
375,5291,0.24381
375,5299,0.20921
375,5543,0.2617
375,5716,0.20813
376,4196,0.20612
378,950,0.34843
378,1981,0.2294
379,485,0.215
379,578,0.20513
379,610,0.23981
379,932,0.20178
379,1724,0.20201
379,2253,0.21475
379,2606,0.21028
379,2890,0.23927
379,2954,0.2173
379,5119,0.26823
379,6003,0.25492
380,646,0.21286
380,884,0.28958
380,1868,0.21213
380,1920,0.25951
380,1960,0.25601
380,2020,0.22261
380,2172,0.21727
380,2846,0.22224
380,2873,0.207
380,2954,0.28871
380,3144,0.22153
380,3270,0.272
380,3312,0.31571
380,3616,0.21209
380,3751,0.24124
380,3922,0.25252
380,4112,0.31598
380,4186,0.25603
380,4446,0.2833
380,4539,0.23073
380,4545,0.21903
380,5119,0.31204
380,5192,0.2099
380,5737,0.25603
381,3202,0.20585
382,1748,0.20741
382,4190,0.2722
382,4340,0.20186
382,4550,0.42675
382,5548,0.2503
383,1509,0.24055
384,736,0.22387
384,4134,0.27106
384,4141,0.20008
384,4970,0.25023
384,5951,0.20161
385,582,0.34628
385,860,0.25384
385,863,0.30927
385,876,0.20132
385,922,0.36287
385,926,0.23914
385,997,0.23364
385,1215,0.44317
385,1298,0.20179
385,1400,0.28568
385,1684,0.36603
385,1751,0.23733
385,2097,0.22685
385,2265,0.33128
385,2300,0.29178
385,2368,0.29171
385,2387,0.3001
385,2461,0.22351
385,2506,0.28912
385,2543,0.32315
385,2575,0.43257
385,2626,0.22047
385,2679,0.22499
385,2713,0.21362
385,2797,0.3671
385,2833,0.39271
385,3170,0.401
385,3350,0.2088
385,3497,0.2693
385,3610,0.30192
385,3639,0.40616
385,3731,0.20705
385,3846,0.20571
385,3848,0.22807
385,3926,0.40829
385,4022,0.26129
385,4155,0.257
385,4215,0.35747
385,4294,0.28814
385,4361,0.22849
385,4373,0.27762
385,4395,0.44404
385,4562,0.28415
385,4743,0.26228
385,4848,0.32018
385,4888,0.32982
385,4912,0.30661
385,4971,0.23625
385,5178,0.20519
385,5206,0.46975
385,5378,0.63849
385,5652,0.21766
385,5930,0.2135
385,5955,0.25258
385,6191,0.22683
386,1347,0.25989
386,2345,0.22927
386,3007,0.25764
386,3954,0.20646
386,4574,0.20686
386,5723,0.23237
387,548,0.22185
387,863,0.25841
387,876,0.33838
387,922,0.22621
387,997,0.25935
387,1236,0.20753
387,1400,0.39801
387,2097,0.35078
387,2368,0.32279
387,2387,0.29007
387,2461,0.29565
387,2543,0.39682
387,2575,0.30742
387,2833,0.23912
387,3639,0.20284
387,3926,0.20389
387,4215,0.5437
387,4361,0.31795
387,4373,0.29942
387,4912,0.22733
387,5243,0.21363
387,5652,0.25087
387,5955,0.25724
388,4217,0.2056
388,4477,0.2028
388,5706,0.22261
389,403,0.24429
389,421,0.35326
389,990,0.21879
389,1442,0.30665
389,3408,0.20464
389,4312,0.26529
389,4325,0.24321
389,5419,0.27619
389,5432,0.20248
389,5836,0.23957
390,797,0.43308
390,961,0.2057
390,1259,0.21486
390,2065,0.21
390,2068,0.20574
390,2384,0.24176
390,2433,0.22301
390,3044,0.47162
390,4417,0.20661
390,4519,0.20207
390,4771,0.21257
390,5375,0.23412
390,5509,0.20634
390,5718,0.44581
390,5757,0.23259
391,2715,0.22806
391,6106,0.20552
392,1257,0.30702
392,2843,0.26744
392,3284,0.25031
392,3684,0.20548
392,4599,0.25242
392,5941,0.2205
393,652,0.29312
393,846,0.34165
393,1140,0.21923
393,1243,0.22696
393,1307,0.24196
393,1647,0.29241
393,1747,0.4116
393,2114,0.27459
393,2263,0.22657
393,2288,0.40709
393,2365,0.2091
393,2443,0.20669
393,2545,0.21501
393,2625,0.34844
393,2632,0.23796
393,2648,0.25947
393,2662,0.25819
393,2664,0.25818
393,2918,0.21369
393,3470,0.27258
393,3701,0.27754
393,3839,0.30716
393,3955,0.34578
393,4220,0.30689
393,4393,0.20046
393,4453,0.20035
393,4568,0.25576
393,4631,0.43266
393,4706,0.20641
393,4744,0.27391
393,4803,0.2084
393,4940,0.20087
393,4969,0.27816
393,5009,0.28739
393,5143,0.32438
393,5241,0.21581
393,5267,0.21575
393,5576,0.29457
393,5657,0.24509
393,5884,0.2202
393,5944,0.22309
393,6205,0.21861
393,6207,0.23649
394,1516,0.20815
394,1823,0.20981
394,2582,0.20067
394,2947,0.23566
394,3082,0.27443
394,3091,0.25262
394,3468,0.24104
394,4012,0.23466
394,4329,0.21213
394,5258,0.25049
394,5647,0.26482
394,5670,0.21443
394,5935,0.27066
394,6101,0.26019
395,621,0.2107
397,482,0.20383
397,763,0.23022
397,886,0.23272
397,892,0.21312
397,906,0.23063
397,1005,0.24239
397,1094,0.20937
397,1332,0.26725
397,1543,0.28777
397,1805,0.21722
397,2162,0.22906
397,2426,0.26752
397,2537,0.20333
397,2654,0.28502
397,2900,0.24405
397,3208,0.28431
397,3283,0.25046
397,3437,0.22917
397,3505,0.20351
397,3833,0.20689
397,3948,0.21591
397,4130,0.20708
397,5047,0.24774
397,5236,0.21252
397,5538,0.22843
397,5625,0.2346
397,5695,0.20499
397,5883,0.22353
398,1636,0.21728
398,5252,0.23577
398,5616,0.2352
399,2297,0.31594
399,2931,0.21832
399,3008,0.24458
399,4336,0.26213
399,4466,0.28783
399,4997,0.2998
399,5065,0.20201
399,5277,0.26019
399,5300,0.28783
399,5425,0.20881
399,5595,0.22261
399,6095,0.24957
399,6194,0.25386
400,573,0.20236
400,1227,0.27407
400,1345,0.30856
400,1393,0.29434
400,1606,0.28991
400,2177,0.31317
400,2426,0.28871
400,2622,0.38438
400,2709,0.30407
400,2821,0.21334
400,3251,0.41948
400,3853,0.32774
400,3948,0.29414
400,4009,0.24438
400,4130,0.2936
400,4150,0.28664
400,4603,0.20133
400,4706,0.20158
400,5292,0.23285
400,5390,0.33797
400,5428,0.27019
400,5456,0.24913
400,5538,0.45113
400,5628,0.43655
400,6192,0.25412
401,863,0.21422
401,1350,0.20299
401,1673,0.53321
401,2265,0.22211
401,3450,0.32313
401,3818,0.40143
401,3926,0.2115
401,5126,0.20792
401,5206,0.25808
401,5378,0.20881
401,5394,0.37117
401,5700,0.23329
401,6017,0.2458
401,6191,0.31422
401,6209,0.37612
402,415,0.44989
402,582,0.22936
402,737,0.26629
402,860,0.21874
402,1013,0.48287
402,1270,0.57926
402,1296,0.21369
402,1416,0.22538
402,1564,0.23131
402,1684,0.23878
402,1720,0.34123
402,2245,0.32318
402,2265,0.21353
402,2417,0.24057
402,2506,0.24281
402,2567,0.25318
402,2782,0.30028
402,2866,0.20114
402,2938,0.23493
402,2970,0.30282
402,3023,0.26609
402,3123,0.23234
402,3146,0.24292
402,3350,0.29173
402,3446,0.30074
402,3495,0.30445
402,3531,0.24617
402,3639,0.23563
402,3707,0.23787
402,3978,0.28849
402,4161,0.30356
402,4227,0.24859
402,4239,0.32439
402,4294,0.22023
402,4414,0.29076
402,4743,0.37142
402,4752,0.22753
402,4848,0.22077
402,4923,0.25464
402,4956,0.35262
402,5012,0.25868
402,5178,0.27593
402,5329,0.30219
402,5353,0.23684
402,5527,0.2822
402,5649,0.34354
402,5826,0.24043
402,5862,0.27705
402,5893,0.26087
402,6082,0.23181
402,6212,0.30119
403,913,0.2107
403,1025,0.21166
403,1442,0.20927
403,2480,0.59645
403,3393,0.22725
403,4157,0.27619
403,4312,0.35219
403,4559,0.21213
403,4653,0.35326
403,5003,0.20994
403,5046,0.29452
403,5104,0.22725
403,5187,0.21028
403,5587,0.26019
403,5674,0.21028
403,5795,0.31949
403,6158,0.22955
403,6181,0.24613
406,615,0.24711
406,902,0.23623
406,1473,0.30816
406,1653,0.24499
406,1860,0.21176
406,1898,0.23813
406,2895,0.30342
406,3658,0.29281
406,3675,0.25054
406,4181,0.3587
406,4902,0.25013
406,5828,0.20909
407,440,0.37405
407,645,0.28213
407,648,0.35773
407,708,0.30208
407,726,0.23581
407,843,0.31809
407,954,0.21588
407,1179,0.2998
407,1247,0.3386
407,1712,0.52562
407,1767,0.20721
407,1793,0.41116
407,2375,0.22535
407,2454,0.48011
407,2491,0.21213
407,2966,0.27459
407,2980,0.27508
407,3042,0.29543
407,3184,0.26312
407,3323,0.31172
407,3414,0.25615
407,3642,0.24093
407,3975,0.28148
407,4129,0.3883
407,4132,0.20745
407,4329,0.2949
407,4455,0.50247
407,4605,0.26638
407,4606,0.25324
407,4677,0.27336
407,4869,0.33972
407,5153,0.4205
407,5195,0.34076
407,5217,0.50576
407,5294,0.37961
407,5326,0.49019
407,5475,0.2834
407,5964,0.26556
407,5966,0.44208
407,6126,0.28983
407,6135,0.52721
408,4950,0.23075
408,6147,0.24012
409,492,0.22955
409,1881,0.52721
409,2580,0.23872
409,2933,0.22128
409,3672,0.42151
409,3745,0.20201
409,4329,0.28248
409,4470,0.2028
409,4556,0.20178
409,4806,0.20881
409,5277,0.24429
409,5357,0.22399
409,5748,0.27619
409,5829,0.24957
409,5902,0.33828
409,6065,0.28514
409,6186,0.26732
410,734,0.29937
410,1023,0.35469
410,1212,0.26923
410,1412,0.26493
410,1519,0.2348
410,1642,0.2183
410,3712,0.20769
410,3981,0.20057
410,4139,0.21797
410,4577,0.40467
410,5335,0.20184
410,5489,0.33337
410,5539,0.21939
410,6158,0.25158
411,837,0.22278
411,842,0.27229
411,848,0.37034
411,874,0.20637
411,930,0.22861
411,1028,0.23928
411,1059,0.27923
411,1061,0.25311
411,1241,0.20866
411,1341,0.29461
411,1359,0.28517
411,1378,0.33722
411,1532,0.34093
411,1692,0.33155
411,1716,0.42102
411,1719,0.37725
411,1784,0.24727
411,1813,0.27826
411,1905,0.255
411,2214,0.3436
411,2319,0.33986
411,2364,0.2197
411,2404,0.20108
411,2444,0.25042
411,2488,0.27834
411,2573,0.21409
411,2641,0.40071
411,2677,0.20759
411,2790,0.32674
411,2839,0.24656
411,2906,0.3516
411,2993,0.28096
411,3192,0.3142
411,3472,0.26309
411,3550,0.23225
411,3643,0.30747
411,3791,0.24555
411,4226,0.26183
411,4300,0.24353
411,4321,0.24466
411,4352,0.29777
411,4561,0.37543
411,4579,0.20125
411,4607,0.24879
411,4609,0.30714
411,4725,0.2131
411,4836,0.26782
411,4842,0.33007
411,4861,0.25326
411,4894,0.2264
411,5367,0.30435
411,5557,0.22499
411,5924,0.26113
411,5998,0.22805
411,6031,0.26839
411,6040,0.29768
413,423,0.24224
413,525,0.2273
413,1516,0.31979
413,2618,0.26401
413,2824,0.31713
413,3091,0.2805
413,3475,0.27316
413,4582,0.2193
413,5250,0.30116
413,5472,0.24125
413,5647,0.26105
413,5670,0.20154
413,6220,0.22438
414,529,0.33828
414,817,0.22012
414,1503,0.35158
414,1712,0.26732
414,1912,0.23681
414,2282,0.20635
414,2340,0.28983
414,2476,0.21753
414,2914,0.44944
414,3042,0.30346
414,3210,0.27195
414,3482,0.35158
414,3502,0.22399
414,3898,0.44901
414,4255,0.48011
414,4605,0.27619
414,4606,0.26213
414,5326,0.23134
414,5725,0.44944
414,5790,0.35219
414,6007,0.21109
415,737,0.29251
415,800,0.23226
415,847,0.58862
415,863,0.21154
415,1013,0.62049
415,1270,0.52849
415,1296,0.29841
415,1684,0.3214
415,1720,0.42948
415,2245,0.29406
415,2265,0.31231
415,2417,0.2567
415,2506,0.24495
415,2567,0.2463
415,2575,0.26515
415,2713,0.22181
415,2782,0.34532
415,2938,0.40656
415,2970,0.27568
415,3023,0.2306
415,3123,0.40189
415,3146,0.2772
415,3172,0.22741
415,3350,0.29736
415,3446,0.34299
415,3495,0.4546
415,3531,0.25367
415,3707,0.35458
415,4155,0.20116
415,4161,0.30239
415,4189,0.22233
415,4227,0.24678
415,4294,0.24497
415,4562,0.20084
415,4752,0.2283
415,4955,0.20969
415,5012,0.29977
415,5329,0.29124
415,5649,0.39863
415,5893,0.27439
415,6082,0.41227
415,6212,0.30397
416,1702,0.24407
416,1924,0.21522
416,2815,0.20471
416,4130,0.20693
416,4771,0.21247
418,452,0.21188
418,535,0.30415
418,633,0.24013
418,738,0.21438
418,848,0.21697
418,891,0.21624
418,1017,0.22402
418,1054,0.20178
418,1341,0.20799
418,1396,0.2123
418,1623,0.45976
418,1813,0.5687
418,2269,0.21905
418,2286,0.21588
418,2495,0.26436
418,2906,0.20282
418,3472,0.20475
418,3674,0.28084
418,4409,0.24263
418,4607,0.34434
418,4614,0.21705
418,4716,0.23242
418,4837,0.21312
418,4876,0.23068
418,5702,0.30236
418,5737,0.23466
418,5821,0.56059
418,5998,0.57491
419,1118,0.21622
420,1520,0.24732
420,1625,0.28296
420,1940,0.21845
420,2618,0.21569
420,3029,0.21833
420,3096,0.22886
420,3278,0.27489
420,5065,0.23177
420,5134,0.233
420,5414,0.24738
420,5752,0.37349
421,471,0.36122
421,480,0.36164
421,538,0.42151
421,613,0.44901
421,663,0.22955
421,717,0.35219
421,776,0.40602
421,784,0.31099
421,1048,0.23466
421,1095,0.22725
421,1114,0.45113
421,1125,0.35158
421,1260,0.22725
421,1414,0.2084
421,1590,0.215
421,1691,0.42824
421,1862,0.28983
421,1867,0.36164
421,1869,0.2028
421,1962,0.22955
421,2002,0.21528
421,2240,0.27619
421,2439,0.21213
421,2474,0.35158
421,2936,0.32221
421,2939,0.4148
421,2982,0.28385
421,3008,0.20778
421,3257,0.36122
421,3408,0.31594
421,3486,0.23675
421,3504,0.20288
421,3588,0.20994
421,3716,0.29452
421,3753,0.3876
421,3784,0.30931
421,3866,0.28385
421,3876,0.2949
421,3890,0.28296
421,3997,0.20201
421,4013,0.21028
421,4031,0.30346
421,4136,0.23466
421,4213,0.35326
421,4216,0.28783
421,4264,0.2173
421,4325,0.31352
421,4342,0.2956
421,4405,0.25211
421,4495,0.25049
421,4570,0.29728
421,4700,0.27341
421,4721,0.2998
421,4773,0.21166
421,4812,0.35219
421,4972,0.24941
421,5097,0.23927
421,5140,0.43829
421,5419,0.36483
421,5423,0.2831
421,5432,0.4148
421,5445,0.39069
421,5477,0.35158
421,5505,0.30386
421,5713,0.2166
421,5726,0.36483
421,5759,0.29759
421,5938,0.30617
422,6155,0.21337
423,525,0.21819
423,599,0.20772
423,616,0.21961
423,1424,0.20013
423,1650,0.23357
423,2582,0.21849
423,4582,0.21904
423,4728,0.20115
424,1102,0.20799
424,2893,0.23917
424,4391,0.20177
424,4595,0.21655
425,4055,0.26639
426,900,0.27285
426,5127,0.20218
426,5550,0.22144
427,3927,0.2135
427,5562,0.21184
428,1142,0.21879
428,2110,0.23781
428,2178,0.20154
428,2315,0.26463
428,3305,0.49019
428,3657,0.20105
428,4244,0.35654
428,4477,0.25875
428,5032,0.3461
428,5561,0.20388
428,5673,0.40739
428,5706,0.20061
428,5919,0.29452
428,5936,0.24471
429,701,0.23066
429,1413,0.2058
429,2005,0.21308
429,4196,0.22504
429,5951,0.22823
430,463,0.48011
430,1497,0.3876
430,2645,0.28248
430,3186,0.2822
430,3582,0.35262
430,3587,0.47513
430,4514,0.45012
430,4828,0.54069
430,4850,0.49517
430,4872,0.21213
430,4886,0.59645
430,4949,0.49019
430,4992,0.49019
430,5021,0.43286
430,5138,0.23466
430,5365,0.30346
430,5591,0.28658
430,5596,0.51466
430,5604,0.25211
430,5709,0.45113
430,5910,0.54069
430,6095,0.20288
431,1732,0.21304
431,2361,0.40521
431,4643,0.20227
431,4780,0.23873
431,5833,0.49552
432,672,0.24858
432,673,0.33578
432,1049,0.23051
432,1120,0.20665
432,1569,0.26174
432,1578,0.24978
432,1641,0.21917
432,1728,0.2116
432,2010,0.30202
432,2352,0.28105
432,2512,0.25492
432,2806,0.23763
432,2854,0.2878
432,3147,0.2822
432,3435,0.24282
432,3795,0.31082
432,3941,0.20201
432,4282,0.32257
432,4442,0.20542
432,4707,0.44208
432,4870,0.26213
432,5508,0.24703
434,535,0.36164
434,580,0.36122
434,633,0.3876
434,891,0.45113
434,1147,0.42824
434,1396,0.31594
434,1530,0.30346
434,1611,0.36164
434,1634,0.35326
434,1702,0.21213
434,1844,0.26213
434,1918,0.45113
434,1977,0.31594
434,2062,0.44208
434,2167,0.34605
434,2286,0.36808
434,2552,0.26073
434,2578,0.47596
434,2717,0.50655
434,2857,0.45113
434,2873,0.28538
434,2954,0.27619
434,3093,0.21093
434,3674,0.34605
434,3805,0.42151
434,4409,0.40709
434,4479,0.20927
434,4624,0.31352
434,4686,0.44901
434,4716,0.20201
434,4858,0.40709
434,4876,0.27619
434,5072,0.40709
434,5743,0.3876
435,890,0.36256
435,905,0.23577
435,1711,0.43286
435,1837,0.22399
435,2170,0.3876
435,2355,0.24957
435,2450,0.35158
435,2520,0.26823
435,2545,0.27619
435,3013,0.26019
435,3022,0.20416
435,3026,0.21832
435,3761,0.44446
435,4209,0.28514
435,4727,0.35326
435,4835,0.25557
435,5044,0.29452
435,5433,0.36122
435,5532,0.28983
435,5766,0.2107
436,646,0.35568
436,714,0.21672
436,884,0.4584
436,944,0.2437
436,981,0.24326
436,1036,0.2056
436,1093,0.23227
436,1098,0.22345
436,1223,0.2864
436,1277,0.23888
436,1380,0.26457
436,1514,0.24141
436,1679,0.25856
436,2172,0.41326
436,2252,0.23109
436,2272,0.21333
436,2305,0.20132
436,2328,0.24414
436,2353,0.42948
436,2401,0.2294
436,2481,0.20986
436,2647,0.23622
436,3089,0.3033
436,3395,0.21784
436,3454,0.20351
436,3933,0.24698
436,4285,0.20712
436,4423,0.21567
436,4547,0.22389
436,4560,0.21217
436,5040,0.23366
436,5215,0.24151
436,5292,0.26875
436,5321,0.49489
436,5333,0.21854
436,5493,0.22393
436,5909,0.29841
436,6002,0.20644
436,6111,0.23038
436,6143,0.2998
437,2287,0.2334
438,492,0.21512
438,3480,0.27153
438,6008,0.21318
439,5604,0.20244
439,5790,0.26633
439,5891,0.20217
440,529,0.21806
440,645,0.28214
440,648,0.42393
440,708,0.2569
440,726,0.31391
440,843,0.33072
440,1179,0.50929
440,1247,0.25765
440,1403,0.31813
440,1503,0.26581
440,1712,0.57311
440,1767,0.25809
440,1793,0.35124
440,2282,0.23449
440,2375,0.2605
440,2454,0.49019
440,2491,0.2998
440,2966,0.32912
440,2980,0.3982
440,3042,0.38142
440,3184,0.25185
440,3235,0.26501
440,3323,0.36397
440,3502,0.24581
440,3642,0.24103
440,3975,0.33617
440,4129,0.43286
440,4132,0.28481
440,4329,0.48011
440,4411,0.23293
440,4455,0.52721
440,4605,0.39093
440,4606,0.35413
440,4869,0.35108
440,4874,0.22718
440,5153,0.44457
440,5195,0.33145
440,5217,0.3876
440,5294,0.24925
440,5326,0.63147
440,5475,0.28595
440,5827,0.21614
440,5966,0.48011
440,6126,0.45113
440,6135,0.49019
441,890,0.20201
441,1609,0.2173
441,3371,0.32587
441,3702,0.26267
441,4286,0.22866
441,4462,0.23133
441,4492,0.20186
441,4591,0.40602
441,5532,0.2747
442,1186,0.23514
442,1552,0.22223
442,1901,0.243
442,2115,0.27926
442,2315,0.3336
442,3246,0.25321
442,4627,0.20166
442,4736,0.20046
442,5110,0.25896
442,5186,0.54567
442,5255,0.23131
442,5574,0.27671
442,5598,0.20642
442,5706,0.30862
443,806,0.20072
443,1856,0.24546
443,3095,0.29954
443,4875,0.2004
443,5920,0.2209
443,6145,0.24083
444,896,0.26473
444,2126,0.28846
444,2129,0.21665
444,3250,0.23883
444,4196,0.24842
444,4746,0.23111
444,5977,0.26793
444,6141,0.20791
444,6223,0.21746
445,1300,0.25467
445,2304,0.24776
445,5344,0.20249
445,5961,0.21435
446,1017,0.24975
446,1070,0.2414
446,1765,0.2376
446,1808,0.48217
446,2699,0.24146
446,2930,0.21311
446,3141,0.23161
448,474,0.21131
448,1811,0.29616
448,2621,0.21254
448,4555,0.24442
448,5280,0.2952
448,5942,0.21295
449,670,0.20772
449,1940,0.28874
449,2431,0.22481
449,4202,0.2379
449,4879,0.22845
449,5411,0.22159
449,5757,0.25585
449,5790,0.35375
450,3268,0.2021
451,498,0.22725
451,2508,0.2107
451,2584,0.38776
451,2666,0.20249
451,2987,0.48011
451,3000,0.44944
451,3518,0.37258
451,3767,0.26019
451,4368,0.22708
451,4383,0.35262
451,6052,0.25557
452,627,0.22133
452,1519,0.24868
452,1770,0.21317
452,2264,0.23567
452,2880,0.26443
452,2955,0.36242
452,4119,0.24935
452,4577,0.22626
452,5363,0.20019
452,5383,0.20154
452,5788,0.22247
453,751,0.29131
453,1226,0.66561
453,1825,0.23065
453,2215,0.23275
453,2219,0.43718
453,2940,0.25557
453,3536,0.34405
453,3657,0.21755
453,4029,0.22017
453,4078,0.24739
453,4244,0.20922
453,5070,0.45012
453,5238,0.28783
453,5561,0.20858
453,5662,0.22196
453,5673,0.23705
453,5916,0.49751
453,5919,0.28385
453,5978,0.2497
453,6138,0.27619
454,1058,0.20046
454,2765,0.21069
454,3148,0.27231
454,5965,0.24613
456,622,0.20593
456,901,0.20306
456,2376,0.20117
456,2500,0.20764
456,3083,0.20079
456,3142,0.22543
456,3457,0.25796
456,4013,0.22096
456,4825,0.20688
456,4999,0.27535
456,5210,0.20241
456,5280,0.22187
456,5377,0.23645
456,5742,0.30103
456,5861,0.23292
456,5889,0.23455
456,6059,0.31835
457,4472,0.25321
458,1756,0.26139
458,1961,0.20051
458,3451,0.20252
458,5522,0.31574
458,6086,0.36607
458,6210,0.23024
459,549,0.36769
459,800,0.27073
459,819,0.22377
459,837,0.36839
459,848,0.2208
459,1028,0.26465
459,1059,0.23828
459,1061,0.20107
459,1150,0.33199
459,1241,0.32449
459,1298,0.24277
459,1310,0.28818
459,1350,0.65321
459,1522,0.24664
459,1560,0.3394
459,1673,0.20902
459,1682,0.35222
459,1692,0.21072
459,1716,0.38146
459,1719,0.28532
459,1905,0.23677
459,2214,0.29069
459,2258,0.4319
459,2265,0.30344
459,2319,0.4072
459,2368,0.25375
459,2387,0.24548
459,2444,0.26058
459,2453,0.40364
459,2488,0.31075
459,2543,0.21336
459,2573,0.50576
459,2575,0.25149
459,2629,0.57785
459,2641,0.20745
459,2677,0.26024
459,2759,0.37025
459,2790,0.3331
459,2839,0.21388
459,2906,0.32588
459,2993,0.23371
459,3146,0.2173
459,3245,0.28836
459,3252,0.53006
459,3294,0.21409
459,3472,0.38208
459,3540,0.2721
459,3550,0.24187
459,3643,0.26166
459,3710,0.26019
459,3821,0.66704
459,3848,0.30574
459,3854,0.40941
459,3926,0.3373
459,4022,0.52905
459,4083,0.36128
459,4226,0.27901
459,4227,0.20736
459,4352,0.29385
459,4373,0.20563
459,4561,0.21648
459,4609,0.26191
459,4722,0.23886
459,4743,0.20966
459,4842,0.29891
459,4907,0.62009
459,4971,0.42338
459,5039,0.23852
459,5090,0.36455
459,5206,0.33572
459,5367,0.22287
459,5378,0.35158
459,5381,0.2595
459,5557,0.2751
459,5642,0.26827
459,5930,0.35574
459,6092,0.28783
460,1668,0.25981
460,2124,0.23853
460,2244,0.25123
460,2933,0.20556
460,3304,0.21244
460,4120,0.41801
460,4134,0.23098
460,4196,0.23089
460,5210,0.25897
460,5230,0.22258
460,5785,0.29126
460,5977,0.20789
461,2703,0.42242
461,3944,0.23004
461,5293,0.37014
461,5502,0.20343
462,3356,0.21643
462,4410,0.28248
462,4430,0.23872
462,4711,0.27894
462,5258,0.28296
463,861,0.24356
463,1142,0.35219
463,1570,0.22451
463,1582,0.2706
463,1880,0.35341
463,2203,0.369
463,2645,0.22725
463,2792,0.24768
463,2972,0.37911
463,3548,0.25534
463,3582,0.26732
463,4093,0.30751
463,4354,0.21093
463,4386,0.29981
463,4473,0.21478
463,4514,0.28783
463,4766,0.24899
463,4810,0.33567
463,4828,0.40941
463,4850,0.29816
463,4886,0.57055
463,4949,0.29532
463,4992,0.36385
463,5021,0.28342
463,5057,0.22399
463,5067,0.40313
463,5138,0.30569
463,5188,0.21909
463,5244,0.2386
463,5254,0.30386
463,5310,0.40355
463,5311,0.22798
463,5354,0.28852
463,5356,0.29537
463,5365,0.25267
463,5596,0.2704
463,5709,0.35332
463,5786,0.24526
463,5792,0.3158
463,5798,0.26548
463,5910,0.31303
463,5982,0.40231
463,6062,0.30744
463,6188,0.32616
464,1675,0.21554
464,5399,0.24893
464,5974,0.28409
465,1976,0.25321
465,2247,0.20515
465,4193,0.20267
465,5414,0.43855
466,2056,0.20438
466,2204,0.21521
466,4336,0.2621
466,4661,0.21298
466,5675,0.28075
468,910,0.2822
468,1678,0.23949
468,1735,0.20428
468,2728,0.2388
468,2781,0.55942
468,2911,0.47416
468,3662,0.24569
468,3958,0.24499
468,4306,0.42296
468,4572,0.41149
468,6215,0.23688
471,554,0.22532
471,756,0.26834
471,910,0.31594
471,1408,0.2541
471,1735,0.20111
471,1946,0.2853
471,2391,0.21552
471,2532,0.27234
471,2612,0.23974
471,3381,0.26808
471,3738,0.28283
471,4325,0.23598
471,4627,0.20886
471,4687,0.26067
471,5022,0.25951
471,5235,0.27619
471,5419,0.2138
471,5783,0.26787
472,1161,0.20994
472,1881,0.22955
472,1911,0.24731
472,2287,0.22399
472,3362,0.27619
472,3510,0.27882
472,4556,0.35326
472,5271,0.42151
472,5725,0.25451
472,6193,0.26133
473,632,0.25143
473,719,0.21867
473,874,0.33836
473,962,0.24301
473,1179,0.36483
473,1258,0.23542
473,1573,0.22271
473,1912,0.22242
473,2425,0.24524
473,2454,0.20927
473,2511,0.22717
473,2749,0.24275
473,3432,0.25354
473,3619,0.28864
473,3950,0.21822
473,4098,0.28002
473,4132,0.23901
473,4189,0.2556
473,4223,0.22095
473,4329,0.29335
473,4610,0.2192
473,5096,0.45584
473,5326,0.35158
473,5420,0.2234
473,5437,0.26237
473,5825,0.30461
473,5925,0.21538
473,6224,0.27422
474,1764,0.27103
474,1811,0.24967
474,5280,0.44197
474,5742,0.25197
474,5791,0.22123
474,5889,0.20116
474,5901,0.31679
474,6218,0.20991
474,6221,0.21848
475,646,0.20225
475,968,0.34894
475,1933,0.22753
475,2020,0.21213
475,2032,0.22915
475,2172,0.20475
475,2252,0.25484
475,2328,0.24014
475,2447,0.20278
475,2869,0.26019
475,3093,0.20242
475,3395,0.21153
475,3754,0.22261
475,4351,0.21174
475,4531,0.25557
475,4586,0.21263
475,5289,0.2146
475,5616,0.23106
475,5795,0.20134
475,5959,0.23857
476,1727,0.38871
476,3941,0.2233
476,4761,0.3973
476,4891,0.38525
478,595,0.31099
478,712,0.23927
478,965,0.36122
478,1101,0.2107
478,2037,0.36122
478,2102,0.49019
478,2184,0.23582
478,2386,0.20912
478,2666,0.35262
478,3053,0.23415
478,3309,0.36164
478,3418,0.22955
478,4413,0.21471
478,4449,0.2028
478,4878,0.22261
478,5093,0.22162
478,6037,0.21028
480,3767,0.2195
480,4216,0.2775
480,5419,0.20249
481,2135,0.24913
481,2439,0.36032
481,3077,0.33564
481,3541,0.2859
481,3951,0.20896
481,4240,0.34216
481,4256,0.26784
481,5059,0.24064
481,5252,0.22354
481,5449,0.20501
481,5947,0.35927
481,6027,0.334
482,763,0.35631
482,885,0.22856
482,892,0.23415
482,906,0.47621
482,1002,0.21695
482,1178,0.28374
482,1276,0.25087
482,1332,0.32355
482,1345,0.2424
482,1432,0.23135
482,1500,0.26223
482,1543,0.27096
482,1606,0.23233
482,1702,0.24079
482,1805,0.25718
482,2162,0.27794
482,2177,0.22475
482,2308,0.25852
482,2426,0.27046
482,2436,0.42925
482,2900,0.32296
482,3208,0.31415
482,3283,0.47917
482,3437,0.42844
482,3505,0.23071
482,3574,0.35209
482,3616,0.20383
482,3732,0.34599
482,3833,0.47697
482,3948,0.26861
482,3976,0.20436
482,4009,0.24038
482,4130,0.24394
482,4150,0.24735
482,4602,0.25258
482,4603,0.21624
482,5007,0.24785
482,5047,0.25924
482,5239,0.24906
482,5313,0.26635
482,5393,0.23244
482,5428,0.23073
482,5493,0.25532
482,5509,0.47773
482,5607,0.26578
482,5625,0.29961
482,5883,0.23752
482,5942,0.30045
482,5962,0.27818
482,6175,0.26172
485,4107,0.26869
485,4232,0.34191
486,4930,0.25145
487,2408,0.3499
489,2290,0.21086
489,6097,0.21508
490,497,0.21775
490,549,0.2557
490,623,0.65233
490,1310,0.44063
490,1395,0.20626
490,1560,0.28147
490,1564,0.21847
490,1569,0.22047
490,1580,0.22918
490,1723,0.27685
490,2010,0.38475
490,2146,0.20761
490,2453,0.26821
490,2816,0.22186
490,3540,0.31767
490,3848,0.2527
490,4186,0.25354
490,4219,0.32031
490,4293,0.26176
490,4529,0.22417
490,4597,0.20529
490,4971,0.26745
490,5039,0.29932
490,5061,0.20876
490,5299,0.28179
490,5508,0.23124
490,5642,0.35174
490,5826,0.22759
490,5967,0.3155
491,3883,0.20239
491,5644,0.21774
491,5967,0.33998
492,610,0.2822
492,1201,0.2049
492,2628,0.23577
492,2933,0.34605
492,3672,0.25518
492,3790,0.25805
492,4276,0.20604
492,4309,0.28695
492,4365,0.2132
492,4806,0.28538
492,5260,0.2221
492,5384,0.21679
492,5513,0.22447
492,5867,0.20331
492,5905,0.23015
492,5980,0.22685
495,530,0.23593
495,711,0.33227
495,808,0.20513
495,953,0.35326
495,1249,0.27407
495,2869,0.25386
495,2981,0.20403
495,4012,0.26213
495,4143,0.21364
495,4791,0.36122
495,5001,0.28783
495,5374,0.29452
495,5666,0.33227
495,5898,0.31352
495,5965,0.21832
497,623,0.22369
497,672,0.32371
497,1120,0.40039
497,1143,0.21386
497,1285,0.37045
497,1310,0.30461
497,1549,0.40473
497,1569,0.3695
497,1578,0.41162
497,1639,0.45419
497,1641,0.31233
497,1728,0.48913
497,1802,0.21386
497,1982,0.36069
497,2138,0.24576
497,2352,0.32587
497,2393,0.34484
497,2608,0.35517
497,2806,0.23579
497,3147,0.42151
497,3302,0.36326
497,3357,0.34848
497,3435,0.30333
497,3540,0.24201
497,3715,0.20085
497,3795,0.45553
497,3835,0.32689
497,3928,0.40753
497,3931,0.29112
497,3941,0.20178
497,3946,0.37488
497,4017,0.30985
497,4133,0.20881
497,4186,0.2273
497,4219,0.21189
497,4233,0.20242
497,4282,0.46631
497,4419,0.32062
497,4442,0.21688
497,4596,0.2082
497,4646,0.20016
497,4870,0.36164
497,4943,0.23278
497,5172,0.34711
497,5231,0.31411
497,5299,0.20658
497,5325,0.43998
497,5496,0.2173
497,5508,0.39476
497,5642,0.22269
497,5811,0.23737
497,6091,0.21294
498,832,0.25108
498,1746,0.26019
498,1995,0.29829
498,2082,0.26019
498,3518,0.22649
498,3547,0.21213
498,4779,0.23415
498,5308,0.21578
499,975,0.21288
499,1653,0.2953
499,2264,0.20592
499,2978,0.27209
499,3887,0.20606
499,5124,0.2926
499,5273,0.43209
499,5784,0.20928
499,5891,0.31552
500,890,0.24277
500,1685,0.25544
500,2170,0.36164
500,2545,0.21387
500,3022,0.31114
500,3681,0.2048
500,4727,0.2956
500,5217,0.21213
502,1811,0.21668
502,5364,0.23856
503,600,0.21455
503,725,0.26302
503,829,0.25315
503,898,0.29191
503,1031,0.26869
503,1153,0.25541
503,1182,0.203
503,1230,0.27882
503,1362,0.25177
503,1460,0.23942
503,1587,0.22437
503,1649,0.22357
503,1697,0.26218
503,2090,0.29544
503,2187,0.2231
503,2278,0.21316
503,2327,0.48011
503,2337,0.41802
503,2346,0.21109
503,2502,0.2291
503,2519,0.20166
503,2564,0.23736
503,2579,0.26428
503,2935,0.23337
503,3032,0.31743
503,3442,0.23547
503,3590,0.25936
503,3733,0.28086
503,3844,0.21778
503,3953,0.20247
503,3999,0.22317
503,4114,0.24002
503,4284,0.25956
503,4386,0.23037
503,4593,0.49019
503,4689,0.38535
503,4696,0.21464
503,5145,0.27874
503,5307,0.33282
503,5490,0.23352
503,5665,0.24467
503,5859,0.26033
503,5885,0.35104
503,5901,0.22286
503,6051,0.40709
504,5903,0.238
505,1055,0.29904
505,1230,0.20969
505,2712,0.22819
507,2653,0.21616
508,1650,0.22844
508,2547,0.2346
508,3091,0.20645
508,3183,0.21829
508,4582,0.21775
509,514,0.20662
509,2164,0.23961
509,3202,0.22305
509,4229,0.20735
509,5644,0.28165
509,5653,0.30761
509,6093,0.25256
510,2706,0.21528
510,3249,0.20994
510,3588,0.20131
510,4430,0.35262
510,4724,0.21422
510,5258,0.2056
510,5841,0.2173
510,6093,0.22161
511,4435,0.20672
511,4875,0.23978
511,5785,0.21234
512,5698,0.20935
513,3861,0.22251
513,6223,0.20678
514,1178,0.28751
514,1276,0.2163
514,1968,0.20855
514,2445,0.35036
514,3474,0.28905
514,4818,0.20494
515,691,0.37331
515,944,0.28717
515,981,0.39603
515,1195,0.20201
515,1238,0.21497
515,1380,0.33127
515,1465,0.39325
515,1496,0.21874
515,1959,0.22736
515,2032,0.24267
515,2172,0.27103
515,2328,0.22442
515,2401,0.34102
515,2481,0.23399
515,2507,0.32001
515,2647,0.3641
515,3454,0.22322
515,4339,0.20948
515,4343,0.22298
515,4349,0.23175
515,4380,0.24544
515,4394,0.22855
515,4423,0.30276
515,4807,0.248
515,5215,0.22497
515,5333,0.30177
515,5620,0.21606
515,6127,0.3254
516,2164,0.21873
516,2275,0.23851
516,5644,0.26784
516,5788,0.26086
517,4882,0.36998
518,1149,0.20116
518,5103,0.2028
518,5601,0.20819
519,2179,0.218
519,2213,0.20801
519,3235,0.2329
519,4565,0.21091
520,1101,0.22725
520,1849,0.24992
520,3053,0.28783
520,3788,0.20919
520,4413,0.26073
520,4804,0.3176
520,4878,0.29812
520,5720,0.22725
521,1788,0.22782
521,2126,0.21372
522,3209,0.22404
522,3637,0.31714
522,4466,0.28175
522,4571,0.20088
522,5260,0.20237
522,5903,0.20484
523,529,0.21255
523,1503,0.26063
523,1712,0.2967
523,3867,0.21062
523,5951,0.23762
524,1845,0.25458
524,5104,0.20122
525,822,0.21287
525,1516,0.22855
525,1650,0.20618
525,1936,0.24711
525,2153,0.22619
525,2547,0.26829
525,2582,0.21942
525,3183,0.22512
525,4402,0.24742
525,4582,0.20848
525,4728,0.24094
525,4869,0.20667
525,4892,0.21344
525,6220,0.29579
526,3913,0.23832
527,5458,0.29916
527,5858,0.27489
528,646,0.24062
528,766,0.24274
528,884,0.26212
528,892,0.34173
528,1002,0.33253
528,1138,0.29795
528,1178,0.20004
528,1345,0.27131
528,1606,0.34532
528,1620,0.36996
528,1621,0.35581
528,1635,0.21541
528,1702,0.36599
528,1805,0.38949
528,1998,0.28319
528,2151,0.20952
528,2172,0.27251
528,2177,0.32114
528,2232,0.53138
528,2293,0.26735
528,2308,0.41567
528,2328,0.22411
528,2401,0.28578
528,2436,0.28479
528,2799,0.20553
528,2846,0.21558
528,2900,0.25032
528,2945,0.29143
528,3016,0.20187
528,3208,0.268
528,3283,0.29859
528,3303,0.20144
528,3395,0.33007
528,3454,0.23786
528,3474,0.23135
528,3574,0.23326
528,3616,0.22375
528,3798,0.28066
528,3948,0.31614
528,4011,0.20303
528,4130,0.32652
528,4150,0.36555
528,4172,0.24322
528,4479,0.23995
528,4558,0.20827
528,4602,0.22887
528,4641,0.4408
528,5007,0.26352
528,5047,0.42184
528,5064,0.22678
528,5071,0.35127
528,5192,0.20752
528,5239,0.51854
528,5304,0.21313
528,5318,0.22933
528,5333,0.21799
528,5345,0.21286
528,5428,0.32617
528,5457,0.30716
528,5484,0.22974
528,5486,0.36122
528,5616,0.21496
528,5637,0.48626
528,5772,0.26582
528,6002,0.20307
529,648,0.22252
529,708,0.2053
529,1503,0.25173
529,1614,0.21729
529,1712,0.23584
529,1797,0.33828
529,1912,0.36164
529,2282,0.31949
529,2476,0.2434
529,3042,0.27751
529,3323,0.26943
529,4132,0.20881
529,4298,0.23833
529,4605,0.2642
529,4882,0.28783
529,5195,0.20062
529,5475,0.23617
529,6071,0.21042
530,857,0.2354
530,1768,0.21528
530,1904,0.23981
530,1994,0.23821
530,2201,0.27665
530,2569,0.20131
530,2795,0.28783
530,2828,0.21879
530,2869,0.33828
530,2944,0.37258
530,4021,0.28514
530,4142,0.38776
530,4365,0.20201
530,4791,0.25518
530,5374,0.29452
530,5666,0.25557
532,1351,0.23126
532,3031,0.22463
532,4728,0.21109
532,5562,0.23455
533,896,0.27093
533,1668,0.28146
533,2124,0.24517
533,2126,0.20933
533,2129,0.25387
533,2933,0.2051
533,4196,0.24418
533,5210,0.26718
533,5861,0.22634
533,5977,0.30906
533,6223,0.21441
535,580,0.30158
535,633,0.43529
535,891,0.43803
535,966,0.22362
535,1058,0.22292
535,1147,0.36724
535,1396,0.4003
535,1530,0.34542
535,1611,0.28821
535,1623,0.27249
535,1634,0.23712
535,1813,0.2496
535,1918,0.37282
535,1977,0.20524
535,2062,0.42824
535,2269,0.38948
535,2286,0.36403
535,2552,0.3699
535,2578,0.39202
535,2717,0.36561
535,2796,0.24274
535,2857,0.41056
535,2953,0.32763
535,3171,0.32158
535,3674,0.57973
535,3805,0.205
535,4313,0.22659
535,4409,0.39495
535,4614,0.31339
535,4686,0.43001
535,4716,0.35728
535,4858,0.34855
535,4876,0.37321
535,4921,0.2822
535,4929,0.25609
535,5072,0.3868
535,5270,0.20582
535,5323,0.21035
535,5471,0.30505
535,5484,0.23492
535,5821,0.25211
535,5998,0.31257
535,6010,0.20127
536,896,0.30926
536,2931,0.24881
536,5124,0.23499
536,5502,0.20598
536,5977,0.20872
536,6223,0.2126
537,1516,0.20116
537,2080,0.22511
537,2576,0.36122
537,2741,0.2822
537,5933,0.38776
538,613,0.24687
538,776,0.28358
538,784,0.27619
538,1048,0.21043
538,1691,0.20055
538,2254,0.26046
538,2939,0.21665
538,2940,0.35158
538,3073,0.27593
538,3257,0.22107
538,3753,0.2187
538,4325,0.2595
538,4342,0.31949
538,4405,0.35883
538,4570,0.20542
538,4700,0.2646
538,4758,0.21959
538,4875,0.20802
538,4972,0.20584
538,5088,0.23413
538,5140,0.44208
538,5419,0.43829
538,5477,0.21965
538,5938,0.28514
538,6136,0.28514
541,647,0.22399
541,664,0.25784
541,1004,0.2646
541,1095,0.43286
541,2439,0.26213
541,2580,0.2084
541,2693,0.20584
541,2931,0.21062
541,3008,0.54069
541,3190,0.22399
541,5357,0.60237
541,5775,0.36122
541,5889,0.20994
541,5902,0.21166
541,6186,0.20201
542,2275,0.20096
542,2855,0.21916
542,4123,0.2342
542,4503,0.23166
542,5640,0.21522
542,5644,0.30734
543,1996,0.20271
543,2580,0.24613
543,3209,0.21107
543,4329,0.22955
543,4466,0.32106
543,4571,0.24242
543,5902,0.34012
543,5903,0.20492
544,1101,0.36483
544,1305,0.37125
544,2102,0.21206
544,2200,0.30239
544,2386,0.20621
544,2657,0.27528
544,2838,0.25188
544,3053,0.4148
544,3209,0.21268
544,3533,0.29869
544,4131,0.2084
544,4295,0.20201
544,4413,0.44944
544,4557,0.52721
544,4637,0.30346
544,4878,0.32244
544,5369,0.21161
544,5639,0.20921
544,5720,0.42634
544,5903,0.29874
544,6008,0.40005
544,6149,0.36164
545,1231,0.39094
545,2020,0.215
545,2172,0.20682
545,2813,0.55848
545,3706,0.24245
545,4890,0.35697
545,5372,0.21336
545,5626,0.69419
545,5959,0.631
545,6010,0.63302
545,6025,0.5065
546,2602,0.21181
546,2855,0.22504
546,4123,0.25603
546,4503,0.23042
546,5016,0.2487
546,5548,0.21317
546,5640,0.25638
546,5644,0.2786
546,5691,0.20376
547,682,0.23839
547,1751,0.22589
548,800,0.38386
548,863,0.24796
548,876,0.25259
548,922,0.2861
548,997,0.24243
548,1310,0.21002
548,1400,0.40468
548,1684,0.23259
548,2097,0.27266
548,2265,0.20183
548,2368,0.28668
548,2387,0.39582
548,2461,0.23602
548,2543,0.34166
548,2575,0.30351
548,2713,0.22415
548,3146,0.22725
548,3610,0.29776
548,3926,0.23826
548,4215,0.29689
548,4294,0.25711
548,4361,0.31862
548,4373,0.36101
548,4528,0.34229
548,4562,0.20709
548,5165,0.23944
548,5206,0.24841
548,5378,0.21879
548,5955,0.25482
548,6191,0.21414
549,623,0.29243
549,637,0.20157
549,800,0.44041
549,819,0.22029
549,837,0.3815
549,922,0.24507
549,926,0.2179
549,1028,0.21529
549,1059,0.2326
549,1150,0.21212
549,1310,0.36671
549,1350,0.30409
549,1400,0.25762
549,1560,0.65608
549,1564,0.22412
549,1684,0.26619
549,1716,0.29034
549,1719,0.21495
549,1723,0.21299
549,1905,0.21377
549,2010,0.26399
549,2265,0.29746
549,2319,0.27791
549,2387,0.22039
549,2444,0.20403
549,2453,0.70935
549,2488,0.30539
549,2573,0.26073
549,2575,0.34822
549,2629,0.36433
549,2677,0.23382
549,2759,0.22722
549,2790,0.25824
549,2906,0.29054
549,2993,0.22576
549,3146,0.26607
549,3245,0.29938
549,3252,0.30123
549,3472,0.25413
549,3540,0.22644
549,3643,0.28849
549,3710,0.56059
549,3821,0.36884
549,3848,0.26542
549,3854,0.22198
549,3926,0.22268
549,4022,0.36354
549,4083,0.23827
549,4215,0.20984
549,4226,0.26669
549,4352,0.33988
549,4528,0.23382
549,4609,0.32213
549,4722,0.23441
549,4842,0.31111
549,4907,0.32361
549,4971,0.47616
549,5090,0.33612
549,5206,0.27188
549,5367,0.22462
549,5642,0.20387
549,5930,0.2931
549,6092,0.73697
550,1732,0.26052
550,1769,0.20474
550,1968,0.33114
550,1972,0.29562
550,2094,0.24549
550,2611,0.3369
550,2670,0.24103
550,2771,0.50276
550,2909,0.23126
550,3033,0.38776
550,3515,0.53505
550,3620,0.28191
550,4356,0.38368
550,4780,0.34204
550,4818,0.45069
550,5450,0.54955
550,5593,0.23868
550,6057,0.24223
550,6123,0.35209
550,6137,0.30297
551,1623,0.21346
551,3605,0.21694
551,3836,0.21431
551,5261,0.41497
551,5821,0.24957
551,5998,0.20609
552,708,0.22187
552,1239,0.25137
552,1614,0.21025
552,1793,0.21619
552,2520,0.2028
552,3761,0.23546
552,3825,0.21142
552,3984,0.24444
553,637,0.4107
553,1112,0.71214
553,1204,0.57649
553,1683,0.53473
553,2054,0.28941
553,2192,0.54196
553,2234,0.65211
553,2790,0.21816
553,3472,0.2374
553,3872,0.64051
553,4251,0.6149
553,4725,0.20263
553,4777,0.69086
553,4876,0.35187
553,6094,0.20919
554,4071,0.20464
554,4402,0.21219
555,2676,0.25193
556,2257,0.20487
557,4692,0.27915
560,5613,0.20269
560,5866,0.23287
562,1101,0.35158
562,1305,0.20601
562,1849,0.32018
562,2657,0.21419
562,2838,0.25252
562,3053,0.35262
562,3755,0.21936
562,4131,0.23134
562,4413,0.28538
562,4688,0.21622
562,4804,0.23524
562,4878,0.23121
562,5720,0.30239
562,6149,0.23927
563,5785,0.24548
564,627,0.25301
564,834,0.27477
564,883,0.26385
564,1188,0.2601
564,1958,0.22296
564,2035,0.28534
564,2122,0.27461
564,2150,0.21424
564,2359,0.22727
564,2464,0.20475
564,2516,0.30172
564,2656,0.26987
564,2880,0.22323
564,3122,0.23293
564,3370,0.24336
564,3393,0.29043
564,3408,0.28068
564,3836,0.2246
564,4125,0.28991
564,4326,0.27459
564,4524,0.29883
564,4538,0.21363
564,4656,0.23771
564,4960,0.20386
564,5046,0.20531
564,5104,0.29685
564,5187,0.22698
564,5489,0.30113
564,5577,0.28749
564,5788,0.22375
564,5823,0.25133
564,6158,0.25671
564,6181,0.24048
565,3485,0.23754
565,5058,0.22305
565,5445,0.25654
566,620,0.24034
566,830,0.20072
566,1207,0.33304
566,1446,0.22725
566,2201,0.28527
566,2816,0.22725
566,3134,0.29273
566,3320,0.22118
566,3337,0.26866
566,3891,0.20976
566,4133,0.44446
566,4536,0.21474
566,4571,0.26701
566,5108,0.23497
566,5275,0.40453
566,5383,0.20597
566,5641,0.41507
566,6003,0.38754
566,6091,0.29008
568,642,0.26596
568,1970,0.22345
568,5856,0.21742
569,694,0.36438
569,722,0.29764
569,846,0.32807
569,1647,0.3448
569,2147,0.27531
569,2288,0.33578
569,2369,0.23532
569,2632,0.28528
569,2662,0.24943
569,2664,0.2692
569,2902,0.25118
569,2918,0.41767
569,3155,0.31292
569,3177,0.31266
569,3178,0.39028
569,3223,0.36667
569,3420,0.21498
569,3470,0.28889
569,3565,0.21263
569,3701,0.32294
569,3839,0.39189
569,3909,0.32968
569,3955,0.23142
569,4009,0.20401
569,4208,0.3785
569,4271,0.24249
569,4393,0.26061
569,4453,0.2778
569,4568,0.36453
569,4631,0.39072
569,4642,0.31345
569,4685,0.3296
569,4698,0.28431
569,4706,0.22261
569,4845,0.38979
569,4969,0.33768
569,5009,0.28639
569,5154,0.27668
569,5160,0.32088
569,5241,0.30266
569,5576,0.25418
569,5710,0.34012
569,5884,0.38533
569,5924,0.2339
569,5944,0.44531
569,6202,0.32562
570,4982,0.22769
571,1849,0.20748
571,3591,0.26213
571,3675,0.21128
571,4941,0.25211
571,6079,0.20994
571,6120,0.21832
572,671,0.30926
572,1520,0.20549
572,1625,0.22403
572,1788,0.2009
572,1940,0.401
572,2314,0.22944
572,3278,0.23773
572,3535,0.21914
572,4286,0.20924
572,5065,0.20832
572,5722,0.28593
572,5752,0.22366
572,5790,0.21979
573,1934,0.21475
573,2709,0.21528
573,4003,0.2998
573,4242,0.29686
573,4498,0.2595
573,4893,0.29452
573,4901,0.28584
573,5820,0.28658
574,4178,0.20219
576,2942,0.21093
576,3591,0.21028
576,4941,0.25451
576,5917,0.21879
577,3863,0.20616
578,3180,0.27821
579,748,0.2364
579,1590,0.255
579,2645,0.25557
579,3380,0.2444
579,3863,0.25975
579,4075,0.42824
579,4634,0.26118
579,4994,0.20139
579,5228,0.2289
579,5259,0.22167
579,5351,0.22725
579,5699,0.24725
579,5869,0.22738
579,6227,0.36808
580,633,0.30723
580,891,0.25616
580,966,0.23699
580,1147,0.42354
580,1396,0.3539
580,1472,0.27028
580,1530,0.35961
580,1611,0.31403
580,1634,0.22106
580,1844,0.2098
580,1918,0.42317
580,1977,0.25113
580,2062,0.67211
580,2167,0.3786
580,2305,0.21656
580,2552,0.2066
580,2578,0.34869
580,2717,0.38142
580,2796,0.23501
580,2857,0.37827
580,2873,0.32064
580,2953,0.34542
580,2954,0.23427
580,3030,0.2614
580,3674,0.29912
580,3805,0.36394
580,4097,0.21624
580,4479,0.33151
580,4686,0.39742
580,4858,0.4233
580,4921,0.44446
580,4929,0.42948
580,4973,0.2249
580,5072,0.33723
580,5086,0.24309
580,5192,0.21308
580,5415,0.23051
580,5623,0.24796
580,6072,0.27834
581,2713,0.21184
581,3428,0.20256
581,5669,0.20911
582,800,0.37
582,860,0.37121
582,1215,0.30775
582,1270,0.2384
582,1684,0.34334
582,2265,0.2877
582,2300,0.21243
582,2506,0.20689
582,2575,0.33509
582,2797,0.27601
582,2833,0.29508
582,3170,0.31886
582,3610,0.39988
582,3639,0.4408
582,3926,0.26237
582,4227,0.21853
582,4363,0.21621
582,4395,0.36887
582,4562,0.42541
582,4743,0.29956
582,4848,0.42588
582,4888,0.31017
582,4912,0.29002
582,4955,0.21011
582,5018,0.26384
582,5025,0.37014
582,5036,0.33326
582,5206,0.29975
582,5378,0.2949
582,5826,0.24121
582,5908,0.2158
582,5955,0.20161
583,1944,0.2029
583,2338,0.20138
583,2448,0.24278
583,5039,0.20504
583,5355,0.20076
585,3968,0.34795
586,5177,0.20229
586,5187,0.2024
586,6181,0.22138
587,4584,0.33403
588,639,0.26213
588,2652,0.27066
588,4116,0.20085
589,638,0.20078
589,1161,0.38776
589,3077,0.29019
589,3541,0.23185
589,4256,0.29747
589,4731,0.21801
589,5059,0.23889
589,5252,0.21936
589,5947,0.24846
589,6027,0.32083
589,6101,0.22955
591,669,0.25175
591,934,0.26397
591,977,0.23679
591,1172,0.20726
591,5231,0.20788
591,6160,0.23456
592,1588,0.20332
592,2711,0.36011
592,5316,0.20143
592,5520,0.26608
593,5019,0.20881
593,5308,0.35326
594,1436,0.239
594,3888,0.23026
594,5409,0.22199
594,5633,0.22346
594,5975,0.26581
595,2102,0.2386
595,2145,0.28738
595,2184,0.28538
595,2207,0.21213
595,2386,0.3876
595,2514,0.30107
595,2666,0.21748
595,2841,0.36256
595,3131,0.24394
595,3387,0.21213
595,3534,0.2822
595,4279,0.23993
595,5093,0.2028
597,1479,0.22725
597,2978,0.45012
597,5750,0.28783
598,1111,0.22384
599,607,0.22602
599,1249,0.48011
599,1516,0.27006
599,1899,0.22119
599,1974,0.22963
599,1996,0.21289
599,2297,0.30617
599,2618,0.20087
599,3008,0.22725
599,3091,0.26123
599,3475,0.23916
599,4582,0.22967
599,4728,0.20049
599,5425,0.33578
599,5595,0.3044
599,5647,0.2389
599,5898,0.36256
599,6101,0.20584
599,6220,0.26013
600,725,0.2118
600,1142,0.2084
600,2066,0.23218
600,2327,0.44944
600,2337,0.35262
600,2564,0.22108
600,2820,0.2412
600,2940,0.23415
600,3502,0.23726
600,3590,0.22056
600,3844,0.23777
600,4114,0.31497
600,4284,0.22262
600,4593,0.35219
600,4903,0.29829
600,5057,0.2595
600,5518,0.24542
600,5665,0.2036
600,6051,0.2998
600,6227,0.2646
601,1087,0.20828
601,1101,0.24941
601,1138,0.20357
601,1609,0.26019
601,2133,0.21145
601,2337,0.20584
601,3053,0.23577
601,3364,0.20372
601,3519,0.22725
601,3528,0.30455
601,4268,0.34761
601,4591,0.34605
601,5486,0.20249
602,2115,0.25198
602,4133,0.35219
602,5275,0.21276
602,5985,0.22809
602,6227,0.26823
603,635,0.23376
603,1026,0.34325
603,1117,0.21052
603,1599,0.39831
603,3439,0.22149
603,4011,0.23286
603,4178,0.31957
603,4358,0.26579
603,4598,0.23237
603,4984,0.30849
604,709,0.24606
604,1274,0.21056
604,1303,0.20853
604,1536,0.25994
604,1729,0.21742
604,1783,0.25066
604,2117,0.2403
604,2665,0.27974
604,2991,0.21969
604,3480,0.2038
604,3525,0.22895
604,3953,0.20547
604,4029,0.21387
604,4450,0.20334
604,4659,0.23198
604,5077,0.22522
604,5211,0.20959
604,5559,0.25289
604,5903,0.25559
604,5998,0.21882
605,4630,0.41545
605,4966,0.3876
605,4979,0.26732
606,2183,0.21503
606,2351,0.24532
607,1249,0.20584
607,1271,0.2237
607,1531,0.32373
607,1899,0.24627
607,1996,0.24538
607,2275,0.21579
607,2362,0.21422
607,2563,0.2382
607,2580,0.2107
607,2595,0.22413
607,2602,0.22078
607,2731,0.27383
607,2763,0.24048
607,3623,0.24749
607,3855,0.23401
607,3859,0.22341
607,4224,0.21777
607,4348,0.23839
607,4503,0.20894
607,4542,0.22456
607,4639,0.29441
607,5425,0.21471
607,5551,0.23719
607,5640,0.22091
607,5644,0.20953
607,5872,0.30212
607,6119,0.22775
608,2678,0.28807
609,2093,0.5519
609,4918,0.26065
610,1724,0.20994
610,3444,0.21213
610,4004,0.28983
611,2747,0.22397
611,2961,0.20357
611,3299,0.30239
611,3637,0.20094
611,4077,0.24458
611,4738,0.22725
611,5364,0.20267
611,5442,0.20172
611,5453,0.223
612,2126,0.25677
612,5644,0.24281
612,6093,0.24317
612,6141,0.26603
613,990,0.28248
613,3257,0.25612
613,3588,0.23927
613,4325,0.22093
613,4700,0.22293
613,5419,0.34605
613,5726,0.20439
613,5759,0.22714
613,5938,0.22511
614,2381,0.21049
614,2460,0.25145
614,3008,0.28296
614,5355,0.24269
614,5425,0.20584
615,896,0.22038
615,976,0.22151
615,3675,0.21053
615,4844,0.23086
615,5502,0.20175
615,5790,0.2024
616,1361,0.23186
616,1516,0.27511
616,3091,0.33913
616,4582,0.20104
616,5250,0.24719
616,5670,0.27213
616,6220,0.28123
617,1344,0.22729
617,1609,0.30617
617,3413,0.28254
617,3783,0.2306
617,4090,0.24445
617,4554,0.22883
617,4591,0.32221
617,5051,0.2033
617,5058,0.28783
617,5392,0.2503
617,5447,0.26011
617,6108,0.26098
618,2155,0.30933
618,2256,0.24904
618,5375,0.22831
619,1881,0.29452
619,4378,0.2453
619,4383,0.21193
619,5287,0.24156
619,5666,0.23981
619,5965,0.22955
619,5991,0.27428
619,6058,0.23026
620,932,0.23417
620,1207,0.3225
620,1872,0.26077
620,1996,0.23217
620,2370,0.22205
620,3134,0.37078
620,3337,0.35132
620,3631,0.2138
620,4133,0.44446
620,4638,0.21789
620,4894,0.20052
620,5059,0.36256
620,5252,0.44446
620,5275,0.42685
620,5641,0.25902
620,6003,0.31873
620,6077,0.22703
620,6091,0.20304
621,888,0.22026
621,1940,0.21148
621,3135,0.27272
621,3278,0.3242
621,4544,0.37115
621,4580,0.26887
621,4825,0.30832
621,5915,0.22768
622,765,0.23539
622,873,0.29046
622,901,0.23429
622,958,0.2897
622,1333,0.20473
622,1811,0.23681
622,1839,0.24026
622,1856,0.21844
622,1905,0.21448
622,2107,0.21554
622,2500,0.24242
622,2570,0.20822
622,2975,0.20939
622,2993,0.24177
622,3142,0.20065
622,3265,0.22736
622,3643,0.23978
622,4013,0.20291
622,4110,0.20293
622,4226,0.21022
622,4999,0.25317
622,5555,0.22365
622,5742,0.3107
622,5889,0.25186
622,5920,0.27999
622,6059,0.21304
622,6145,0.21022
622,6221,0.21891
623,1310,0.47136
623,1395,0.2598
623,1560,0.32404
623,1564,0.22572
623,1569,0.20194
623,1580,0.20633
623,1723,0.29315
623,2010,0.43388
623,2453,0.28156
623,2488,0.20814
623,2806,0.24309
623,2816,0.24203
623,3540,0.36186
623,3710,0.26019
623,3848,0.2239
623,4186,0.23885
623,4219,0.37198
623,4529,0.23628
623,4673,0.22916
623,4920,0.20294
623,4971,0.30619
623,5039,0.24777
623,5061,0.20189
623,5165,0.23849
623,5299,0.26925
623,5508,0.20224
623,5642,0.35978
623,5967,0.24728
623,6064,0.21614
623,6092,0.25049
624,1263,0.24823
625,3026,0.20418
625,3309,0.30525
625,4550,0.2013
625,5681,0.20911
626,2504,0.21879
626,3024,0.40709
626,4739,0.20823
626,5494,0.23651
626,6072,0.25331
626,6166,0.20034
627,883,0.26023
627,1188,0.20534
627,1519,0.22037
627,1770,0.25638
627,2516,0.39069
627,2656,0.25054
627,3122,0.26832
627,3370,0.25617
627,3393,0.21202
627,3408,0.22442
627,4119,0.20263
627,4125,0.29291
627,4382,0.2396
627,4524,0.30553
627,4656,0.27444
627,4837,0.24872
627,4960,0.23548
627,5051,0.2168
627,5187,0.22157
627,5395,0.22861
627,5577,0.26703
627,5806,0.24932
627,6158,0.2163
628,1881,0.21471
628,3444,0.2822
628,3672,0.22161
628,3918,0.21933
628,4806,0.48011
628,5212,0.23981
628,5829,0.22955
628,6065,0.40709
630,723,0.25881
630,1300,0.20924
632,962,0.28713
632,1179,0.20249
632,1443,0.21779
632,1573,0.26858
632,2412,0.2038
632,2425,0.24604
632,2454,0.23927
632,2749,0.21397
632,2951,0.20203
632,3619,0.29637
632,3794,0.21725
632,3848,0.22374
632,3950,0.21352
632,4098,0.39017
632,4189,0.26128
632,4455,0.31594
632,5217,0.32221
632,5326,0.20236
632,5437,0.22935
632,5825,0.21416
632,6135,0.35326
632,6224,0.28756
633,646,0.21948
633,884,0.25928
633,891,0.37858
633,1017,0.247
633,1054,0.28783
633,1117,0.22476
633,1147,0.34395
633,1388,0.22445
633,1396,0.38349
633,1496,0.20282
633,1530,0.36599
633,1611,0.32845
633,1634,0.34697
633,1765,0.23148
633,1831,0.27016
633,1852,0.31598
633,1918,0.44807
633,1977,0.34491
633,2020,0.35326
633,2039,0.34037
633,2062,0.38091
633,2167,0.36052
633,2172,0.2144
633,2225,0.20288
633,2269,0.2588
633,2286,0.34251
633,2328,0.21612
633,2552,0.38294
633,2578,0.38223
633,2717,0.35458
633,2796,0.34341
633,2846,0.21669
633,2857,0.32572
633,2873,0.38197
633,2953,0.43509
633,2954,0.35184
633,2984,0.21075
633,3068,0.28296
633,3171,0.29334
633,3312,0.21758
633,3601,0.32059
633,3616,0.34328
633,3674,0.4004
633,3805,0.24957
633,3888,0.23448
633,4011,0.2938
633,4112,0.21681
633,4121,0.22955
633,4313,0.23691
633,4409,0.3063
633,4518,0.24129
633,4545,0.21253
633,4586,0.21066
633,4624,0.2676
633,4667,0.25601
633,4686,0.48205
633,4716,0.33136
633,4774,0.23566
633,4858,0.49318
633,4876,0.26938
633,4984,0.24737
633,4991,0.2018
633,5072,0.42504
633,5119,0.26982
633,5415,0.32132
633,5471,0.25354
633,5737,0.20881
633,5763,0.24755
633,5878,0.25423
634,712,0.21062
634,1035,0.23459
634,1187,0.23466
634,1724,0.31352
634,1761,0.59645
634,2102,0.22725
634,2666,0.29672
634,2890,0.20748
634,3418,0.21879
634,4780,0.21475
634,5402,0.2084
634,5460,0.23466
635,666,0.37494
635,687,0.21818
635,884,0.20477
635,1026,0.25404
635,1117,0.35123
635,1369,0.20942
635,1380,0.22858
635,1456,0.29674
635,1482,0.25211
635,1492,0.21606
635,1496,0.25284
635,1514,0.20826
635,1599,0.24135
635,1635,0.20618
635,2039,0.21859
635,2225,0.40602
635,2328,0.27911
635,2647,0.25508
635,3439,0.45809
635,3711,0.267
635,4011,0.35873
635,4257,0.22059
635,4285,0.36194
635,4560,0.21465
635,4586,0.21623
635,4598,0.34128
635,4602,0.24539
635,4683,0.27187
635,4984,0.35776
635,5318,0.26349
635,5333,0.22679
635,5345,0.23194
635,5763,0.22175
635,5878,0.2064
635,5909,0.21043
635,6143,0.2177
637,837,0.21205
637,875,0.20221
637,1112,0.38881
637,1150,0.23625
637,1204,0.32879
637,1241,0.21448
637,1341,0.24789
637,1683,0.33529
637,2054,0.23343
637,2192,0.37164
637,2234,0.4194
637,2319,0.24589
637,2641,0.2749
637,3472,0.23199
637,3872,0.32515
637,4251,0.40963
637,4607,0.25229
637,4777,0.43862
637,4842,0.22651
637,5367,0.22471
637,6031,0.21002
638,1413,0.21709
638,2135,0.22471
638,2439,0.27578
638,3077,0.28163
638,3541,0.27885
638,4240,0.29559
638,4256,0.28362
638,4731,0.23404
638,5059,0.26827
638,5252,0.25089
638,5344,0.21924
638,5947,0.23278
638,6027,0.30176
639,5065,0.20836
640,649,0.33828
640,1527,0.23669
640,2037,0.22399
640,2978,0.48011
640,3510,0.21093
640,3564,0.23856
640,3583,0.22725
640,3672,0.21093
640,4800,0.25518
640,4879,0.21093
640,5127,0.22725
640,5449,0.30617
640,5750,0.35158
640,5834,0.26878
640,6079,0.43829
641,1167,0.2441
641,1789,0.2001
641,3105,0.21317
641,6053,0.2077
644,1762,0.20701
644,4384,0.21011
644,5881,0.24928
645,648,0.49443
645,708,0.33531
645,843,0.25014
645,954,0.20778
645,1247,0.30326
645,1503,0.21372
645,1712,0.31328
645,1767,0.22132
645,1793,0.37686
645,2454,0.24941
645,3042,0.31353
645,3184,0.22725
645,3323,0.28526
645,3566,0.31459
645,3975,0.21209
645,4129,0.20249
645,4455,0.28983
645,4605,0.43154
645,4869,0.3125
645,5153,0.34793
645,5195,0.26288
645,5326,0.23927
645,5475,0.20583
645,6070,0.21407
645,6126,0.23577
646,666,0.24181
646,691,0.31001
646,714,0.32193
646,766,0.26226
646,865,0.20735
646,884,0.56361
646,944,0.37924
646,968,0.29209
646,981,0.42128
646,1036,0.26756
646,1093,0.35643
646,1096,0.4102
646,1098,0.39034
646,1211,0.23198
646,1223,0.45422
646,1238,0.2156
646,1273,0.41272
646,1277,0.31654
646,1369,0.41528
646,1380,0.3001
646,1496,0.40036
646,1514,0.47372
646,1608,0.20501
646,1635,0.24164
646,1679,0.39195
646,1933,0.29048
646,1989,0.23868
646,1999,0.23039
646,2009,0.2825
646,2020,0.28123
646,2032,0.25299
646,2167,0.2532
646,2172,0.55357
646,2252,0.37652
646,2272,0.39639
646,2301,0.31982
646,2305,0.24368
646,2328,0.47407
646,2353,0.413
646,2401,0.28211
646,2481,0.40156
646,2507,0.29729
646,2559,0.28074
646,2581,0.25549
646,2647,0.44503
646,2846,0.24602
646,2959,0.22292
646,3016,0.25876
646,3089,0.39528
646,3093,0.22399
646,3269,0.2612
646,3346,0.26433
646,3395,0.24953
646,3439,0.22357
646,3454,0.36793
646,3507,0.2881
646,3612,0.22577
646,3616,0.21574
646,3673,0.20476
646,3933,0.42338
646,3993,0.26167
646,4011,0.23133
646,4081,0.21398
646,4257,0.23577
646,4285,0.3425
646,4340,0.30143
646,4343,0.22923
646,4349,0.27869
646,4380,0.25882
646,4394,0.31302
646,4423,0.42094
646,4443,0.34383
646,4547,0.38415
646,4560,0.24895
646,4586,0.37281
646,4602,0.23887
646,4807,0.35906
646,4911,0.23927
646,4944,0.31267
646,4984,0.24856
646,5040,0.29803
646,5190,0.30859
646,5192,0.26359
646,5215,0.39065
646,5292,0.2324
646,5304,0.23526
646,5318,0.30532
646,5321,0.41459
646,5333,0.4221
646,5345,0.30702
646,5493,0.25838
646,5530,0.20721
646,5763,0.39723
646,5878,0.30479
646,5909,0.28484
646,6002,0.40216
646,6078,0.29893
646,6111,0.36341
646,6143,0.42151
646,6193,0.22535
647,2580,0.23577
647,2606,0.21213
647,3008,0.23466
648,708,0.29443
648,726,0.21223
648,843,0.43142
648,1179,0.36164
648,1247,0.26864
648,1403,0.43286
648,1503,0.32652
648,1712,0.48684
648,1767,0.28444
648,1793,0.38028
648,1866,0.24704
648,1912,0.27407
648,2375,0.30318
648,2454,0.30239
648,2966,0.25168
648,2980,0.30904
648,3042,0.37605
648,3184,0.4148
648,3235,0.23415
648,3323,0.43666
648,3503,0.3005
648,3566,0.28476
648,3642,0.2193
648,3704,0.22821
648,3900,0.23825
648,3975,0.35194
648,4129,0.28783
648,4132,0.43286
648,4243,0.24957
648,4298,0.22377
648,4329,0.2354
648,4396,0.24634
648,4411,0.24979
648,4455,0.42151
648,4605,0.46932
648,4677,0.23388
648,4869,0.48522
648,5153,0.35708
648,5195,0.40448
648,5294,0.25409
648,5326,0.45012
648,5475,0.32945
648,5966,0.23466
648,6071,0.22455
648,6088,0.2173
648,6126,0.28296
648,6135,0.35158
649,986,0.23466
649,1778,0.22261
649,2015,0.20296
649,2242,0.20296
649,2841,0.27619
649,3152,0.26133
649,3217,0.23475
649,3999,0.22025
649,4318,0.35058
649,4620,0.27407
649,5133,0.2107
650,1091,0.20265
650,1300,0.22647
650,1681,0.20287
650,2304,0.23782
650,3591,0.23507
650,4430,0.27428
650,4440,0.21106
650,5344,0.22574
650,5633,0.27055
650,5761,0.28206
650,5961,0.22822
652,1647,0.21032
652,1747,0.31533
652,1863,0.20075
652,2114,0.21918
652,2365,0.20622
652,2625,0.28617
652,3470,0.25133
652,3701,0.23992
652,3955,0.25309
652,4220,0.25767
652,4303,0.22066
652,4631,0.23977
652,5143,0.26363
652,5710,0.33038
653,1128,0.22932
653,3500,0.22314
653,6166,0.25046
654,1666,0.21442
654,1917,0.24411
654,2383,0.23075
654,3463,0.22234
654,3964,0.21479
654,4379,0.20988
654,5219,0.24166
654,5419,0.26019
654,5812,0.26497
655,3444,0.20748
655,3875,0.20384
655,4075,0.25557
655,5699,0.22691
656,3209,0.23278
656,5211,0.20086
656,5905,0.22484
657,2572,0.21274
659,1094,0.21467
659,1138,0.22564
659,1805,0.21271
659,2308,0.21365
659,3664,0.30959
659,3798,0.20905
659,3900,0.36743
659,4680,0.27372
660,905,0.20972
660,1165,0.27503
660,1297,0.27501
660,1672,0.2556
660,1811,0.24036
660,2520,0.23126
660,2536,0.24052
660,2663,0.23033
660,3336,0.22589
660,3998,0.27031
660,4217,0.25464
660,5004,0.20151
660,5343,0.22034
660,5377,0.3001
660,5433,0.23284
660,5489,0.21698
660,5742,0.28718
660,5888,0.28446
660,6088,0.24813
661,2106,0.22145
661,5996,0.28473
662,4785,0.20009
663,3052,0.2178
663,4509,0.21537
663,4671,0.21227
664,1232,0.26019
664,1479,0.45012
664,1807,0.45113
664,2576,0.27619
664,2741,0.28248
664,3150,0.22832
664,4004,0.20994
664,4476,0.20158
664,4738,0.22796
664,5357,0.28538
664,5523,0.59084
664,5933,0.29452
665,1881,0.23675
665,2580,0.27882
665,2914,0.27619
665,5902,0.35158
665,6000,0.21879
666,687,0.27788
666,691,0.22369
666,884,0.28084
666,944,0.20696
666,981,0.23428
666,1026,0.25204
666,1052,0.22719
666,1093,0.23599
666,1117,0.57472
666,1216,0.20756
666,1223,0.21217
666,1369,0.21381
666,1380,0.25918
666,1456,0.33767
666,1492,0.25506
666,1496,0.32467
666,1514,0.22472
666,1599,0.30624
666,1635,0.23152
666,1812,0.22518
666,2172,0.2386
666,2225,0.28296
666,2305,0.20397
666,2328,0.31845
666,2401,0.2022
666,2481,0.27809
666,2581,0.20622
666,2647,0.27986
666,2873,0.20798
666,2959,0.25546
666,3312,0.26569
666,3439,0.37833
666,3454,0.24941
666,3711,0.39466
666,3826,0.30941
666,3847,0.20584
666,3956,0.31279
666,4011,0.5764
666,4257,0.21475
666,4285,0.27619
666,4380,0.22292
666,4423,0.22335
666,4443,0.23774
666,4560,0.25324
666,4598,0.36884
666,4683,0.59689
666,4807,0.25435
666,4984,0.58446
666,5040,0.232
666,5119,0.26993
666,5215,0.26653
666,5292,0.2066
666,5318,0.29879
666,5333,0.28542
666,5345,0.26824
666,5448,0.29566
666,5541,0.20777
666,5763,0.21055
666,5878,0.24298
666,5909,0.32026
666,6002,0.20614
666,6078,0.20681
666,6143,0.20158
667,839,0.21352
667,3449,0.27387
667,6098,0.23365
668,1260,0.25138
669,934,0.49793
669,977,0.40077
669,1172,0.4508
669,4098,0.22951
669,5096,0.21193
669,5231,0.21675
669,5437,0.68877
669,5737,0.20201
669,5825,0.38776
669,5925,0.23675
669,6160,0.38363
670,1346,0.22388
670,1348,0.21195
670,1701,0.22973
670,1929,0.20971
670,1937,0.27548
670,2283,0.26308
670,2431,0.33266
670,3001,0.40806
670,3066,0.28588
670,3605,0.36457
670,3636,0.31544
670,3638,0.43622
670,4020,0.21831
670,4202,0.25006
670,4445,0.21056
670,4915,0.22688
670,4928,0.20289
670,5201,0.22502
670,5358,0.37058
670,5411,0.22363
670,5734,0.43531
670,5915,0.45221
670,6082,0.28785
670,6136,0.35484
671,1205,0.24613
671,1841,0.22399
671,1940,0.24238
671,2101,0.24957
671,2242,0.25557
671,2314,0.3497
671,2540,0.26823
671,2652,0.28983
671,3535,0.20742
671,3808,0.20731
671,4092,0.45113
671,4376,0.31865
671,4378,0.22062
671,4684,0.30666
671,4728,0.22387
671,5027,0.23709
671,5666,0.35219
671,5965,0.20881
671,6058,0.29829
672,1049,0.25511
672,1120,0.41633
672,1285,0.50468
672,1549,0.48521
672,1569,0.25951
672,1578,0.4298
672,1639,0.41997
672,1641,0.38314
672,1728,0.3807
672,1982,0.31485
672,2037,0.2517
672,2138,0.48848
672,2241,0.28783
672,2352,0.41298
672,2393,0.43751
672,2608,0.47343
672,3147,0.3553
672,3302,0.46096
672,3357,0.35931
672,3435,0.42903
672,3715,0.48011
672,3795,0.45425
672,3803,0.22786
672,3835,0.53208
672,3928,0.4989
672,3931,0.32698
672,3941,0.47513
672,3946,0.36418
672,4017,0.51946
672,4233,0.50576
672,4238,0.22648
672,4282,0.45793
672,4419,0.52804
672,4596,0.24318
672,4815,0.2205
672,4826,0.2189
672,4870,0.39745
672,4943,0.51822
672,5172,0.54329
672,5231,0.26937
672,5325,0.3994
672,5496,0.49019
672,5508,0.44511
672,5811,0.50485
673,1095,0.2434
673,1188,0.23134
673,1290,0.25451
673,1750,0.2878
673,1752,0.35158
673,1886,0.36808
673,2002,0.22725
673,2221,0.4102
673,2432,0.31594
673,2755,0.21879
673,2785,0.49019
673,2854,0.29829
673,3221,0.23927
673,3486,0.21479
673,3553,0.22399
673,3560,0.20712
673,4013,0.20242
673,4570,0.21213
673,4581,0.20131
673,4700,0.20994
673,4707,0.50247
673,4773,0.30239
673,5097,0.38776
674,4492,0.25927
676,716,0.22782
676,1403,0.2091
676,5468,0.36569
677,4193,0.20004
678,2983,0.34373
678,3870,0.22242
678,4027,0.2434
678,4476,0.2107
678,5460,0.26607
678,6000,0.2822
678,6102,0.25557
679,1284,0.25475
679,1803,0.3282
679,4129,0.23466
679,5217,0.32221
679,6135,0.28983
681,800,0.22941
681,1819,0.22183
681,1835,0.25398
681,1914,0.22506
681,1946,0.20326
681,2135,0.51833
681,2300,0.23892
681,2575,0.25306
681,3146,0.2139
681,4155,0.29334
681,4528,0.21316
681,4731,0.20882
681,4912,0.21419
682,1751,0.52519
682,1835,0.26711
682,2300,0.21904
682,2506,0.2453
682,2575,0.20027
682,3639,0.27693
682,3656,0.40727
682,3688,0.44403
682,3934,0.44982
682,4155,0.24598
682,4743,0.24278
682,5378,0.21879
683,2952,0.26427
683,5950,0.27982
683,6226,0.20275
684,1630,0.23344
684,5088,0.20134
684,5601,0.21661
685,5264,0.20368
685,5903,0.26971
687,1117,0.29716
687,1253,0.22792
687,1308,0.21378
687,1456,0.25402
687,1478,0.27297
687,1599,0.21655
687,2253,0.26899
687,3180,0.22212
687,3429,0.23787
687,3439,0.2801
687,3804,0.24013
687,4011,0.23545
687,4349,0.23134
687,4598,0.20544
687,4683,0.20904
687,4984,0.27431
688,1170,0.2928
688,1308,0.23982
688,1923,0.20736
689,1381,0.22955
690,1038,0.36338
690,1304,0.35178
690,1328,0.39253
690,1595,0.29018
690,1838,0.31808
690,2195,0.29436
690,3874,0.33489
690,4133,0.25492
690,4362,0.22521
690,4953,0.36974
690,5351,0.22399
691,884,0.28466
691,944,0.4063
691,981,0.41032
691,1098,0.20617
691,1117,0.21558
691,1144,0.2452
691,1195,0.20152
691,1211,0.25274
691,1238,0.24581
691,1369,0.28335
691,1380,0.43955
691,1465,0.23985
691,1496,0.31689
691,1514,0.2673
691,1637,0.26717
691,1758,0.2701
691,2020,0.23415
691,2032,0.30964
691,2172,0.23326
691,2328,0.30387
691,2401,0.3821
691,2481,0.30035
691,2507,0.34939
691,2581,0.2213
691,2647,0.5311
691,2959,0.24784
691,3016,0.23981
691,3454,0.39123
691,3507,0.21511
691,3933,0.23604
691,4011,0.28814
691,4343,0.22883
691,4349,0.22981
691,4380,0.52354
691,4394,0.36162
691,4423,0.44412
691,4443,0.35296
691,4586,0.24066
691,4602,0.28962
691,4807,0.28661
691,4984,0.24269
691,5190,0.31804
691,5215,0.35748
691,5318,0.20271
691,5333,0.45704
691,5486,0.22725
691,5763,0.2408
691,5878,0.25374
691,6002,0.22338
691,6034,0.22892
691,6078,0.27783
691,6127,0.53059
691,6193,0.29299
694,821,0.20109
694,1647,0.23706
694,2288,0.57055
694,2632,0.20681
694,2648,0.21506
694,2902,0.50235
694,2918,0.32733
694,3155,0.55248
694,3178,0.45675
694,3223,0.34692
694,3420,0.31223
694,3470,0.22579
694,3565,0.2405
694,3701,0.23878
694,3839,0.28662
694,3909,0.41228
694,4208,0.43121
694,4568,0.36484
694,4631,0.36327
694,4642,0.25761
694,4685,0.43249
694,4698,0.37255
694,4744,0.21263
694,4803,0.22955
694,4845,0.42979
694,4969,0.42304
694,5009,0.38808
694,5241,0.4663
694,5657,0.27039
694,5875,0.39955
694,5884,0.2579
694,5944,0.45547
694,6202,0.31999
695,1450,0.218
695,1676,0.2306
695,2290,0.2109
695,2531,0.2402
695,4058,0.22413
695,4110,0.21079
695,4164,0.21275
695,4508,0.20116
695,4576,0.25951
695,5601,0.20637
698,1646,0.21397
698,3890,0.25372
698,5084,0.24754
699,1504,0.31523
699,2115,0.22172
699,3342,0.30521
699,3738,0.20673
699,5234,0.48482
699,5706,0.22867
701,1413,0.28514
701,1625,0.20994
701,1761,0.2998
701,2005,0.24941
701,2294,0.2434
701,3338,0.27619
701,3973,0.24731
701,4089,0.30239
701,4253,0.21213
701,4630,0.28983
701,4780,0.25557
701,5016,0.23927
701,5063,0.29686
701,5449,0.28783
701,5485,0.20338
701,5951,0.30386
701,6130,0.28296
703,1311,0.22368
703,1361,0.21879
703,1666,0.26119
703,1917,0.37409
703,4692,0.20767
703,5156,0.20236
703,5344,0.24918
703,5419,0.20296
704,3834,0.27696
705,3209,0.21889
705,5028,0.21389
706,1061,0.25846
706,1241,0.20823
706,1333,0.20393
706,1533,0.21826
706,1890,0.21112
706,2641,0.26883
706,2658,0.26628
706,2766,0.22506
706,2790,0.21593
706,3643,0.20956
706,3869,0.20617
706,4521,0.28635
706,4579,0.21092
706,4609,0.20974
706,5557,0.27128
706,6031,0.27095
707,1516,0.20138
707,1996,0.22502
707,4466,0.33394
708,726,0.30684
708,1239,0.23568
708,1247,0.24475
708,1503,0.32968
708,1712,0.2077
708,1793,0.28839
708,2052,0.21928
708,2303,0.2043
708,2375,0.21074
708,3042,0.43808
708,3566,0.49164
708,3642,0.21371
708,3867,0.20305
708,4396,0.21257
708,4398,0.20447
708,4605,0.38803
708,4677,0.21984
708,5153,0.42616
709,2499,0.24405
709,4557,0.21571
709,5362,0.21758
709,5559,0.24014
709,5794,0.24606
709,6070,0.24876
710,1142,0.27619
710,1230,0.20641
710,1597,0.26301
710,2029,0.20131
710,2337,0.2173
710,3151,0.28296
710,4850,0.20584
710,5138,0.22725
710,5365,0.23927
711,953,0.24693
711,2173,0.25518
711,2932,0.21008
711,4531,0.2831
711,5898,0.20927
711,5935,0.20927
711,6154,0.23415
712,913,0.20705
712,973,0.2262
712,1101,0.33578
712,1151,0.26019
712,1305,0.40709
712,1376,0.29335
712,2200,0.34605
712,2360,0.29686
712,2386,0.20881
712,2642,0.3005
712,2657,0.34012
712,2838,0.21832
712,3053,0.29706
712,3058,0.2831
712,3387,0.23577
712,3534,0.21028
712,3589,0.22227
712,3896,0.21809
712,3929,0.20942
712,3964,0.25049
712,4240,0.28983
712,4246,0.23577
712,4413,0.30239
712,4497,0.23758
712,4557,0.20158
712,4733,0.20249
712,4893,0.3135
712,4901,0.22581
712,5317,0.21028
712,5720,0.36483
712,5806,0.20893
712,6015,0.28737
712,6114,0.24913
712,6149,0.28983
712,6158,0.23352
712,6181,0.27216
713,2133,0.20131
713,3693,0.2138
713,5532,0.23466
714,884,0.27675
714,944,0.23663
714,981,0.23739
714,1036,0.23476
714,1096,0.23466
714,1098,0.28154
714,1144,0.21582
714,1211,0.25082
714,1223,0.28393
714,1238,0.26141
714,1273,0.21111
714,1368,0.20452
714,1380,0.22288
714,1501,0.24509
714,1679,0.25855
714,1758,0.28151
714,1999,0.3838
714,2172,0.30075
714,2252,0.31006
714,2272,0.30452
714,2301,0.24559
714,2305,0.20095
714,2353,0.2381
714,2507,0.23006
714,2559,0.2985
714,2615,0.27469
714,2647,0.26379
714,3089,0.31823
714,3303,0.21328
714,3933,0.23731
714,4285,0.20641
714,4340,0.22452
714,4343,0.20476
714,4423,0.20984
714,4443,0.23355
714,4547,0.23118
714,4909,0.22063
714,4944,0.2102
714,5040,0.25774
714,5190,0.27304
714,5192,0.25699
714,5215,0.21271
714,5292,0.31853
714,5321,0.31051
714,5333,0.20779
714,5493,0.30923
714,5628,0.25374
714,5703,0.22725
714,5711,0.28248
714,5796,0.37258
714,6111,0.21339
714,6143,0.28514
715,1111,0.22105
715,1681,0.44989
715,2602,0.2671
715,2624,0.22699
715,5551,0.22761
715,5675,0.22831
715,5961,0.28025
716,1111,0.33728
716,1180,0.26864
716,1280,0.23392
716,1577,0.20246
716,2624,0.20137
716,3174,0.25239
716,3412,0.27189
716,3904,0.22782
716,4128,0.29156
716,4486,0.20532
716,4565,0.22456
716,5181,0.23256
716,5429,0.24922
716,5595,0.2106
716,5667,0.27652
716,5716,0.22775
717,784,0.20658
717,1311,0.23279
717,1949,0.26744
717,3008,0.25492
717,3532,0.23927
717,4587,0.21997
717,5140,0.20205
717,5253,0.2065
717,5357,0.28248
717,5419,0.48011
717,5425,0.21528
717,5494,0.2625
717,5669,0.33496
717,6054,0.21067
718,1523,0.23248
718,2420,0.20618
718,5666,0.21213
718,5965,0.29706
719,934,0.21066
719,962,0.24885
719,1049,0.20424
719,1170,0.23411
719,1291,0.26213
719,1310,0.25988
719,1409,0.25492
719,1443,0.25195
719,1569,0.25154
719,1573,0.25899
719,1641,0.22331
719,1728,0.22734
719,1802,0.2098
719,2010,0.25028
719,2255,0.21887
719,2412,0.29605
719,2425,0.23672
719,2749,0.24676
719,2951,0.21259
719,3619,0.30981
719,3795,0.23973
719,3848,0.45143
719,3950,0.27832
719,4186,0.22922
719,4189,0.24432
719,4223,0.29982
719,4282,0.2231
719,4946,0.24535
719,5039,0.20579
719,5367,0.20086
719,5508,0.25391
719,6224,0.23441
720,3209,0.21691
721,1157,0.20416
721,1264,0.20881
721,1777,0.21832
721,1899,0.23699
721,4121,0.28296
721,5644,0.2411
722,2494,0.23754
722,3565,0.21034
722,5944,0.23008
723,3371,0.24012
724,1269,0.29968
724,1681,0.21885
725,817,0.3044
725,829,0.34469
725,898,0.37382
725,1031,0.24291
725,1142,0.30386
725,1182,0.27652
725,1230,0.27122
725,1362,0.31572
725,1460,0.29363
725,1570,0.23443
725,1587,0.27822
725,1649,0.22025
725,1697,0.2237
725,1847,0.20338
725,2090,0.3073
725,2118,0.22905
725,2187,0.29351
725,2278,0.2304
725,2327,0.50247
725,2337,0.49019
725,2346,0.29693
725,2502,0.32538
725,2519,0.3502
725,2579,0.23307
725,2583,0.27882
725,2940,0.20927
725,3032,0.30946
725,3210,0.23466
725,3380,0.2361
725,3442,0.20149
725,3502,0.26598
725,3590,0.24595
725,3844,0.32617
725,3930,0.2359
725,3953,0.26685
725,4114,0.30379
725,4182,0.21278
725,4284,0.31738
725,4386,0.27811
725,4459,0.39285
725,4593,0.45113
725,4634,0.29633
725,4689,0.24019
725,4696,0.3672
725,5057,0.21597
725,5145,0.26114
725,5211,0.22792
725,5307,0.28998
725,5356,0.24907
725,5404,0.21345
725,5490,0.24961
725,5518,0.20369
725,5665,0.29225
725,5855,0.24155
725,5859,0.23607
725,5869,0.26859
725,5885,0.3297
725,5901,0.35593
725,5982,0.25967
725,6051,0.3276
725,6118,0.25187
726,1179,0.21028
726,1403,0.22725
726,1503,0.24111
726,1712,0.27251
726,1912,0.28783
726,2454,0.22261
726,3042,0.32306
726,3184,0.24957
726,3323,0.25119
726,3566,0.25645
726,3975,0.21802
726,4132,0.23466
726,4455,0.26133
726,4605,0.20832
726,4869,0.24533
726,5153,0.31926
726,5195,0.24108
726,5326,0.27619
726,6126,0.20748
727,1012,0.32221
727,1245,0.22091
727,3547,0.21093
727,4597,0.21213
727,4798,0.2949
727,5019,0.25211
727,5542,0.2084
727,6148,0.24494
728,1180,0.20026
728,3675,0.2773
729,1551,0.2238
729,2201,0.20969
729,4017,0.2012
729,5440,0.20119
730,1440,0.46522
730,1843,0.27463
730,2323,0.37823
730,3051,0.30642
730,4292,0.49632
730,4633,0.58275
730,4715,0.58057
730,4756,0.25974
730,4856,0.41074
730,5341,0.44464
730,5555,0.29484
730,5610,0.47753
730,5614,0.50431
730,5780,0.45899
731,793,0.26083
731,2126,0.22485
731,6141,0.22915
732,791,0.33201
732,1097,0.29178
732,1186,0.36483
732,1196,0.26696
732,1339,0.20816
732,1552,0.31
732,1901,0.31269
732,2110,0.22781
732,2115,0.21988
732,2178,0.20597
732,2263,0.23373
732,2285,0.30892
732,2315,0.55692
732,3305,0.29452
732,3570,0.25464
732,4217,0.22318
732,4477,0.20997
732,4825,0.21623
732,5032,0.22351
732,5110,0.46329
732,5186,0.30596
732,5255,0.40704
732,5706,0.20665
732,5919,0.45012
732,6088,0.2391
732,6174,0.20084
733,2135,0.22044
733,3077,0.28299
733,4240,0.27746
733,4731,0.27349
733,5947,0.24638
733,6027,0.24188
734,1023,0.39407
734,1212,0.35466
734,1265,0.25817
734,1329,0.27189
734,1344,0.31423
734,1412,0.28905
734,1701,0.22214
734,1842,0.28811
734,1907,0.29496
734,2276,0.32134
734,2320,0.21848
734,2402,0.21218
734,2556,0.22243
734,2593,0.2633
734,3055,0.22611
734,3128,0.21556
734,3160,0.21578
734,3326,0.22715
734,3537,0.21607
734,3651,0.30886
734,3783,0.25166
734,3981,0.22733
734,4090,0.36795
734,4139,0.32173
734,4577,0.32811
734,4787,0.25238
734,4816,0.32089
734,4837,0.20005
734,4942,0.2538
734,5051,0.25055
734,5077,0.3026
734,5343,0.21415
734,5384,0.27973
734,5392,0.23446
734,5447,0.30931
734,5489,0.21782
734,5585,0.25571
734,5730,0.26444
734,5734,0.27194
734,6158,0.2262
735,1652,0.25628
735,2146,0.29998
735,2779,0.2813
735,3787,0.29471
735,4006,0.22144
735,4119,0.24737
735,4618,0.2266
735,4846,0.21471
735,6072,0.3251
735,6218,0.26535
736,4134,0.23614
736,4970,0.20772
737,847,0.26362
737,863,0.22286
737,926,0.24688
737,1013,0.32212
737,1242,0.20591
737,1270,0.25368
737,1296,0.40111
737,1400,0.22433
737,1684,0.23168
737,1720,0.45544
737,2300,0.20349
737,2417,0.30367
737,2575,0.22511
737,2782,0.45892
737,2833,0.20746
737,2938,0.41039
737,2970,0.35112
737,3023,0.2614
737,3123,0.47772
737,3146,0.26031
737,3350,0.23974
737,3446,0.42948
737,3495,0.49986
737,3496,0.20146
737,3531,0.22175
737,3707,0.47003
737,4155,0.22034
737,4161,0.34541
737,4227,0.24832
737,4294,0.25718
737,4562,0.20788
737,4708,0.21396
737,4888,0.21907
737,5329,0.57692
737,5649,0.62804
737,5893,0.54907
737,6082,0.50459
737,6212,0.48536
738,4874,0.28499
738,5891,0.22229
738,6130,0.22329
739,4141,0.21728
739,5086,0.24215
739,5245,0.20396
740,6109,0.21447
741,3014,0.21166
741,5265,0.34344
743,2429,0.33566
743,2607,0.21019
743,3533,0.29711
743,4895,0.20479
743,6008,0.21496
743,6050,0.21163
744,1811,0.28099
744,1842,0.2056
744,2208,0.31554
744,2520,0.23918
744,2536,0.3222
744,4104,0.21227
744,4656,0.24934
744,5343,0.25652
744,5377,0.23217
744,5689,0.24108
744,5742,0.30744
744,5791,0.25773
745,4351,0.34217
746,1516,0.21288
746,1543,0.20033
746,1598,0.20872
746,2618,0.2022
746,3289,0.26418
746,5670,0.20236
748,776,0.22695
748,829,0.23476
748,1018,0.27028
748,1460,0.21582
748,2502,0.21101
748,2829,0.26825
748,2940,0.35262
748,2960,0.31598
748,3059,0.25549
748,4075,0.48011
748,4177,0.32075
748,5665,0.27437
748,5699,0.22494
748,5869,0.25575
748,5945,0.20401
748,6138,0.22074
748,6227,0.21213
750,2155,0.2089
751,1226,0.2948
751,1335,0.23529
751,1339,0.28996
751,1825,0.30716
751,2215,0.22005
751,2219,0.37417
751,3536,0.23075
751,3691,0.20994
751,4078,0.24885
751,4166,0.21093
751,5238,0.30386
751,5867,0.20921
751,5905,0.20009
751,5916,0.24285
751,6138,0.30386
752,1101,0.20242
752,3053,0.20994
752,4413,0.24941
753,5615,0.21218
754,2297,0.26019
754,4120,0.20724
755,2180,0.22874
755,2753,0.26557
755,4654,0.25496
755,4675,0.24141
755,4697,0.21271
755,5875,0.2626
756,910,0.52721
756,1735,0.38267
756,1914,0.24377
756,1937,0.26188
756,2391,0.30205
756,2532,0.41937
756,2612,0.38838
756,3066,0.32843
756,3381,0.33807
756,3738,0.30431
756,4936,0.34064
756,5022,0.40593
756,5235,0.39094
756,5783,0.25425
757,2780,0.26599
757,3763,0.32481
757,4297,0.36647
757,4441,0.34781
757,4933,0.29386
759,1721,0.23711
759,1925,0.23432
759,2357,0.22536
759,5060,0.25764
759,5305,0.25149
760,1479,0.27619
760,1807,0.21485
760,5523,0.22725
762,1394,0.23788
762,1881,0.27619
763,886,0.20961
763,892,0.33361
763,906,0.48268
763,1002,0.33706
763,1227,0.23289
763,1281,0.20413
763,1332,0.35789
763,1345,0.35068
763,1368,0.2061
763,1393,0.24023
763,1543,0.3081
763,1606,0.35803
763,1702,0.32993
763,1805,0.31751
763,1924,0.20488
763,2151,0.2699
763,2162,0.32477
763,2177,0.36184
763,2232,0.20166
763,2308,0.35068
763,2401,0.20072
763,2426,0.37601
763,2436,0.47307
763,2467,0.22354
763,2558,0.23981
763,2622,0.33537
763,2900,0.37268
763,3208,0.39878
763,3228,0.30454
763,3251,0.2088
763,3283,0.46721
763,3437,0.41946
763,3574,0.4637
763,3732,0.40274
763,3833,0.50612
763,3853,0.31908
763,3948,0.43904
763,3976,0.27386
763,4009,0.4084
763,4130,0.43651
763,4150,0.40924
763,4603,0.25796
763,4706,0.29728
763,4771,0.2234
763,4909,0.21626
763,5007,0.3381
763,5047,0.33149
763,5064,0.29834
763,5190,0.22386
763,5236,0.26533
763,5239,0.20288
763,5313,0.21524
763,5390,0.2117
763,5393,0.21179
763,5428,0.37342
763,5456,0.32688
763,5493,0.22417
763,5509,0.40106
763,5538,0.35326
763,5607,0.38561
763,5625,0.37956
763,5628,0.40275
763,5873,0.22399
763,5883,0.23961
763,5942,0.3609
763,6168,0.28783
763,6192,0.23166
765,873,0.20459
765,958,0.34762
765,1752,0.21528
765,1811,0.21631
765,2107,0.22074
765,2500,0.25554
765,3265,0.21405
765,3313,0.23275
765,4013,0.20815
765,4110,0.22584
765,4999,0.24222
765,5377,0.23459
765,5598,0.20487
765,5742,0.29423
765,5889,0.24933
765,5920,0.24494
765,6059,0.27109
765,6145,0.25869
766,884,0.33925
766,885,0.28134
766,892,0.22415
766,981,0.21101
766,1002,0.23545
766,1096,0.25966
766,1223,0.20034
766,1273,0.27624
766,1277,0.29144
766,1345,0.23515
766,1369,0.28033
766,1514,0.28377
766,1702,0.26158
766,1933,0.2168
766,2020,0.2878
766,2172,0.36613
766,2252,0.20115
766,2305,0.20017
766,2328,0.26271
766,2436,0.28169
766,2647,0.21819
766,2846,0.23111
766,3016,0.21025
766,3197,0.24745
766,3208,0.22286
766,3269,0.25479
766,3283,0.22
766,3437,0.20474
766,3454,0.25367
766,3574,0.2321
766,3616,0.38427
766,3833,0.20995
766,3948,0.22155
766,3976,0.23912
766,4130,0.2164
766,4150,0.23778
766,4285,0.22113
766,4380,0.2018
766,4423,0.21639
766,4586,0.23523
766,4602,0.33469
766,4771,0.39248
766,4774,0.26074
766,5064,0.34263
766,5170,0.25089
766,5174,0.22437
766,5192,0.26819
766,5304,0.24001
766,5333,0.21208
766,5428,0.20523
766,5456,0.20954
766,5493,0.20685
766,5509,0.28255
766,5878,0.3686
766,6002,0.22972
766,6111,0.2768
766,6112,0.21202
766,6143,0.20741
767,4874,0.23008
767,5589,0.22295
768,4164,0.20242
768,5449,0.22038
768,5590,0.22689
769,5377,0.22338
769,5570,0.21221
769,5598,0.20499
770,3583,0.21614
771,2706,0.44402
771,4619,0.22285
772,1588,0.2594
772,5409,0.28107
772,5975,0.29545
773,5168,0.21211
773,5521,0.23787
773,5554,0.20026
774,1948,0.20497
774,2430,0.36568
774,3679,0.50809
774,6026,0.30827
775,1087,0.20927
775,1940,0.20584
775,2386,0.21614
775,2666,0.35158
775,3309,0.37258
775,3534,0.21879
775,3695,0.21528
775,4020,0.215
775,4245,0.20927
775,4246,0.27407
775,4557,0.20249
776,1018,0.30344
776,1248,0.20609
776,2362,0.22044
776,2829,0.20007
776,2940,0.44901
776,3059,0.20855
776,3657,0.23261
776,3693,0.20835
776,3863,0.24083
776,4127,0.20128
776,4177,0.27605
776,4853,0.21859
776,5259,0.20348
776,5419,0.20881
777,1461,0.20098
777,4435,0.21398
778,2185,0.22387
778,3112,0.20715
778,4503,0.20678
778,5492,0.20321
779,4616,0.21553
780,1116,0.42349
780,1975,0.30665
780,2211,0.4107
780,2887,0.4031
780,3110,0.46481
780,3941,0.24657
780,4975,0.21605
782,5096,0.20141
783,1300,0.21121
783,3591,0.20969
783,4430,0.23834
783,5084,0.23972
784,1125,0.20085
784,1311,0.35219
784,2802,0.21166
784,3115,0.21403
784,3257,0.31352
784,3526,0.25557
784,4059,0.22643
784,4070,0.20131
784,4494,0.26019
784,4966,0.21326
784,5419,0.44208
784,5505,0.26997
784,5542,0.2032
785,4924,0.20356
786,892,0.20296
786,1332,0.20197
786,1534,0.25531
786,1543,0.2437
786,1799,0.20881
786,2492,0.21904
786,2537,0.20002
786,2558,0.3167
786,2900,0.27324
786,3574,0.23366
786,5883,0.28658
787,1302,0.43287
787,2552,0.20437
787,2872,0.34719
787,3205,0.32487
787,3454,0.23106
787,3745,0.22784
787,4176,0.30531
787,5728,0.24497
788,1454,0.23466
788,1678,0.6646
788,2116,0.27619
788,2664,0.20145
788,2728,0.70662
788,2781,0.23095
788,3081,0.21171
788,3394,0.47529
788,3452,0.22603
788,3657,0.23554
788,3662,0.69738
788,3958,0.73281
788,4317,0.22614
788,4454,0.36671
788,4744,0.21257
788,4803,0.29452
788,5654,0.59379
789,1454,0.33828
789,1476,0.30204
789,2875,0.23043
791,1097,0.27131
791,1552,0.26343
791,1901,0.22297
791,1967,0.2105
791,2315,0.40106
791,2525,0.20331
791,3023,0.23855
791,3570,0.27519
791,5110,0.37177
791,5186,0.20194
791,5255,0.31945
791,5438,0.24289
791,5498,0.20239
791,5919,0.2956
793,2249,0.27063
793,3265,0.20044
793,5225,0.24477
794,3244,0.21202
794,5738,0.20272
795,1567,0.20384
795,5086,0.27104
795,5476,0.38121
796,1152,0.30048
796,2672,0.26601
796,3096,0.26376
796,4948,0.24217
796,5065,0.22141
796,5240,0.21822
796,5376,0.21516
796,5741,0.20134
797,1094,0.25509
797,1110,0.54012
797,1259,0.42679
797,2384,0.34627
797,2433,0.6008
797,3044,0.54678
797,4390,0.47014
797,4519,0.4867
797,4978,0.49783
797,5270,0.24675
797,5718,0.51834
797,6213,0.40247
798,2706,0.3019
799,2609,0.34875
799,4689,0.20803
799,4831,0.2007
800,847,0.20131
800,863,0.358
800,876,0.47003
800,903,0.21439
800,922,0.41203
800,926,0.23248
800,997,0.43433
800,1013,0.21562
800,1215,0.50797
800,1242,0.267
800,1270,0.22526
800,1310,0.26547
800,1317,0.47774
800,1350,0.21367
800,1395,0.23252
800,1400,0.60885
800,1560,0.30072
800,1577,0.20126
800,1684,0.57825
800,1819,0.21898
800,1835,0.41039
800,1914,0.29479
800,1965,0.26859
800,2097,0.42306
800,2135,0.23077
800,2265,0.50429
800,2300,0.52855
800,2368,0.39925
800,2387,0.53371
800,2453,0.42841
800,2461,0.36861
800,2543,0.46914
800,2573,0.27283
800,2575,0.81594
800,2629,0.22405
800,2677,0.22405
800,2713,0.30361
800,2797,0.26894
800,2833,0.46963
800,2916,0.30074
800,3146,0.50797
800,3170,0.31211
800,3252,0.22565
800,3496,0.32113
800,3497,0.20857
800,3540,0.21628
800,3610,0.51768
800,3639,0.38815
800,3656,0.24143
800,3710,0.30334
800,3818,0.24069
800,3821,0.22766
800,3934,0.2674
800,4022,0.23633
800,4155,0.57892
800,4215,0.35295
800,4227,0.26884
800,4294,0.35549
800,4373,0.53093
800,4528,0.37074
800,4529,0.20235
800,4562,0.52622
800,4676,0.52032
800,4888,0.38302
800,4907,0.22259
800,4955,0.45227
800,4971,0.44896
800,5025,0.3003
800,5036,0.39737
800,5041,0.20088
800,5061,0.20463
800,5165,0.32026
800,5206,0.60647
800,5329,0.26329
800,5649,0.22554
800,5893,0.20978
800,5930,0.25522
800,6064,0.20227
800,6092,0.41443
801,3567,0.23894
801,3962,0.25366
802,840,0.20844
802,1062,0.21442
802,1077,0.21159
802,2161,0.40498
802,2817,0.48623
802,3135,0.25517
802,3657,0.20272
802,3871,0.46081
802,3965,0.57468
802,4074,0.41027
802,4462,0.24086
802,4544,0.24421
802,4546,0.5318
802,4580,0.23409
802,5200,0.37843
802,5919,0.22955
803,900,0.25469
803,1306,0.28019
803,3418,0.23493
803,4141,0.24478
803,5183,0.21756
803,5336,0.23372
803,5399,0.20954
804,2122,0.2227
804,4141,0.30654
804,4371,0.21797
806,2313,0.20285
806,5163,0.22999
806,5228,0.21038
807,2770,0.2192
807,3215,0.21009
807,4452,0.21083
807,5752,0.21405
808,852,0.26068
808,980,0.4102
808,2173,0.20201
808,2607,0.23004
808,2724,0.41545
808,2932,0.21462
808,3487,0.22725
808,3533,0.27157
808,4142,0.30509
808,4267,0.24561
808,4365,0.29472
808,4817,0.21062
808,5212,0.20278
808,5331,0.23577
808,5389,0.22528
808,5463,0.20779
808,5513,0.20852
808,5666,0.2173
808,5756,0.22213
808,5794,0.25385
808,6008,0.29404
808,6070,0.23422
809,1061,0.2378
809,1333,0.35902
809,1533,0.28526
809,2839,0.23755
809,3472,0.20514
809,3643,0.21296
809,4579,0.24625
809,5557,0.24707
809,6183,0.24983
810,1625,0.30067
810,1940,0.26347
810,3278,0.26627
810,5414,0.26786
810,5752,0.36539
811,3533,0.20342
813,867,0.25044
813,1201,0.29301
813,2429,0.22021
813,2606,0.22399
813,2961,0.20683
813,3533,0.23089
813,4365,0.22856
813,4450,0.20549
813,4470,0.25784
813,5485,0.2541
813,5867,0.2056
813,5905,0.24851
813,5980,0.23587
814,5245,0.24952
815,1413,0.24117
815,1681,0.22816
815,2275,0.21725
815,2855,0.25019
815,3088,0.24286
815,4123,0.27795
815,4503,0.20839
815,5551,0.21001
815,5640,0.21757
815,5644,0.32025
815,5653,0.22787
815,5658,0.26338
815,6093,0.21376
815,6119,0.20514
815,6222,0.26203
816,890,0.36122
816,1165,0.26798
816,1693,0.40494
816,1875,0.44179
816,3632,0.43711
816,4793,0.31055
816,4835,0.46965
816,4938,0.25932
816,4942,0.23127
816,5044,0.23908
816,5433,0.26609
816,5488,0.20126
816,5570,0.26902
816,5795,0.2118
817,1589,0.25875
817,2340,0.42824
817,2829,0.23927
817,2914,0.47513
817,3210,0.26176
817,3482,0.38776
817,3898,0.63849
817,3926,0.2084
817,4255,0.67211
817,5725,0.59645
817,5790,0.41802
818,1539,0.24756
818,1587,0.27646
818,2187,0.28637
818,2519,0.26657
818,2995,0.28147
818,3236,0.22229
818,3502,0.2968
818,3844,0.28869
818,4114,0.21255
818,4221,0.20846
818,4459,0.21953
818,4696,0.27303
818,5211,0.20817
818,5307,0.26052
818,5490,0.2025
818,5612,0.22028
818,5901,0.21125
819,842,0.22205
819,1164,0.30091
819,1310,0.2286
819,1350,0.20695
819,1560,0.22101
819,1569,0.22654
819,1639,0.20947
819,1692,0.20994
819,2319,0.24675
819,2453,0.22817
819,2629,0.2161
819,2641,0.21613
819,2790,0.28227
819,2816,0.23851
819,2950,0.20144
819,3435,0.21112
819,3472,0.25998
819,3540,0.21481
819,3710,0.22901
819,3795,0.22229
819,3821,0.25054
819,4022,0.20738
819,4187,0.20147
819,4282,0.21458
819,4646,0.21393
819,4722,0.20816
819,4750,0.21213
819,4842,0.26802
819,4907,0.25272
819,4939,0.2302
819,4971,0.20772
819,5039,0.31159
819,5508,0.23952
819,5930,0.25236
819,6064,0.23267
819,6092,0.22128
820,1992,0.23321
820,3752,0.20363
820,4880,0.22698
820,5534,0.21854
821,2288,0.43829
821,2662,0.20549
821,2902,0.22939
821,3114,0.21613
821,3155,0.31276
821,3420,0.27795
821,3470,0.20908
821,3839,0.23274
821,3909,0.36872
821,4568,0.24474
821,4631,0.24744
821,4803,0.20994
821,4969,0.26039
821,5009,0.31101
821,5154,0.20587
821,5241,0.24963
821,5657,0.30007
821,5884,0.31015
821,5944,0.2366
822,1190,0.37718
822,1516,0.29941
822,2206,0.20663
822,3091,0.31918
822,3848,0.2309
822,5096,0.22719
822,5250,0.20378
822,5420,0.21273
822,5472,0.22437
822,5527,0.25386
822,5647,0.21875
822,6220,0.26434
823,1826,0.26823
823,3745,0.22399
823,5620,0.28514
824,5449,0.3732
824,6198,0.20929
825,4134,0.32184
825,4141,0.22111
825,5784,0.25029
825,6198,0.24426
826,1163,0.37744
826,1271,0.38177
826,1531,0.35218
826,1721,0.26678
826,2362,0.56434
826,2472,0.34234
826,2563,0.29428
826,2595,0.29812
826,2731,0.3728
826,3855,0.26865
826,3863,0.25719
826,4224,0.44866
826,4348,0.31323
826,4639,0.43466
826,5872,0.34903
828,1240,0.21235
828,1482,0.23466
828,2437,0.21712
829,898,0.27685
829,1031,0.28248
829,1039,0.20454
829,1142,0.23028
829,1153,0.24355
829,1182,0.24626
829,1230,0.21949
829,1362,0.36636
829,1460,0.34154
829,1539,0.24839
829,1587,0.32638
829,1649,0.27757
829,1697,0.21043
829,1709,0.22682
829,1847,0.20272
829,2090,0.29525
829,2118,0.28444
829,2187,0.31883
829,2278,0.28285
829,2327,0.45113
829,2337,0.37258
829,2346,0.26162
829,2502,0.32296
829,2519,0.28793
829,2564,0.38091
829,2579,0.24707
829,2820,0.20123
829,2935,0.2123
829,2940,0.22074
829,3032,0.31355
829,3284,0.21019
829,3380,0.20848
829,3502,0.27979
829,3590,0.33248
829,3709,0.26301
829,3844,0.30396
829,3930,0.21491
829,3953,0.23948
829,4075,0.27066
829,4114,0.34924
829,4182,0.20552
829,4221,0.20335
829,4284,0.28042
829,4456,0.21815
829,4459,0.2647
829,4593,0.44208
829,4634,0.24205
829,4689,0.28897
829,4696,0.30095
829,4903,0.20584
829,4994,0.29725
829,5057,0.28552
829,5145,0.23419
829,5211,0.22195
829,5245,0.22864
829,5307,0.33651
829,5351,0.35158
829,5490,0.30668
829,5494,0.21746
829,5518,0.33859
829,5612,0.21158
829,5665,0.40754
829,5699,0.24199
829,5855,0.22169
829,5859,0.26392
829,5869,0.27039
829,5885,0.26544
829,5901,0.32782
829,6051,0.48612
829,6054,0.2031
829,6185,0.20927
829,6227,0.36122
830,5275,0.22079
830,6163,0.25972
832,1264,0.29686
832,1565,0.23487
832,1934,0.23427
832,2650,0.39069
832,3547,0.28783
832,3770,0.44208
832,4069,0.26019
832,4355,0.35219
832,4779,0.26019
832,5034,0.26732
832,5098,0.20584
832,6052,0.48011
834,883,0.23553
834,1188,0.27079
834,2035,0.21872
834,2122,0.21958
834,2198,0.22395
834,2200,0.25557
834,2516,0.31757
834,2656,0.32439
834,2742,0.22644
834,2880,0.21061
834,2897,0.20648
834,2927,0.20073
834,3122,0.2702
834,3370,0.28569
834,3393,0.26632
834,3408,0.29069
834,3812,0.29299
834,3836,0.24196
834,4125,0.33905
834,4326,0.31084
834,4439,0.21346
834,4524,0.34095
834,4538,0.271
834,4656,0.22968
834,5104,0.25462
834,5187,0.26659
834,5317,0.2949
834,5489,0.20319
834,5577,0.28669
834,5720,0.2084
834,5788,0.24829
834,5823,0.20062
834,6158,0.2525
836,3322,0.31099
836,4789,0.31949
836,4954,0.36164
836,5166,0.20288
836,5542,0.3276
836,6194,0.35219
837,848,0.26502
837,875,0.20946
837,1028,0.41811
837,1059,0.27935
837,1061,0.26055
837,1150,0.46832
837,1241,0.39183
837,1350,0.34371
837,1378,0.20187
837,1522,0.20197
837,1532,0.22577
837,1560,0.31997
837,1682,0.33212
837,1692,0.22595
837,1716,0.48734
837,1719,0.34362
837,1813,0.26798
837,1905,0.24976
837,2214,0.30932
837,2258,0.27359
837,2319,0.50354
837,2444,0.26156
837,2453,0.40076
837,2488,0.32124
837,2573,0.3285
837,2629,0.43616
837,2641,0.28364
837,2677,0.22676
837,2759,0.34646
837,2790,0.43575
837,2906,0.4116
837,2993,0.27223
837,3245,0.29043
837,3252,0.30417
837,3472,0.38847
837,3579,0.22127
837,3643,0.27531
837,3710,0.31008
837,3791,0.26232
837,3821,0.36517
837,3854,0.25094
837,4022,0.25961
837,4083,0.21457
837,4226,0.28571
837,4352,0.31732
837,4561,0.2633
837,4607,0.22812
837,4609,0.31848
837,4722,0.27326
837,4836,0.21706
837,4842,0.35851
837,4907,0.33883
837,4971,0.26153
837,5090,0.53186
837,5367,0.2831
837,5381,0.21342
837,5557,0.33087
837,5930,0.38215
837,5995,0.28598
837,6031,0.26867
837,6040,0.22646
837,6043,0.20514
837,6092,0.29093
838,2105,0.21359
838,3718,0.22519
838,4619,0.22106
839,3348,0.20026
839,3449,0.23712
839,6098,0.25415
840,1018,0.25106
840,1062,0.57674
840,1077,0.50082
840,2006,0.44889
840,2307,0.20253
840,3374,0.4884
840,3434,0.22087
840,3722,0.35874
840,3965,0.22955
840,5939,0.20238
840,6174,0.35496
840,6205,0.29974
840,6215,0.47114
841,901,0.2118
841,1811,0.23083
842,848,0.28356
842,1359,0.24891
842,1532,0.218
842,1692,0.23675
842,2488,0.2177
842,2993,0.20251
842,3148,0.20994
842,3643,0.20327
842,4352,0.22457
842,4609,0.25445
842,4842,0.22844
842,4861,0.21429
843,1179,0.44446
843,1247,0.27695
843,1403,0.21042
843,1712,0.52998
843,1793,0.3566
843,2375,0.20756
843,2454,0.52354
843,2966,0.33396
843,2980,0.30439
843,3042,0.27443
843,3184,0.24656
843,3323,0.30373
843,3503,0.2074
843,3975,0.28232
843,4129,0.49019
843,4132,0.23937
843,4329,0.36164
843,4411,0.20742
843,4455,0.49019
843,4605,0.21813
843,4606,0.22256
843,4869,0.37687
843,5153,0.34731
843,5195,0.29936
843,5217,0.50247
843,5294,0.3777
843,5326,0.50655
843,5475,0.21696
843,5827,0.22725
843,5966,0.36164
843,6126,0.36164
843,6135,0.49019
844,2035,0.21868
844,2656,0.33235
844,3370,0.25373
844,3408,0.22622
844,4119,0.21577
844,4326,0.20697
844,4960,0.23937
844,5104,0.20753
844,5187,0.20747
844,5489,0.23634
844,5788,0.20573
844,5806,0.23918
844,6158,0.24583
844,6181,0.22848
845,3822,0.22533
846,952,0.22461
846,1118,0.2075
846,1140,0.28716
846,1274,0.3268
846,1307,0.28956
846,1647,0.5326
846,1737,0.27036
846,1747,0.25813
846,2114,0.3053
846,2147,0.32953
846,2170,0.20994
846,2263,0.29814
846,2288,0.33828
846,2369,0.43416
846,2545,0.20329
846,2558,0.26662
846,2632,0.36005
846,2648,0.30731
846,2662,0.43004
846,2664,0.3813
846,2918,0.33837
846,3177,0.24678
846,3178,0.25613
846,3228,0.20682
846,3241,0.22392
846,3470,0.58117
846,3513,0.21637
846,3599,0.20857
846,3701,0.52509
846,3839,0.37956
846,3909,0.33334
846,3925,0.23608
846,3955,0.27818
846,4208,0.20049
846,4220,0.24169
846,4271,0.32131
846,4393,0.28318
846,4453,0.38286
846,4536,0.20316
846,4568,0.34208
846,4607,0.21148
846,4622,0.26827
846,4631,0.44524
846,4642,0.21312
846,4706,0.29728
846,4744,0.2182
846,4803,0.20296
846,4969,0.29453
846,5009,0.27842
846,5042,0.2411
846,5143,0.39581
846,5154,0.38109
846,5160,0.28752
846,5241,0.22094
846,5267,0.36023
846,5571,0.21298
846,5576,0.56074
846,5657,0.28833
846,5884,0.34784
846,5924,0.31812
846,5944,0.31504
846,6039,0.20255
846,6205,0.35658
846,6207,0.25866
847,1013,0.55839
847,1179,0.24957
847,2963,0.20513
847,3146,0.26859
847,3250,0.21555
847,4178,0.24709
847,5159,0.24625
847,5329,0.31017
847,5353,0.21785
847,5893,0.28104
847,6212,0.28612
848,930,0.21131
848,1028,0.33105
848,1054,0.34012
848,1059,0.22298
848,1112,0.21635
848,1118,0.28129
848,1150,0.25212
848,1241,0.26127
848,1341,0.34209
848,1359,0.30235
848,1378,0.57436
848,1532,0.62013
848,1623,0.38106
848,1692,0.25616
848,1716,0.45368
848,1719,0.41457
848,1784,0.20248
848,1813,0.46833
848,2214,0.47274
848,2258,0.20611
848,2319,0.41261
848,2364,0.20094
848,2453,0.22016
848,2488,0.24088
848,2573,0.31923
848,2629,0.23333
848,2641,0.40459
848,2790,0.31032
848,2906,0.44055
848,3192,0.22419
848,3245,0.21163
848,3252,0.23533
848,3472,0.27555
848,3643,0.24888
848,3791,0.30439
848,3821,0.21679
848,4321,0.35085
848,4352,0.26333
848,4561,0.47402
848,4607,0.40475
848,4609,0.27384
848,4725,0.22082
848,4842,0.37517
848,4861,0.26546
848,4876,0.20295
848,4907,0.25058
848,5090,0.22746
848,5270,0.26122
848,5367,0.38277
848,5471,0.20291
848,5557,0.22441
848,5821,0.2595
848,5924,0.31775
848,5998,0.37483
848,6031,0.26772
848,6040,0.2202
848,6092,0.20462
848,6094,0.21336
850,1415,0.46497
850,5981,0.21022
851,5258,0.22074
852,1729,0.20314
852,1947,0.34191
852,1996,0.28721
852,2033,0.22635
852,2429,0.22964
852,2932,0.26226
852,3165,0.22913
852,3209,0.21908
852,3813,0.33983
852,4267,0.27862
852,4363,0.22216
852,4466,0.41171
852,5083,0.3114
852,5362,0.24688
852,5499,0.27545
852,5513,0.20726
852,5580,0.23702
852,5794,0.22432
852,6001,0.22049
852,6008,0.21496
852,6065,0.24008
853,2897,0.28658
853,3504,0.20287
853,3912,0.27619
853,4216,0.23148
853,4721,0.21183
853,5423,0.22074
853,5518,0.26019
853,5759,0.25386
853,5914,0.21972
854,3637,0.22957
854,4571,0.20907
854,5260,0.29394
854,5513,0.21585
854,5685,0.22169
854,5905,0.33045
855,5633,0.2595
857,2335,0.21063
857,2724,0.20296
857,3014,0.23466
857,4142,0.22896
857,4365,0.27728
857,5374,0.25486
857,5905,0.22349
858,884,0.22215
858,2172,0.25989
858,2846,0.24923
858,4771,0.23467
858,4774,0.21507
859,2787,0.2969
859,4734,0.21404
860,863,0.23678
860,1215,0.2811
860,1270,0.23332
860,1400,0.21432
860,1564,0.25065
860,1684,0.4087
860,2097,0.25365
860,2265,0.30297
860,2300,0.25024
860,2310,0.24461
860,2368,0.23409
860,2387,0.22605
860,2453,0.2061
860,2461,0.24672
860,2506,0.27839
860,2543,0.24522
860,2575,0.35131
860,2797,0.23754
860,2833,0.30567
860,3170,0.29206
860,3350,0.25596
860,3610,0.42111
860,3639,0.55405
860,3821,0.2173
860,3848,0.23417
860,3926,0.31256
860,4022,0.21169
860,4215,0.27021
860,4227,0.25045
860,4239,0.20912
860,4294,0.20801
860,4361,0.20901
860,4363,0.25451
860,4373,0.25376
860,4395,0.23806
860,4562,0.41301
860,4743,0.31005
860,4848,0.39201
860,4888,0.27575
860,4912,0.26412
860,4923,0.2555
860,4955,0.22997
860,4971,0.25161
860,5018,0.35569
860,5039,0.20997
860,5206,0.27708
860,5378,0.2998
860,5546,0.21144
860,5649,0.20356
860,5826,0.23811
860,5862,0.2431
860,5908,0.23227
861,1158,0.22725
861,1582,0.21978
861,1880,0.28689
861,2972,0.21847
861,4473,0.20068
861,4689,0.21665
861,4949,0.20018
861,5145,0.23885
861,5490,0.23775
861,5709,0.30916
861,5798,0.28493
861,5859,0.21254
861,5945,0.21177
861,6188,0.40491
862,980,0.20927
862,2695,0.21062
862,5819,0.2138
863,876,0.24617
863,922,0.39941
863,997,0.31131
863,1013,0.23984
863,1215,0.2063
863,1270,0.22912
863,1400,0.41858
863,1673,0.23723
863,1684,0.32041
863,2097,0.30044
863,2265,0.42382
863,2300,0.24801
863,2325,0.34332
863,2368,0.35604
863,2387,0.32373
863,2453,0.2148
863,2461,0.31215
863,2543,0.37369
863,2575,0.34822
863,2679,0.22406
863,2713,0.5158
863,2759,0.2597
863,3146,0.53961
863,3172,0.2357
863,3249,0.29653
863,3350,0.2309
863,3610,0.23254
863,3639,0.26743
863,3731,0.48647
863,3818,0.2063
863,3846,0.27902
863,3848,0.21978
863,3926,0.35443
863,4022,0.2116
863,4155,0.26571
863,4215,0.38686
863,4227,0.2294
863,4294,0.64494
863,4361,0.22262
863,4373,0.35865
863,4395,0.22456
863,4528,0.34598
863,4562,0.2704
863,4676,0.27283
863,4743,0.2548
863,4752,0.26997
863,4848,0.28543
863,4912,0.25554
863,4955,0.20241
863,4957,0.25324
863,4971,0.26865
863,5061,0.25885
863,5206,0.32767
863,5329,0.24799
863,5378,0.39069
863,5527,0.36256
863,5605,0.30977
863,5649,0.25709
863,5862,0.26464
863,5893,0.23292
863,5930,0.28274
863,6092,0.22344
863,6191,0.45019
864,2747,0.20363
864,3947,0.20103
865,5040,0.20828
866,1735,0.25942
866,4454,0.25858
867,1201,0.22499
867,1671,0.25652
867,2732,0.29192
867,3018,0.23722
867,4267,0.24847
867,4309,0.24646
867,5794,0.21311
869,2155,0.22324
869,3467,0.20249
869,4508,0.22635
870,3983,0.20246
870,4804,0.23038
871,3328,0.26066
872,4468,0.20641
873,901,0.24068
873,958,0.28305
873,1652,0.21856
873,1744,0.26354
873,1811,0.2032
873,1839,0.26816
873,1856,0.27018
873,2107,0.23563
873,2376,0.2343
873,2483,0.26104
873,2500,0.23337
873,2520,0.36311
873,2536,0.36146
873,2975,0.30172
873,3083,0.25981
873,3199,0.20558
873,3265,0.28731
873,3313,0.25562
873,3778,0.20555
873,3796,0.21596
873,4013,0.2614
873,4085,0.24004
873,4110,0.22399
873,4217,0.34174
873,4433,0.24336
873,4555,0.2457
873,4656,0.27568
873,4825,0.236
873,4999,0.31481
873,5280,0.3116
873,5377,0.3925
873,5551,0.25485
873,5555,0.23714
873,5572,0.28007
873,5727,0.30195
873,5742,0.29795
873,5889,0.25751
873,5920,0.4422
873,5964,0.31668
873,6059,0.22463
873,6145,0.23836
873,6221,0.36373
874,934,0.26878
874,962,0.4621
874,996,0.28576
874,1059,0.2123
874,1079,0.36572
874,1241,0.21028
874,1573,0.22399
874,1692,0.25518
874,1850,0.28783
874,2117,0.3681
874,2749,0.43286
874,2865,0.20201
874,3619,0.30346
874,3631,0.21844
874,3700,0.38386
874,4038,0.30011
874,4098,0.20943
874,4167,0.20154
874,4189,0.34012
874,4897,0.26019
874,5096,0.2949
874,5437,0.2028
874,5514,0.20296
874,5825,0.25603
874,5925,0.2354
875,1241,0.20237
875,1343,0.45246
875,2324,0.23216
875,2488,0.2194
875,2790,0.2117
875,2826,0.43067
875,3472,0.22063
875,3600,0.28604
875,3669,0.45084
875,3700,0.24076
875,4251,0.20438
875,4618,0.23677
875,5005,0.44249
875,5090,0.24027
875,5745,0.25499
876,922,0.29607
876,997,0.27561
876,1400,0.43104
876,1684,0.21475
876,2097,0.25565
876,2300,0.21884
876,2368,0.33181
876,2387,0.32948
876,2461,0.26211
876,2543,0.41627
876,2575,0.32602
876,2916,0.23107
876,3146,0.25148
876,3926,0.23265
876,4155,0.235
876,4215,0.38899
876,4294,0.27647
876,4361,0.31966
876,4373,0.3764
876,4395,0.20599
876,4528,0.34691
876,4676,0.25557
876,4888,0.21626
876,4912,0.21524
876,5025,0.20349
876,5206,0.25391
876,5329,0.21936
876,5652,0.21254
876,5893,0.23862
876,5955,0.2692
876,6064,0.22725
877,3886,0.20141
877,5017,0.25111
880,1083,0.23852
880,5640,0.22807
880,6141,0.21384
881,3268,0.22249
881,4286,0.20507
881,4746,0.33673
881,4972,0.20589
881,5127,0.21148
881,5240,0.51738
881,5891,0.26116
882,2965,0.23872
882,3071,0.36921
882,4214,0.30995
883,972,0.21129
883,1188,0.25738
883,1817,0.22318
883,2035,0.27273
883,2077,0.20087
883,2122,0.21066
883,2359,0.20262
883,2464,0.21037
883,2656,0.35077
883,2880,0.23324
883,3122,0.2495
883,3370,0.29312
883,3393,0.22514
883,3408,0.25326
883,3812,0.22527
883,4119,0.26421
883,4263,0.22325
883,4326,0.29258
883,4382,0.21428
883,4538,0.22681
883,4901,0.20295
883,5104,0.2272
883,5187,0.24666
883,5363,0.20141
883,5489,0.20481
883,5688,0.21113
883,5788,0.29655
883,5823,0.20865
883,6158,0.20271
883,6181,0.22746
884,944,0.42305
884,968,0.26611
884,981,0.41882
884,1036,0.24505
884,1098,0.4075
884,1117,0.25585
884,1211,0.26354
884,1223,0.40516
884,1238,0.23442
884,1273,0.28661
884,1277,0.38215
884,1369,0.34929
884,1380,0.24591
884,1496,0.29467
884,1514,0.40887
884,1635,0.2411
884,1679,0.41756
884,1852,0.20689
884,1933,0.21399
884,1989,0.26916
884,1999,0.21234
884,2020,0.42824
884,2032,0.29012
884,2167,0.24367
884,2172,0.69226
884,2252,0.46127
884,2272,0.38191
884,2301,0.33722
884,2328,0.38204
884,2401,0.38649
884,2481,0.30676
884,2507,0.29782
884,2559,0.207
884,2581,0.27386
884,2647,0.40523
884,2846,0.32748
884,2873,0.24863
884,2945,0.23497
884,2959,0.21653
884,3016,0.20814
884,3269,0.23595
884,3303,0.24208
884,3312,0.24283
884,3346,0.27044
884,3395,0.28589
884,3439,0.21568
884,3454,0.36936
884,3507,0.22783
884,3612,0.23312
884,3616,0.32467
884,3673,0.26356
884,3933,0.43828
884,4011,0.30116
884,4340,0.27087
884,4343,0.21124
884,4349,0.24218
884,4380,0.29159
884,4394,0.20502
884,4423,0.3835
884,4443,0.34256
884,4547,0.40347
884,4560,0.24615
884,4586,0.33728
884,4602,0.25185
884,4807,0.32893
884,4858,0.27155
884,4944,0.27536
884,4984,0.30102
884,4991,0.23855
884,5116,0.2173
884,5119,0.23775
884,5190,0.20961
884,5192,0.33816
884,5215,0.35432
884,5304,0.2474
884,5318,0.28535
884,5333,0.37942
884,5345,0.27158
884,5541,0.23645
884,5763,0.31317
884,5878,0.32487
884,6002,0.37072
884,6078,0.30359
884,6111,0.27281
884,6127,0.24028
885,944,0.24398
885,981,0.22614
885,1470,0.21561
885,1514,0.20223
885,2322,0.21865
885,2328,0.28119
885,2481,0.20766
885,2647,0.26786
885,3283,0.26492
885,3612,0.20906
885,3616,0.25658
885,3833,0.21626
885,4285,0.20561
885,4423,0.24321
885,4807,0.27374
885,4911,0.22621
885,5064,0.22443
885,5174,0.20452
885,5215,0.2469
885,5333,0.24496
885,5878,0.21971
885,6143,0.23514
886,906,0.23182
886,1332,0.33162
886,1702,0.20966
886,1805,0.20901
886,2308,0.20725
886,3283,0.23269
886,3437,0.20466
886,3948,0.20371
886,5007,0.21894
886,5538,0.20457
886,5607,0.20862
886,5608,0.23624
888,5078,0.21708
889,1811,0.21327
889,2625,0.23503
889,3134,0.21672
889,3565,0.22066
889,4133,0.22955
889,4208,0.2115
889,4536,0.25299
889,4900,0.21278
889,5059,0.25492
889,5143,0.24429
889,5275,0.24499
889,5641,0.22877
889,5710,0.29452
889,6003,0.25942
889,6221,0.22041
890,905,0.23088
890,1217,0.22352
890,1711,0.42824
890,1837,0.27227
890,2170,0.3553
890,2450,0.23144
890,2520,0.29452
890,2545,0.23457
890,3022,0.34502
890,3681,0.20974
890,3761,0.47513
890,4727,0.39702
890,4793,0.20525
890,4835,0.215
890,5044,0.21908
890,5377,0.21879
890,5433,0.31352
890,5532,0.3892
890,5766,0.21213
891,966,0.22481
891,1017,0.21492
891,1054,0.20584
891,1147,0.30597
891,1396,0.36671
891,1530,0.35779
891,1611,0.35595
891,1623,0.27175
891,1634,0.26329
891,1813,0.21215
891,1844,0.25519
891,1918,0.38996
891,2062,0.44208
891,2269,0.30908
891,2286,0.37115
891,2552,0.2898
891,2578,0.43982
891,2717,0.3772
891,2796,0.2566
891,2857,0.37002
891,2953,0.24766
891,2954,0.21729
891,3030,0.29281
891,3171,0.22407
891,3674,0.44406
891,3805,0.27324
891,4313,0.2597
891,4409,0.40707
891,4614,0.22003
891,4624,0.26118
891,4686,0.41494
891,4716,0.27346
891,4858,0.32481
891,4876,0.32357
891,4921,0.37258
891,4929,0.30793
891,5072,0.38313
891,5270,0.20538
891,5323,0.22788
891,5623,0.20496
891,5743,0.20024
891,5821,0.21062
891,5998,0.26661
892,906,0.29154
892,1002,0.57613
892,1332,0.36195
892,1345,0.35478
892,1368,0.21367
892,1393,0.27664
892,1543,0.30969
892,1606,0.43216
892,1620,0.26033
892,1621,0.32546
892,1702,0.40234
892,1799,0.26126
892,1805,0.39383
892,1924,0.25259
892,2151,0.23468
892,2162,0.24812
892,2177,0.41222
892,2186,0.24422
892,2232,0.37548
892,2293,0.26268
892,2308,0.39535
892,2426,0.37926
892,2436,0.34239
892,2537,0.2007
892,2558,0.3099
892,2622,0.23769
892,2900,0.5822
892,3208,0.47435
892,3228,0.27965
892,3234,0.20564
892,3283,0.32282
892,3437,0.20979
892,3454,0.20091
892,3574,0.43443
892,3646,0.23113
892,3732,0.30504
892,3833,0.36903
892,3853,0.2328
892,3948,0.41293
892,4009,0.29687
892,4130,0.44854
892,4150,0.45467
892,4462,0.30622
892,4603,0.44058
892,4641,0.30455
892,4706,0.28783
892,4771,0.29015
892,4883,0.22002
892,4909,0.42241
892,5007,0.31948
892,5047,0.36861
892,5064,0.26858
892,5071,0.29164
892,5174,0.25288
892,5236,0.23066
892,5239,0.43622
892,5393,0.22566
892,5428,0.42844
892,5456,0.32154
892,5493,0.22799
892,5509,0.30509
892,5538,0.31949
892,5607,0.33895
892,5625,0.39101
892,5628,0.46914
892,5637,0.28462
892,5883,0.30202
892,5942,0.29554
892,6159,0.26979
892,6168,0.22955
892,6192,0.2426
895,1300,0.22519
895,1788,0.42685
895,2515,0.23558
895,2635,0.20194
895,3580,0.20298
895,5127,0.20044
895,5961,0.2421
896,975,0.20049
896,2126,0.30916
896,2129,0.29578
896,2757,0.22272
896,3250,0.20853
896,3494,0.23492
896,3586,0.21852
896,4196,0.42956
896,4910,0.21337
896,4950,0.25135
896,5124,0.31355
896,5502,0.24733
896,5638,0.21521
896,5977,0.50826
896,6223,0.4217
897,5124,0.20968
898,1031,0.27337
898,1142,0.30346
898,1153,0.28304
898,1182,0.28598
898,1230,0.22379
898,1362,0.27913
898,1460,0.28965
898,1587,0.36047
898,1649,0.27329
898,1697,0.29675
898,1847,0.20219
898,2090,0.36496
898,2118,0.2234
898,2187,0.31936
898,2278,0.2442
898,2327,0.48011
898,2337,0.41802
898,2346,0.38223
898,2502,0.32854
898,2519,0.359
898,2564,0.20491
898,2579,0.28367
898,2935,0.2244
898,2940,0.22725
898,3032,0.34107
898,3502,0.28069
898,3590,0.27797
898,3844,0.35986
898,3953,0.31145
898,4114,0.25884
898,4221,0.23962
898,4284,0.26422
898,4295,0.20296
898,4456,0.21665
898,4459,0.20155
898,4593,0.50247
898,4634,0.32737
898,4689,0.25718
898,4696,0.3357
898,5057,0.21213
898,5145,0.30576
898,5211,0.23562
898,5245,0.26813
898,5307,0.31009
898,5490,0.35179
898,5518,0.21842
898,5665,0.2834
898,5855,0.24341
898,5859,0.23959
898,5885,0.3356
898,5901,0.32529
898,6051,0.42151
898,6118,0.24653
898,6185,0.28514
899,1486,0.21133
899,2121,0.20693
900,1016,0.25106
900,1213,0.22028
900,1284,0.3038
900,1419,0.20497
900,1487,0.21291
900,1847,0.20624
900,1898,0.21823
900,1916,0.21005
900,2067,0.20956
900,2078,0.41714
900,2492,0.21932
900,3875,0.24279
900,3933,0.23066
900,4141,0.20739
900,4834,0.22565
900,5550,0.28309
900,5828,0.21922
900,5892,0.2036
901,958,0.23562
901,1811,0.30115
901,1839,0.21465
901,1856,0.20008
901,2333,0.2101
901,2466,0.21697
901,2500,0.25103
901,2520,0.22748
901,2536,0.23332
901,2975,0.20401
901,3083,0.23596
901,3265,0.22685
901,3509,0.23819
901,3749,0.20836
901,3778,0.21052
901,3796,0.22678
901,4110,0.24474
901,4217,0.2238
901,4433,0.2045
901,4555,0.23963
901,4656,0.20511
901,4999,0.28245
901,5280,0.21989
901,5377,0.28078
901,5572,0.21414
901,5635,0.20545
901,5727,0.22827
901,5742,0.35552
901,5791,0.21673
901,5889,0.25154
901,5920,0.29685
901,6088,0.20975
901,6221,0.22208
902,4181,0.20278
902,5273,0.23966
903,2713,0.20538
903,3639,0.20077
903,4562,0.21193
904,1094,0.21832
904,1368,0.21496
904,4735,0.24854
905,1297,0.43829
905,1647,0.24399
905,1685,0.24573
905,1837,0.23145
905,2100,0.24561
905,2170,0.31949
905,2288,0.29672
905,2355,0.35592
905,2545,0.46704
905,2632,0.22951
905,2664,0.23098
905,3155,0.25624
905,3761,0.21038
905,3839,0.20883
905,4209,0.21051
905,4353,0.21671
905,4568,0.22914
905,4631,0.3748
905,4706,0.22074
905,5004,0.33967
905,5009,0.24293
905,5044,0.21794
905,5433,0.26178
905,5463,0.25315
905,5532,0.22681
905,5939,0.22743
905,6205,0.23837
906,1002,0.26776
906,1178,0.27497
906,1276,0.22475
906,1281,0.20479
906,1332,0.39442
906,1345,0.34807
906,1543,0.3441
906,1606,0.32305
906,1702,0.31178
906,1805,0.3255
906,2151,0.26068
906,2162,0.34399
906,2171,0.20432
906,2177,0.34129
906,2186,0.20864
906,2308,0.33047
906,2426,0.39431
906,2436,0.57453
906,2467,0.29026
906,2537,0.21412
906,2558,0.23303
906,2622,0.2382
906,2799,0.22512
906,2900,0.42431
906,3075,0.22725
906,3129,0.22134
906,3208,0.45618
906,3228,0.30841
906,3234,0.2542
906,3283,0.51401
906,3289,0.21044
906,3437,0.483
906,3505,0.20355
906,3574,0.53885
906,3732,0.39094
906,3804,0.20486
906,3833,0.45713
906,3853,0.20275
906,3948,0.43504
906,3976,0.33761
906,4009,0.34993
906,4062,0.22349
906,4082,0.25331
906,4130,0.42037
906,4150,0.39843
906,4602,0.24539
906,4603,0.30094
906,4706,0.23415
906,4758,0.23173
906,4771,0.24825
906,5007,0.29432
906,5047,0.32786
906,5064,0.28701
906,5071,0.2247
906,5174,0.22376
906,5236,0.29334
906,5239,0.23795
906,5313,0.24578
906,5390,0.20228
906,5393,0.27222
906,5428,0.31254
906,5456,0.26406
906,5493,0.26547
906,5509,0.59862
906,5538,0.2998
906,5607,0.40381
906,5625,0.37667
906,5628,0.37129
906,5883,0.26939
906,5942,0.46963
906,5962,0.28219
906,6168,0.22955
906,6175,0.25043
906,6192,0.28201
907,5375,0.38266
908,1475,0.46684
908,4192,0.38328
908,5410,0.29456
908,5502,0.24293
909,4430,0.22724
910,922,0.29452
910,1336,0.20131
910,1504,0.28658
910,1552,0.23981
910,1571,0.35326
910,1735,0.57439
910,1751,0.2084
910,1813,0.21028
910,1914,0.25049
910,1937,0.23134
910,2115,0.29728
910,2264,0.23675
910,2285,0.21213
910,2300,0.27619
910,2325,0.26019
910,2391,0.48011
910,2525,0.27619
910,2532,0.59084
910,2612,0.63147
910,2911,0.2822
910,3066,0.57439
910,3342,0.21879
910,3381,0.50576
910,3513,0.20927
910,3738,0.63147
910,4155,0.22725
910,4317,0.27619
910,4396,0.26878
910,4705,0.22399
910,4936,0.52721
910,5022,0.63147
910,5186,0.2878
910,5209,0.22955
910,5235,0.57055
910,5268,0.23466
910,5605,0.34605
910,5783,0.28658
911,2185,0.2494
911,4503,0.21699
911,5644,0.24124
912,1322,0.23011
912,2493,0.22839
912,3171,0.25057
912,3275,0.20159
912,4518,0.20659
912,4974,0.38104
912,6072,0.2497
913,1023,0.20423
913,1536,0.32368
913,2487,0.34664
913,2516,0.28783
913,2656,0.22093
913,2897,0.36781
913,3050,0.26699
913,3256,0.24264
913,3297,0.24293
913,3393,0.24863
913,3451,0.21342
913,3480,0.3103
913,3768,0.22383
913,4003,0.20829
913,4113,0.20098
913,4144,0.33307
913,4498,0.20571
913,4524,0.25778
913,4623,0.28177
913,4672,0.22348
913,4851,0.20905
913,4887,0.20844
913,4901,0.25112
913,5046,0.2617
913,5104,0.24924
913,5187,0.24045
913,5237,0.32746
913,5317,0.25386
913,5335,0.23176
913,5806,0.21831
913,5820,0.21832
913,6023,0.25798
913,6158,0.47459
913,6181,0.41292
913,6210,0.22948
915,3686,0.22078
917,2942,0.22046
917,3113,0.20366
917,3804,0.22194
917,4616,0.21223
917,6030,0.22343
919,5002,0.26546
920,1255,0.21268
920,2283,0.28107
920,2361,0.20824
920,4879,0.21099
920,4996,0.31525
920,5140,0.45919
920,5411,0.20463
920,5759,0.21951
922,926,0.21345
922,997,0.30542
922,1013,0.2198
922,1215,0.35363
922,1400,0.45377
922,1560,0.22449
922,1684,0.37807
922,1835,0.21985
922,1946,0.23316
922,2097,0.28825
922,2135,0.21903
922,2265,0.34583
922,2300,0.29473
922,2325,0.27788
922,2368,0.30706
922,2387,0.35784
922,2434,0.21556
922,2453,0.2582
922,2461,0.2405
922,2506,0.24398
922,2543,0.34556
922,2575,0.46391
922,2713,0.39326
922,2797,0.25244
922,2833,0.31009
922,2916,0.28842
922,3146,0.47772
922,3170,0.28003
922,3249,0.25796
922,3496,0.24694
922,3610,0.22821
922,3639,0.27985
922,3710,0.22951
922,3731,0.32879
922,3846,0.2559
922,3926,0.36073
922,4155,0.32506
922,4215,0.40438
922,4294,0.38471
922,4361,0.25941
922,4373,0.36693
922,4395,0.30095
922,4528,0.5516
922,4529,0.21943
922,4562,0.23822
922,4676,0.33152
922,4743,0.26885
922,4848,0.26794
922,4888,0.21223
922,4912,0.30995
922,4971,0.25122
922,5165,0.24648
922,5178,0.21095
922,5206,0.37957
922,5378,0.42151
922,5527,0.21422
922,5605,0.25087
922,5649,0.2153
922,5652,0.22221
922,5930,0.2187
922,5955,0.28063
922,6092,0.30334
922,6191,0.32599
923,2395,0.20832
923,4410,0.20338
924,1253,0.22535
924,1881,0.26019
926,1560,0.21402
926,1684,0.25198
926,1690,0.22768
926,2201,0.20094
926,2453,0.25217
926,2506,0.22648
926,2816,0.21664
926,3077,0.2151
926,3146,0.25784
926,3926,0.20929
926,4528,0.21822
926,4743,0.30682
926,4971,0.28451
926,5059,0.22399
926,5329,0.22206
926,5378,0.25451
926,5893,0.24362
926,5930,0.20501
926,6003,0.201
926,6091,0.21521
926,6212,0.2833
927,1788,0.27501
927,1826,0.25049
927,3745,0.2028
927,4202,0.20881
927,5300,0.28385
927,5500,0.23675
927,6069,0.2595
928,3210,0.21693
929,3209,0.20436
930,1059,0.217
930,1692,0.23466
930,1905,0.21461
930,2319,0.22955
930,2488,0.3472
930,2993,0.22575
930,3643,0.2614
930,4226,0.21336
930,4352,0.26404
930,4609,0.27085
930,4842,0.23238
932,1207,0.249
932,3134,0.25384
932,3337,0.22659
932,4133,0.44208
932,4263,0.2079
932,5275,0.27602
932,5641,0.21022
932,6003,0.34181
932,6077,0.25316
932,6206,0.24152
933,3741,0.30496
933,5687,0.56059
934,977,0.5167
934,1172,0.51512
934,4098,0.22621
934,5059,0.20296
934,5231,0.21912
934,5437,0.52721
934,5825,0.27341
934,6160,0.41976
934,6192,0.20349
935,3804,0.20004
938,1090,0.28783
938,1226,0.21386
938,3912,0.20555
938,4029,0.2588
938,4157,0.26596
938,4478,0.22709
938,4559,0.24682
938,4736,0.25761
938,5004,0.24166
938,5919,0.33578
938,5978,0.28228
939,1017,0.21483
939,1366,0.20806
939,1796,0.24513
939,4716,0.40709
939,5270,0.21662
939,5323,0.28983
939,5471,0.2595
940,1005,0.22905
940,1516,0.21455
940,2618,0.22461
940,3082,0.26958
940,3091,0.21269
940,5449,0.27137
940,5604,0.2039
940,5647,0.22804
940,5670,0.20538
941,2361,0.2055
941,3615,0.20841
941,4202,0.229
941,4724,0.21412
941,5411,0.28104
942,2034,0.25119
942,4114,0.23955
943,3446,0.20144
944,981,0.60414
944,1093,0.24652
944,1096,0.22399
944,1098,0.27221
944,1144,0.20591
944,1195,0.20479
944,1211,0.33982
944,1223,0.33159
944,1238,0.33346
944,1273,0.30992
944,1277,0.25416
944,1369,0.23282
944,1380,0.39174
944,1465,0.23207
944,1496,0.29384
944,1514,0.30713
944,1637,0.26958
944,1679,0.23716
944,1758,0.35426
944,1989,0.24506
944,2032,0.27517
944,2172,0.37822
944,2225,0.2163
944,2252,0.24548
944,2272,0.24767
944,2328,0.37187
944,2353,0.28516
944,2401,0.47043
944,2481,0.27063
944,2507,0.3966
944,2581,0.20995
944,2647,0.65893
944,2846,0.21414
944,2959,0.26916
944,3016,0.26183
944,3089,0.28638
944,3269,0.21367
944,3283,0.23398
944,3454,0.40487
944,3612,0.25229
944,3933,0.29616
944,4257,0.44446
944,4285,0.28983
944,4340,0.21234
944,4343,0.29494
944,4349,0.29968
944,4380,0.39842
944,4394,0.33251
944,4423,0.51591
944,4443,0.394
944,4532,0.2235
944,4547,0.26865
944,4560,0.26329
944,4586,0.21791
944,4602,0.29548
944,4807,0.43684
944,4991,0.21328
944,5040,0.30074
944,5086,0.23144
944,5190,0.33029
944,5192,0.23074
944,5215,0.45619
944,5292,0.37349
944,5318,0.20294
944,5321,0.36874
944,5333,0.57504
944,5345,0.21038
944,5486,0.25603
944,5493,0.36629
944,5603,0.21179
944,5763,0.27491
944,5909,0.25809
944,6002,0.25327
944,6034,0.27378
944,6078,0.27108
944,6127,0.29027
944,6143,0.59645
944,6193,0.23851
945,973,0.26538
945,1311,0.20495
945,1412,0.2389
945,1666,0.24937
945,1845,0.20746
945,1917,0.21241
945,2122,0.2161
945,3408,0.21575
945,3607,0.20304
945,3812,0.21154
945,4326,0.22702
945,4439,0.231
945,4724,0.22997
945,5104,0.23418
945,5156,0.22725
945,5419,0.3876
946,1826,0.215
946,2942,0.48011
946,3236,0.21879
946,3591,0.23415
946,4941,0.24494
946,5547,0.21279
946,5698,0.23927
946,6120,0.35219
948,5159,0.21295
949,951,0.23025
949,1536,0.22246
949,2958,0.36188
949,3050,0.20424
949,3311,0.21444
949,3451,0.24243
949,3480,0.22881
949,3485,0.22935
949,4003,0.23821
949,4144,0.22681
949,4623,0.2704
949,4672,0.20663
949,4901,0.23709
949,5997,0.30848
949,6181,0.24683
950,1981,0.22287
951,1536,0.30678
951,1783,0.27103
951,1932,0.24952
951,2487,0.26178
951,2557,0.20023
951,2958,0.20318
951,3050,0.22217
951,3256,0.24812
951,3311,0.23761
951,3451,0.2851
951,3480,0.25981
951,3485,0.24727
951,3544,0.20906
951,4003,0.24689
951,4144,0.22695
951,4273,0.20177
951,4497,0.33875
951,4498,0.27156
951,4623,0.33553
951,4672,0.21647
951,4851,0.22631
951,4893,0.21474
951,4901,0.27637
951,4960,0.20349
951,5046,0.29879
951,5058,0.20607
951,5237,0.23206
951,5514,0.26919
951,5688,0.21105
951,5997,0.20072
951,6023,0.22123
951,6181,0.29321
952,2114,0.21627
952,2288,0.21028
952,2662,0.33725
952,4220,0.26234
952,4706,0.20712
952,5143,0.23859
952,6207,0.21308
953,1249,0.38091
953,1902,0.35219
953,2173,0.26019
953,2297,0.2646
953,2655,0.24957
953,2741,0.23927
953,2869,0.20927
953,2878,0.24814
953,3661,0.24979
953,3902,0.21168
953,4143,0.2028
953,4531,0.30346
953,5056,0.20296
953,5374,0.21123
953,5700,0.21972
953,5898,0.35326
953,5935,0.25148
953,6084,0.21832
954,1045,0.2012
954,1179,0.22261
954,1247,0.56059
954,1336,0.22725
954,1712,0.28983
954,1793,0.73697
954,2454,0.42151
954,3042,0.34605
954,3105,0.24957
954,3414,0.2544
954,3519,0.22261
954,4129,0.54069
954,4455,0.44944
954,4677,0.22542
954,4800,0.37258
954,4869,0.2239
954,4874,0.22955
954,5153,0.42151
954,5195,0.20085
954,5217,0.45012
954,5294,0.54069
954,5326,0.3876
954,5463,0.23577
954,5695,0.30451
954,5827,0.28514
954,5879,0.27619
954,5935,0.24957
954,5964,0.40602
954,5966,0.20584
954,6126,0.47513
954,6135,0.45113
956,4503,0.20169
957,1503,0.23522
957,1516,0.25298
957,3078,0.20583
957,3091,0.21821
957,3598,0.34266
957,5250,0.21215
957,5472,0.20912
957,5562,0.24368
957,5618,0.22679
957,5639,0.27733
957,6220,0.28254
958,1811,0.22084
958,1839,0.26045
958,1856,0.22336
958,2107,0.26208
958,2500,0.25469
958,2536,0.21223
958,3008,0.20994
958,3083,0.23984
958,3142,0.20842
958,3265,0.25702
958,3457,0.2205
958,3796,0.20034
958,4013,0.22709
958,4110,0.2498
958,4433,0.21072
958,4999,0.22921
958,5357,0.23415
958,5377,0.21793
958,5742,0.32865
958,5889,0.27885
958,5901,0.22813
958,5920,0.33869
958,5964,0.21031
958,6059,0.24099
958,6088,0.22286
958,6145,0.22562
958,6221,0.20233
959,1064,0.35289
959,1948,0.26677
959,2829,0.20432
959,2904,0.32603
959,2940,0.22399
959,3633,0.26065
959,4221,0.21063
959,5310,0.20112
959,5401,0.21181
959,5494,0.26297
959,5597,0.39775
959,6024,0.24036
960,1123,0.52568
960,1627,0.30379
960,2434,0.25529
960,3422,0.33007
960,5676,0.21377
960,5900,0.26205
962,1079,0.23796
962,1443,0.35944
962,1573,0.45443
962,1641,0.22206
962,2255,0.35234
962,2412,0.21912
962,2425,0.34444
962,2511,0.20594
962,2687,0.30476
962,2749,0.33886
962,2865,0.41054
962,2951,0.37744
962,3432,0.3199
962,3619,0.34198
962,3700,0.20917
962,3794,0.21473
962,3950,0.26571
962,4098,0.24179
962,4189,0.37232
962,4223,0.20703
962,4897,0.23296
962,5096,0.23965
962,5437,0.4546
962,5825,0.40091
962,5925,0.42193
962,6032,0.24906
962,6224,0.36756
963,1374,0.23766
963,2683,0.25129
963,2762,0.33156
963,5399,0.25026
963,6003,0.2025
965,986,0.27882
965,1171,0.36164
965,1202,0.2106
965,1437,0.26073
965,1567,0.33828
965,1943,0.21213
965,2184,0.30346
965,2824,0.22955
965,3654,0.21028
965,4682,0.20994
965,4723,0.22399
965,5093,0.27066
965,5361,0.36122
966,1147,0.24585
966,1396,0.31879
966,1530,0.21182
966,1611,0.28054
966,1844,0.25135
966,1918,0.48037
966,2269,0.40018
966,2578,0.298
966,2717,0.29309
966,2796,0.28017
966,2857,0.30851
966,2953,0.38104
966,2954,0.21183
966,2984,0.22508
966,3030,0.26492
966,3674,0.21926
966,4686,0.22815
966,4794,0.21536
966,4858,0.22872
966,4921,0.44208
966,4929,0.36248
966,5072,0.33604
966,5415,0.23288
966,5580,0.21068
966,5623,0.22123
966,5886,0.22434
966,5992,0.23577
967,1111,0.2189
967,2606,0.20288
967,4322,0.23508
968,1093,0.20848
968,1369,0.27045
968,1496,0.29193
968,1534,0.31581
968,1799,0.20249
968,2032,0.22792
968,2172,0.24314
968,2185,0.20137
968,2328,0.29928
968,2481,0.31189
968,2602,0.21507
968,2855,0.20613
968,3093,0.22725
968,3164,0.22117
968,3913,0.20397
968,4351,0.20644
968,4443,0.22992
968,4586,0.23351
968,4911,0.22426
968,5192,0.22882
968,5304,0.24438
968,5616,0.29961
968,5763,0.26547
968,6002,0.25352
968,6078,0.22202
968,6111,0.20635
969,1731,0.23453
969,1778,0.2184
969,1934,0.22058
969,2274,0.20026
969,3184,0.20509
969,3503,0.25696
969,4831,0.3005
970,5765,0.20348
970,5891,0.21245
970,5968,0.24872
971,2126,0.20587
971,4196,0.20336
971,5644,0.27632
971,5653,0.21346
971,6093,0.28026
972,1000,0.21
972,1188,0.25966
972,1519,0.20656
972,1958,0.30057
972,2077,0.28194
972,2198,0.22842
972,2464,0.24452
972,2656,0.26414
972,2880,0.25194
972,2927,0.20516
972,3045,0.20416
972,3122,0.24626
972,3370,0.25429
972,3393,0.20244
972,3408,0.24139
972,3607,0.20112
972,3836,0.34474
972,4230,0.28706
972,4326,0.24838
972,4439,0.22423
972,4570,0.22747
972,4837,0.21711
972,4960,0.21063
972,5489,0.26285
972,5500,0.23336
972,5577,0.22524
972,5689,0.20554
972,5788,0.23588
972,5823,0.22557
973,1101,0.29686
973,1151,0.23577
973,1193,0.21688
973,1280,0.22134
973,1305,0.26732
973,1311,0.21093
973,1376,0.25492
973,1666,0.22399
973,2642,0.2831
973,3053,0.32221
973,3058,0.2949
973,3065,0.21365
973,3293,0.2409
973,3421,0.38281
973,3519,0.25991
973,3629,0.21373
973,3682,0.34828
973,3964,0.44208
973,4171,0.25707
973,4246,0.26019
973,4413,0.28783
973,4557,0.20712
973,4724,0.21664
973,4733,0.21479
973,4990,0.23543
973,5344,0.23049
973,5458,0.23482
973,5720,0.2822
973,5810,0.25938
973,5865,0.23031
973,6149,0.27619
974,3672,0.22261
974,3680,0.20604
974,5362,0.2023
975,1300,0.21093
975,2931,0.25034
975,2978,0.21668
975,5273,0.30438
975,5675,0.20689
975,5784,0.20748
975,5790,0.25639
975,5891,0.26232
976,4820,0.20223
976,5650,0.22465
977,1172,0.51005
977,5437,0.51742
977,6160,0.42181
978,4430,0.27447
979,1430,0.23282
979,2267,0.3223
979,2460,0.20168
979,2854,0.22725
980,1244,0.29686
980,2367,0.3876
980,2695,0.27501
980,2968,0.28983
980,3519,0.20288
980,3754,0.36256
980,4012,0.2434
980,4315,0.31949
980,4351,0.20881
980,4711,0.21062
980,5001,0.36122
980,5331,0.2084
980,5389,0.26213
980,5463,0.28385
980,5756,0.29452
980,5890,0.36808
981,1093,0.30092
981,1096,0.23415
981,1098,0.32985
981,1117,0.20795
981,1144,0.27696
981,1211,0.39078
981,1223,0.38637
981,1238,0.37012
981,1273,0.36155
981,1277,0.27483
981,1369,0.28879
981,1380,0.41563
981,1465,0.28396
981,1496,0.35678
981,1514,0.29957
981,1637,0.25373
981,1758,0.35906
981,2020,0.20797
981,2032,0.28747
981,2167,0.22247
981,2172,0.40141
981,2252,0.26601
981,2272,0.29345
981,2328,0.45085
981,2353,0.21907
981,2401,0.44745
981,2481,0.36875
981,2507,0.46876
981,2581,0.24137
981,2615,0.22221
981,2647,0.67431
981,2959,0.32909
981,3016,0.37531
981,3089,0.3285
981,3303,0.20314
981,3346,0.21813
981,3395,0.20217
981,3454,0.39981
981,3612,0.24143
981,3933,0.33244
981,4011,0.22702
981,4257,0.36483
981,4285,0.42634
981,4343,0.32653
981,4349,0.41298
981,4380,0.37828
981,4394,0.39817
981,4423,0.51056
981,4443,0.41662
981,4532,0.27067
981,4547,0.29326
981,4560,0.27817
981,4586,0.27258
981,4602,0.26115
981,4807,0.54911
981,4944,0.21764
981,4991,0.20147
981,5040,0.29817
981,5190,0.39692
981,5192,0.29121
981,5215,0.51439
981,5292,0.45584
981,5304,0.21342
981,5318,0.22328
981,5321,0.26984
981,5333,0.57438
981,5345,0.22859
981,5493,0.42241
981,5603,0.2091
981,5763,0.34758
981,5878,0.23238
981,5909,0.25367
981,6002,0.31557
981,6034,0.26967
981,6078,0.28815
981,6127,0.30873
981,6143,0.56059
981,6193,0.34312
983,1347,0.23771
983,4574,0.2236
985,4193,0.26861
985,5159,0.24794
985,5414,0.27436
986,2037,0.2173
986,2184,0.2067
986,2287,0.23927
986,2733,0.21213
986,3861,0.27407
986,4058,0.2073
986,4556,0.22725
986,4567,0.30617
986,4723,0.20573
986,5271,0.44208
986,6022,0.25492
986,6037,0.32221
987,2891,0.2572
987,3780,0.24999
987,5620,0.31968
987,5714,0.20849
988,3050,0.21178
988,3451,0.23806
988,4887,0.20019
989,1818,0.24148
989,4304,0.26724
989,4657,0.20595
989,5753,0.21837
990,1188,0.223
990,1242,0.29335
990,1867,0.29452
990,1886,0.23927
990,1967,0.23415
990,2033,0.2028
990,2432,0.21093
990,2939,0.23466
990,2982,0.30239
990,3257,0.22725
990,3408,0.28783
990,3486,0.20881
990,3997,0.20158
990,4001,0.23134
990,4021,0.25557
990,4052,0.21062
990,4325,0.26301
990,4326,0.24458
990,4700,0.27619
990,4773,0.24613
990,4972,0.28296
990,5140,0.22261
990,5432,0.27407
990,5477,0.28514
990,5580,0.26133
990,5886,0.23466
990,5934,0.21062
990,5938,0.3883
991,5680,0.27131
993,1642,0.30389
993,2223,0.24331
993,3336,0.24267
993,4447,0.26878
993,4659,0.22338
993,4906,0.24158
993,5888,0.20095
995,3423,0.20264
996,1079,0.20277
996,2117,0.22383
996,3369,0.24887
996,3700,0.27927
996,5096,0.21595
997,1400,0.38762
997,1684,0.21263
997,2097,0.38154
997,2300,0.2461
997,2368,0.33356
997,2387,0.42201
997,2461,0.35732
997,2543,0.42098
997,2575,0.34485
997,2713,0.24578
997,2916,0.25541
997,3146,0.27619
997,3639,0.22022
997,3926,0.30109
997,4155,0.20277
997,4215,0.32885
997,4294,0.30725
997,4361,0.34552
997,4373,0.46431
997,4528,0.32813
997,4676,0.44944
997,4912,0.26311
997,5165,0.23267
997,5206,0.28894
997,5378,0.38091
997,5381,0.23981
997,5652,0.20162
997,5893,0.20127
997,5905,0.22824
997,5955,0.32697
1000,1023,0.34295
1000,1183,0.22861
1000,1698,0.25106
1000,2077,0.24139
1000,2122,0.36523
1000,2198,0.2304
1000,2516,0.20227
1000,2656,0.21757
1000,2880,0.27257
1000,2927,0.26735
1000,3045,0.34575
1000,3393,0.22389
1000,3408,0.21162
1000,3537,0.20174
1000,3605,0.20634
1000,3607,0.26604
1000,3712,0.33729
1000,3836,0.27563
1000,4139,0.29535
1000,4439,0.25167
1000,4577,0.29546
1000,5104,0.26282
1000,5379,0.43806
1000,5489,0.40248
1000,5500,0.2038
1000,5577,0.20458
1000,5689,0.31363
1000,5788,0.22044
1002,1227,0.20634
1002,1332,0.29084
1002,1345,0.36421
1002,1393,0.35477
1002,1543,0.24682
1002,1606,0.44788
1002,1620,0.21707
1002,1621,0.3224
1002,1702,0.32314
1002,1799,0.22091
1002,1805,0.35561
1002,2162,0.30564
1002,2177,0.40353
1002,2186,0.23588
1002,2232,0.30253
1002,2308,0.35763
1002,2426,0.34496
1002,2436,0.39224
1002,2622,0.2508
1002,2709,0.22544
1002,2799,0.20049
1002,2900,0.51404
1002,3016,0.20117
1002,3208,0.40182
1002,3228,0.21634
1002,3234,0.20981
1002,3283,0.32499
1002,3395,0.23763
1002,3437,0.2039
1002,3454,0.20955
1002,3574,0.41669
1002,3732,0.32238
1002,3833,0.32926
1002,3853,0.26102
1002,3948,0.40974
1002,4009,0.2437
1002,4130,0.45951
1002,4150,0.46094
1002,4380,0.26734
1002,4462,0.21239
1002,4603,0.48348
1002,4641,0.24675
1002,4909,0.34779
1002,5007,0.23315
1002,5047,0.28928
1002,5064,0.30163
1002,5071,0.29193
1002,5174,0.30199
1002,5190,0.24346
1002,5239,0.38367
1002,5292,0.21904
1002,5304,0.24446
1002,5333,0.22754
1002,5390,0.2122
1002,5428,0.46012
1002,5456,0.37679
1002,5493,0.23166
1002,5509,0.32936
1002,5538,0.28514
1002,5607,0.3036
1002,5625,0.31821
1002,5628,0.34953
1002,5637,0.24175
1002,5883,0.21736
1002,6168,0.23466
1002,6192,0.20622
1003,2126,0.39875
1003,2163,0.20181
1003,3095,0.21997
1003,3250,0.2237
1003,4055,0.24274
1003,4135,0.20057
1003,5228,0.20681
1003,6128,0.21677
1003,6141,0.32697
1004,2931,0.21028
1004,3008,0.29452
1004,5357,0.25451
1005,6200,0.20337
1006,1016,0.20171
1006,2226,0.31069
1006,5466,0.29126
1006,5606,0.29726
1006,6144,0.33883
1007,3442,0.20728
1008,2465,0.26045
1008,2531,0.2081
1008,3052,0.25392
1008,5592,0.20581
1009,2417,0.21598
1009,3317,0.47644
1009,4743,0.21291
1009,5804,0.44782
1009,5826,0.21243
1009,6212,0.2127
1010,2877,0.23731
1012,1245,0.50929
1012,1292,0.42151
1012,2064,0.20201
1012,2449,0.29335
1012,3152,0.22399
1012,3387,0.22955
1012,3534,0.30386
1012,3889,0.25211
1012,4079,0.35219
1012,4718,0.33828
1012,4798,0.23906
1012,5566,0.33828
1012,6006,0.50655
1013,1215,0.20994
1013,1270,0.5064
1013,1296,0.27704
1013,1400,0.20545
1013,1416,0.20324
1013,1684,0.33148
1013,1720,0.45138
1013,2245,0.29581
1013,2265,0.30434
1013,2417,0.2485
1013,2506,0.2024
1013,2543,0.20009
1013,2567,0.23598
1013,2575,0.24688
1013,2702,0.20694
1013,2713,0.22339
1013,2782,0.34766
1013,2938,0.35875
1013,2970,0.27462
1013,3023,0.24309
1013,3123,0.37396
1013,3146,0.27143
1013,3172,0.24917
1013,3350,0.29245
1013,3446,0.3045
1013,3495,0.41472
1013,3531,0.24673
1013,3707,0.34691
1013,4161,0.3027
1013,4189,0.21819
1013,4227,0.24917
1013,4294,0.25181
1013,4562,0.22646
1013,4752,0.27579
1013,4955,0.2138
1013,4957,0.23825
1013,5012,0.28617
1013,5061,0.20969
1013,5329,0.30851
1013,5649,0.41117
1013,5893,0.29727
1013,6082,0.3758
1013,6212,0.30011
1015,3150,0.21422
1015,3902,0.26307
1015,4077,0.25211
1015,4276,0.27035
1015,4895,0.32389
1015,5700,0.3172
1015,6017,0.23042
1016,2226,0.29078
1016,5466,0.22186
1016,6144,0.33235
1017,1054,0.27619
1017,1517,0.24209
1017,1634,0.25284
1017,1765,0.56408
1017,1808,0.3245
1017,1977,0.22255
1017,2286,0.36463
1017,2552,0.24472
1017,2578,0.35566
1017,2699,0.28803
1017,2857,0.28703
1017,2930,0.24025
1017,2954,0.36516
1017,2984,0.25715
1017,2988,0.20591
1017,3141,0.23129
1017,3805,0.21743
1017,3913,0.20602
1017,4313,0.23576
1017,4409,0.27423
1017,4539,0.21804
1017,4545,0.27975
1017,4686,0.23999
1017,4858,0.21903
1017,4921,0.23227
1017,4929,0.20962
1017,5072,0.25222
1017,5086,0.24003
1017,5303,0.24667
1017,5737,0.28783
1017,5992,0.31923
1018,2019,0.2808
1018,2194,0.21509
1018,2594,0.22947
1018,2829,0.26325
1018,3722,0.22379
1018,4177,0.22588
1018,4837,0.22033
1018,4853,0.24805
1018,4961,0.2745
1018,5597,0.21821
1018,5939,0.22603
1018,6021,0.229
1018,6215,0.20158
1019,1249,0.25386
1019,2297,0.22725
1019,3008,0.24169
1019,4466,0.23953
1019,5357,0.23466
1019,5425,0.21028
1019,5595,0.23188
1019,5898,0.2084
1020,2940,0.23415
1020,4999,0.21509
1021,1267,0.23477
1022,2531,0.27061
1022,3368,0.20121
1023,1183,0.26113
1023,1212,0.32144
1023,1265,0.28726
1023,1329,0.20904
1023,1344,0.23686
1023,1412,0.3777
1023,1907,0.25408
1023,1958,0.26677
1023,2122,0.24329
1023,2150,0.29306
1023,2198,0.25419
1023,2359,0.21469
1023,2464,0.21673
1023,2516,0.22955
1023,2556,0.23512
1023,2742,0.25091
1023,2880,0.23493
1023,2927,0.27931
1023,3045,0.27023
1023,3055,0.22062
1023,3160,0.2139
1023,3393,0.21358
1023,3537,0.24986
1023,3607,0.24155
1023,3712,0.34049
1023,3783,0.20992
1023,3836,0.22861
1023,3891,0.20246
1023,3981,0.32137
1023,4090,0.3193
1023,4139,0.63129
1023,4230,0.22184
1023,4426,0.2567
1023,4439,0.2082
1023,4577,0.45938
1023,4787,0.25323
1023,4816,0.32645
1023,4837,0.27134
1023,4942,0.2703
1023,4960,0.21473
1023,5051,0.28962
1023,5104,0.23575
1023,5187,0.28432
1023,5379,0.25706
1023,5392,0.3092
1023,5447,0.20863
1023,5489,0.37472
1023,5689,0.3083
1023,5734,0.23765
1023,6067,0.27443
1023,6158,0.24554
1024,2182,0.21701
1024,2497,0.43089
1024,4143,0.21704
1024,5274,0.27736
1024,6130,0.22113
1025,1310,0.26505
1025,1395,0.32486
1025,1399,0.20319
1025,1723,0.33594
1025,1749,0.29572
1025,3540,0.24186
1025,4219,0.22447
1025,5299,0.27357
1025,5642,0.25076
1025,6176,0.2123
1026,1117,0.23843
1026,1369,0.21096
1026,1492,0.31331
1026,1599,0.37452
1026,1621,0.21122
1026,2328,0.2395
1026,2481,0.20674
1026,3439,0.28227
1026,3646,0.25033
1026,3948,0.21861
1026,4011,0.30808
1026,4150,0.20527
1026,4285,0.21985
1026,4984,0.27211
1026,5239,0.20899
1026,5318,0.22002
1026,6111,0.20138
1026,6143,0.21656
1027,2085,0.34791
1027,3678,0.36043
1027,6140,0.38602
1028,1059,0.3411
1028,1061,0.21197
1028,1150,0.44888
1028,1241,0.29493
1028,1350,0.25448
1028,1378,0.24299
1028,1522,0.21531
1028,1532,0.30263
1028,1682,0.23419
1028,1716,0.44647
1028,1719,0.32614
1028,1813,0.25005
1028,1905,0.33929
1028,2214,0.40444
1028,2258,0.24081
1028,2319,0.45362
1028,2444,0.26008
1028,2453,0.24455
1028,2488,0.28358
1028,2629,0.37616
1028,2641,0.22932
1028,2759,0.25251
1028,2790,0.41288
1028,2903,0.20654
1028,2906,0.33208
1028,2993,0.31982
1028,3252,0.27034
1028,3472,0.44819
1028,3579,0.29101
1028,3643,0.36949
1028,3791,0.23873
1028,3821,0.29173
1028,3854,0.29311
1028,4022,0.26832
1028,4226,0.3373
1028,4321,0.20328
1028,4352,0.39247
1028,4561,0.3266
1028,4607,0.29492
1028,4609,0.36004
1028,4842,0.46374
1028,4907,0.33219
1028,5090,0.32657
1028,5270,0.23227
1028,5367,0.21482
1028,5557,0.29417
1028,5930,0.32171
1028,5995,0.36
1030,6200,0.2229
1031,1050,0.20251
1031,1142,0.27882
1031,1182,0.26827
1031,1230,0.29728
1031,1362,0.36009
1031,1460,0.47691
1031,1570,0.21844
1031,1587,0.27504
1031,1649,0.20823
1031,1697,0.21363
1031,1847,0.22547
1031,2090,0.34372
1031,2118,0.276
1031,2327,0.49019
1031,2337,0.43829
1031,2362,0.51237
1031,2502,0.32588
1031,2564,0.29071
1031,2579,0.27877
1031,2935,0.20903
1031,3032,0.25859
1031,3072,0.36894
1031,3502,0.23522
1031,3590,0.21105
1031,3709,0.24371
1031,3844,0.27252
1031,3953,0.25682
1031,4114,0.22647
1031,4182,0.23968
1031,4224,0.39762
1031,4284,0.33344
1031,4295,0.36483
1031,4593,0.52721
1031,4689,0.31781
1031,4696,0.25164
1031,5245,0.24234
1031,5307,0.31437
1031,5490,0.27838
1031,5494,0.2916
1031,5518,0.29828
1031,5665,0.32213
1031,5855,0.21759
1031,5859,0.32566
1031,5885,0.28167
1031,5901,0.32849
1031,6051,0.3883
1031,6054,0.35686
1031,6185,0.33227
1031,6227,0.21832
1032,1486,0.24354
1032,4823,0.23293
1032,5891,0.24707
1032,6200,0.20809
1033,1135,0.22118
1033,1461,0.22725
1033,2581,0.21093
1033,2942,0.20322
1033,3591,0.35219
1033,4120,0.28248
1033,4865,0.21879
1033,4941,0.44901
1033,5633,0.44944
1033,5681,0.2084
1035,1761,0.28296
1035,2890,0.41545
1035,4630,0.2831
1035,4979,0.21213
1036,1211,0.21764
1036,1238,0.24013
1036,1273,0.21441
1036,1380,0.2598
1036,1501,0.20159
1036,1758,0.23056
1036,1999,0.20882
1036,2032,0.20719
1036,2172,0.33374
1036,2647,0.2438
1036,2846,0.2604
1036,4774,0.20758
1036,5190,0.26504
1036,5215,0.20327
1038,1142,0.21597
1038,1304,0.40511
1038,1328,0.49899
1038,1595,0.35452
1038,1838,0.45464
1038,2195,0.41071
1038,2278,0.21364
1038,2327,0.21213
1038,3806,0.22751
1038,3874,0.47549
1038,4362,0.39506
1038,4953,0.38613
1038,5351,0.47513
1038,5818,0.20152
1039,1142,0.22399
1039,1230,0.22453
1039,1460,0.25099
1039,1709,0.24726
1039,2090,0.22739
1039,2327,0.34012
1039,2337,0.37258
1039,2564,0.20006
1039,2820,0.29286
1039,3590,0.23438
1039,4114,0.30628
1039,4134,0.22908
1039,4587,0.22503
1039,4593,0.28385
1039,4689,0.22423
1039,4903,0.20158
1039,4994,0.20053
1039,5057,0.22725
1039,5245,0.23299
1039,5307,0.22945
1039,5665,0.22762
1039,6051,0.25557
1040,2942,0.2622
1041,1134,0.23178
1043,2072,0.25269
1043,3224,0.48931
1043,3543,0.30594
1043,4064,0.2616
1043,4643,0.48569
1043,4729,0.43409
1043,5727,0.48131
1043,6012,0.2642
1044,1792,0.23288
1044,2010,0.27264
1044,3882,0.20349
1044,4205,0.20028
1044,5029,0.29596
1044,5039,0.20404
1044,5543,0.21757
1045,1179,0.44944
1045,1403,0.23225
1045,1712,0.26243
1045,1793,0.22743
1045,2454,0.40709
1045,2491,0.41545
1045,3042,0.25263
1045,3184,0.23188
1045,4129,0.44208
1045,4132,0.24988
1045,4243,0.27319
1045,4329,0.36164
1045,4455,0.45113
1045,4874,0.22058
1045,5153,0.23061
1045,5217,0.38776
1045,5326,0.52721
1045,5827,0.28248
1045,5966,0.40709
1045,6126,0.45012
1045,6135,0.45113
1046,4674,0.2045
1046,5141,0.24604
1048,1179,0.45113
1048,2454,0.24429
1048,3095,0.23052
1048,3184,0.22253
1048,3414,0.26678
1048,3964,0.22355
1048,4127,0.202
1048,4129,0.33828
1048,4329,0.2434
1048,4455,0.48011
1048,5217,0.49019
1048,5326,0.45113
1048,5419,0.21213
1048,5937,0.22714
1048,5966,0.50655
1048,6126,0.28248
1048,6135,0.48011
1049,1120,0.23127
1049,1176,0.21463
1049,1285,0.22314
1049,1409,0.20994
1049,1549,0.25045
1049,1578,0.23143
1049,1802,0.21567
1049,2512,0.55625
1049,2602,0.20361
1049,3147,0.22179
1049,3302,0.2138
1049,3710,0.2087
1049,3795,0.25446
1049,3835,0.22493
1049,3928,0.21963
1049,3941,0.23358
1049,4017,0.26381
1049,4123,0.20114
1049,4282,0.26105
1049,4457,0.20077
1049,4596,0.30558
1049,4815,0.39144
1049,5125,0.27806
1049,5172,0.22612
1049,5325,0.23094
1049,5496,0.2016
1049,5508,0.22523
1049,5569,0.27131
1049,5736,0.30708
1049,6043,0.20335
1050,1460,0.23207
1050,2090,0.22751
1050,2307,0.28962
1050,2327,0.28783
1050,3590,0.2076
1050,4284,0.22681
1050,4593,0.25784
1050,4689,0.23645
1050,5059,0.2033
1050,5307,0.21618
1050,5494,0.31762
1050,5518,0.20464
1050,5859,0.24153
1050,5885,0.24173
1050,6185,0.21093
1051,2402,0.21246
1051,4942,0.22467
1051,5261,0.21094
1052,1117,0.22205
1052,1373,0.44841
1052,1492,0.21936
1052,2162,0.203
1052,3208,0.20678
1052,4201,0.23396
1052,4316,0.21131
1052,5064,0.20053
1052,5239,0.20128
1052,5456,0.21662
1054,1162,0.25386
1054,1302,0.2595
1054,1378,0.25492
1054,1532,0.2831
1054,1623,0.4148
1054,1634,0.4148
1054,1731,0.36164
1054,1765,0.29452
1054,1813,0.3276
1054,1977,0.36122
1054,1995,0.20994
1054,2020,0.20352
1054,2039,0.26019
1054,2286,0.28248
1054,2321,0.20288
1054,2549,0.28538
1054,2552,0.47513
1054,2889,0.26133
1054,2990,0.26878
1054,3074,0.35967
1054,3547,0.21555
1054,3601,0.35326
1054,3620,0.22161
1054,3674,0.25518
1054,3767,0.20927
1054,3888,0.21555
1054,4313,0.23427
1054,4355,0.20881
1054,4409,0.29452
1054,4614,0.35219
1054,4716,0.35326
1054,4779,0.33828
1054,4858,0.20994
1054,4876,0.3883
1054,5034,0.35219
1054,5098,0.40709
1054,5471,0.45012
1054,5998,0.35262
1054,6063,0.2878
1054,6194,0.20881
1054,6222,0.21213
1055,1512,0.21707
1055,2159,0.23452
1055,2181,0.20821
1055,3846,0.2082
1055,4434,0.36873
1055,4860,0.20916
1055,4980,0.25705
1055,5534,0.22642
1055,5581,0.24658
1056,2885,0.27226
1058,2286,0.26141
1058,2552,0.20308
1058,2954,0.20364
1058,3805,0.21832
1058,4409,0.26986
1058,5072,0.20985
1059,1061,0.35645
1059,1150,0.25946
1059,1241,0.38504
1059,1333,0.26104
1059,1341,0.24835
1059,1350,0.23469
1059,1378,0.20534
1059,1532,0.21649
1059,1560,0.23694
1059,1692,0.33714
1059,1716,0.35338
1059,1719,0.30628
1059,1890,0.20004
1059,1897,0.24842
1059,1905,0.53034
1059,2214,0.27711
1059,2258,0.26254
1059,2319,0.37708
1059,2444,0.53237
1059,2453,0.30823
1059,2488,0.24681
1059,2573,0.32274
1059,2629,0.32489
1059,2641,0.34854
1059,2658,0.27547
1059,2677,0.234
1059,2759,0.20001
1059,2790,0.37087
1059,2816,0.20873
1059,2839,0.32098
1059,2906,0.30269
1059,2993,0.5513
1059,3252,0.26004
1059,3472,0.28277
1059,3550,0.32556
1059,3579,0.21335
1059,3643,0.64162
1059,3791,0.24955
1059,3821,0.2844
1059,3854,0.24109
1059,4022,0.26681
1059,4226,0.56181
1059,4300,0.33404
1059,4352,0.59875
1059,4521,0.23877
1059,4561,0.25659
1059,4579,0.25467
1059,4609,0.60982
1059,4646,0.24796
1059,4836,0.32372
1059,4842,0.34762
1059,4907,0.32971
1059,4915,0.24972
1059,5090,0.20552
1059,5099,0.21507
1059,5367,0.26426
1059,5557,0.35984
1059,5925,0.2186
1059,5930,0.24301
1059,5995,0.21804
1059,6031,0.33904
1059,6040,0.29497
1061,1241,0.48858
1061,1333,0.4258
1061,1532,0.21417
1061,1575,0.20184
1061,1682,0.26033
1061,1692,0.30295
1061,1716,0.35003
1061,1759,0.24081
1061,1897,0.26484
1061,1905,0.30361
1061,2319,0.32479
1061,2444,0.29155
1061,2488,0.32316
1061,2629,0.25491
1061,2641,0.24648
1061,2658,0.34924
1061,2677,0.20541
1061,2759,0.29936
1061,2790,0.47306
1061,2816,0.21254
1061,2839,0.56975
1061,2906,0.27689
1061,2993,0.28373
1061,3252,0.21028
1061,3472,0.52074
1061,3550,0.30203
1061,3579,0.25659
1061,3643,0.36041
1061,3821,0.21153
1061,4226,0.30186
1061,4300,0.43957
1061,4352,0.3618
1061,4521,0.24742
1061,4579,0.46555
1061,4607,0.20449
1061,4609,0.34825
1061,4638,0.21386
1061,4646,0.30532
1061,4836,0.42983
1061,4842,0.2562
1061,4907,0.20144
1061,4915,0.25588
1061,5090,0.3089
1061,5099,0.22256
1061,5367,0.20249
1061,5557,0.57187
1061,5600,0.20151
1061,5930,0.22337
1061,6031,0.4888
1061,6040,0.41973
1061,6183,0.26809
1062,1077,0.46673
1062,2006,0.48725
1062,2817,0.21515
1062,3135,0.21473
1062,3374,0.61284
1062,3434,0.3279
1062,3722,0.4388
1062,3965,0.20297
1062,4074,0.25918
1062,4546,0.20766
1062,5939,0.20174
1062,6174,0.3852
1062,6205,0.37877
1062,6215,0.45532
1064,1948,0.26543
1064,2904,0.35044
1064,3119,0.22189
1064,3633,0.33106
1064,3709,0.21173
1064,4221,0.21254
1064,4866,0.20787
1064,5245,0.21624
1064,5597,0.52821
1064,6185,0.36483
1064,6216,0.24361
1066,1076,0.21666
1067,2561,0.26019
1069,1482,0.20416
1069,2588,0.26137
1069,2774,0.25091
1070,2572,0.21055
1070,5303,0.20059
1071,5184,0.20239
1071,5761,0.20352
1072,2587,0.24089
1072,2654,0.24001
1072,2846,0.20759
1072,3197,0.38922
1072,3616,0.27075
1072,4839,0.25674
1072,5086,0.24393
1072,5878,0.20737
1075,3071,0.27691
1075,5229,0.21283
1076,2947,0.22228
1077,2006,0.36132
1077,3374,0.40877
1077,3434,0.22138
1077,3722,0.23699
1077,6205,0.20161
1077,6215,0.63966
1078,2288,0.28983
1078,2662,0.23991
1078,3532,0.29686
1078,4726,0.23489
1079,1863,0.20407
1079,2117,0.26144
1079,2325,0.21271
1079,2689,0.23555
1079,2749,0.36418
1079,3422,0.23259
1079,3619,0.20528
1079,3639,0.20356
1079,3700,0.28217
1079,4189,0.42031
1079,4659,0.28296
1079,4743,0.29638
1079,4897,0.25993
1079,4912,0.21312
1079,4923,0.21819
1079,5437,0.20084
1079,5804,0.31716
1079,5826,0.26776
1079,6224,0.20894
1081,1922,0.31594
1081,2206,0.36256
1081,2419,0.36268
1081,2451,0.32423
1081,3410,0.36754
1081,3423,0.21005
1081,4211,0.3883
1081,4784,0.35219
1081,4882,0.2138
1081,4966,0.22623
1081,4979,0.25199
1081,5100,0.2832
1081,5171,0.20779
1081,5287,0.22093
1081,5441,0.44944
1081,5622,0.30363
1081,5684,0.27619
1081,5879,0.29934
1082,3257,0.21242
1083,2855,0.20032
1083,4196,0.22682
1083,5644,0.24596
1083,5653,0.2499
1083,5788,0.22187
1083,6093,0.2914
1083,6141,0.23867
1084,3095,0.3543
1085,1362,0.25855
1085,1539,0.27175
1085,2972,0.25429
1085,3548,0.20863
1085,3980,0.2886
1085,5244,0.22474
1085,5365,0.21818
1085,5792,0.31046
1085,6117,0.26539
1086,1417,0.25233
1086,1757,0.207
1087,1101,0.27619
1087,2045,0.2041
1087,2200,0.27501
1087,2666,0.22746
1087,3053,0.3883
1087,3364,0.32396
1087,3528,0.26248
1087,4268,0.31896
1087,4341,0.23071
1087,4413,0.2833
1087,5446,0.28797
1087,5720,0.36122
1087,5814,0.20818
1087,6149,0.30346
1088,5300,0.23307
1089,1637,0.22675
1089,1792,0.22857
1089,1929,0.20749
1089,2053,0.22692
1089,2293,0.32015
1089,2477,0.21293
1089,5218,0.22281
1089,5517,0.2468
1090,2144,0.25531
1090,4029,0.2878
1090,4736,0.22955
1090,5004,0.25884
1091,4007,0.20618
1091,4430,0.21883
1091,4724,0.20321
1091,5156,0.21213
1091,5344,0.2691
1091,5419,0.21614
1091,5799,0.21975
1091,5896,0.21222
1093,1096,0.22426
1093,1216,0.22528
1093,1223,0.25281
1093,1273,0.22762
1093,1369,0.32223
1093,1380,0.32171
1093,1496,0.37444
1093,1514,0.34691
1093,2328,0.55028
1093,2481,0.39341
1093,2507,0.20825
1093,2647,0.31486
1093,2959,0.27933
1093,3346,0.31324
1093,3439,0.20434
1093,4257,0.22175
1093,4285,0.25113
1093,4394,0.2614
1093,4423,0.34299
1093,4560,0.2406
1093,4586,0.36861
1093,4795,0.21401
1093,4807,0.22707
1093,4911,0.43492
1093,5040,0.28697
1093,5215,0.22275
1093,5318,0.22547
1093,5333,0.2617
1093,5763,0.51532
1093,5909,0.20332
1093,6143,0.28208
1094,1110,0.24478
1094,1259,0.2158
1094,1368,0.30429
1094,1805,0.22061
1094,2308,0.20479
1094,2433,0.272
1094,3164,0.21594
1094,3798,0.20233
1094,3948,0.2196
1094,4431,0.29184
1094,4519,0.25285
1094,4735,0.29205
1094,4883,0.20077
1094,5047,0.22607
1094,5616,0.25772
1094,5644,0.20028
1094,5728,0.20185
1095,1752,0.48011
1095,2439,0.23092
1095,2460,0.21648
1095,3008,0.59645
1095,4707,0.2434
1095,4956,0.21213
1095,4999,0.21242
1095,5097,0.21306
1095,5100,0.2434
1095,5357,0.51742
1095,5775,0.20532
1095,6054,0.23927
1096,1098,0.27134
1096,1131,0.24507
1096,1223,0.44472
1096,1273,0.4084
1096,1496,0.26253
1096,1514,0.33828
1096,1679,0.22399
1096,2009,0.3033
1096,2272,0.2918
1096,2301,0.27619
1096,2328,0.23981
1096,2353,0.23116
1096,2481,0.25531
1096,2559,0.32829
1096,2647,0.27619
1096,3016,0.20218
1096,3089,0.33203
1096,3454,0.20322
1096,3507,0.20288
1096,3933,0.30339
1096,4212,0.20591
1096,4340,0.20881
1096,4423,0.21166
1096,4443,0.20502
1096,4532,0.24064
1096,4547,0.39407
1096,4795,0.20452
1096,5215,0.24362
1096,5292,0.22094
1096,5321,0.32829
1096,5333,0.20288
1096,5530,0.26427
1096,5763,0.23774
1096,5878,0.20286
1096,5909,0.2127
1096,6143,0.21832
1097,1552,0.31757
1097,1901,0.22295
1097,2115,0.29688
1097,2285,0.22804
1097,2315,0.41184
1097,4217,0.20219
1097,4478,0.21595
1097,5110,0.3556
1097,5186,0.31122
1097,5255,0.28282
1097,5706,0.24476
1097,5919,0.46305
1098,1131,0.31697
1098,1211,0.22247
1098,1216,0.22269
1098,1223,0.46998
1098,1238,0.21552
1098,1273,0.31922
1098,1277,0.21666
1098,1369,0.23993
1098,1380,0.27606
1098,1430,0.22807
1098,1496,0.29731
1098,1514,0.27596
1098,1679,0.27357
1098,1999,0.24958
1098,2160,0.21194
1098,2172,0.35527
1098,2252,0.29647
1098,2272,0.44501
1098,2301,0.22448
1098,2328,0.29535
1098,2353,0.22354
1098,2401,0.22396
1098,2481,0.29625
1098,2507,0.2437
1098,2559,0.21574
1098,2581,0.26524
1098,2647,0.34061
1098,3089,0.37509
1098,3269,0.2663
1098,3454,0.30273
1098,3612,0.25136
1098,3933,0.58281
1098,4257,0.22137
1098,4285,0.299
1098,4340,0.26801
1098,4349,0.22942
1098,4380,0.24778
1098,4394,0.21187
1098,4423,0.28491
1098,4443,0.24436
1098,4547,0.44056
1098,4560,0.2189
1098,4586,0.21096
1098,4602,0.26216
1098,4807,0.31132
1098,5190,0.28538
1098,5192,0.21303
1098,5215,0.38921
1098,5292,0.23346
1098,5318,0.23198
1098,5333,0.33496
1098,5345,0.22455
1098,5486,0.26133
1098,5603,0.28062
1098,5711,0.25842
1098,5763,0.24776
1098,5796,0.21528
1098,6002,0.21982
1098,6078,0.25912
1098,6143,0.24212
1099,2914,0.22209
1099,4254,0.2242
1099,5038,0.22463
1099,5159,0.22636
1100,5449,0.24528
1101,1151,0.57439
1101,1305,0.45113
1101,1376,0.63147
1101,1517,0.52721
1101,1611,0.21062
1101,1784,0.20994
1101,2102,0.27066
1101,2200,0.50247
1101,2360,0.59084
1101,2386,0.2107
1101,2642,0.73697
1101,2657,0.36164
1101,2666,0.20927
1101,2838,0.40709
1101,2841,0.20416
1101,3053,0.67211
1101,3058,0.49019
1101,3309,0.29686
1101,3418,0.22399
1101,3461,0.2831
1101,3519,0.35326
1101,3524,0.57055
1101,3589,0.20296
1101,3896,0.29829
1101,4020,0.22261
1101,4240,0.27665
1101,4246,0.27407
1101,4413,0.63849
1101,4637,0.28783
1101,4688,0.2998
1101,4733,0.44446
1101,4878,0.28514
1101,5033,0.3876
1101,5720,0.73927
1101,6015,0.28783
1101,6149,0.59084
1103,4724,0.32161
1103,5140,0.21478
1104,3118,0.21418
1105,3444,0.21146
1105,4930,0.23847
1106,1133,0.20478
1106,2586,0.22416
1106,3537,0.21882
1106,4835,0.26435
1107,1145,0.22126
1107,1520,0.28315
1107,2280,0.22716
1107,3096,0.23881
1107,3989,0.25388
1107,5065,0.27046
1108,2649,0.21832
1108,3322,0.23466
1108,3516,0.26823
1108,3526,0.22401
1108,4070,0.24944
1108,4789,0.36164
1108,4954,0.2998
1108,5542,0.27882
1108,6194,0.29829
1109,1436,0.22896
1110,1259,0.57031
1110,2384,0.27741
1110,2433,0.66176
1110,2436,0.24216
1110,3044,0.47351
1110,4150,0.21558
1110,4390,0.51222
1110,4519,0.48964
1110,4978,0.25811
1110,5718,0.36273
1110,6150,0.25719
1110,6213,0.27768
1111,1171,0.23324
1111,1180,0.27311
1111,1577,0.26041
1111,2179,0.20483
1111,2724,0.34688
1111,3174,0.25354
1111,3190,0.21208
1111,3412,0.22655
1111,3904,0.23305
1111,3915,0.21775
1111,4028,0.28711
1111,4091,0.24379
1111,4128,0.25645
1111,4376,0.2138
1111,4748,0.23035
1111,5134,0.20309
1111,5181,0.20517
1111,5199,0.22692
1111,5429,0.23816
1111,5670,0.24671
1111,5716,0.24703
1111,6055,0.23187
1112,1204,0.57017
1112,1532,0.24461
1112,1683,0.57068
1112,2054,0.30306
1112,2192,0.54315
1112,2234,0.65321
1112,2906,0.20482
1112,3872,0.65295
1112,4251,0.61609
1112,4725,0.22413
1112,4777,0.68758
1112,4876,0.33983
1112,6042,0.21477
1113,2698,0.52354
1113,2780,0.31747
1113,4441,0.23935
1115,3824,0.24095
1115,3993,0.26927
1115,4956,0.23466
1116,1485,0.21271
1116,1975,0.29145
1116,2211,0.45315
1116,2887,0.42061
1116,3110,0.51438
1116,3941,0.26115
1116,4975,0.2393
1116,5078,0.20019
1117,1253,0.25274
1117,1380,0.23362
1117,1456,0.37895
1117,1492,0.20245
1117,1496,0.2787
1117,1514,0.20041
1117,1599,0.27351
1117,1708,0.2101
1117,1812,0.25706
1117,2039,0.23201
1117,2225,0.28783
1117,2328,0.2246
1117,2481,0.23592
1117,2581,0.20751
1117,2647,0.24644
1117,2873,0.22401
1117,2959,0.20725
1117,3144,0.25759
1117,3180,0.20995
1117,3312,0.32238
1117,3439,0.34256
1117,3454,0.20402
1117,3711,0.34137
1117,3826,0.37349
1117,3847,0.22399
1117,3956,0.21648
1117,4011,0.48348
1117,4308,0.23546
1117,4380,0.20414
1117,4598,0.30777
1117,4683,0.49048
1117,4807,0.21687
1117,4858,0.20207
1117,4984,0.49052
1117,5119,0.2891
1117,5215,0.23046
1117,5318,0.22082
1117,5333,0.2299
1117,5448,0.21291
1117,5541,0.24105
1117,5763,0.21559
1117,5878,0.23664
1118,1378,0.31476
1118,1532,0.25622
1118,2214,0.21203
1118,4391,0.21081
1118,4607,0.22128
1118,5576,0.20229
1118,5710,0.20209
1118,5924,0.20366
1120,1285,0.38477
1120,1409,0.22725
1120,1549,0.40308
1120,1569,0.44283
1120,1578,0.54212
1120,1639,0.47923
1120,1641,0.37391
1120,1728,0.42865
1120,1982,0.37012
1120,2138,0.30774
1120,2241,0.2595
1120,2352,0.44848
1120,2393,0.31898
1120,2608,0.37533
1120,2639,0.20984
1120,3147,0.44944
1120,3302,0.33481
1120,3357,0.35429
1120,3435,0.46864
1120,3715,0.29728
1120,3795,0.5724
1120,3835,0.3602
1120,3886,0.22536
1120,3928,0.38709
1120,3931,0.41456
1120,3941,0.31099
1120,3946,0.43942
1120,4017,0.35489
1120,4233,0.37258
1120,4238,0.20225
1120,4282,0.56761
1120,4419,0.40328
1120,4442,0.23309
1120,4596,0.21236
1120,4646,0.2395
1120,4826,0.20932
1120,4870,0.48011
1120,4943,0.30453
1120,5125,0.25442
1120,5172,0.43829
1120,5231,0.30659
1120,5325,0.4038
1120,5496,0.30239
1120,5508,0.57979
1120,5642,0.25194
1120,5811,0.35313
1121,4452,0.20742
1122,5841,0.22725
1123,1627,0.29243
1123,2434,0.27478
1123,3422,0.30914
1123,5900,0.21613
1124,1339,0.26962
1124,2186,0.27582
1124,2288,0.20881
1124,2625,0.20726
1124,2664,0.20658
1124,2902,0.22161
1124,3155,0.25397
1124,3228,0.23312
1124,3517,0.25843
1124,3909,0.25131
1124,4303,0.24458
1124,4631,0.23908
1124,4706,0.28658
1124,4803,0.28296
1124,5009,0.25594
1124,5174,0.28783
1124,5657,0.23041
1124,5884,0.23062
1124,6159,0.22337
1125,1691,0.29232
1125,2884,0.20057
1125,2939,0.2504
1125,3257,0.25178
1125,3504,0.24835
1125,3588,0.36164
1125,3782,0.20998
1125,3866,0.24954
1125,4325,0.29706
1125,4342,0.25991
1125,4721,0.26439
1125,5140,0.26133
1125,5419,0.4148
1125,5423,0.28221
1125,5432,0.22268
1125,5445,0.22778
1125,5759,0.28538
1125,5938,0.27619
1126,2772,0.22399
1126,3402,0.21879
1127,2497,0.22344
1127,4878,0.21289
1128,1451,0.20716
1128,3032,0.21244
1128,3072,0.23381
1128,3590,0.24782
1128,4459,0.20965
1128,5145,0.20278
1128,5245,0.32661
1128,5272,0.27103
1128,5494,0.34007
1128,5885,0.22082
1128,6188,0.27902
1129,3134,0.20635
1130,3860,0.27224
1130,4026,0.22202
1130,6228,0.20755
1131,1223,0.27021
1131,1273,0.21722
1131,1430,0.27508
1131,1679,0.21117
1131,2272,0.35483
1131,2559,0.23918
1131,3089,0.35384
1131,3933,0.30275
1131,4340,0.24576
1131,4547,0.35426
1131,4550,0.20403
1131,5737,0.3276
1132,1712,0.20586
1133,2541,0.20786
1133,2814,0.22981
1135,2581,0.22399
1135,3591,0.29452
1135,3905,0.25733
1135,4120,0.36122
1135,4941,0.40709
1135,5080,0.20059
1135,5633,0.42634
1135,6120,0.22399
1136,1415,0.22427
1136,1741,0.21801
1136,1868,0.21814
1136,5300,0.2741
1137,1625,0.22891
1137,5414,0.2307
1137,5991,0.20213
1138,1178,0.37018
1138,1276,0.34668
1138,1332,0.20565
1138,1621,0.2564
1138,1702,0.22389
1138,1805,0.23605
1138,1998,0.41984
1138,2445,0.22706
1138,2799,0.30098
1138,3283,0.22791
1138,3303,0.25726
1138,3338,0.20865
1138,3474,0.31634
1138,3646,0.21074
1138,3664,0.26755
1138,3741,0.22331
1138,3798,0.58898
1138,3900,0.22746
1138,4172,0.30082
1138,4268,0.23063
1138,4397,0.21312
1138,4558,0.40257
1138,4594,0.26775
1138,4641,0.24435
1138,5047,0.2732
1138,5071,0.30471
1138,5239,0.29709
1138,5313,0.31336
1138,5457,0.57096
1138,5486,0.44446
1138,5628,0.22419
1138,5637,0.26269
1138,5772,0.37909
1140,1274,0.21425
1140,1647,0.28891
1140,1747,0.20469
1140,2114,0.20378
1140,2208,0.20957
1140,2369,0.20094
1140,2632,0.28538
1140,2662,0.25177
1140,3470,0.30606
1140,3701,0.28285
1140,4568,0.2227
1140,4631,0.27105
1140,4706,0.22261
1140,4803,0.20994
1140,4900,0.21212
1140,5009,0.21335
1140,5042,0.52082
1140,5143,0.2879
1140,5154,0.20024
1140,5576,0.23134
1140,5769,0.39368
1140,5884,0.22017
1140,6151,0.25186
1140,6207,0.47054
1142,1158,0.22399
1142,1182,0.44944
1142,1230,0.41545
1142,1342,0.3276
1142,1362,0.28783
1142,1460,0.23927
1142,1497,0.44446
1142,1525,0.20778
1142,1570,0.48011
1142,1587,0.22725
1142,1597,0.48011
1142,1649,0.2354
1142,1678,0.20584
1142,1880,0.44944
1142,1882,0.47772
1142,2034,0.45113
1142,2090,0.57439
1142,2118,0.36483
1142,2175,0.27341
1142,2187,0.40709
1142,2195,0.20296
1142,2327,0.40602
1142,2337,0.44446
1142,2346,0.29452
1142,2502,0.24941
1142,2519,0.3553
1142,2564,0.21213
1142,2579,0.26073
1142,2728,0.22399
1142,2829,0.20178
1142,2940,0.21213
1142,2997,0.28296
1142,3151,0.50247
1142,3380,0.22725
1142,3442,0.26823
1142,3502,0.24169
1142,3582,0.35158
1142,3590,0.24458
1142,3636,0.28385
1142,3662,0.25386
1142,3844,0.44208
1142,3930,0.40709
1142,3951,0.26301
1142,3953,0.45113
1142,4114,0.41545
1142,4218,0.23577
1142,4284,0.48011
1142,4295,0.28296
1142,4386,0.50576
1142,4514,0.24957
1142,4593,0.26133
1142,4634,0.45012
1142,4696,0.36122
1142,4850,0.38776
1142,4886,0.23134
1142,4949,0.3276
1142,4992,0.38776
1142,4994,0.3276
1142,5021,0.36122
1142,5057,0.4102
1142,5145,0.26607
1142,5198,0.44446
1142,5201,0.29728
1142,5211,0.20927
1142,5254,0.26213
1142,5310,0.44208
1142,5365,0.67211
1142,5404,0.22399
1142,5490,0.21213
1142,5561,0.21213
1142,5591,0.36256
1142,5596,0.50247
1142,5662,0.25969
1142,5665,0.3005
1142,5699,0.24957
1142,5706,0.21213
1142,5709,0.28514
1142,5786,0.2595
1142,5798,0.36256
1142,5818,0.28783
1142,5855,0.37258
1142,5901,0.45113
1142,5910,0.38776
1142,5982,0.56059
1142,6051,0.22725
1142,6062,0.26019
1142,6118,0.37258
1142,6178,0.21166
1143,1409,0.59645
1143,1644,0.20097
1143,2201,0.38647
1143,3043,0.2066
1143,3961,0.46138
1143,4337,0.20937
1143,6091,0.38891
1143,6190,0.25425
1144,1211,0.38978
1144,1238,0.38147
1144,1380,0.30166
1144,1637,0.21594
1144,1758,0.45938
1144,2401,0.2257
1144,2507,0.28342
1144,2615,0.21054
1144,2647,0.29689
1144,4285,0.23415
1144,4343,0.21039
1144,4349,0.32239
1144,4380,0.27442
1144,4394,0.42675
1144,4423,0.29202
1144,4443,0.22164
1144,4807,0.29165
1144,5190,0.49455
1144,5215,0.26754
1144,5292,0.34594
1144,5333,0.27174
1144,5796,0.3276
1144,6078,0.22111
1144,6193,0.43692
1145,1171,0.23466
1145,1233,0.25138
1145,1520,0.44374
1145,1601,0.22025
1145,1943,0.24957
1145,1986,0.20863
1145,2108,0.20349
1145,2342,0.20135
1145,2494,0.20956
1145,2824,0.27619
1145,3278,0.2726
1145,4192,0.20081
1145,4334,0.24169
1145,4336,0.22914
1145,4805,0.25122
1145,5741,0.29151
1145,6046,0.21832
1147,1277,0.20357
1147,1396,0.336
1147,1530,0.31596
1147,1611,0.30597
1147,1634,0.23277
1147,1831,0.20418
1147,1918,0.41396
1147,1977,0.21613
1147,2062,0.57439
1147,2167,0.34916
1147,2305,0.20494
1147,2326,0.22817
1147,2552,0.28688
1147,2578,0.3582
1147,2717,0.39307
1147,2796,0.26189
1147,2857,0.34857
1147,2873,0.30639
1147,2953,0.40795
1147,2954,0.2545
1147,3030,0.2776
1147,3171,0.21728
1147,3674,0.35689
1147,3805,0.33802
1147,4313,0.21928
1147,4479,0.25847
1147,4686,0.39101
1147,4858,0.46998
1147,4921,0.44208
1147,4929,0.44204
1147,5072,0.30308
1147,5086,0.28201
1147,5321,0.21293
1147,5415,0.25767
1147,5623,0.24095
1148,1409,0.21471
1148,1644,0.32068
1148,1968,0.21489
1148,3206,0.20162
1148,3466,0.30055
1148,4337,0.28014
1148,5486,0.25148
1148,5593,0.26918
1148,5772,0.21936
1148,6167,0.36629
1149,1487,0.21722
1149,1868,0.20067
1149,2089,0.2046
1149,2109,0.20931
1149,2531,0.20817
1149,3772,0.20372
1149,5601,0.25861
1149,6053,0.25235
1150,1241,0.32587
1150,1350,0.29368
1150,1378,0.24019
1150,1522,0.30388
1150,1532,0.21814
1150,1682,0.22556
1150,1716,0.40099
1150,1719,0.3114
1150,1905,0.23465
1150,2214,0.30993
1150,2258,0.28216
1150,2319,0.46721
1150,2444,0.21249
1150,2453,0.22477
1150,2488,0.26901
1150,2573,0.28248
1150,2629,0.37619
1150,2759,0.23732
1150,2790,0.37444
1150,2906,0.35735
1150,2993,0.21675
1150,3252,0.25771
1150,3472,0.41392
1150,3643,0.2469
1150,3821,0.38365
1150,3854,0.27454
1150,4022,0.24714
1150,4083,0.21821
1150,4226,0.24417
1150,4300,0.21871
1150,4352,0.29313
1150,4561,0.2953
1150,4607,0.28698
1150,4609,0.27845
1150,4722,0.20857
1150,4842,0.34316
1150,4907,0.35449
1150,5090,0.35789
1150,5270,0.23376
1150,5557,0.24481
1150,5930,0.23611
1150,5995,0.27467
1150,6031,0.21591
1151,1249,0.20322
1151,1376,0.28197
1151,1424,0.22805
1151,1517,0.2053
1151,2200,0.44901
1151,2360,0.24449
1151,2642,0.29944
1151,3031,0.25043
1151,3053,0.50247
1151,3058,0.25791
1151,3519,0.44208
1151,4344,0.21193
1151,4413,0.50655
1151,4728,0.26233
1151,4733,0.22785
1151,5033,0.31595
1151,5581,0.22231
1151,5720,0.57439
1151,5935,0.29728
1151,6101,0.20994
1151,6149,0.49019
1152,1731,0.25211
1152,1763,0.22433
1152,1986,0.31892
1152,1995,0.21213
1152,2549,0.27882
1152,2646,0.20085
1152,2719,0.20255
1152,2990,0.26878
1152,4355,0.27407
1152,4779,0.29759
1152,4889,0.20017
1152,5034,0.30239
1152,5098,0.223
1152,5741,0.21377
1153,1182,0.31845
1153,1230,0.20331
1153,1362,0.30881
1153,1460,0.38079
1153,1539,0.22907
1153,1587,0.38181
1153,1649,0.25419
1153,1697,0.2799
1153,2090,0.41851
1153,2118,0.23693
1153,2187,0.22992
1153,2327,0.2998
1153,2337,0.2434
1153,2395,0.23128
1153,2502,0.30554
1153,2564,0.20538
1153,2579,0.31455
1153,2812,0.30935
1153,2935,0.37974
1153,2997,0.20726
1153,3032,0.39817
1153,3072,0.21334
1153,3502,0.29421
1153,3590,0.32084
1153,3844,0.22027
1153,3953,0.20575
1153,4114,0.30377
1153,4182,0.21933
1153,4284,0.26663
1153,4456,0.25334
1153,4459,0.2689
1153,4593,0.28783
1153,4689,0.32352
1153,4696,0.23429
1153,5144,0.20909
1153,5145,0.2597
1153,5211,0.2351
1153,5245,0.31805
1153,5272,0.25217
1153,5307,0.43123
1153,5409,0.35727
1153,5490,0.35989
1153,5494,0.50693
1153,5518,0.29187
1153,5665,0.30683
1153,5859,0.3961
1153,5885,0.37576
1153,5901,0.20455
1153,6051,0.21213
1153,6054,0.21852
1153,6072,0.25341
1153,6118,0.21442
1155,1278,0.24522
1155,1421,0.26648
1155,1829,0.20153
1155,2917,0.23381
1155,3027,0.25857
1155,3913,0.20296
1155,4095,0.30919
1155,4243,0.24957
1155,4503,0.31405
1155,4767,0.2481
1156,2975,0.20726
1156,3509,0.21641
1156,5265,0.23257
1156,6003,0.20846
1156,6221,0.22202
1157,1264,0.21352
1157,1995,0.22502
1157,2029,0.20296
1157,3054,0.36122
1157,3074,0.25518
1157,5212,0.2107
1157,5492,0.23466
1157,5691,0.50576
1157,6171,0.22725
1158,1570,0.25272
1158,4473,0.22733
1158,5494,0.20551
1158,5590,0.22267
1158,5798,0.20862
1158,5945,0.26398
1158,6188,0.21736
1160,1698,0.25603
1160,3001,0.21193
1160,3160,0.22486
1160,3300,0.22725
1160,4775,0.20586
1160,4816,0.20584
1160,5261,0.20513
1160,5689,0.34605
1161,1262,0.20927
1161,1600,0.2173
1161,1797,0.21213
1161,2695,0.2595
1161,2878,0.49019
1161,2921,0.23927
1161,2985,0.50247
1161,3235,0.20584
1161,3678,0.21213
1161,3680,0.36122
1161,3932,0.20201
1161,4600,0.20994
1161,5056,0.28296
1161,5389,0.30346
1161,6101,0.52721
1162,2322,0.27059
1162,2494,0.25297
1163,1271,0.30874
1163,1531,0.34039
1163,2362,0.50167
1163,2472,0.26518
1163,2563,0.24808
1163,2595,0.28451
1163,2731,0.2952
1163,3855,0.27991
1163,4224,0.43016
1163,4348,0.23501
1163,4639,0.38511
1163,5872,0.28095
1164,1176,0.21194
1164,1287,0.21451
1164,1371,0.21345
1164,1675,0.24499
1164,2523,0.26684
1164,4529,0.20387
1164,4750,0.25557
1164,4939,0.23797
1164,5039,0.25979
1165,1756,0.21897
1165,1907,0.23449
1165,3326,0.22024
1165,3605,0.20707
1165,3613,0.36755
1165,4065,0.27619
1165,4206,0.23006
1165,4623,0.21083
1165,4775,0.20589
1165,5261,0.23293
1165,5343,0.34467
1166,2029,0.20131
1166,3849,0.22399
1166,4978,0.21734
1166,5354,0.27297
1166,6211,0.21709
1167,1944,0.22814
1167,1945,0.23162
1167,2169,0.21909
1167,2571,0.22019
1167,3197,0.21602
1167,3227,0.21363
1167,3288,0.20378
1167,4654,0.28914
1167,5319,0.24023
1167,5558,0.23133
1167,5776,0.22404
1168,2454,0.23466
1168,3235,0.22372
1168,5265,0.23337
1168,5326,0.21213
1168,6126,0.23927
1169,1476,0.2541
1169,4306,0.20452
1169,5905,0.23175
1170,1341,0.22716
1170,1359,0.24294
1170,1409,0.20927
1170,1716,0.20044
1170,1830,0.2274
1170,2010,0.20107
1170,2214,0.20976
1170,2412,0.27003
1170,2641,0.26246
1170,2677,0.2089
1170,3043,0.25813
1170,3669,0.24855
1170,4861,0.20283
1170,5367,0.23296
1171,1180,0.22134
1171,1788,0.20584
1171,3174,0.20241
1171,3244,0.23577
1171,3278,0.20201
1171,4437,0.2028
1171,5716,0.25588
1171,5880,0.20621
1172,1291,0.2137
1172,4024,0.20006
1172,4442,0.21162
1172,5096,0.21213
1172,5437,0.57439
1172,5825,0.24169
1172,5925,0.21422
1172,6160,0.42995
1172,6192,0.2013
1174,5289,0.20635
1175,1969,0.21479
1175,4233,0.26073
1175,4703,0.21548
1175,5035,0.3876
1175,6064,0.2998
1175,6191,0.20055
1176,2806,0.28931
1178,1276,0.56745
1178,1332,0.20033
1178,1543,0.22214
1178,1702,0.2042
1178,1998,0.29515
1178,2151,0.26453
1178,2426,0.31843
1178,2436,0.23174
1178,2445,0.31992
1178,2799,0.26652
1178,2900,0.22396
1178,3208,0.26989
1178,3283,0.35622
1178,3303,0.23613
1178,3437,0.20286
1178,3466,0.22837
1178,3474,0.29142
1178,3528,0.20123
1178,3574,0.21127
1178,3798,0.37895
1178,3833,0.2155
1178,4172,0.32903
1178,4558,0.28269
1178,4603,0.20948
1178,4641,0.22092
1178,5007,0.24597
1178,5047,0.21773
1178,5071,0.30328
1178,5239,0.24543
1178,5313,0.35507
1178,5457,0.37009
1178,5486,0.44446
1178,5509,0.24193
1178,5538,0.2452
1178,5593,0.21523
1178,5625,0.27279
1178,5772,0.31381
1178,6143,0.22354
1178,6175,0.22715
1179,1403,0.48011
1179,1493,0.27066
1179,1503,0.27066
1179,1712,0.48011
1179,1727,0.21093
1179,1767,0.27066
1179,1793,0.35219
1179,1885,0.28658
1179,1912,0.35219
1179,1962,0.215
1179,2282,0.22399
1179,2375,0.2878
1179,2434,0.20236
1179,2454,0.28783
1179,2476,0.26073
1179,2491,0.23577
1179,2916,0.21062
1179,2966,0.20927
1179,2980,0.30386
1179,3042,0.47513
1179,3045,0.22399
1179,3105,0.20641
1179,3184,0.44944
1179,3235,0.35967
1179,3323,0.49019
1179,3333,0.26073
1179,3414,0.23134
1179,3459,0.34012
1179,3466,0.38776
1179,3502,0.28385
1179,3503,0.44944
1179,3642,0.27066
1179,3705,0.21528
1179,3712,0.21146
1179,3720,0.20158
1179,3900,0.45542
1179,3929,0.20296
1179,3975,0.44208
1179,4129,0.35219
1179,4132,0.52721
1179,4156,0.22725
1179,4243,0.29686
1179,4329,0.41545
1179,4403,0.41802
1179,4411,0.42151
1179,4455,0.47513
1179,4457,0.2434
1179,4605,0.25049
1179,4606,0.29728
1179,4869,0.47513
1179,4874,0.41545
1179,5066,0.26019
1179,5153,0.35326
1179,5195,0.45113
1179,5217,0.43829
1179,5326,0.59084
1179,5475,0.24169
1179,5583,0.28983
1179,5684,0.22161
1179,5695,0.2833
1179,5879,0.28983
1179,5966,0.40602
1179,5990,0.30386
1179,6126,0.42824
1179,6135,0.45113
1180,1403,0.21521
1180,1577,0.23726
1180,2724,0.3221
1180,3190,0.24114
1180,4128,0.20877
1180,4491,0.20138
1180,5181,0.24853
1180,5716,0.24923
1180,5961,0.31068
1181,1269,0.45012
1181,1486,0.22399
1181,2980,0.2138
1181,3383,0.20997
1181,3409,0.21352
1181,4336,0.20236
1182,1230,0.33942
1182,1342,0.23809
1182,1362,0.28779
1182,1451,0.21052
1182,1460,0.30256
1182,1570,0.30284
1182,1587,0.31237
1182,1649,0.31421
1182,1697,0.27622
1182,2090,0.50364
1182,2118,0.23134
1182,2187,0.30026
1182,2327,0.58618
1182,2337,0.48011
1182,2502,0.25707
1182,2519,0.21908
1182,2564,0.23735
1182,2579,0.2829
1182,2812,0.2914
1182,2935,0.27494
1182,2997,0.28123
1182,3032,0.37006
1182,3072,0.22767
1182,3119,0.21383
1182,3502,0.36835
1182,3590,0.31835
1182,3844,0.38487
1182,3953,0.32547
1182,4006,0.25169
1182,4114,0.41215
1182,4221,0.20004
1182,4284,0.46788
1182,4386,0.20343
1182,4593,0.50247
1182,4634,0.26624
1182,4689,0.27681
1182,4696,0.37226
1182,5057,0.22725
1182,5145,0.26964
1182,5245,0.34186
1182,5272,0.20439
1182,5307,0.34042
1182,5404,0.22162
1182,5409,0.20733
1182,5490,0.44872
1182,5494,0.4063
1182,5518,0.41082
1182,5597,0.25156
1182,5665,0.32916
1182,5699,0.22334
1182,5855,0.27045
1182,5859,0.31762
1182,5885,0.27787
1182,5901,0.35451
1182,5941,0.23551
1182,5982,0.24621
1182,6051,0.36122
1182,6054,0.2694
1182,6118,0.34309
1182,6185,0.28514
1182,6188,0.21149
1183,1412,0.21834
1183,2077,0.21757
1183,2122,0.34684
1183,2198,0.24904
1183,2516,0.23368
1183,2656,0.23823
1183,2742,0.20732
1183,2880,0.26257
1183,2927,0.22607
1183,3045,0.34451
1183,3095,0.23033
1183,3712,0.30753
1183,3836,0.35089
1183,4439,0.23303
1183,4538,0.20056
1183,4577,0.23749
1183,4960,0.21779
1183,5104,0.21243
1183,5317,0.26213
1183,5379,0.20235
1183,5489,0.2958
1183,5577,0.21268
1183,5788,0.28389
1183,5823,0.2245
1183,6158,0.207
1185,2606,0.25049
1186,1552,0.26073
1186,1984,0.21792
1186,2315,0.31352
1186,5110,0.2998
1186,5255,0.26878
1187,1305,0.23577
1187,2386,0.25603
1187,2657,0.21093
1187,2666,0.22335
1187,2841,0.36164
1187,3053,0.22725
1187,3534,0.22399
1187,4413,0.22161
1187,5720,0.2434
1188,1414,0.28658
1188,1770,0.26923
1188,1958,0.2195
1188,2035,0.26816
1188,2359,0.27322
1188,2516,0.24167
1188,2656,0.29402
1188,2854,0.35262
1188,2994,0.25386
1188,3122,0.28771
1188,3370,0.34843
1188,3393,0.23983
1188,3408,0.39184
1188,3485,0.23978
1188,3486,0.23138
1188,3812,0.23824
1188,3836,0.21979
1188,4125,0.22885
1188,4326,0.30633
1188,4524,0.30337
1188,4538,0.22784
1188,4656,0.2306
1188,4707,0.29672
1188,5104,0.26325
1188,5187,0.23517
1188,5317,0.21093
1188,5363,0.21187
1188,5395,0.22509
1188,5577,0.26633
1188,5629,0.22522
1188,5688,0.20305
1188,5823,0.26193
1188,6020,0.20332
1189,1415,0.23431
1190,1869,0.20934
1190,2117,0.20844
1190,3020,0.31017
1190,4460,0.45481
1190,4690,0.2092
1193,1280,0.23076
1193,4990,0.21711
1194,2848,0.20481
1195,1277,0.23428
1195,1470,0.22352
1195,1496,0.20707
1195,1514,0.21753
1195,1989,0.39766
1195,2009,0.21128
1195,3269,0.38233
1195,3454,0.21467
1195,4011,0.20988
1195,4340,0.22076
1195,4441,0.21978
1195,4602,0.35417
1195,4984,0.21333
1195,4991,0.31973
1195,5318,0.23714
1195,5321,0.2036
1195,5345,0.2207
1195,5878,0.20855
1195,5909,0.23919
1196,2115,0.20293
1196,2263,0.26519
1196,2285,0.22696
1196,2315,0.26607
1196,2918,0.20469
1196,3599,0.25481
1196,4622,0.30332
1196,5110,0.25557
1196,5186,0.26282
1196,5255,0.22072
1196,5919,0.2998
1196,6028,0.23011
1198,2059,0.21488
1201,1671,0.20046
1201,2961,0.20592
1201,4365,0.25424
1201,5289,0.21796
1201,5364,0.25884
1201,5442,0.25615
1201,5905,0.2305
1202,2942,0.20416
1202,5698,0.26019
1202,6120,0.28783
1203,1440,0.2363
1203,2323,0.24994
1203,4756,0.22551
1203,5341,0.22475
1203,5610,0.24143
1203,5614,0.29977
1204,1683,0.46678
1204,2054,0.27612
1204,2192,0.48835
1204,2234,0.54414
1204,3872,0.5692
1204,4251,0.53018
1204,4777,0.62834
1204,4876,0.30585
1205,1520,0.24006
1205,1788,0.32955
1205,1940,0.34551
1205,3096,0.26839
1205,3237,0.22517
1205,3278,0.21598
1205,3535,0.20134
1205,4286,0.24015
1205,5065,0.26728
1205,5404,0.20309
1205,5790,0.26233
1206,3964,0.20802
1207,1698,0.35343
1207,1701,0.32986
1207,1872,0.24182
1207,1957,0.25313
1207,2201,0.20752
1207,2395,0.24532
1207,2753,0.21525
1207,2816,0.36483
1207,2860,0.23079
1207,3134,0.51558
1207,3241,0.27379
1207,3337,0.45119
1207,3763,0.27121
1207,4121,0.21832
1207,4133,0.59084
1207,4480,0.22734
1207,4673,0.22528
1207,5243,0.20174
1207,5275,0.46259
1207,5641,0.45905
1207,6003,0.41327
1207,6077,0.43441
1208,2587,0.25907
1208,4839,0.29982
1209,1988,0.28237
1209,3459,0.26295
1209,3652,0.33775
1209,4106,0.24265
1209,4540,0.26127
1210,4797,0.32901
1211,1238,0.7146
1211,1273,0.22299
1211,1380,0.38321
1211,1501,0.21726
1211,1637,0.22246
1211,1758,0.58637
1211,2032,0.21028
1211,2172,0.24729
1211,2328,0.25018
1211,2401,0.35126
1211,2507,0.3885
1211,2581,0.20987
1211,2615,0.22171
1211,2647,0.3791
1211,3016,0.20424
1211,3283,0.21557
1211,3454,0.25088
1211,3612,0.22002
1211,4257,0.31099
1211,4285,0.33828
1211,4343,0.25767
1211,4349,0.32728
1211,4380,0.31376
1211,4394,0.44255
1211,4423,0.32898
1211,4443,0.3147
1211,4532,0.24552
1211,4560,0.21466
1211,4602,0.22111
1211,4807,0.336
1211,5040,0.25847
1211,5190,0.62145
1211,5215,0.33566
1211,5292,0.52162
1211,5321,0.21272
1211,5333,0.39191
1211,5493,0.29977
1211,5703,0.32221
1211,5711,0.26997
1211,5796,0.27407
1211,5874,0.20559
1211,6078,0.29565
1211,6143,0.28783
1211,6192,0.24325
1211,6193,0.38185
1212,1265,0.20821
1212,1289,0.24132
1212,1412,0.24401
1212,1842,0.21166
1212,1907,0.26594
1212,2402,0.21376
1212,2536,0.31463
1212,2742,0.24853
1212,2784,0.21268
1212,3243,0.21836
1212,3326,0.21147
1212,3333,0.27205
1212,3651,0.23759
1212,3981,0.22052
1212,4090,0.2811
1212,4139,0.23601
1212,4283,0.21802
1212,4497,0.24106
1212,4577,0.4455
1212,4775,0.20168
1212,4816,0.21743
1212,4942,0.2633
1212,5051,0.24409
1212,5447,0.21517
1212,5489,0.2515
1212,6158,0.25254
1213,2618,0.26818
1213,2824,0.23777
1213,3721,0.22578
1213,5250,0.30083
1213,5375,0.20533
1213,5399,0.3717
1213,5494,0.23701
1213,5670,0.23551
1213,5681,0.2344
1213,5713,0.22871
1215,1400,0.23325
1215,1684,0.31994
1215,2265,0.23127
1215,2300,0.23049
1215,2387,0.20664
1215,2506,0.23716
1215,2575,0.41813
1215,2797,0.42327
1215,2833,0.43621
1215,3146,0.28514
1215,3170,0.4274
1215,3496,0.28983
1215,3497,0.26322
1215,3610,0.29489
1215,3639,0.30691
1215,3846,0.23899
1215,3926,0.31224
1215,4155,0.23248
1215,4215,0.21725
1215,4361,0.20815
1215,4395,0.415
1215,4528,0.29899
1215,4562,0.32239
1215,4743,0.25138
1215,4848,0.32676
1215,4888,0.36757
1215,4912,0.27589
1215,5025,0.23519
1215,5036,0.215
1215,5206,0.40864
1215,5329,0.20726
1215,5378,0.49019
1215,5408,0.20252
1215,5527,0.23577
1215,5893,0.22066
1215,5958,0.24498
1216,1369,0.20711
1216,1380,0.2366
1216,1635,0.25864
1216,2160,0.24783
1216,2272,0.21406
1216,2328,0.32519
1216,2481,0.2221
1216,2647,0.22192
1216,2959,0.29146
1216,3439,0.21589
1216,3711,0.20994
1216,4285,0.2674
1216,4308,0.21058
1216,4349,0.21193
1216,4423,0.21361
1216,4598,0.27655
1216,4807,0.21529
1216,4911,0.20335
1216,5215,0.21767
1216,5304,0.22225
1216,5318,0.30212
1216,5333,0.22896
1216,5345,0.261
1216,5603,0.22955
1216,5711,0.37396
1216,5763,0.21022
1216,5909,0.25219
1216,6143,0.22946
1217,1297,0.20209
1217,1685,0.21035
1218,1788,0.35989
1218,2635,0.21196
1218,3893,0.2077
1218,5250,0.2215
1218,5562,0.27095
1218,6220,0.23277
1219,1249,0.21213
1219,1764,0.22875
1219,2297,0.20994
1219,2333,0.22143
1219,3519,0.25148
1219,4762,0.23935
1219,5001,0.28783
1219,5848,0.31949
1219,5898,0.25148
1220,3403,0.20073
1221,1987,0.22638
1221,2678,0.21958
1221,5841,0.25148
1222,2341,0.23109
1223,1273,0.38572
1223,1277,0.2256
1223,1369,0.31062
1223,1380,0.25541
1223,1430,0.20373
1223,1496,0.34878
1223,1514,0.3711
1223,1635,0.23752
1223,1679,0.37483
1223,1933,0.22619
1223,1999,0.25229
1223,2009,0.21942
1223,2172,0.37908
1223,2252,0.34806
1223,2272,0.5057
1223,2301,0.25213
1223,2328,0.3722
1223,2353,0.35507
1223,2401,0.21325
1223,2481,0.34798
1223,2507,0.24916
1223,2559,0.2614
1223,2581,0.21003
1223,2647,0.38854
1223,2959,0.25413
1223,3016,0.21474
1223,3089,0.49451
1223,3269,0.28034
1223,3395,0.20566
1223,3454,0.3029
1223,3507,0.23075
1223,3612,0.22847
1223,3673,0.21916
1223,3933,0.49436
1223,4257,0.24688
1223,4285,0.4084
1223,4340,0.31081
1223,4349,0.22881
1223,4394,0.24409
1223,4423,0.34694
1223,4443,0.2773
1223,4547,0.53694
1223,4560,0.30739
1223,4586,0.25588
1223,4602,0.20045
1223,4807,0.35172
1223,4911,0.25695
1223,4944,0.20299
1223,5040,0.201
1223,5190,0.23217
1223,5215,0.34728
1223,5292,0.20035
1223,5318,0.28151
1223,5321,0.26705
1223,5333,0.3688
1223,5345,0.25727
1223,5484,0.20309
1223,5493,0.2124
1223,5763,0.29689
1223,5878,0.20844
1223,5909,0.2293
1223,6002,0.27106
1223,6078,0.20074
1223,6143,0.34459
1224,4707,0.28296
1224,6132,0.20263
1225,5153,0.22038
1225,5449,0.20438
1226,1825,0.2315
1226,2215,0.24512
1226,2219,0.44647
1226,3305,0.22261
1226,3536,0.34899
1226,4029,0.21847
1226,4078,0.22364
1226,4244,0.22218
1226,5070,0.50576
1226,5238,0.28658
1226,5454,0.22399
1226,5673,0.23062
1226,5916,0.50797
1226,5919,0.26019
1226,5978,0.24744
1226,6138,0.22261
1226,6174,0.2138
1227,1345,0.35334
1227,1393,0.21383
1227,1543,0.20108
1227,2177,0.2058
1227,2288,0.2434
1227,2426,0.28527
1227,2622,0.37659
1227,2709,0.25719
1227,2781,0.23376
1227,2821,0.2989
1227,3208,0.20996
1227,3251,0.44252
1227,3574,0.2276
1227,3701,0.20097
1227,3732,0.29607
1227,3853,0.51964
1227,3948,0.23639
1227,4009,0.52032
1227,4130,0.2175
1227,4150,0.21328
1227,4462,0.27691
1227,4631,0.2262
1227,4642,0.20645
1227,5007,0.21233
1227,5064,0.24629
1227,5236,0.20477
1227,5390,0.393
1227,5456,0.30314
1227,5538,0.20249
1227,5607,0.29826
1227,5625,0.29995
1227,5628,0.22851
1227,5695,0.26431
1227,5942,0.27122
1227,6168,0.25784
1227,6205,0.20586
1228,1413,0.20575
1228,2126,0.20161
1228,5977,0.21976
1228,6093,0.20924
1228,6141,0.23097
1230,1342,0.22732
1230,1362,0.26929
1230,1460,0.24028
1230,1587,0.20148
1230,1597,0.20481
1230,1649,0.23518
1230,1847,0.20177
1230,2090,0.32875
1230,2118,0.24252
1230,2187,0.31019
1230,2327,0.59645
1230,2337,0.68877
1230,2395,0.23211
1230,2502,0.29309
1230,2519,0.34591
1230,2564,0.27926
1230,2579,0.31701
1230,2997,0.26515
1230,3010,0.20899
1230,3032,0.28241
1230,3502,0.2104
1230,3590,0.24724
1230,3844,0.30644
1230,3930,0.20469
1230,3951,0.22298
1230,3953,0.29161
1230,4114,0.34253
1230,4182,0.21603
1230,4284,0.39929
1230,4295,0.28783
1230,4456,0.22269
1230,4593,0.52721
1230,4634,0.20134
1230,4689,0.22988
1230,4696,0.25502
1230,4903,0.21479
1230,4994,0.20112
1230,5057,0.2173
1230,5145,0.20822
1230,5245,0.20246
1230,5307,0.2299
1230,5490,0.25228
1230,5665,0.28414
1230,5855,0.30819
1230,5859,0.20872
1230,5863,0.23938
1230,5901,0.36962
1230,6051,0.35158
1230,6185,0.28296
1230,6227,0.22725
1231,1586,0.23695
1231,1774,0.23266
1231,2813,0.35278
1231,2846,0.22585
1231,3706,0.2642
1231,3777,0.20535
1231,4061,0.20345
1231,4186,0.27303
1231,4890,0.35291
1231,5626,0.45149
1231,5959,0.40051
1231,6010,0.38572
1231,6025,0.42758
1232,1479,0.27619
1232,3150,0.23466
1232,4954,0.21971
1232,5523,0.34012
1232,5805,0.37461
1232,6063,0.24057
1233,1520,0.20762
1233,4289,0.20335
1233,4364,0.20268
1233,4874,0.24849
1234,3197,0.21917
1234,4055,0.21238
1235,1922,0.2107
1235,6000,0.28783
1236,1382,0.30064
1236,1597,0.37703
1236,1957,0.211
1236,2034,0.24955
1236,4456,0.20917
1236,4480,0.23049
1236,5243,0.39671
1236,5754,0.48132
1236,5786,0.20622
1238,1273,0.20914
1238,1277,0.21256
1238,1380,0.37852
1238,1637,0.22853
1238,1758,0.62652
1238,2032,0.21105
1238,2172,0.22876
1238,2401,0.34343
1238,2507,0.3978
1238,2615,0.21544
1238,2647,0.36266
1238,3089,0.20212
1238,3283,0.25492
1238,3303,0.22381
1238,3454,0.25422
1238,3574,0.20625
1238,4257,0.28783
1238,4285,0.30239
1238,4343,0.25355
1238,4349,0.32246
1238,4380,0.30286
1238,4394,0.43447
1238,4423,0.31732
1238,4443,0.30904
1238,4532,0.21827
1238,4560,0.21193
1238,4602,0.23373
1238,4807,0.32804
1238,5040,0.2772
1238,5190,0.64499
1238,5215,0.3416
1238,5292,0.5188
1238,5321,0.21601
1238,5333,0.3674
1238,5493,0.24496
1238,5703,0.3876
1238,5711,0.22955
1238,5796,0.23415
1238,6078,0.28788
1238,6143,0.23872
1238,6193,0.39764
1239,1307,0.27863
1239,1612,0.2031
1239,1685,0.20335
1239,2632,0.21973
1239,2664,0.30687
1239,3476,0.23732
1239,3581,0.22089
1239,4631,0.27571
1239,4940,0.21075
1239,6205,0.23438
1240,2437,0.36775
1241,1333,0.25554
1241,1341,0.21044
1241,1350,0.32225
1241,1443,0.22349
1241,1532,0.22625
1241,1682,0.36267
1241,1692,0.25631
1241,1716,0.37307
1241,1719,0.30344
1241,1897,0.32922
1241,1905,0.35019
1241,2214,0.29981
1241,2258,0.3171
1241,2319,0.41068
1241,2444,0.32662
1241,2488,0.3276
1241,2573,0.3005
1241,2629,0.34925
1241,2641,0.32569
1241,2658,0.23837
1241,2677,0.20779
1241,2687,0.25618
1241,2759,0.40526
1241,2790,0.53945
1241,2816,0.21519
1241,2839,0.43379
1241,2906,0.36895
1241,2951,0.22233
1241,2993,0.34924
1241,3245,0.22772
1241,3252,0.27313
1241,3472,0.53255
1241,3550,0.27794
1241,3579,0.31364
1241,3643,0.3932
1241,3791,0.33188
1241,3821,0.35707
1241,3848,0.20512
1241,3854,0.31378
1241,4022,0.21449
1241,4083,0.20143
1241,4226,0.37407
1241,4251,0.22558
1241,4300,0.35554
1241,4352,0.39893
1241,4579,0.23508
1241,4607,0.22517
1241,4609,0.39483
1241,4646,0.30437
1241,4836,0.35676
1241,4842,0.34648
1241,4894,0.24708
1241,4907,0.33752
1241,4915,0.2219
1241,5090,0.50459
1241,5099,0.24389
1241,5367,0.31113
1241,5557,0.63413
1241,5600,0.20847
1241,5930,0.31894
1241,5995,0.21188
1241,6031,0.47092
1241,6040,0.38905
1242,1830,0.23259
1242,1967,0.36963
1242,2033,0.35682
1242,3496,0.20201
1242,4001,0.36798
1242,4021,0.25469
1242,4036,0.32849
1242,4052,0.36675
1242,4794,0.39495
1242,5329,0.2075
1242,5580,0.43191
1242,5886,0.45575
1242,5934,0.43985
1242,6153,0.24962
1243,2288,0.22725
1243,3955,0.20409
1243,4303,0.20584
1243,4631,0.30731
1243,4698,0.2116
1243,4940,0.25517
1243,5905,0.20835
1244,1249,0.22399
1244,2576,0.35219
1244,2607,0.25211
1244,2741,0.46305
1244,2878,0.21194
1244,2947,0.23466
1244,3519,0.28807
1244,3661,0.21732
1244,4012,0.26019
1244,5001,0.51742
1244,5023,0.31099
1244,5221,0.23395
1244,5463,0.24957
1244,5756,0.36164
1244,5848,0.23577
1244,5890,0.23981
1244,5898,0.21879
1244,5933,0.35326
1244,5935,0.21597
1244,6084,0.21574
1244,6101,0.28783
1245,1292,0.2642
1245,4718,0.21475
1245,4798,0.23466
1245,5019,0.34012
1245,6006,0.24111
1246,1468,0.20412
1246,3637,0.21639
1246,5211,0.20246
1246,5905,0.21044
1247,1712,0.22383
1247,1793,0.49152
1247,2454,0.30239
1247,3042,0.35558
1247,3184,0.29452
1247,3323,0.20851
1247,3333,0.272
1247,3414,0.38091
1247,3642,0.25341
1247,4129,0.52721
1247,4243,0.20927
1247,4276,0.21061
1247,4455,0.34605
1247,4605,0.28967
1247,4869,0.29323
1247,5153,0.34694
1247,5195,0.27615
1247,5217,0.36256
1247,5294,0.21243
1247,5326,0.27619
1247,5369,0.23225
1247,5583,0.21597
1247,5695,0.23124
1247,5966,0.20416
1247,6126,0.2833
1247,6135,0.36164
1248,2483,0.21572
1248,2921,0.20744
1248,3313,0.22382
1248,3693,0.25408
1248,3722,0.26029
1248,4332,0.30715
1248,6021,0.20908
1249,1376,0.21879
1249,1531,0.33828
1249,1899,0.29728
1249,1902,0.3876
1249,1945,0.21213
1249,1974,0.47513
1249,2297,0.41802
1249,2376,0.20994
1249,2518,0.20712
1249,2580,0.26732
1249,2878,0.28783
1249,2931,0.36256
1249,2977,0.31949
1249,3008,0.27341
1249,3190,0.2173
1249,3222,0.34605
1249,3595,0.2138
1249,3661,0.22955
1249,3754,0.27407
1249,3880,0.22725
1249,3976,0.31352
1249,4344,0.32221
1249,4348,0.2354
1249,4488,0.29728
1249,4531,0.21062
1249,4793,0.21479
1249,4997,0.22725
1249,5065,0.24458
1249,5277,0.20994
1249,5357,0.21062
1249,5374,0.26732
1249,5379,0.20994
1249,5425,0.22399
1249,5595,0.45113
1249,5677,0.31594
1249,5756,0.2949
1249,5872,0.30346
1249,5887,0.2998
1249,5898,0.50576
1249,5935,0.3876
1249,5973,0.27665
1249,6084,0.59645
1249,6095,0.22725
1249,6101,0.26213
1250,3097,0.41011
1250,4210,0.22443
1250,4375,0.25435
1251,3148,0.21479
1252,2686,0.24459
1253,1729,0.22464
1253,1881,0.23927
1253,3144,0.20206
1253,3826,0.27083
1253,4683,0.2029
1253,5794,0.25272
1254,2317,0.32093
1254,3248,0.37765
1254,3352,0.42442
1254,3890,0.2119
1254,3924,0.37524
1254,5346,0.35135
1254,5474,0.26575
1255,2283,0.27386
1255,2361,0.20432
1255,3009,0.20711
1255,4879,0.2709
1255,4996,0.33012
1255,5140,0.47871
1255,5411,0.22677
1255,5520,0.20683
1255,5547,0.22389
1255,5759,0.21817
1256,1487,0.20508
1256,1823,0.20324
1257,2843,0.29894
1257,3284,0.27022
1257,3684,0.24471
1257,4599,0.2531
1257,5035,0.24809
1258,2511,0.33145
1259,1702,0.23686
1259,1805,0.21488
1259,2232,0.2325
1259,2308,0.23979
1259,2384,0.24036
1259,2433,0.54301
1259,2436,0.26084
1259,3044,0.43352
1259,3208,0.20918
1259,3948,0.25401
1259,4130,0.23612
1259,4150,0.27436
1259,4390,0.41465
1259,4519,0.42686
1259,4978,0.32995
1259,5047,0.21576
1259,5428,0.21535
1259,5718,0.42361
1259,6150,0.22895
1259,6213,0.28616
1260,2240,0.22521
1260,3167,0.37258
1260,3521,0.36122
1260,3532,0.31949
1260,4031,0.21824
1260,4724,0.2595
1260,5140,0.24941
1261,1519,0.21532
1261,2742,0.24728
1261,3025,0.34152
1262,2695,0.31594
1262,5890,0.26019
1263,3481,0.22741
1263,4537,0.20929
1263,4783,0.26528
1264,1565,0.27341
1264,1868,0.26228
1264,2029,0.28783
1264,2669,0.2048
1264,2774,0.223
1264,3054,0.48011
1264,3074,0.27066
1264,3448,0.23913
1264,3547,0.20994
1264,4118,0.22425
1264,5492,0.43829
1264,5551,0.21093
1264,5644,0.23927
1264,5691,0.40602
1264,6063,0.21597
1265,1329,0.34059
1265,1344,0.39391
1265,1701,0.21562
1265,1756,0.20591
1265,1842,0.4587
1265,1907,0.45979
1265,2276,0.25078
1265,2320,0.29203
1265,2402,0.37028
1265,2528,0.2199
1265,2556,0.21351
1265,2593,0.32559
1265,2860,0.21316
1265,3001,0.27718
1265,3055,0.38325
1265,3112,0.22838
1265,3128,0.23694
1265,3160,0.33978
1265,3326,0.25587
1265,3333,0.24208
1265,3613,0.2017
1265,3651,0.24632
1265,3783,0.28634
1265,3981,0.22358
1265,4090,0.26651
1265,4104,0.20416
1265,4139,0.23479
1265,4787,0.2163
1265,4816,0.39116
1265,4942,0.35669
1265,5051,0.2175
1265,5058,0.22914
1265,5077,0.22243
1265,5196,0.24954
1265,5343,0.34352
1265,5347,0.22946
1265,5368,0.25606
1265,5384,0.22856
1265,5392,0.28648
1265,5447,0.33549
1265,5585,0.27882
1265,5734,0.30844
1265,5789,0.20162
1265,5976,0.44446
1266,3085,0.20036
1266,4193,0.20115
1266,6001,0.20638
1269,1943,0.25451
1269,2057,0.2595
1269,2216,0.43829
1269,2222,0.22739
1269,2842,0.24009
1269,3235,0.41802
1269,3409,0.28658
1269,3714,0.25058
1269,6046,0.21879
1270,1416,0.20911
1270,1564,0.23173
1270,1684,0.25559
1270,1720,0.28789
1270,2245,0.2986
1270,2265,0.21783
1270,2417,0.22471
1270,2506,0.21442
1270,2567,0.28966
1270,2575,0.22254
1270,2702,0.20946
1270,2713,0.21431
1270,2782,0.31185
1270,2866,0.20217
1270,2938,0.20916
1270,2970,0.32897
1270,3023,0.27792
1270,3123,0.24391
1270,3146,0.28356
1270,3350,0.30035
1270,3446,0.31309
1270,3495,0.28952
1270,3531,0.24002
1270,3639,0.22696
1270,3707,0.20181
1270,3978,0.25625
1270,4161,0.28761
1270,4227,0.29038
1270,4239,0.31238
1270,4294,0.2243
1270,4414,0.27936
1270,4743,0.39174
1270,4752,0.25314
1270,4848,0.27645
1270,4956,0.30617
1270,5012,0.287
1270,5036,0.22205
1270,5178,0.33211
1270,5329,0.30746
1270,5527,0.23927
1270,5649,0.33538
1270,5826,0.21798
1270,5862,0.38251
1270,5893,0.25749
1270,6082,0.21979
1270,6212,0.29889
1271,1531,0.39382
1271,2362,0.43704
1271,2472,0.29467
1271,2563,0.243
1271,2595,0.31185
1271,2731,0.31367
1271,3008,0.20296
1271,3855,0.27341
1271,4224,0.37318
1271,4348,0.32778
1271,4542,0.23838
1271,4639,0.38463
1271,5872,0.36362
1273,1369,0.27972
1273,1380,0.24019
1273,1430,0.22724
1273,1496,0.29546
1273,1514,0.35676
1273,1679,0.26826
1273,1881,0.2028
1273,1933,0.27192
1273,2009,0.25856
1273,2172,0.26612
1273,2252,0.25905
1273,2272,0.34455
1273,2328,0.34062
1273,2353,0.23302
1273,2481,0.31678
1273,2507,0.24394
1273,2559,0.24826
1273,2647,0.3911
1273,3016,0.26505
1273,3089,0.29502
1273,3269,0.29843
1273,3454,0.26413
1273,3507,0.25831
1273,3673,0.20387
1273,3933,0.34275
1273,4257,0.26824
1273,4285,0.31253
1273,4340,0.25636
1273,4349,0.21218
1273,4394,0.22347
1273,4423,0.3126
1273,4443,0.24494
1273,4532,0.29179
1273,4547,0.34322
1273,4586,0.31809
1273,4602,0.23321
1273,4807,0.32058
1273,4911,0.21216
1273,4944,0.22271
1273,5190,0.24443
1273,5215,0.32456
1273,5292,0.20988
1273,5318,0.22993
1273,5321,0.25253
1273,5322,0.20218
1273,5333,0.353
1273,5345,0.24345
1273,5493,0.34604
1273,5763,0.21209
1273,5909,0.20817
1273,6111,0.23765
1273,6143,0.34766
1274,1406,0.21567
1274,1647,0.36073
1274,1747,0.24968
1274,2114,0.27076
1274,2147,0.34013
1274,2288,0.28296
1274,2369,0.30561
1274,2625,0.30239
1274,2632,0.34349
1274,2662,0.33365
1274,2995,0.2656
1274,3155,0.23425
1274,3228,0.21126
1274,3241,0.23368
1274,3470,0.40177
1274,3476,0.2405
1274,3701,0.31709
1274,3839,0.28534
1274,3909,0.30545
1274,4220,0.24461
1274,4271,0.21074
1274,4393,0.22927
1274,4453,0.3575
1274,4536,0.24041
1274,4568,0.33661
1274,4622,0.22965
1274,4631,0.34801
1274,4706,0.23028
1274,4969,0.2584
1274,5009,0.35673
1274,5042,0.22326
1274,5143,0.34385
1274,5154,0.29589
1274,5576,0.31181
1274,5657,0.37916
1274,5710,0.3876
1274,5823,0.23872
1274,5884,0.2566
1274,5924,0.23552
1275,3464,0.27619
1276,1543,0.23109
1276,1805,0.20059
1276,1998,0.27504
1276,2151,0.20065
1276,2426,0.26354
1276,2445,0.28988
1276,2799,0.23549
1276,2900,0.21781
1276,3208,0.21237
1276,3283,0.28422
1276,3474,0.2644
1276,3574,0.23033
1276,3798,0.34028
1276,4172,0.29787
1276,4558,0.27073
1276,5047,0.21258
1276,5071,0.29385
1276,5239,0.21501
1276,5313,0.32177
1276,5457,0.34006
1276,5486,0.43286
1276,5509,0.21056
1276,5538,0.23927
1276,5625,0.26021
1276,5772,0.29887
1276,5942,0.2283
1276,5962,0.20605
1277,1369,0.21544
1277,1514,0.30318
1277,1702,0.23235
1277,1989,0.32364
1277,2020,0.26997
1277,2062,0.21062
1277,2172,0.40952
1277,2252,0.21932
1277,2272,0.25107
1277,2401,0.26508
1277,2436,0.22934
1277,2481,0.21212
1277,2507,0.25982
1277,2647,0.21626
1277,3093,0.28385
1277,3269,0.20821
1277,3283,0.22351
1277,3303,0.22344
1277,3454,0.27165
1277,3507,0.23315
1277,3616,0.21731
1277,3933,0.25104
1277,4340,0.37323
1277,4423,0.22185
1277,4443,0.21831
1277,4547,0.24772
1277,4586,0.2091
1277,4602,0.3032
1277,4771,0.22195
1277,4944,0.24898
1277,5192,0.21588
1277,5333,0.20454
1277,5486,0.21832
1277,6002,0.25474
1278,1421,0.27797
1278,1526,0.21893
1278,1829,0.23429
1278,2917,0.31675
1278,3027,0.32281
1278,3913,0.43829
1278,4095,0.36202
1278,4503,0.28793
1278,4767,0.26537
1279,1900,0.22955
1279,2788,0.27407
1279,4249,0.20584
1279,4963,0.2056
1280,4156,0.20712
1280,4565,0.24091
1281,2436,0.215
1281,3833,0.2086
1281,4771,0.25858
1281,5509,0.2069
1284,1328,0.20967
1284,1803,0.34412
1284,4322,0.20636
1285,1549,0.51737
1285,1569,0.30254
1285,1578,0.43409
1285,1639,0.38435
1285,1641,0.32311
1285,1728,0.3741
1285,1982,0.3545
1285,2138,0.41704
1285,2352,0.35837
1285,2393,0.44899
1285,2396,0.23085
1285,2512,0.22725
1285,2608,0.45141
1285,3147,0.34012
1285,3302,0.45087
1285,3357,0.34885
1285,3435,0.38162
1285,3715,0.28538
1285,3795,0.44596
1285,3835,0.51265
1285,3886,0.21835
1285,3928,0.49431
1285,3931,0.31543
1285,3941,0.33828
1285,3946,0.37599
1285,4017,0.48691
1285,4233,0.26213
1285,4282,0.45622
1285,4419,0.47933
1285,4596,0.24535
1285,4697,0.21838
1285,4815,0.2297
1285,4870,0.36164
1285,4943,0.40411
1285,5172,0.52033
1285,5231,0.28351
1285,5325,0.40226
1285,5496,0.28983
1285,5508,0.40309
1285,5811,0.45521
1286,1414,0.21297
1286,1641,0.26213
1286,1652,0.2173
1286,1750,0.20712
1286,1762,0.21597
1286,1892,0.24957
1286,2002,0.31099
1286,2117,0.50576
1286,2425,0.23466
1286,2910,0.23134
1286,3422,0.23577
1286,3880,0.20249
1286,4038,0.21471
1286,4189,0.21028
1286,4507,0.27619
1286,4659,0.37258
1286,4732,0.22725
1286,4897,0.43286
1286,5023,0.20249
1286,5425,0.25386
1286,5670,0.23981
1286,5965,0.20131
1287,1310,0.20909
1287,1315,0.21069
1287,1399,0.28243
1287,1723,0.20343
1287,3540,0.22503
1287,4045,0.20748
1287,4219,0.2252
1287,4673,0.24392
1287,4750,0.50576
1287,4939,0.27001
1287,5299,0.31547
1289,2005,0.20883
1289,2198,0.20885
1289,2402,0.23318
1289,3112,0.21554
1289,3118,0.22261
1289,4399,0.22725
1289,4577,0.21582
1289,4787,0.24334
1289,4942,0.2448
1289,5489,0.23912
1289,5689,0.2087
1290,1414,0.26878
1290,1752,0.20158
1290,2854,0.28296
1290,3095,0.22288
1290,3802,0.2138
1290,4707,0.35219
1290,5937,0.21097
1291,1310,0.2792
1291,2806,0.28663
1291,4186,0.21832
1291,4611,0.2067
1291,6092,0.20927
1291,6160,0.26607
1292,4798,0.22725
1292,5019,0.26019
1292,6006,0.22541
1293,2321,0.2084
1293,4116,0.23981
1293,5366,0.21832
1294,1917,0.28014
1296,1720,0.25376
1296,2417,0.2534
1296,2506,0.21027
1296,2938,0.20219
1296,2970,0.29603
1296,3123,0.23709
1296,3446,0.23151
1296,3978,0.25158
1296,4414,0.2355
1296,4743,0.20394
1296,4923,0.27829
1296,4956,0.20927
1296,5329,0.34207
1296,5527,0.28783
1296,5649,0.28441
1296,5742,0.21646
1296,5826,0.28459
1296,5893,0.30011
1296,6082,0.2161
1296,6212,0.36164
1297,1837,0.26264
1297,2100,0.21627
1297,2545,0.57439
1297,3681,0.30339
1297,5004,0.32797
1297,5044,0.30239
1298,1350,0.25581
1298,1684,0.22534
1298,2265,0.35472
1298,2368,0.28793
1298,3639,0.25866
1298,4057,0.27609
1298,4294,0.20798
1298,4888,0.26695
1298,4955,0.2223
1298,5206,0.23236
1299,3381,0.21392
1299,6130,0.25764
1300,1366,0.20038
1300,1463,0.22718
1300,1486,0.27445
1300,1619,0.26473
1300,1726,0.20385
1300,1739,0.20592
1300,1846,0.2026
1300,1962,0.23751
1300,2052,0.2511
1300,2347,0.20402
1300,2373,0.26805
1300,2693,0.22214
1300,2700,0.21339
1300,3558,0.44642
1300,3779,0.21958
1300,3837,0.20028
1300,4272,0.21417
1300,4336,0.26439
1300,4898,0.20964
1300,4989,0.40341
1300,5359,0.20104
1300,5552,0.24848
1300,5752,0.22728
1300,5868,0.25206
1300,5961,0.3545
1302,2552,0.22767
1302,2872,0.38177
1302,3205,0.31471
1302,3454,0.24128
1302,4176,0.25463
1302,4718,0.21571
1302,5086,0.20294
1302,5728,0.20225
1303,2580,0.20584
1303,3533,0.22161
1303,3680,0.22838
1303,4466,0.30885
1303,5260,0.20807
1303,5905,0.21816
1304,1328,0.46304
1304,1595,0.33852
1304,1838,0.48503
1304,2195,0.3892
1304,3806,0.2111
1304,3874,0.21582
1304,4322,0.23884
1304,4362,0.32016
1304,4953,0.36284
1305,1724,0.29335
1305,2102,0.4148
1305,2200,0.35326
1305,2386,0.21744
1305,2642,0.21141
1305,2657,0.30652
1305,2666,0.35262
1305,2761,0.23466
1305,2838,0.32447
1305,2955,0.21213
1305,3053,0.45113
1305,3309,0.28983
1305,3418,0.27882
1305,3461,0.31813
1305,3896,0.24538
1305,4020,0.25603
1305,4253,0.22725
1305,4413,0.49019
1305,4557,0.52721
1305,4637,0.35326
1305,4688,0.23815
1305,4878,0.48011
1305,5720,0.50247
1305,6149,0.42151
1306,4401,0.22261
1306,4849,0.23878
1307,1612,0.26908
1307,1647,0.28508
1307,1685,0.24151
1307,1737,0.25287
1307,2100,0.21036
1307,2114,0.2051
1307,2288,0.21571
1307,2625,0.21275
1307,2632,0.35195
1307,2648,0.36328
1307,2664,0.41125
1307,2918,0.21105
1307,3470,0.22382
1307,3476,0.39246
1307,3513,0.21742
1307,3581,0.3775
1307,3701,0.25346
1307,3746,0.27895
1307,3839,0.27927
1307,3955,0.27373
1307,4220,0.25155
1307,4453,0.28468
1307,4568,0.3209
1307,4631,0.41593
1307,4940,0.28913
1307,5143,0.241
1307,5241,0.20562
1307,5267,0.33097
1307,5571,0.24592
1307,5576,0.21904
1307,5710,0.28783
1307,6205,0.31208
1308,2715,0.20627
1308,3101,0.20157
1308,3804,0.29191
1309,5859,0.2124
1310,1350,0.2627
1310,1395,0.38015
1310,1399,0.22228
1310,1560,0.39583
1310,1564,0.23852
1310,1569,0.34212
1310,1578,0.20704
1310,1580,0.20574
1310,1639,0.21048
1310,1684,0.24013
1310,1723,0.44565
1310,1728,0.25447
1310,1749,0.31367
1310,1802,0.26547
1310,2010,0.38535
1310,2387,0.22046
1310,2453,0.39101
1310,2488,0.23584
1310,2575,0.23304
1310,2806,0.34799
1310,2816,0.2805
1310,3146,0.21832
1310,3294,0.22492
1310,3350,0.20778
1310,3540,0.53067
1310,3710,0.3883
1310,3795,0.27758
1310,3821,0.31212
1310,3848,0.27149
1310,3926,0.21066
1310,4022,0.33587
1310,4083,0.21308
1310,4186,0.21045
1310,4219,0.4827
1310,4227,0.20195
1310,4282,0.29218
1310,4529,0.22626
1310,4597,0.22046
1310,4673,0.32213
1310,4750,0.20201
1310,4907,0.26296
1310,4971,0.37401
1310,5039,0.33347
1310,5061,0.23161
1310,5165,0.21679
1310,5206,0.20778
1310,5299,0.38126
1310,5508,0.29439
1310,5642,0.43313
1310,6043,0.24169
1310,6092,0.42151
1311,1412,0.20085
1311,1545,0.22949
1311,1773,0.20067
1311,1917,0.33578
1311,2240,0.2547
1311,2662,0.20201
1311,2710,0.22756
1311,2947,0.21787
1311,3753,0.30638
1311,3890,0.20204
1311,4136,0.20341
1311,4692,0.3883
1311,4724,0.28248
1311,4891,0.20611
1311,5344,0.2354
1311,5419,0.49019
1311,5755,0.27278
1311,5759,0.27341
1311,5799,0.24957
1311,5912,0.21433
1312,5344,0.2623
1312,5961,0.2054
1313,1415,0.36987
1313,3144,0.21361
1313,3312,0.22189
1313,3826,0.25133
1313,4011,0.20231
1313,5119,0.2097
1313,5981,0.20084
1315,3540,0.20521
1315,3795,0.21607
1315,3886,0.27173
1315,4282,0.22369
1315,4596,0.25585
1315,4750,0.42151
1315,5017,0.29006
1315,5125,0.28088
1315,5299,0.2265
1315,5642,0.22603
1315,6057,0.22599
1317,1400,0.28232
1317,2387,0.21893
1317,2543,0.23558
1317,2679,0.21467
1317,4215,0.22928
1317,4361,0.21422
1317,4373,0.21443
1317,4528,0.28753
1317,4676,0.26823
1317,5329,0.21131
1317,5893,0.21262
1318,2724,0.23441
1321,5891,0.25156
1322,1409,0.20322
1322,2073,0.20584
1322,2493,0.25202
1322,3077,0.24362
1322,3275,0.27694
1322,4760,0.20748
1322,4974,0.2308
1322,5175,0.28983
1322,5252,0.26019
1322,6221,0.30047
1323,2637,0.30896
1323,3649,0.27095
1324,1453,0.21643
1324,1565,0.21213
1324,1744,0.35967
1324,2569,0.20296
1324,3774,0.21597
1324,3897,0.37258
1324,4032,0.22725
1324,4069,0.23466
1324,4307,0.21479
1324,4663,0.23466
1324,5751,0.23981
1324,6106,0.20416
1328,1595,0.40838
1328,1803,0.218
1328,1838,0.51656
1328,2195,0.40648
1328,3806,0.25397
1328,3874,0.44186
1328,4322,0.23222
1328,4362,0.40125
1328,4953,0.34272
1328,5351,0.36164
1328,6178,0.21992
1329,1344,0.33854
1329,1842,0.33727
1329,1907,0.36148
1329,2402,0.22998
1329,2593,0.21782
1329,3055,0.23816
1329,3128,0.26538
1329,3651,0.20513
1329,3981,0.25332
1329,4554,0.20506
1329,4787,0.23502
1329,4816,0.27259
1329,4942,0.29987
1329,5077,0.20503
1329,5343,0.28286
1329,5384,0.20949
1329,5447,0.32324
1329,5585,0.28565
1329,5734,0.22603
1329,5976,0.28783
1330,3363,0.20127
1332,1500,0.20148
1332,1543,0.22055
1332,1606,0.26352
1332,1707,0.22354
1332,1799,0.24069
1332,1805,0.3533
1332,1924,0.32873
1332,2162,0.2772
1332,2177,0.26324
1332,2232,0.21497
1332,2308,0.39318
1332,2367,0.27289
1332,2426,0.36975
1332,2537,0.27761
1332,2900,0.30191
1332,3208,0.42061
1332,3234,0.2126
1332,3283,0.39586
1332,3437,0.37349
1332,3574,0.31402
1332,3833,0.46776
1332,3948,0.35079
1332,4082,0.2191
1332,4130,0.32462
1332,4150,0.32945
1332,4603,0.20998
1332,4885,0.23729
1332,5007,0.25374
1332,5047,0.44813
1332,5239,0.20387
1332,5313,0.23519
1332,5456,0.29084
1332,5457,0.2505
1332,5538,0.20042
1332,5607,0.26996
1332,5608,0.20469
1332,5625,0.36455
1332,5628,0.29634
1332,5883,0.34766
1333,1533,0.41128
1333,1897,0.20159
1333,1905,0.24058
1333,2444,0.23864
1333,2790,0.27277
1333,2839,0.40628
1333,2993,0.22466
1333,3472,0.24627
1333,3550,0.2327
1333,3643,0.27615
1333,4226,0.23857
1333,4300,0.32326
1333,4352,0.25185
1333,4579,0.36347
1333,4609,0.21247
1333,4836,0.25154
1333,5099,0.24596
1333,5557,0.36029
1333,6031,0.28334
1333,6040,0.22756
1333,6183,0.30831
1334,2602,0.24558
1334,3479,0.22476
1334,4202,0.23917
1334,4879,0.29181
1334,5757,0.20144
1335,1825,0.33765
1335,2219,0.21754
1335,2769,0.21112
1335,2965,0.28514
1335,3536,0.20303
1335,5238,0.2595
1335,6138,0.36164
1336,1793,0.21268
1336,3184,0.20262
1336,4455,0.20994
1336,5217,0.21213
1339,2219,0.3874
1339,2315,0.22425
1339,2409,0.27744
1339,2424,0.20284
1339,2601,0.29544
1339,2769,0.24422
1339,3057,0.41565
1339,3531,0.20495
1339,3536,0.34004
1339,3958,0.20442
1339,4140,0.23687
1339,4166,0.45638
1339,4477,0.20767
1339,5074,0.33289
1339,5174,0.24466
1339,5554,0.20005
1339,5919,0.20242
1341,1359,0.28624
1341,1378,0.26176
1341,1532,0.31874
1341,1692,0.21683
1341,1716,0.38554
1341,1719,0.41353
1341,1813,0.29657
1341,1905,0.20973
1341,2010,0.20762
1341,2214,0.45496
1341,2319,0.2263
1341,2364,0.26824
1341,2444,0.21161
1341,2488,0.28947
1341,2641,0.58376
1341,2790,0.27434
1341,2906,0.41329
1341,3192,0.24864
1341,3472,0.25045
1341,3560,0.2144
1341,3643,0.27465
1341,3791,0.52036
1341,4226,0.24053
1341,4352,0.25543
1341,4521,0.22196
1341,4561,0.42044
1341,4607,0.23632
1341,4609,0.27042
1341,4638,0.23188
1341,4646,0.31707
1341,4725,0.28899
1341,4842,0.20182
1341,4861,0.28969
1341,5270,0.23303
1341,5367,0.52236
1341,5924,0.20052
1341,5998,0.26681
1342,2090,0.35377
1342,2327,0.45113
1342,2337,0.48612
1342,2519,0.20858
1342,2564,0.20343
1342,2997,0.21769
1342,3119,0.2188
1342,3442,0.26553
1342,3502,0.3541
1342,3590,0.2436
1342,3844,0.30276
1342,3953,0.25736
1342,4006,0.26181
1342,4114,0.31257
1342,4221,0.254
1342,4284,0.3539
1342,4593,0.41545
1342,4634,0.23619
1342,4696,0.28588
1342,4903,0.27619
1342,5057,0.25518
1342,5245,0.43781
1342,5272,0.27789
1342,5351,0.20881
1342,5404,0.23852
1342,5494,0.26678
1342,5518,0.29948
1342,5855,0.29668
1342,5901,0.30419
1342,5982,0.20798
1342,6051,0.30617
1342,6118,0.28934
1342,6185,0.3883
1342,6227,0.22399
1343,2324,0.20207
1343,2759,0.23473
1343,2826,0.469
1343,3146,0.2126
1343,3600,0.29657
1343,3669,0.46734
1343,4618,0.24004
1343,5005,0.69446
1343,5096,0.21248
1343,5745,0.23395
1344,1412,0.21846
1344,1756,0.23354
1344,1842,0.38817
1344,1907,0.3538
1344,2276,0.23128
1344,2320,0.30105
1344,2402,0.26376
1344,2528,0.25124
1344,2556,0.25849
1344,2593,0.33897
1344,2860,0.31077
1344,3001,0.24227
1344,3055,0.28471
1344,3112,0.22954
1344,3128,0.33145
1344,3160,0.34419
1344,3326,0.27677
1344,3333,0.22947
1344,3651,0.2287
1344,3783,0.28731
1344,3981,0.28798
1344,4090,0.2865
1344,4206,0.27052
1344,4554,0.20394
1344,4816,0.3571
1344,4942,0.39531
1344,5051,0.22598
1344,5077,0.23095
1344,5343,0.30155
1344,5368,0.30273
1344,5384,0.31095
1344,5392,0.29431
1344,5447,0.43734
1344,5585,0.31401
1344,5730,0.2338
1344,5734,0.32469
1344,5789,0.21862
1344,6108,0.2487
1345,1393,0.39025
1345,1543,0.34358
1345,1606,0.38188
1345,1621,0.30422
1345,1702,0.32348
1345,1799,0.23144
1345,1805,0.35798
1345,1893,0.22
1345,2151,0.28789
1345,2162,0.46756
1345,2177,0.39041
1345,2186,0.23997
1345,2232,0.33968
1345,2308,0.37572
1345,2401,0.24381
1345,2426,0.53664
1345,2436,0.49166
1345,2558,0.24795
1345,2622,0.51549
1345,2709,0.4045
1345,2769,0.23023
1345,2821,0.40916
1345,2900,0.42579
1345,3208,0.57658
1345,3228,0.35594
1345,3234,0.28043
1345,3251,0.3567
1345,3283,0.3735
1345,3437,0.2674
1345,3574,0.41419
1345,3732,0.33864
1345,3833,0.38657
1345,3853,0.41278
1345,3948,0.56054
1345,3976,0.3197
1345,4062,0.27786
1345,4130,0.45617
1345,4150,0.50278
1345,4462,0.4259
1345,4479,0.20729
1345,4602,0.23709
1345,4603,0.39766
1345,4706,0.26301
1345,4771,0.26295
1345,5007,0.4781
1345,5047,0.35774
1345,5064,0.35749
1345,5071,0.24787
1345,5078,0.21444
1345,5174,0.24997
1345,5236,0.22059
1345,5239,0.2568
1345,5390,0.50158
1345,5393,0.26676
1345,5428,0.39922
1345,5456,0.39715
1345,5482,0.35462
1345,5509,0.32842
1345,5607,0.43166
1345,5625,0.41582
1345,5873,0.35326
1345,5883,0.33797
1345,6159,0.26022
1345,6168,0.30386
1345,6175,0.20604
1346,2283,0.20105
1346,2431,0.2706
1346,2581,0.27327
1346,3521,0.26572
1346,4202,0.31238
1346,4879,0.26939
1346,5411,0.28878
1346,5757,0.31824
1347,2037,0.27918
1347,3709,0.29389
1349,4630,0.29335
1349,4966,0.38091
1349,4979,0.50929
1350,1560,0.25246
1350,1673,0.24483
1350,1682,0.31881
1350,1716,0.34977
1350,1719,0.29004
1350,1905,0.24139
1350,2214,0.30043
1350,2258,0.41572
1350,2265,0.26995
1350,2319,0.3875
1350,2368,0.21427
1350,2444,0.24145
1350,2453,0.36665
1350,2488,0.25728
1350,2573,0.44208
1350,2575,0.2348
1350,2629,0.53118
1350,2759,0.35084
1350,2790,0.31308
1350,2816,0.21525
1350,2906,0.28865
1350,2993,0.25254
1350,3245,0.23828
1350,3252,0.45385
1350,3472,0.36245
1350,3540,0.25861
1350,3639,0.21506
1350,3643,0.2807
1350,3710,0.31099
1350,3821,0.55834
1350,3848,0.26556
1350,3854,0.438
1350,3926,0.37734
1350,4022,0.49247
1350,4083,0.48123
1350,4219,0.20218
1350,4226,0.31718
1350,4352,0.26324
1350,4609,0.24637
1350,4722,0.22146
1350,4743,0.24815
1350,4842,0.2687
1350,4907,0.6173
1350,4971,0.34964
1350,5039,0.25999
1350,5090,0.34594
1350,5206,0.35359
1350,5378,0.2595
1350,5381,0.36808
1350,5557,0.24959
1350,5642,0.20018
1350,5930,0.34114
1350,6092,0.31949
1351,5562,0.2895
1353,2534,0.28459
1353,3992,0.20157
1353,5620,0.27589
1353,5765,0.25595
1354,2381,0.22942
1355,2698,0.20288
1355,5448,0.20645
1356,2499,0.21819
1356,2980,0.29477
1356,5559,0.2081
1356,6023,0.28811
1357,1632,0.29139
1357,2225,0.20201
1357,3144,0.23502
1357,3312,0.24745
1357,3826,0.34612
1357,3913,0.21028
1357,4011,0.29885
1357,4186,0.20353
1357,4545,0.21274
1357,4602,0.20014
1357,4843,0.20353
1357,4984,0.2992
1357,5086,0.26128
1357,5119,0.27856
1358,1589,0.27103
1358,4665,0.22105
1358,5552,0.282
1359,1378,0.29222
1359,1532,0.30959
1359,1716,0.3424
1359,1719,0.27291
1359,1784,0.35507
1359,1813,0.20465
1359,2010,0.27009
1359,2214,0.38585
1359,2364,0.26373
1359,2641,0.38635
1359,2790,0.24326
1359,2906,0.24921
1359,3192,0.34317
1359,4321,0.22574
1359,4561,0.30981
1359,4646,0.20516
1359,4725,0.2533
1359,4842,0.30309
1359,4861,0.42368
1359,5367,0.30818
1359,6092,0.21226
1359,6094,0.26827
1360,1588,0.24955
1360,3896,0.23014
1360,5739,0.25955
1360,6119,0.25143
1361,1495,0.22302
1361,1516,0.21863
1361,1650,0.24577
1361,1666,0.20893
1361,1773,0.20077
1361,1917,0.34605
1361,2153,0.21933
1361,2157,0.23297
1361,2547,0.24388
1361,2582,0.27501
1361,3078,0.20586
1361,3091,0.26179
1361,3183,0.22111
1361,3675,0.20643
1361,4402,0.2519
1361,4474,0.24285
1361,4582,0.29777
1361,4728,0.20287
1361,4737,0.20378
1361,5344,0.20249
1361,5419,0.25451
1361,6220,0.24057
1362,1460,0.35693
1362,1587,0.36054
1362,1649,0.26935
1362,1697,0.31265
1362,1847,0.26103
1362,2090,0.25356
1362,2118,0.34878
1362,2187,0.30383
1362,2327,0.40709
1362,2337,0.31352
1362,2502,0.3584
1362,2519,0.31876
1362,2564,0.24524
1362,2579,0.2989
1362,2935,0.29458
1362,2940,0.20994
1362,3032,0.32542
1362,3590,0.20706
1362,3844,0.31155
1362,3953,0.30782
1362,4114,0.23606
1362,4182,0.31475
1362,4284,0.26551
1362,4295,0.33828
1362,4456,0.21529
1362,4459,0.2405
1362,4593,0.4102
1362,4689,0.31288
1362,4696,0.2448
1362,4994,0.25565
1362,5145,0.24058
1362,5211,0.25717
1362,5245,0.2014
1362,5307,0.38641
1362,5409,0.20134
1362,5490,0.31626
1362,5494,0.22049
1362,5612,0.21614
1362,5665,0.28449
1362,5855,0.21668
1362,5859,0.3157
1362,5885,0.27634
1362,5901,0.32943
1362,6051,0.24429
1362,6054,0.23016
1363,5570,0.22557
1364,3581,0.22566
1365,1681,0.23199
1365,4141,0.31159
1365,5146,0.23546
1365,5828,0.20402
1368,1543,0.20027
1368,1621,0.21652
1368,1805,0.30555
1368,2162,0.23676
1368,2308,0.26485
1368,2426,0.24905
1368,3283,0.2567
1368,3900,0.22301
1368,3948,0.22054
1368,4130,0.21368
1368,4150,0.20674
1368,4431,0.32285
1368,4735,0.35185
1368,5047,0.28228
1368,5456,0.27933
1369,1380,0.22433
1369,1496,0.4475
1369,1514,0.36964
1369,1933,0.27564
1369,2009,0.22332
1369,2032,0.22499
1369,2167,0.2768
1369,2172,0.35648
1369,2252,0.20212
1369,2272,0.25321
1369,2328,0.46529
1369,2481,0.51352
1369,2647,0.30657
1369,2873,0.20171
1369,3016,0.21358
1369,3089,0.21377
1369,3269,0.22835
1369,3346,0.22746
1369,3395,0.23987
1369,3454,0.24096
1369,3507,0.25139
1369,3616,0.22523
1369,3933,0.28197
1369,4011,0.27796
1369,4081,0.27316
1369,4340,0.2264
1369,4394,0.20563
1369,4423,0.29084
1369,4443,0.29329
1369,4547,0.27524
1369,4560,0.21597
1369,4586,0.40538
1369,4602,0.20534
1369,4807,0.20586
1369,4911,0.2626
1369,4944,0.30495
1369,4984,0.25172
1369,5190,0.20424
1369,5215,0.28913
1369,5292,0.217
1369,5304,0.25665
1369,5318,0.29669
1369,5321,0.22506
1369,5333,0.2836
1369,5345,0.30636
1369,5763,0.40584
1369,5878,0.29435
1369,5909,0.23784
1369,6002,0.35045
1369,6078,0.22303
1369,6111,0.42552
1373,2299,0.26422
1373,2337,0.21997
1373,2814,0.22387
1373,4593,0.2434
1373,6051,0.21213
1373,6185,0.20994
1374,1829,0.23078
1374,2326,0.20559
1374,2447,0.20453
1374,5592,0.20538
1374,5752,0.23161
1375,5399,0.21856
1376,1517,0.22665
1376,2102,0.20584
1376,2200,0.57055
1376,2360,0.2408
1376,2642,0.31408
1376,3053,0.56059
1376,3058,0.27636
1376,3418,0.23981
1376,3519,0.48011
1376,3524,0.2023
1376,4413,0.58618
1376,4733,0.29039
1376,4878,0.24957
1376,5033,0.2157
1376,5462,0.2028
1376,5720,0.59645
1376,5756,0.223
1376,5935,0.29686
1376,6149,0.56059
1377,2674,0.25392
1377,2946,0.3055
1377,3596,0.24888
1377,3864,0.58862
1377,4332,0.22227
1378,1532,0.51973
1378,1623,0.28003
1378,1716,0.38424
1378,1719,0.37279
1378,1813,0.38193
1378,2214,0.39319
1378,2319,0.30232
1378,2364,0.20097
1378,2369,0.21543
1378,2641,0.306
1378,2790,0.25105
1378,2906,0.34374
1378,3791,0.22396
1378,3897,0.22543
1378,4321,0.32585
1378,4352,0.20883
1378,4561,0.42156
1378,4607,0.30744
1378,4842,0.35262
1378,4907,0.22927
1378,5171,0.23308
1378,5367,0.25391
1378,5924,0.30702
1378,5998,0.25873
1379,4653,0.23391
1379,5234,0.22274
1380,1496,0.30814
1380,1637,0.31471
1380,1758,0.38706
1380,2032,0.30582
1380,2172,0.21873
1380,2225,0.25557
1380,2328,0.3369
1380,2401,0.40189
1380,2481,0.28232
1380,2507,0.40405
1380,2647,0.50587
1380,2846,0.24696
1380,2959,0.26749
1380,3016,0.26644
1380,3089,0.26427
1380,3283,0.2026
1380,3395,0.20276
1380,3439,0.2408
1380,3454,0.37009
1380,3574,0.21494
1380,3933,0.28048
1380,4011,0.26292
1380,4257,0.36122
1380,4285,0.42151
1380,4343,0.25972
1380,4349,0.31824
1380,4380,0.39296
1380,4394,0.39564
1380,4423,0.48148
1380,4443,0.36427
1380,4532,0.20322
1380,4560,0.23032
1380,4586,0.20417
1380,4598,0.20971
1380,4602,0.23002
1380,4807,0.35001
1380,4909,0.21941
1380,4984,0.23055
1380,5040,0.28753
1380,5086,0.21595
1380,5190,0.41382
1380,5192,0.22437
1380,5215,0.41772
1380,5292,0.47597
1380,5321,0.27052
1380,5333,0.46853
1380,5486,0.25386
1380,5493,0.37129
1380,5711,0.27594
1380,5763,0.27813
1380,5796,0.3044
1380,5878,0.20957
1380,5909,0.23965
1380,6002,0.23893
1380,6034,0.27767
1380,6078,0.28696
1380,6127,0.35139
1380,6143,0.48011
1380,6192,0.21648
1380,6193,0.35833
1381,2975,0.22851
1381,3914,0.21483
1381,5265,0.28489
1382,1597,0.27215
1382,1795,0.32996
1382,1957,0.28686
1382,2034,0.3495
1382,2395,0.20702
1382,3262,0.2217
1382,3763,0.20413
1382,4480,0.31412
1382,5067,0.21448
1382,5243,0.36497
1382,5311,0.30456
1382,5754,0.37078
1382,5786,0.25793
1382,5910,0.21152
1382,6009,0.21871
1382,6077,0.21556
1384,4405,0.21965
1385,4428,0.20886
1385,4874,0.20557
1385,4941,0.24136
1386,4862,0.24453
1388,1484,0.21093
1388,1831,0.32976
1388,2039,0.24945
1388,3171,0.42881
1388,4518,0.48215
1388,4667,0.43927
1388,4858,0.20822
1388,4929,0.20495
1388,5086,0.3027
1388,5132,0.49323
1390,4821,0.23202
1390,5620,0.27007
1390,6011,0.24793
1391,3895,0.20354
1391,4211,0.20994
1391,4784,0.20158
1392,1505,0.21911
1392,2381,0.22481
1392,3389,0.29128
1392,4417,0.22646
1392,4475,0.25606
1392,4755,0.23675
1392,5974,0.24884
1393,1543,0.2087
1393,1606,0.29812
1393,2162,0.30278
1393,2177,0.29435
1393,2308,0.20369
1393,2426,0.2648
1393,2436,0.32287
1393,2622,0.33293
1393,2709,0.46125
1393,2821,0.26965
1393,2900,0.2544
1393,3208,0.32243
1393,3234,0.20226
1393,3251,0.38856
1393,3283,0.21045
1393,3574,0.2483
1393,3732,0.25427
1393,3833,0.20678
1393,3853,0.32233
1393,3948,0.4005
1393,4009,0.20637
1393,4130,0.40294
1393,4150,0.43992
1393,4444,0.22152
1393,4462,0.33346
1393,4603,0.30363
1393,4771,0.211
1393,5007,0.23773
1393,5064,0.39731
1393,5071,0.24016
1393,5174,0.22936
1393,5390,0.30683
1393,5428,0.33354
1393,5456,0.47153
1393,5482,0.21802
1393,5509,0.27067
1393,5538,0.25049
1393,5607,0.20425
1393,5625,0.29054
1393,5628,0.35855
1393,6168,0.23872
1394,2135,0.22267
1394,3077,0.20915
1394,5947,0.24945
1395,1723,0.5433
1395,1749,0.33852
1395,3540,0.37339
1395,3710,0.20201
1395,4219,0.38295
1395,4673,0.21033
1395,4815,0.20213
1395,5299,0.2405
1395,5642,0.26573
1395,6043,0.22261
1395,6092,0.2166
1396,1530,0.37102
1396,1611,0.33788
1396,1844,0.20442
1396,1918,0.51691
1396,2062,0.49019
1396,2167,0.29623
1396,2269,0.43121
1396,2552,0.20605
1396,2578,0.34638
1396,2717,0.49185
1396,2796,0.22814
1396,2857,0.38435
1396,2873,0.26169
1396,2953,0.43029
1396,3030,0.2674
1396,3171,0.29827
1396,3674,0.39845
1396,3805,0.24536
1396,4172,0.22165
1396,4397,0.23507
1396,4409,0.21954
1396,4479,0.2289
1396,4686,0.50605
1396,4858,0.36597
1396,4876,0.2188
1396,4921,0.38776
1396,4929,0.32813
1396,5072,0.39839
1396,5486,0.26019
1396,5623,0.21456
1396,5998,0.21082
1399,1723,0.25344
1399,2806,0.20737
1399,3540,0.23347
1399,4219,0.23177
1399,4673,0.26408
1399,4750,0.39069
1399,5299,0.26526
1400,1560,0.22246
1400,1684,0.35105
1400,1751,0.20764
1400,1835,0.28295
1400,2097,0.38917
1400,2265,0.27258
1400,2300,0.33641
1400,2325,0.25077
1400,2368,0.41919
1400,2387,0.45911
1400,2453,0.21921
1400,2461,0.35441
1400,2543,0.45665
1400,2575,0.4879
1400,2713,0.35138
1400,2797,0.22265
1400,2833,0.2477
1400,2916,0.29105
1400,3146,0.35326
1400,3170,0.22466
1400,3249,0.2439
1400,3610,0.28423
1400,3639,0.24238
1400,3731,0.27436
1400,3848,0.21311
1400,3926,0.36656
1400,4022,0.23123
1400,4155,0.34421
1400,4215,0.48787
1400,4294,0.39745
1400,4361,0.42309
1400,4373,0.46803
1400,4395,0.28809
1400,4528,0.5188
1400,4529,0.2309
1400,4562,0.30875
1400,4676,0.40709
1400,4848,0.25883
1400,4888,0.20097
1400,4912,0.33537
1400,4971,0.20759
1400,5025,0.20335
1400,5165,0.29018
1400,5206,0.38927
1400,5329,0.2772
1400,5378,0.40709
1400,5408,0.21941
1400,5527,0.23927
1400,5605,0.23526
1400,5652,0.32148
1400,5893,0.30461
1400,5930,0.21674
1400,5955,0.31398
1400,6092,0.23466
1400,6191,0.31852
1401,3532,0.4102
1402,2030,0.21402
1402,2580,0.33828
1402,2606,0.24169
1402,2983,0.21062
1402,5460,0.29452
1402,5902,0.42824
1402,6000,0.44208
1402,6145,0.23466
1403,1503,0.30617
1403,1712,0.58618
1403,1793,0.30617
1403,2282,0.20617
1403,2454,0.39069
1403,2491,0.21028
1403,2966,0.27619
1403,2980,0.40709
1403,3042,0.45113
1403,3105,0.2084
1403,3174,0.20159
1403,3184,0.27861
1403,3235,0.22385
1403,3323,0.26035
1403,3466,0.23981
1403,3502,0.25386
1403,3503,0.22825
1403,3712,0.20023
1403,3900,0.21804
1403,3975,0.23866
1403,4129,0.26213
1403,4132,0.25702
1403,4156,0.24541
1403,4329,0.50247
1403,4411,0.21127
1403,4439,0.26213
1403,4455,0.50576
1403,4605,0.35262
1403,4606,0.33828
1403,4869,0.24315
1403,4874,0.45113
1403,5153,0.44944
1403,5181,0.33386
1403,5195,0.24719
1403,5217,0.33828
1403,5326,0.59645
1403,5429,0.21834
1403,5879,0.28584
1403,5966,0.3883
1403,5990,0.2155
1403,6126,0.36483
1403,6135,0.48011
1405,5829,0.23981
1406,2114,0.20272
1406,2147,0.24069
1406,2369,0.25829
1406,4076,0.21635
1406,5657,0.21749
1406,5710,0.2427
1407,2975,0.2057
1407,5364,0.24811
1407,5742,0.21192
1408,1937,0.20395
1408,1946,0.48011
1408,2391,0.26505
1408,2532,0.35472
1408,2612,0.33777
1408,3066,0.30108
1408,3278,0.20347
1408,3381,0.27853
1408,3738,0.25531
1408,4306,0.21635
1408,4317,0.22355
1408,4581,0.36197
1408,4687,0.45012
1408,4934,0.20249
1408,5022,0.20221
1408,5270,0.22688
1408,5783,0.27878
1408,5954,0.24602
1409,1602,0.21528
1409,1641,0.27619
1409,1644,0.26878
1409,1728,0.22725
1409,1802,0.26019
1409,2201,0.56059
1409,2412,0.24731
1409,2440,0.26878
1409,2948,0.2028
1409,2949,0.32221
1409,3043,0.23981
1409,3330,0.24957
1409,3619,0.20249
1409,3669,0.22725
1409,3924,0.20236
1409,3928,0.20296
1409,3950,0.20131
1409,3961,0.67211
1409,4017,0.22725
1409,4337,0.31949
1409,4419,0.20201
1409,4991,0.23466
1409,5851,0.20178
1409,6091,0.52721
1409,6190,0.35262
1409,6221,0.2998
1410,4470,0.27341
1410,5707,0.20234
1410,5845,0.2595
1412,1519,0.21651
1412,1958,0.24799
1412,2122,0.24143
1412,2464,0.20221
1412,2516,0.25451
1412,2897,0.21855
1412,2927,0.26978
1412,3243,0.28396
1412,3607,0.26364
1412,3712,0.20681
1412,3981,0.20804
1412,4090,0.27989
1412,4139,0.26414
1412,4577,0.26078
1412,4837,0.26315
1412,5489,0.2157
1412,5896,0.23415
1412,6158,0.2941
1413,1726,0.2061
1413,1776,0.30763
1413,2125,0.23792
1413,2190,0.20203
1413,2602,0.24233
1413,3088,0.25445
1413,3314,0.20817
1413,3734,0.3169
1413,3960,0.24493
1413,4058,0.24147
1413,4220,0.22261
1413,4402,0.22377
1413,4898,0.20726
1413,5146,0.20922
1413,5511,0.31632
1413,5749,0.27619
1413,6165,0.21391
1414,1750,0.44944
1414,1752,0.20178
1414,1762,0.3876
1414,1959,0.23981
1414,2002,0.45012
1414,2432,0.20584
1414,2460,0.35219
1414,2847,0.23415
1414,2854,0.43286
1414,2910,0.2998
1414,2994,0.26073
1414,3083,0.21213
1414,3221,0.45113
1414,3257,0.28248
1414,3319,0.26878
1414,3486,0.36164
1414,3560,0.28296
1414,3749,0.21528
1414,3778,0.25557
1414,3802,0.27407
1414,3971,0.2831
1414,4013,0.26823
1414,4732,0.23981
1414,4773,0.22261
1414,5140,0.20288
1414,5425,0.33828
1414,5670,0.2028
1415,1741,0.25568
1415,1964,0.27822
1415,2003,0.20485
1415,2165,0.23989
1415,2501,0.43384
1415,3561,0.20157
1415,3592,0.32491
1415,3799,0.38233
1415,4821,0.21104
1415,5981,0.25319
1415,5986,0.31144
1416,1564,0.22904
1416,1677,0.20193
1416,1690,0.23185
1416,2454,0.26732
1416,2702,0.20774
1416,4129,0.23466
1416,4280,0.22011
1416,4455,0.23577
1416,4743,0.23343
1416,5217,0.30239
1416,5326,0.26019
1416,6135,0.28783
1416,6212,0.21759
1417,1614,0.217
1417,4778,0.23998
1417,5088,0.20514
1417,5342,0.23177
1418,2556,0.2033
1418,2593,0.26881
1418,3160,0.20666
1418,3902,0.24409
1418,4276,0.30166
1418,5126,0.2366
1418,5384,0.25362
1418,5700,0.27389
1418,5815,0.26245
1418,6017,0.29634
1419,4141,0.2068
1420,2666,0.25574
1420,4006,0.20246
1420,5138,0.21277
1420,6072,0.21085
1420,6118,0.20735
1421,1526,0.2861
1421,1799,0.36986
1421,1829,0.28613
1421,2232,0.20242
1421,2326,0.24305
1421,2396,0.35709
1421,2447,0.39631
1421,2917,0.39126
1421,3027,0.30396
1421,3164,0.22193
1421,3212,0.37933
1421,3646,0.20132
1421,3913,0.51742
1421,4095,0.46129
1421,4243,0.29254
1421,4503,0.37501
1421,4706,0.21213
1421,4767,0.31931
1421,4883,0.23094
1421,5793,0.26985
1421,5883,0.21377
1422,2220,0.29454
1424,1516,0.27862
1424,2922,0.20403
1424,3091,0.26683
1424,5250,0.25788
1424,5472,0.21507
1424,5562,0.22839
1424,5618,0.21368
1424,5670,0.2413
1424,6220,0.2733
1426,1669,0.2071
1426,2711,0.28043
1426,5520,0.23623
1428,5961,0.24567
1429,5127,0.24885
1430,2272,0.38115
1430,2481,0.23378
1430,2848,0.23357
1430,3933,0.38466
1430,4190,0.24124
1430,4316,0.24626
1430,4547,0.32537
1430,4550,0.26121
1430,5603,0.20304
1431,2980,0.22512
1432,1500,0.27975
1432,3437,0.23254
1432,4009,0.20726
1432,5625,0.21975
1433,3869,0.26349
1433,4298,0.20726
1433,5616,0.39578
1436,1668,0.27882
1436,3068,0.21093
1436,3987,0.25731
1436,5917,0.27882
1436,6224,0.20339
1437,5361,0.22539
1437,5658,0.26133
1438,1479,0.20994
1438,2576,0.20296
1438,6001,0.22516
1439,1826,0.34965
1439,4391,0.23006
1440,1843,0.22451
1440,2323,0.51372
1440,3051,0.20816
1440,4292,0.38307
1440,4633,0.39182
1440,4715,0.42022
1440,4756,0.22255
1440,4856,0.58156
1440,5341,0.60133
1440,5555,0.43039
1440,5610,0.59733
1440,5614,0.53999
1440,5780,0.56481
1440,5853,0.23434
1441,4996,0.27633
1441,5028,0.20372
1441,5140,0.26374
1441,5759,0.20874
1442,5836,0.21852
1443,1573,0.28589
1443,2255,0.39969
1443,2412,0.29163
1443,2425,0.29207
1443,2749,0.27094
1443,2951,0.28259
1443,3619,0.40591
1443,3848,0.24578
1443,3950,0.33738
1443,4189,0.28603
1443,4223,0.3127
1443,4507,0.2349
1443,4946,0.28509
1443,5557,0.23146
1443,6224,0.21449
1446,1753,0.36164
1446,2747,0.21213
1446,2772,0.23134
1446,3992,0.57055
1446,4077,0.2084
1446,4113,0.29728
1447,2374,0.22756
1447,4589,0.3182
1447,5464,0.26504
1447,5942,0.22363
1447,6230,0.22355
1448,1516,0.31936
1448,2547,0.20077
1448,2582,0.20885
1448,3091,0.31689
1448,3637,0.23176
1448,5250,0.21548
1448,5362,0.3152
1448,5647,0.24913
1448,6001,0.20707
1448,6220,0.38859
1449,1716,0.21054
1449,3095,0.27115
1449,4237,0.24624
1449,4561,0.22424
1449,4725,0.26181
1449,4758,0.2124
1449,4875,0.23219
1449,5087,0.21203
1450,5147,0.20563
1451,1460,0.21453
1451,1697,0.26838
1451,2090,0.23989
1451,2997,0.24552
1451,3072,0.22819
1451,3502,0.21968
1451,3590,0.34158
1451,4114,0.20538
1451,4182,0.2176
1451,4459,0.21191
1451,4689,0.23584
1451,5307,0.21415
1451,5490,0.24469
1451,5494,0.38235
1451,5518,0.33152
1451,5665,0.28301
1451,5859,0.23001
1451,5885,0.3457
1451,6054,0.29578
1453,1565,0.22725
1453,1744,0.35326
1453,2321,0.27407
1453,3897,0.2998
1453,4307,0.25603
1453,4663,0.23466
1453,5852,0.26997
1453,6106,0.28658
1454,1476,0.38776
1454,1678,0.23466
1454,2728,0.22742
1454,2781,0.20771
1454,3081,0.2198
1454,3355,0.27619
1454,3662,0.2595
1454,3958,0.24634
1454,4306,0.21466
1456,1482,0.26019
1456,1599,0.23788
1456,2225,0.28783
1456,3439,0.25937
1456,3711,0.24821
1456,3826,0.2476
1456,4011,0.30783
1456,4285,0.21941
1456,4522,0.20855
1456,4598,0.25588
1456,4683,0.27901
1456,4984,0.31861
1457,1482,0.21528
1457,2225,0.22725
1458,4342,0.21046
1460,1525,0.26326
1460,1539,0.21012
1460,1587,0.31107
1460,1649,0.28486
1460,1697,0.34692
1460,1847,0.34272
1460,2090,0.33301
1460,2118,0.45014
1460,2187,0.30558
1460,2278,0.29524
1460,2327,0.44901
1460,2337,0.40709
1460,2346,0.23344
1460,2502,0.30759
1460,2519,0.24575
1460,2564,0.28726
1460,2579,0.31968
1460,2812,0.22684
1460,2935,0.31243
1460,2940,0.21471
1460,3032,0.42005
1460,3072,0.21234
1460,3119,0.22604
1460,3127,0.2288
1460,3380,0.20898
1460,3442,0.22562
1460,3502,0.26306
1460,3590,0.26256
1460,3844,0.27963
1460,3953,0.2636
1460,4114,0.30061
1460,4182,0.4007
1460,4284,0.29383
1460,4456,0.27944
1460,4593,0.45113
1460,4689,0.36946
1460,4696,0.31597
1460,4994,0.21329
1460,5144,0.2145
1460,5145,0.35365
1460,5211,0.28657
1460,5245,0.30763
1460,5307,0.39594
1460,5409,0.2336
1460,5490,0.3784
1460,5494,0.34078
1460,5518,0.22611
1460,5665,0.36504
1460,5855,0.2353
1460,5859,0.42842
1460,5885,0.29718
1460,5901,0.29189
1460,6051,0.28296
1460,6054,0.32326
1461,3905,0.26019
1461,4668,0.20649
1461,5208,0.25211
1462,2942,0.2483
1462,4842,0.21585
1463,2618,0.23416
1463,4345,0.20613
1463,5845,0.21571
1464,1527,0.25881
1464,2978,0.41545
1464,3510,0.48011
1464,3564,0.24361
1464,4556,0.26607
1464,4879,0.20201
1464,5750,0.28983
1464,6079,0.36256
1465,2328,0.21105
1465,2647,0.31544
1465,2959,0.21268
1465,4257,0.26823
1465,4285,0.26997
1465,4394,0.22783
1465,4423,0.21772
1465,4560,0.22374
1465,5040,0.21216
1465,5215,0.22567
1465,5292,0.24651
1465,5321,0.2138
1465,5333,0.23858
1465,5493,0.20771
1465,6143,0.3276
1466,1946,0.20397
1466,4687,0.26427
1467,3326,0.20288
1468,3637,0.2747
1468,4466,0.23714
1468,5260,0.2878
1468,5905,0.27218
1469,1973,0.22932
1469,3381,0.2042
1469,4396,0.31406
1469,4959,0.20178
1469,5022,0.21902
1470,1989,0.20544
1470,3269,0.26921
1470,4911,0.20517
1470,4991,0.29649
1470,5510,0.20501
1470,5878,0.28863
1472,1602,0.29906
1472,1611,0.21792
1472,3330,0.24615
1472,3755,0.25779
1472,4386,0.20815
1472,6015,0.20995
1473,2978,0.20583
1473,3658,0.20459
1473,5273,0.23319
1475,2072,0.20095
1475,4192,0.37995
1475,5410,0.24081
1475,5502,0.29082
1476,2781,0.22914
1476,2875,0.2789
1476,2911,0.21211
1476,3081,0.21414
1476,3945,0.24377
1476,4306,0.26972
1476,4572,0.20638
1476,5378,0.21832
1477,2349,0.23755
1477,3622,0.20893
1478,3804,0.24629
1478,5219,0.21471
1478,5348,0.21213
1478,5690,0.20215
1479,1729,0.26213
1479,1747,0.21028
1479,1807,0.51742
1479,2576,0.35262
1479,2741,0.35326
1479,3150,0.38776
1479,4274,0.48011
1479,4435,0.21528
1479,5221,0.28658
1479,5523,0.50247
1479,5608,0.36256
1479,5933,0.35158
1480,5790,0.21393
1480,6198,0.20648
1482,1542,0.20584
1482,1549,0.22725
1482,2225,0.2107
1482,2888,0.22996
1482,3194,0.28296
1482,3269,0.2138
1482,3439,0.20158
1482,4293,0.22725
1482,4938,0.30386
1482,5377,0.21213
1483,1625,0.25477
1485,1975,0.20748
1485,3637,0.28685
1485,4267,0.22509
1485,4315,0.33578
1485,4571,0.31544
1485,4917,0.21204
1485,5078,0.21993
1485,5260,0.28824
1486,1603,0.33828
1486,1868,0.21146
1486,1931,0.30959
1486,1979,0.43983
1486,3235,0.26019
1486,3558,0.24028
1486,3562,0.3197
1486,3779,0.27014
1486,4345,0.20129
1486,4682,0.23134
1486,5106,0.20927
1486,5483,0.35219
1486,5868,0.23511
1487,3052,0.24796
1487,4820,0.21163
1487,5592,0.24369
1489,5184,0.22882
1489,5669,0.23616
1489,6047,0.21247
1490,1721,0.23927
1490,1892,0.22399
1490,2439,0.2878
1490,2690,0.23028
1490,3313,0.20994
1490,3512,0.2028
1490,3992,0.30346
1490,4663,0.22725
1490,5775,0.20927
1490,6223,0.20927
1491,1947,0.21127
1491,3209,0.27611
1491,5369,0.38398
1491,5499,0.20482
1491,6018,0.21278
1492,1599,0.23655
1492,3439,0.21223
1492,3491,0.3282
1492,4011,0.29629
1492,4984,0.29284
1492,5318,0.24314
1492,5345,0.22279
1492,5909,0.25028
1493,1712,0.20619
1493,2454,0.27619
1493,4129,0.29728
1493,4455,0.30346
1493,5217,0.24957
1493,5326,0.28552
1493,6126,0.22725
1493,6135,0.32221
1495,1917,0.23578
1495,4692,0.23614
1495,5156,0.22955
1495,5344,0.22627
1495,5799,0.22949
1496,1514,0.29641
1496,1599,0.20863
1496,1635,0.23406
1496,1637,0.2442
1496,1989,0.20368
1496,2032,0.24166
1496,2172,0.22653
1496,2225,0.26878
1496,2272,0.24161
1496,2328,0.50147
1496,2481,0.64592
1496,2507,0.25933
1496,2581,0.32999
1496,2647,0.36938
1496,2873,0.20313
1496,2959,0.23504
1496,3089,0.25196
1496,3093,0.20242
1496,3269,0.24143
1496,3346,0.26346
1496,3439,0.22708
1496,3454,0.21222
1496,3612,0.26965
1496,3933,0.28923
1496,4011,0.27226
1496,4081,0.24762
1496,4257,0.22068
1496,4285,0.29899
1496,4380,0.22433
1496,4394,0.29011
1496,4423,0.2958
1496,4443,0.35053
1496,4547,0.27857
1496,4560,0.29008
1496,4586,0.33965
1496,4807,0.28374
1496,4911,0.31923
1496,4984,0.25503
1496,4991,0.21643
1496,5040,0.30293
1496,5190,0.2405
1496,5215,0.33596
1496,5304,0.2117
1496,5318,0.27627
1496,5333,0.33718
1496,5345,0.26521
1496,5484,0.20221
1496,5493,0.21225
1496,5763,0.39426
1496,5878,0.25831
1496,6002,0.29716
1496,6078,0.33417
1496,6143,0.26827
1496,6193,0.21506
1497,1570,0.27777
1497,2327,0.26133
1497,2645,0.24941
1497,3582,0.36164
1497,4386,0.28504
1497,4514,0.35326
1497,4593,0.22725
1497,4850,0.27478
1497,4886,0.45113
1497,4949,0.30737
1497,4992,0.28483
1497,5057,0.37258
1497,5254,0.23028
1497,5310,0.32544
1497,5365,0.3359
1497,5591,0.23537
1497,5596,0.29587
1497,5709,0.25195
1497,5903,0.2616
1497,5910,0.30043
1497,5982,0.27464
1498,5340,0.43108
1499,1823,0.25207
1500,1811,0.26028
1500,2520,0.20742
1500,2536,0.24845
1500,3437,0.21596
1500,4217,0.21606
1500,4656,0.23126
1500,5377,0.22799
1500,5554,0.24386
1500,5625,0.21333
1501,1758,0.24393
1501,1999,0.20091
1501,2160,0.22809
1501,2615,0.38996
1501,4380,0.2779
1501,5078,0.22405
1501,5190,0.29542
1501,5192,0.2452
1501,5796,0.59302
1501,5874,0.26954
1502,5361,0.24197
1502,6109,0.21355
1503,1712,0.25225
1503,1767,0.25396
1503,1912,0.36483
1503,2032,0.23182
1503,2282,0.28248
1503,2375,0.23972
1503,2476,0.3276
1503,3042,0.35295
1503,3235,0.29686
1503,3292,0.20657
1503,3323,0.27209
1503,3466,0.20588
1503,3566,0.3086
1503,3867,0.27316
1503,4132,0.3876
1503,4298,0.27954
1503,4329,0.23415
1503,4605,0.41944
1503,5153,0.36793
1503,5326,0.26301
1503,5960,0.20133
1503,6071,0.25556
1503,6126,0.23577
1504,1552,0.28503
1504,2115,0.32872
1504,2285,0.2245
1504,3342,0.28362
1504,4218,0.23972
1504,4244,0.25329
1504,4934,0.27407
1504,5110,0.20684
1504,5186,0.32004
1504,5234,0.3658
1504,5255,0.20267
1504,5554,0.21917
1504,5673,0.22507
1504,5706,0.22812
1504,5919,0.2998
1505,5476,0.21552
1505,5563,0.24599
1506,1811,0.26167
1506,4217,0.22711
1506,4656,0.21753
1506,5280,0.21267
1506,5742,0.21443
1507,4115,0.2242
1508,4503,0.23729
1509,2734,0.23054
1509,3813,0.22282
1512,2022,0.20227
1512,4141,0.35884
1512,4371,0.24852
1513,2194,0.3557
1513,4197,0.28537
1513,4924,0.2043
1514,1635,0.26951
1514,1679,0.31703
1514,1989,0.25158
1514,2009,0.3114
1514,2020,0.22685
1514,2172,0.38563
1514,2252,0.24466
1514,2272,0.30349
1514,2328,0.34625
1514,2353,0.4107
1514,2401,0.22716
1514,2481,0.32442
1514,2507,0.20479
1514,2559,0.30918
1514,2647,0.37158
1514,2959,0.20895
1514,3089,0.29281
1514,3269,0.28744
1514,3346,0.20592
1514,3439,0.20924
1514,3454,0.32636
1514,3507,0.32017
1514,3616,0.22432
1514,3933,0.30913
1514,4011,0.22372
1514,4340,0.38103
1514,4349,0.20196
1514,4380,0.2006
1514,4394,0.23565
1514,4423,0.29354
1514,4443,0.25492
1514,4532,0.21058
1514,4547,0.3436
1514,4586,0.29681
1514,4602,0.31952
1514,4807,0.25169
1514,4911,0.28783
1514,4944,0.32744
1514,4984,0.24131
1514,4991,0.26347
1514,5040,0.20457
1514,5190,0.24715
1514,5215,0.27491
1514,5292,0.23885
1514,5318,0.36842
1514,5321,0.38302
1514,5333,0.34268
1514,5345,0.38067
1514,5493,0.23444
1514,5530,0.26015
1514,5763,0.33729
1514,5878,0.27073
1514,5909,0.4084
1514,6002,0.30103
1514,6111,0.23831
1514,6143,0.34605
1515,1939,0.20978
1516,1650,0.30567
1516,1789,0.29303
1516,1936,0.26665
1516,2153,0.25988
1516,2157,0.28776
1516,2169,0.22932
1516,2173,0.23849
1516,2222,0.27697
1516,2479,0.24336
1516,2483,0.21916
1516,2547,0.35532
1516,2553,0.23729
1516,2582,0.35745
1516,2659,0.2729
1516,3078,0.27034
1516,3091,0.29943
1516,3183,0.31865
1516,3349,0.22016
1516,3468,0.26343
1516,3475,0.20376
1516,3675,0.23623
1516,3722,0.26456
1516,3725,0.25452
1516,4364,0.20446
1516,4402,0.30521
1516,4424,0.21955
1516,4474,0.21653
1516,4582,0.35232
1516,4728,0.36338
1516,4860,0.27136
1516,4869,0.26943
1516,4892,0.24542
1516,5250,0.24533
1516,5416,0.20693
1516,5472,0.23197
1516,5562,0.22221
1516,5647,0.22024
1516,5670,0.27038
1516,5962,0.20669
1516,6220,0.33497
1517,2200,0.42151
1517,2360,0.23909
1517,2642,0.24948
1517,3053,0.49019
1517,3461,0.20492
1517,3519,0.22725
1517,4413,0.50247
1517,5720,0.52721
1517,6044,0.20199
1517,6149,0.43286
1518,5847,0.2765
1519,1958,0.27903
1519,2077,0.22579
1519,2464,0.23416
1519,2516,0.20199
1519,2656,0.24183
1519,2880,0.29273
1519,2955,0.23314
1519,3676,0.2386
1519,3836,0.21099
1519,4119,0.36018
1519,4837,0.21667
1519,4960,0.2565
1519,5489,0.36287
1519,5539,0.20946
1519,5570,0.20792
1519,5788,0.26494
1520,1625,0.21423
1520,1940,0.22977
1520,2056,0.23196
1520,2314,0.21217
1520,2382,0.23019
1520,2421,0.23301
1520,2494,0.22509
1520,2621,0.22657
1520,2623,0.20048
1520,2744,0.208
1520,3029,0.20551
1520,3096,0.39625
1520,3278,0.42507
1520,3328,0.23514
1520,3899,0.20212
1520,4364,0.27979
1520,4376,0.26769
1520,4652,0.22731
1520,4684,0.20385
1520,4823,0.23192
1520,5065,0.41315
1520,5627,0.27766
1520,5741,0.251
1520,5752,0.2363
1520,5790,0.22607
1522,1716,0.24004
1522,2319,0.26114
1522,2488,0.24013
1522,2816,0.21571
1522,2906,0.20832
1522,3047,0.24377
1522,3252,0.20094
1522,3294,0.20303
1522,3540,0.24257
1522,3688,0.20923
1522,3821,0.24374
1522,4022,0.23091
1522,4083,0.22029
1522,4140,0.21191
1522,4219,0.22523
1522,4561,0.2823
1522,4750,0.20288
1522,4842,0.28514
1522,4907,0.21552
1523,1881,0.28783
1523,2101,0.21986
1523,4092,0.23873
1523,4378,0.21211
1523,4388,0.2251
1523,5265,0.20046
1523,5287,0.28648
1523,5666,0.42151
1523,5965,0.29728
1523,5991,0.22597
1523,6058,0.20662
1524,5961,0.2044
1525,1587,0.21232
1525,2090,0.24385
1525,2579,0.21727
1525,2940,0.31594
1525,4295,0.20416
1525,5307,0.22255
1526,1799,0.21011
1526,1829,0.31187
1526,2396,0.23835
1526,2917,0.40648
1526,3012,0.25911
1526,3027,0.25285
1526,3913,0.42517
1526,4095,0.34309
1526,4503,0.21399
1526,4883,0.2036
1526,5527,0.35326
1526,5793,0.28411
1526,5826,0.22669
1527,1826,0.21213
1527,2978,0.52721
1527,3510,0.36164
1527,3564,0.26551
1527,3808,0.20421
1527,4465,0.21166
1527,4556,0.23675
1527,4800,0.24613
1527,4879,0.20249
1527,5620,0.20158
1527,5708,0.21205
1527,5750,0.48011
1527,5834,0.22399
1527,5991,0.22725
1527,6079,0.49019
1528,2283,0.21781
1528,3882,0.20081
1528,5411,0.21966
1528,5520,0.22475
1530,1611,0.32307
1530,1918,0.54949
1530,2062,0.4102
1530,2167,0.22228
1530,2269,0.27958
1530,2578,0.36727
1530,2717,0.46569
1530,2796,0.34681
1530,2857,0.33469
1530,2873,0.2517
1530,2953,0.3573
1530,3674,0.29624
1530,3805,0.31099
1530,4313,0.20353
1530,4479,0.22709
1530,4624,0.25681
1530,4686,0.39811
1530,4858,0.38139
1530,5072,0.36024
1530,6057,0.20877
1531,1996,0.26041
1531,2275,0.21821
1531,2362,0.64002
1531,2472,0.29073
1531,2563,0.32705
1531,2595,0.42282
1531,2731,0.39185
1531,2763,0.2388
1531,2855,0.24639
1531,3008,0.22725
1531,3855,0.33904
1531,3863,0.20528
1531,4224,0.47077
1531,4348,0.36013
1531,4542,0.22706
1531,4639,0.41604
1531,5016,0.21271
1531,5548,0.20289
1531,5640,0.22504
1531,5644,0.29607
1531,5653,0.27604
1531,5872,0.40223
1531,6093,0.29911
1531,6119,0.25378
1531,6141,0.20329
1532,1623,0.33528
1532,1692,0.224
1532,1716,0.44272
1532,1719,0.4117
1532,1784,0.22879
1532,1810,0.20439
1532,1813,0.40494
1532,2214,0.48906
1532,2319,0.35865
1532,2453,0.20278
1532,2488,0.22575
1532,2573,0.26612
1532,2629,0.20111
1532,2641,0.37405
1532,2790,0.27871
1532,2906,0.42773
1532,3192,0.25502
1532,3252,0.20828
1532,3291,0.20752
1532,3472,0.28013
1532,3643,0.22715
1532,3791,0.24213
1532,4321,0.35641
1532,4352,0.21757
1532,4561,0.44793
1532,4607,0.42355
1532,4609,0.25288
1532,4638,0.20026
1532,4842,0.34886
1532,4861,0.26394
1532,4876,0.20822
1532,4907,0.20889
1532,5090,0.22428
1532,5270,0.22214
1532,5367,0.36011
1532,5557,0.21084
1532,5710,0.23817
1532,5821,0.21528
1532,5924,0.30146
1532,5998,0.33514
1532,6031,0.22753
1532,6094,0.21079
1533,4579,0.2413
1533,6183,0.30989
1534,1799,0.21603
1534,3164,0.27613
1534,3913,0.21977
1534,5728,0.22604
1534,5883,0.30931
1534,5961,0.20749
1535,2200,0.20994
1535,3053,0.23981
1535,3519,0.28296
1535,4413,0.28538
1535,5720,0.22399
1535,6149,0.21028
1536,1783,0.23161
1536,1932,0.30976
1536,1961,0.27305
1536,2487,0.30763
1536,2557,0.24395
1536,2958,0.26111
1536,3050,0.36118
1536,3256,0.23356
1536,3297,0.25306
1536,3413,0.22918
1536,3451,0.3488
1536,3480,0.34345
1536,3485,0.34207
1536,3525,0.24981
1536,3768,0.21437
1536,4003,0.3016
1536,4144,0.2985
1536,4273,0.21792
1536,4497,0.30802
1536,4498,0.28301
1536,4623,0.38892
1536,4672,0.35378
1536,4877,0.2297
1536,4887,0.33144
1536,4901,0.35253
1536,5023,0.28327
1536,5046,0.25777
1536,5104,0.23193
1536,5113,0.22725
1536,5237,0.36628
1536,5317,0.24731
1536,5514,0.22297
1536,5820,0.21193
1536,5997,0.27724
1536,6023,0.3054
1536,6086,0.27225
1536,6122,0.21589
1536,6181,0.37345
1536,6210,0.25201
1538,2361,0.20501
1538,3882,0.23579
1538,4724,0.23577
1538,4996,0.35939
1538,5050,0.22064
1538,5140,0.31454
1538,5411,0.22182
1538,5759,0.22366
1539,1587,0.25325
1539,2187,0.31422
1539,2519,0.29775
1539,2972,0.29518
1539,2995,0.31807
1539,3502,0.24737
1539,3980,0.2291
1539,4459,0.24459
1539,5307,0.23887
1539,5494,0.21537
1539,5859,0.20753
1539,6117,0.27511
1540,1766,0.54481
1540,5161,0.4017
1541,2068,0.78024
1541,3044,0.24058
1541,5086,0.21182
1541,5718,0.20649
1542,1857,0.26712
1542,3834,0.23792
1542,4024,0.30727
1542,4442,0.31821
1543,1621,0.31049
1543,1702,0.21352
1543,1805,0.3053
1543,2151,0.348
1543,2162,0.44386
1543,2186,0.30602
1543,2308,0.28826
1543,2399,0.28998
1543,2426,0.46172
1543,2433,0.21824
1543,2436,0.2727
1543,2537,0.21429
1543,2558,0.22057
1543,2622,0.25228
1543,2654,0.25752
1543,2709,0.24275
1543,2745,0.25771
1543,2799,0.20421
1543,2900,0.39439
1543,3208,0.45053
1543,3228,0.25594
1543,3234,0.22516
1543,3283,0.34883
1543,3289,0.29414
1543,3437,0.31216
1543,3505,0.26953
1543,3545,0.2345
1543,3574,0.3335
1543,3694,0.20102
1543,3833,0.29858
1543,3853,0.27094
1543,3948,0.36457
1543,3976,0.33878
1543,4009,0.23886
1543,4052,0.20864
1543,4062,0.23807
1543,4082,0.2404
1543,4130,0.25895
1543,4150,0.32655
1543,4462,0.28752
1543,4603,0.30936
1543,4645,0.27278
1543,4756,0.23027
1543,4758,0.21377
1543,4856,0.20139
1543,5007,0.43489
1543,5047,0.37538
1543,5064,0.33257
1543,5236,0.36106
1543,5239,0.31077
1543,5246,0.27176
1543,5390,0.25101
1543,5393,0.33587
1543,5428,0.25159
1543,5456,0.3623
1543,5457,0.20258
1543,5482,0.25126
1543,5509,0.27288
1543,5538,0.43492
1543,5607,0.36596
1543,5625,0.43207
1543,5628,0.24651
1543,5695,0.24991
1543,5883,0.32377
1543,5942,0.28501
1543,6143,0.23919
1543,6175,0.31742
1543,6192,0.29541
1544,4502,0.21567
1545,1917,0.23888
1545,2710,0.20224
1545,2789,0.20125
1545,4221,0.23473
1545,5156,0.21879
1545,5601,0.26018
1545,5799,0.20546
1545,6097,0.2104
1546,2534,0.20074
1548,5190,0.28082
1548,5319,0.20663
1549,1569,0.29449
1549,1578,0.45962
1549,1639,0.40074
1549,1641,0.31431
1549,1728,0.44112
1549,1982,0.41532
1549,2138,0.37324
1549,2241,0.20296
1549,2352,0.36154
1549,2393,0.4561
1549,2512,0.21213
1549,2608,0.48121
1549,3147,0.36164
1549,3156,0.2066
1549,3302,0.55176
1549,3357,0.41051
1549,3435,0.36031
1549,3715,0.22261
1549,3795,0.44771
1549,3835,0.51969
1549,3928,0.5593
1549,3931,0.33923
1549,3941,0.29728
1549,3946,0.36621
1549,4017,0.48665
1549,4186,0.20318
1549,4233,0.28296
1549,4282,0.44574
1549,4419,0.51124
1549,4596,0.3268
1549,4815,0.30824
1549,4826,0.23565
1549,4870,0.40602
1549,4943,0.37205
1549,5172,0.51334
1549,5231,0.32212
1549,5325,0.55494
1549,5496,0.2998
1549,5508,0.39355
1549,5811,0.45347
1551,1959,0.3181
1551,3212,0.25306
1551,5395,0.39207
1552,1901,0.3234
1552,2115,0.40598
1552,2285,0.30978
1552,2315,0.40284
1552,2532,0.20718
1552,2612,0.2128
1552,3423,0.20592
1552,3570,0.20564
1552,4029,0.21694
1552,4217,0.24518
1552,4244,0.26386
1552,4478,0.23634
1552,5032,0.2351
1552,5110,0.39029
1552,5186,0.48127
1552,5209,0.22882
1552,5235,0.22765
1552,5255,0.43669
1552,5673,0.22383
1552,5706,0.35876
1552,5919,0.42824
1552,5978,0.29073
1554,2711,0.23412
1554,5725,0.23866
1555,3229,0.20037
1555,5411,0.31855
1556,1956,0.21061
1556,4772,0.31772
1560,1564,0.27316
1560,1684,0.21428
1560,1716,0.2945
1560,1719,0.22522
1560,1723,0.24557
1560,1905,0.21067
1560,2010,0.27414
1560,2265,0.25549
1560,2319,0.27204
1560,2387,0.20638
1560,2453,0.67235
1560,2488,0.27289
1560,2573,0.22725
1560,2575,0.25995
1560,2629,0.32536
1560,2677,0.26284
1560,2790,0.259
1560,2906,0.25812
1560,2993,0.23089
1560,3146,0.22399
1560,3245,0.31347
1560,3252,0.28158
1560,3472,0.2463
1560,3540,0.26618
1560,3643,0.25816
1560,3710,0.59084
1560,3821,0.34425
1560,3848,0.28675
1560,3926,0.26943
1560,4022,0.35469
1560,4215,0.21469
1560,4219,0.21319
1560,4226,0.24501
1560,4352,0.33657
1560,4609,0.3214
1560,4722,0.22752
1560,4842,0.28362
1560,4907,0.28803
1560,4971,0.4666
1560,5039,0.21187
1560,5090,0.26185
1560,5206,0.23896
1560,5367,0.20768
1560,5410,0.22335
1560,5642,0.25088
1560,5930,0.25738
1560,6043,0.26019
1560,6064,0.20322
1560,6092,0.63849
1561,6011,0.22854
1563,1947,0.21151
1563,2828,0.24784
1563,3533,0.20712
1563,6070,0.22222
1564,1569,0.21589
1564,1677,0.40148
1564,1690,0.38561
1564,2010,0.23145
1564,2453,0.22922
1564,2702,0.39002
1564,3146,0.26824
1564,3172,0.21739
1564,3350,0.39172
1564,3710,0.23774
1564,4227,0.39162
1564,4708,0.40504
1564,4752,0.25247
1564,4957,0.26395
1564,4971,0.32543
1564,5061,0.28915
1564,5329,0.20223
1564,5527,0.30617
1564,5642,0.21621
1564,5826,0.26296
1564,5862,0.37849
1564,5893,0.22727
1564,5908,0.20043
1564,5967,0.21738
1564,6092,0.23821
1564,6212,0.23862
1565,2321,0.20403
1565,2410,0.20778
1565,2419,0.33375
1565,2451,0.28894
1565,2650,0.25386
1565,3518,0.20775
1565,3547,0.2998
1565,3770,0.44446
1565,4032,0.28199
1565,4069,0.44208
1565,4070,0.2107
1565,4307,0.2329
1565,4779,0.20178
1565,4979,0.26732
1565,5034,0.22399
1565,5098,0.23028
1565,5100,0.28406
1565,5879,0.23904
1565,6052,0.2626
1565,6063,0.20308
1566,4290,0.26824
1566,4808,0.41129
1566,6049,0.57299
1567,2037,0.35219
1567,2102,0.22725
1567,3362,0.2595
1567,5620,0.25386
1567,6145,0.21062
1569,1578,0.38319
1569,1639,0.41824
1569,1641,0.2908
1569,1723,0.20116
1569,1728,0.41486
1569,1802,0.30454
1569,1982,0.31291
1569,2010,0.33552
1569,2352,0.36781
1569,2608,0.33618
1569,2806,0.2772
1569,3147,0.27619
1569,3302,0.33108
1569,3357,0.32183
1569,3435,0.44286
1569,3540,0.25338
1569,3619,0.21548
1569,3795,0.57444
1569,3821,0.20303
1569,3835,0.23998
1569,3848,0.21839
1569,3928,0.31056
1569,3931,0.32685
1569,3946,0.28932
1569,4017,0.25587
1569,4186,0.22469
1569,4282,0.5804
1569,4419,0.22252
1569,4596,0.20057
1569,4646,0.22444
1569,4870,0.2173
1569,4920,0.21055
1569,5039,0.26347
1569,5125,0.32088
1569,5172,0.3469
1569,5299,0.21515
1569,5325,0.32398
1569,5508,0.60467
1569,5642,0.29805
1570,1582,0.21679
1570,1597,0.26663
1570,1880,0.33786
1570,1882,0.22573
1570,2034,0.31764
1570,2090,0.2591
1570,2175,0.29335
1570,2203,0.21652
1570,2327,0.35262
1570,2337,0.4102
1570,3072,0.31938
1570,3442,0.2293
1570,3582,0.28807
1570,3875,0.21447
1570,4114,0.26051
1570,4284,0.24901
1570,4295,0.25518
1570,4386,0.33961
1570,4473,0.21301
1570,4514,0.22725
1570,4593,0.28783
1570,4696,0.26865
1570,4766,0.21893
1570,4903,0.20201
1570,4992,0.34014
1570,5021,0.20259
1570,5057,0.36164
1570,5198,0.32882
1570,5254,0.20158
1570,5310,0.36618
1570,5365,0.30399
1570,5404,0.21397
1570,5490,0.21525
1570,5494,0.24107
1570,5518,0.23276
1570,5596,0.33377
1570,5665,0.21311
1570,5792,0.23959
1570,5798,0.32196
1570,5901,0.24475
1570,5910,0.31212
1570,5945,0.35445
1570,5982,0.39631
1570,6051,0.23466
1570,6117,0.20656
1570,6118,0.22638
1570,6188,0.22715
1570,6227,0.23577
1571,1735,0.21779
1571,2391,0.24842
1571,4317,0.27852
1571,4627,0.20329
1571,5186,0.29974
1571,5706,0.21628
1572,2448,0.21996
1572,3466,0.34287
1572,3730,0.20219
1573,2010,0.20892
1573,2255,0.26988
1573,2315,0.20075
1573,2412,0.25887
1573,2425,0.22556
1573,2687,0.34769
1573,2749,0.25608
1573,2855,0.21296
1573,2865,0.28514
1573,2951,0.39191
1573,3619,0.3348
1573,3794,0.26596
1573,3848,0.25875
1573,3950,0.31048
1573,4098,0.26404
1573,4189,0.3001
1573,4223,0.25596
1573,4507,0.21305
1573,5825,0.20296
1573,5925,0.3044
1573,6032,0.30507
1573,6224,0.23491
1574,2073,0.26019
1574,2738,0.20237
1574,6221,0.25767
1575,1692,0.20252
1575,2658,0.25108
1575,2766,0.29558
1575,3407,0.26607
1575,4521,0.2183
1575,4836,0.20983
1575,6031,0.22153
1575,6040,0.2209
1576,2033,0.22502
1576,4089,0.24254
1576,4556,0.26376
1577,3174,0.25653
1577,3412,0.24626
1577,3725,0.25305
1577,3904,0.26848
1577,4091,0.22407
1577,4128,0.24561
1577,4565,0.21777
1577,5181,0.21371
1578,1580,0.23778
1578,1639,0.52122
1578,1641,0.42059
1578,1728,0.42355
1578,1982,0.48871
1578,2138,0.31285
1578,2241,0.23028
1578,2352,0.53483
1578,2393,0.36335
1578,2512,0.27619
1578,2608,0.40879
1578,2639,0.21983
1578,2806,0.25018
1578,3147,0.46305
1578,3156,0.21293
1578,3302,0.41556
1578,3357,0.4541
1578,3435,0.41715
1578,3715,0.33828
1578,3795,0.60529
1578,3835,0.42698
1578,3886,0.24279
1578,3928,0.44998
1578,3931,0.34135
1578,3941,0.36483
1578,3946,0.43578
1578,4017,0.3473
1578,4186,0.21198
1578,4233,0.36483
1578,4282,0.63643
1578,4419,0.36696
1578,4442,0.22851
1578,4596,0.31557
1578,4646,0.24178
1578,4815,0.31938
1578,4870,0.47513
1578,4943,0.28057
1578,5039,0.24203
1578,5125,0.32363
1578,5172,0.46036
1578,5231,0.32153
1578,5325,0.53262
1578,5496,0.36164
1578,5508,0.53228
1578,5642,0.23575
1578,5811,0.33646
1580,2010,0.32192
1580,4186,0.39156
1580,4293,0.24601
1580,4529,0.22174
1580,5039,0.2311
1580,5508,0.20614
1581,2729,0.20201
1581,5738,0.2121
1582,1795,0.28225
1582,1880,0.24047
1582,2079,0.2109
1582,2203,0.25941
1582,3548,0.29595
1582,4473,0.33285
1582,4766,0.22687
1582,4810,0.21874
1582,5067,0.36232
1582,5198,0.25533
1582,5311,0.24007
1582,5709,0.30365
1582,5721,0.22454
1582,5786,0.25793
1582,5792,0.24715
1582,5798,0.22072
1582,5945,0.28834
1582,6188,0.21003
1586,2813,0.22601
1586,4257,0.20604
1586,4890,0.20933
1586,5040,0.20957
1586,5321,0.22181
1586,5493,0.21044
1586,5626,0.23754
1586,6025,0.25512
1586,6143,0.23316
1587,1649,0.22916
1587,1697,0.34568
1587,1709,0.22564
1587,1847,0.25698
1587,2090,0.34996
1587,2118,0.26088
1587,2187,0.38263
1587,2327,0.36164
1587,2337,0.27619
1587,2346,0.31893
1587,2502,0.33008
1587,2519,0.31594
1587,2579,0.30708
1587,2812,0.22044
1587,2935,0.30275
1587,2940,0.22955
1587,2995,0.35838
1587,3032,0.4135
1587,3502,0.28451
1587,3590,0.29289
1587,3844,0.33621
1587,3953,0.25847
1587,4114,0.26471
1587,4182,0.25588
1587,4284,0.26844
1587,4295,0.23466
1587,4456,0.22057
1587,4459,0.24629
1587,4593,0.39069
1587,4689,0.32229
1587,4696,0.30054
1587,4994,0.20711
1587,5145,0.40562
1587,5211,0.305
1587,5245,0.22221
1587,5307,0.3904
1587,5409,0.2153
1587,5490,0.41301
1587,5494,0.23654
1587,5518,0.21244
1587,5612,0.21411
1587,5665,0.29728
1587,5699,0.2053
1587,5859,0.32493
1587,5885,0.32101
1587,5901,0.3097
1587,6051,0.33578
1587,6118,0.20964
1588,2540,0.2138
1588,3810,0.25573
1588,4235,0.22907
1588,4647,0.27605
1588,5020,0.22404
1588,5316,0.2275
1588,5604,0.29196
1588,5761,0.20435
1589,2914,0.25599
1589,3210,0.26098
1589,3898,0.25237
1589,4255,0.29137
1589,5725,0.27769
1589,5790,0.23007
1590,1980,0.25972
1590,2807,0.21444
1590,4853,0.25978
1590,5201,0.23606
1590,5228,0.20281
1590,6021,0.20993
1592,3072,0.20242
1592,3665,0.46517
1592,5360,0.24483
1592,5494,0.31099
1592,5859,0.21466
1593,3826,0.34594
1593,4720,0.20989
1593,4984,0.20809
1593,5086,0.20349
1593,5119,0.20696
1593,5388,0.25408
1595,1838,0.38725
1595,2195,0.34412
1595,3874,0.32857
1595,4362,0.20856
1595,4953,0.30583
1595,5351,0.28514
1596,2353,0.29
1596,3209,0.30521
1597,1795,0.2301
1597,1880,0.25219
1597,1957,0.23843
1597,2034,0.31275
1597,2175,0.36122
1597,2327,0.2138
1597,2337,0.25451
1597,4386,0.2938
1597,4480,0.21524
1597,4514,0.23577
1597,5198,0.23481
1597,5243,0.30076
1597,5310,0.30441
1597,5365,0.26667
1597,5596,0.23234
1597,5754,0.34336
1597,5982,0.31944
1598,2169,0.20651
1598,4526,0.21632
1598,5670,0.22144
1598,6220,0.20189
1599,3439,0.28284
1599,4011,0.24285
1599,4598,0.28237
1599,4683,0.20013
1599,4984,0.25005
1599,5202,0.20493
1599,5979,0.22508
1600,2576,0.45113
1600,2695,0.36164
1600,2741,0.28783
1600,5362,0.21832
1600,5389,0.43829
1600,5586,0.23466
1600,5819,0.23577
1600,5890,0.28783
1601,3278,0.21878
1601,4336,0.22269
1601,5675,0.24837
1601,6144,0.21063
1602,2029,0.22725
1602,2948,0.48495
1602,3330,0.38291
1602,4739,0.21887
1602,6057,0.23792
1603,2898,0.21679
1603,2931,0.23466
1603,4682,0.20124
1603,5483,0.33578
1603,5644,0.20927
1604,2056,0.20739
1604,2204,0.21276
1604,2247,0.41674
1604,3096,0.22042
1604,4366,0.22144
1604,4948,0.21772
1604,5371,0.24596
1604,5414,0.21352
1605,5411,0.2026
1606,1620,0.31877
1606,1621,0.3285
1606,1702,0.38609
1606,1805,0.43366
1606,2162,0.32948
1606,2177,0.65127
1606,2232,0.38927
1606,2293,0.20439
1606,2308,0.46928
1606,2426,0.38496
1606,2436,0.39567
1606,2622,0.32888
1606,2900,0.36113
1606,3129,0.22589
1606,3208,0.40692
1606,3228,0.20174
1606,3234,0.22547
1606,3251,0.20774
1606,3283,0.35048
1606,3437,0.24466
1606,3574,0.31655
1606,3732,0.2687
1606,3833,0.38845
1606,3853,0.2923
1606,3948,0.50828
1606,4009,0.21677
1606,4130,0.49993
1606,4150,0.50488
1606,4603,0.35716
1606,4641,0.27729
1606,4706,0.21555
1606,4771,0.36403
1606,4909,0.30883
1606,5007,0.28311
1606,5047,0.44611
1606,5071,0.21671
1606,5092,0.20614
1606,5239,0.31439
1606,5390,0.21608
1606,5428,0.74601
1606,5456,0.35188
1606,5509,0.23577
1606,5538,0.35122
1606,5607,0.32443
1606,5625,0.31994
1606,5628,0.4149
1606,5637,0.36642
1606,5873,0.27619
1606,5883,0.20346
1606,6168,0.27619
1607,3804,0.20721
1607,6060,0.20675
1608,1933,0.24419
1608,4081,0.34426
1608,6111,0.20852
1609,1642,0.27882
1609,3981,0.43286
1609,4591,0.21614
1609,4761,0.22725
1609,4936,0.37258
1609,5261,0.38776
1609,5532,0.23466
1611,1844,0.31449
1611,1918,0.36004
1611,2062,0.42151
1611,2167,0.24979
1611,2269,0.23974
1611,2286,0.29798
1611,2578,0.41476
1611,2717,0.41338
1611,2796,0.23725
1611,2857,0.40793
1611,2873,0.25944
1611,2953,0.21327
1611,2954,0.31873
1611,2984,0.20658
1611,3030,0.30239
1611,3053,0.20641
1611,3674,0.31147
1611,3755,0.27663
1611,3805,0.37223
1611,4409,0.32783
1611,4545,0.25169
1611,4624,0.2283
1611,4686,0.33269
1611,4804,0.25629
1611,4858,0.32451
1611,4921,0.43286
1611,4929,0.34509
1611,5072,0.39063
1611,5086,0.2085
1611,5202,0.2107
1611,5623,0.20811
1611,5720,0.23466
1611,5743,0.21691
1611,5992,0.20994
1612,1647,0.24929
1612,1685,0.27933
1612,2100,0.23237
1612,2288,0.23577
1612,2632,0.24848
1612,2648,0.2368
1612,2664,0.369
1612,3476,0.22872
1612,3581,0.42344
1612,3701,0.23753
1612,3839,0.23661
1612,3955,0.27315
1612,4453,0.21428
1612,4568,0.25882
1612,4631,0.3614
1612,4940,0.30011
1612,5160,0.2168
1612,5267,0.2364
1612,5576,0.24051
1612,5657,0.20997
1612,6205,0.23978
1614,1712,0.30699
1614,2204,0.2626
1614,5153,0.21025
1614,5675,0.2406
1615,2086,0.2228
1615,4288,0.21586
1617,5624,0.20474
1618,1867,0.23319
1618,1925,0.24083
1618,3200,0.2472
1618,4622,0.20168
1618,5155,0.21468
1618,6132,0.29041
1619,5752,0.25415
1620,1702,0.31499
1620,1805,0.22543
1620,2177,0.29655
1620,2232,0.46358
1620,2308,0.27177
1620,2945,0.21702
1620,4130,0.27192
1620,4150,0.22803
1620,4641,0.53482
1620,4771,0.20324
1620,5047,0.20527
1620,5071,0.28897
1620,5239,0.36258
1620,5428,0.31801
1620,5637,0.51426
1621,1702,0.22925
1621,1805,0.34113
1621,1998,0.24278
1621,2151,0.21124
1621,2162,0.26112
1621,2177,0.28978
1621,2232,0.22361
1621,2308,0.35272
1621,2367,0.24639
1621,2426,0.31202
1621,2436,0.25545
1621,2745,0.20036
1621,2799,0.31144
1621,2900,0.41993
1621,3208,0.29655
1621,3234,0.20446
1621,3283,0.24505
1621,3646,0.23813
1621,3732,0.2031
1621,3741,0.29419
1621,3798,0.24761
1621,3948,0.27606
1621,4130,0.28351
1621,4150,0.32715
1621,4397,0.20838
1621,4462,0.33996
1621,4603,0.23668
1621,4641,0.28194
1621,4909,0.29813
1621,5007,0.28963
1621,5047,0.32664
1621,5071,0.25753
1621,5236,0.2231
1621,5239,0.37365
1621,5304,0.2037
1621,5393,0.22102
1621,5428,0.41063
1621,5456,0.21082
1621,5457,0.28615
1621,5482,0.20575
1621,5486,0.21213
1621,5509,0.23688
1621,5607,0.22659
1621,5628,0.32639
1621,5637,0.27211
1621,5772,0.22159
1621,6192,0.28983
1622,1790,0.65479
1622,2299,0.21094
1622,2879,0.56698
1623,1634,0.2144
1623,1813,0.62218
1623,2552,0.27249
1623,3491,0.21722
1623,3674,0.30237
1623,4409,0.24898
1623,4607,0.31265
1623,4614,0.27247
1623,4716,0.287
1623,4876,0.34994
1623,5261,0.23074
1623,5323,0.21478
1623,5471,0.24122
1623,5821,0.49019
1623,5924,0.2153
1623,5998,0.57709
1624,3989,0.34451
1624,4990,0.21644
1625,2314,0.25062
1625,2421,0.25912
1625,2494,0.20036
1625,2621,0.22457
1625,2744,0.21573
1625,3029,0.20247
1625,3201,0.20576
1625,3328,0.2087
1625,3383,0.30584
1625,3558,0.25145
1625,4684,0.21433
1625,5065,0.32481
1625,5752,0.39082
1625,5956,0.20547
1626,6003,0.20158
1627,3422,0.24087
1627,5209,0.23872
1627,5783,0.26829
1629,2382,0.26125
1629,2644,0.20111
1630,1741,0.2161
1630,2555,0.23869
1630,2669,0.21719
1630,3052,0.21256
1630,5444,0.21377
1630,5601,0.20523
1630,6053,0.20238
1631,5217,0.25211
1632,2438,0.23189
1632,3144,0.24744
1632,3312,0.35771
1632,3851,0.22834
1632,3883,0.22599
1632,4011,0.24283
1632,4071,0.20872
1632,4112,0.30149
1632,4186,0.27394
1632,4545,0.24077
1632,4984,0.25996
1632,5119,0.48885
1632,5303,0.28181
1634,1765,0.2078
1634,1977,0.24616
1634,2020,0.21774
1634,2039,0.22443
1634,2062,0.3553
1634,2286,0.22996
1634,2305,0.20591
1634,2552,0.33215
1634,2578,0.22756
1634,2954,0.21989
1634,3171,0.22872
1634,3601,0.24473
1634,3674,0.24477
1634,4409,0.21183
1634,4614,0.25204
1634,4686,0.25678
1634,4716,0.35443
1634,4858,0.293
1634,4876,0.27784
1634,4929,0.22621
1634,5471,0.26991
1634,5737,0.22399
1634,5821,0.23981
1635,1637,0.23501
1635,2172,0.20584
1635,2328,0.2655
1635,2481,0.2169
1635,2945,0.222
1635,2959,0.27071
1635,3395,0.20498
1635,3439,0.23438
1635,3933,0.22334
1635,4011,0.24977
1635,4340,0.20552
1635,4547,0.20348
1635,4560,0.257
1635,4602,0.23524
1635,4984,0.25647
1635,5215,0.20863
1635,5318,0.60589
1635,5345,0.6097
1635,5909,0.43265
1635,6002,0.21272
1637,1758,0.20232
1637,2328,0.22216
1637,2401,0.24389
1637,2507,0.20395
1637,2647,0.34964
1637,2780,0.32766
1637,3043,0.22753
1637,3129,0.27561
1637,3283,0.20414
1637,3454,0.27768
1637,4297,0.23831
1637,4349,0.22661
1637,4380,0.32122
1637,4394,0.24698
1637,4423,0.26484
1637,4441,0.25133
1637,4443,0.20842
1637,4462,0.20205
1637,4602,0.23747
1637,4807,0.20198
1637,4933,0.29557
1637,5190,0.25616
1637,5215,0.26326
1637,5318,0.28232
1637,5333,0.30135
1637,5345,0.28086
1637,5486,0.22261
1637,5740,0.28842
1637,5772,0.21482
1637,6034,0.26988
1637,6193,0.21064
1638,3481,0.23366
1638,3647,0.22837
1638,3804,0.23909
1638,6056,0.41089
1639,1641,0.41045
1639,1723,0.21956
1639,1728,0.63822
1639,1982,0.37802
1639,2138,0.31703
1639,2352,0.434
1639,2393,0.41122
1639,2512,0.21062
1639,2608,0.373
1639,3147,0.48011
1639,3156,0.24362
1639,3302,0.41929
1639,3357,0.40024
1639,3435,0.46735
1639,3715,0.28514
1639,3795,0.52579
1639,3835,0.35196
1639,3928,0.45148
1639,3931,0.48452
1639,3941,0.2831
1639,3946,0.47673
1639,4017,0.29371
1639,4233,0.35158
1639,4282,0.56017
1639,4419,0.35163
1639,4646,0.23154
1639,4826,0.25757
1639,4870,0.49019
1639,4943,0.29538
1639,5039,0.23931
1639,5125,0.2884
1639,5172,0.42369
1639,5231,0.35474
1639,5325,0.47269
1639,5473,0.22876
1639,5496,0.29728
1639,5508,0.54343
1639,5642,0.26159
1639,5811,0.28397
1641,1728,0.40809
1641,1802,0.23699
1641,1982,0.27624
1641,2117,0.2308
1641,2138,0.25326
1641,2241,0.21523
1641,2352,0.40077
1641,2393,0.21039
1641,2608,0.30842
1641,3147,0.36439
1641,3156,0.33093
1641,3302,0.22989
1641,3357,0.28995
1641,3422,0.24108
1641,3435,0.38082
1641,3619,0.22794
1641,3715,0.27143
1641,3795,0.42332
1641,3835,0.25808
1641,3886,0.21227
1641,3928,0.34945
1641,3931,0.26016
1641,3941,0.2567
1641,3946,0.28663
1641,4017,0.29017
1641,4233,0.29966
1641,4282,0.41789
1641,4419,0.29839
1641,4659,0.20296
1641,4826,0.25503
1641,4870,0.30339
1641,4943,0.27542
1641,5096,0.23639
1641,5172,0.27877
1641,5231,0.22616
1641,5325,0.35753
1641,5496,0.34419
1641,5508,0.38975
1641,5811,0.23259
1642,2223,0.39869
1642,2454,0.20641
1642,3146,0.22725
1642,3336,0.28857
1642,3537,0.38955
1642,3998,0.26905
1642,4835,0.24966
1642,5514,0.25259
1642,5888,0.26727
1643,1935,0.21978
1643,2986,0.23927
1643,3588,0.26607
1643,4371,0.21394
1643,5841,0.29672
1644,1769,0.35266
1644,2670,0.33058
1644,3515,0.26484
1644,4337,0.55363
1644,5071,0.24214
1644,5486,0.25518
1644,5593,0.39665
1644,5814,0.20531
1644,6123,0.20239
1646,3634,0.22385
1646,3890,0.27038
1646,5084,0.23192
1647,1685,0.21285
1647,1737,0.21784
1647,1747,0.27496
1647,2100,0.20769
1647,2114,0.27083
1647,2147,0.32284
1647,2263,0.3181
1647,2288,0.42824
1647,2369,0.35176
1647,2443,0.28875
1647,2545,0.2249
1647,2625,0.33562
1647,2632,0.45318
1647,2648,0.30465
1647,2662,0.44669
1647,2664,0.31602
1647,2902,0.26099
1647,2918,0.31238
1647,3155,0.31389
1647,3177,0.218
1647,3178,0.29682
1647,3223,0.31369
1647,3241,0.24406
1647,3420,0.25228
1647,3470,0.49756
1647,3476,0.30526
1647,3542,0.21885
1647,3565,0.24592
1647,3581,0.22417
1647,3599,0.24821
1647,3700,0.2065
1647,3701,0.708
1647,3839,0.44594
1647,3909,0.34118
1647,3955,0.31625
1647,4009,0.21003
1647,4208,0.3286
1647,4220,0.29123
1647,4271,0.3181
1647,4393,0.28348
1647,4453,0.35469
1647,4536,0.25526
1647,4568,0.43743
1647,4622,0.34753
1647,4631,0.54882
1647,4642,0.20317
1647,4698,0.20323
1647,4706,0.2595
1647,4744,0.28604
1647,4803,0.2595
1647,4845,0.22704
1647,4900,0.3925
1647,4969,0.33233
1647,5009,0.39333
1647,5042,0.26694
1647,5143,0.44675
1647,5154,0.29988
1647,5160,0.23519
1647,5241,0.28158
1647,5267,0.25295
1647,5576,0.50367
1647,5657,0.38267
1647,5688,0.20617
1647,5695,0.20428
1647,5710,0.50247
1647,5884,0.3575
1647,5924,0.2578
1647,5944,0.3404
1647,6159,0.21569
1647,6202,0.22841
1647,6205,0.3179
1647,6207,0.22898
1648,1917,0.21052
1648,3672,0.22725
1649,2090,0.31569
1649,2118,0.27889
1649,2187,0.28861
1649,2278,0.24188
1649,2327,0.41802
1649,2337,0.42824
1649,2395,0.33114
1649,2502,0.2651
1649,2564,0.33788
1649,2579,0.33326
1649,2812,0.24549
1649,2935,0.33769
1649,3032,0.2808
1649,3502,0.23016
1649,3590,0.23536
1649,3844,0.30256
1649,3953,0.24586
1649,4114,0.3411
1649,4284,0.28117
1649,4456,0.25023
1649,4593,0.4148
1649,4634,0.20318
1649,4689,0.23978
1649,4696,0.35102
1649,4994,0.23508
1649,5145,0.24654
1649,5211,0.22832
1649,5307,0.29591
1649,5409,0.26928
1649,5490,0.234
1649,5518,0.21871
1649,5665,0.28284
1649,5855,0.22603
1649,5859,0.29364
1649,5885,0.24424
1649,5901,0.29615
1649,6051,0.29452
1649,6118,0.25892
1650,2547,0.20567
1650,2976,0.21435
1650,3091,0.36774
1650,4134,0.22717
1650,4582,0.24754
1650,4737,0.20129
1650,4761,0.20588
1650,5250,0.30331
1650,5472,0.23463
1650,5562,0.20136
1650,5618,0.26339
1650,5639,0.23442
1650,5647,0.22949
1650,5670,0.20393
1650,6220,0.25164
1651,2684,0.23895
1651,5123,0.23368
1652,2146,0.28285
1652,2376,0.20591
1652,2500,0.20418
1652,2570,0.20668
1652,2779,0.37245
1652,3457,0.24273
1652,4013,0.20957
1652,4110,0.20188
1652,4825,0.20339
1652,5670,0.20201
1652,5742,0.22679
1652,5889,0.24683
1652,6088,0.25555
1652,6218,0.34414
1653,1903,0.23518
1653,2264,0.21702
1653,2978,0.35211
1653,5124,0.22328
1653,5273,0.5001
1653,5784,0.20287
1653,5891,0.2125
1655,2065,0.20409
1655,3244,0.27439
1655,4827,0.45873
1655,5277,0.40285
1656,2973,0.23167
1656,3404,0.25865
1656,3792,0.2178
1657,2139,0.21134
1658,3521,0.23881
1658,3532,0.45113
1660,2637,0.23803
1660,3649,0.223
1662,2807,0.24512
1662,3324,0.23928
1664,5601,0.26329
1666,1917,0.63147
1666,2937,0.23466
1666,4692,0.33578
1666,4724,0.23927
1666,5344,0.36164
1666,5419,0.22725
1666,5799,0.26732
1667,1875,0.20292
1667,3072,0.27909
1667,3324,0.27242
1667,5201,0.226
1667,5597,0.2108
1667,6072,0.20259
1668,1736,0.22103
1668,2124,0.25053
1668,2548,0.27969
1668,3068,0.2267
1668,3304,0.20686
1668,3591,0.21832
1668,4440,0.26607
1668,4941,0.24941
1668,5015,0.30644
1668,5210,0.29744
1668,5230,0.20622
1668,5273,0.28783
1668,5633,0.26301
1668,5917,0.2173
1669,2711,0.30377
1669,5520,0.24534
1670,1819,0.21559
1670,2609,0.21593
1670,4392,0.33182
1671,2429,0.2649
1671,4309,0.40319
1671,5289,0.21591
1671,5442,0.20159
1671,5513,0.29195
1671,5905,0.20166
1671,6070,0.24517
1672,2144,0.21357
1672,4029,0.28718
1672,4736,0.21723
1672,5004,0.31131
1672,5433,0.28418
1672,5939,0.31958
1672,5978,0.26775
1673,1751,0.20075
1673,2265,0.25322
1673,2543,0.21522
1673,2575,0.21114
1673,3450,0.3587
1673,3639,0.20797
1673,3818,0.4266
1673,3926,0.24446
1673,4022,0.24672
1673,4083,0.23009
1673,4294,0.21777
1673,5206,0.29692
1673,5378,0.25148
1673,5394,0.46718
1673,6191,0.2805
1673,6209,0.41501
1674,4417,0.24047
1675,2523,0.31635
1675,3418,0.20052
1675,4689,0.24385
1675,5494,0.20317
1675,5859,0.22139
1675,5974,0.30729
1676,3637,0.30667
1676,4571,0.27106
1676,4822,0.21163
1676,5037,0.20043
1676,5260,0.20135
1676,5362,0.20679
1676,5903,0.21953
1676,5905,0.21462
1676,6001,0.23613
1677,1690,0.30546
1677,2702,0.28482
1677,4227,0.22419
1677,4708,0.37073
1677,5862,0.23339
1678,2115,0.20874
1678,2116,0.33828
1678,2391,0.22243
1678,2728,0.71216
1678,2781,0.25679
1678,3394,0.4998
1678,3657,0.22115
1678,3662,0.68758
1678,3958,0.68164
1678,4166,0.20611
1678,4317,0.286
1678,4454,0.37532
1678,4615,0.21312
1678,4803,0.22261
1678,5186,0.25494
1678,5654,0.50266
1679,2009,0.25445
1679,2172,0.32222
1679,2252,0.38924
1679,2272,0.33302
1679,2301,0.23792
1679,2353,0.61477
1679,2559,0.24196
1679,2647,0.26931
1679,3089,0.34766
1679,3673,0.20817
1679,3933,0.334
1679,4340,0.25144
1679,4423,0.22084
1679,4547,0.35271
1679,5215,0.22002
1679,5292,0.21012
1679,5318,0.25821
1679,5321,0.47579
1679,5333,0.22261
1679,5345,0.28806
1679,5493,0.20811
1679,5909,0.37075
1680,2013,0.22078
1680,5218,0.25152
1680,5942,0.20617
1681,1688,0.21902
1681,2492,0.37825
1681,2602,0.23735
1681,2842,0.20624
1681,2998,0.36189
1681,3354,0.22527
1681,3714,0.20347
1681,5535,0.21305
1682,1692,0.2156
1682,1716,0.28003
1682,1719,0.24001
1682,2214,0.23142
1682,2258,0.22134
1682,2319,0.27599
1682,2453,0.20872
1682,2488,0.23447
1682,2629,0.29887
1682,2641,0.27307
1682,2677,0.20189
1682,2759,0.62597
1682,2790,0.40078
1682,2839,0.20786
1682,2906,0.2513
1682,3252,0.20353
1682,3472,0.38164
1682,3550,0.22687
1682,3579,0.21728
1682,3791,0.21543
1682,3821,0.29179
1682,4022,0.29656
1682,4083,0.2449
1682,4352,0.2044
1682,4842,0.28783
1682,4907,0.26859
1682,4971,0.21687
1682,5206,0.25748
1682,5367,0.22032
1682,5557,0.35757
1682,5930,0.50387
1682,6031,0.24645
1683,2054,0.26499
1683,2192,0.49878
1683,2234,0.57598
1683,3872,0.54943
1683,4251,0.60544
1683,4777,0.60109
1683,4876,0.3311
1684,2097,0.25602
1684,2265,0.34121
1684,2300,0.27297
1684,2325,0.21251
1684,2368,0.27612
1684,2387,0.31938
1684,2453,0.27619
1684,2461,0.24088
1684,2506,0.23084
1684,2543,0.30606
1684,2575,0.48875
1684,2713,0.33037
1684,2797,0.27906
1684,2833,0.30881
1684,3146,0.36164
1684,3170,0.27279
1684,3249,0.26016
1684,3496,0.21028
1684,3610,0.46066
1684,3639,0.40603
1684,3848,0.27038
1684,3926,0.38958
1684,4022,0.2185
1684,4155,0.26095
1684,4215,0.31895
1684,4227,0.26313
1684,4294,0.32484
1684,4361,0.24481
1684,4363,0.26008
1684,4373,0.28894
1684,4395,0.33051
1684,4528,0.35748
1684,4529,0.21014
1684,4562,0.47911
1684,4676,0.26213
1684,4743,0.29378
1684,4848,0.48257
1684,4888,0.27513
1684,4912,0.31613
1684,4955,0.25831
1684,4971,0.29675
1684,5025,0.28058
1684,5036,0.36164
1684,5165,0.22529
1684,5206,0.40073
1684,5329,0.28191
1684,5378,0.36122
1684,5652,0.23395
1684,5826,0.23343
1684,5893,0.28083
1684,5955,0.25566
1684,6092,0.23028
1684,6191,0.2535
1685,1837,0.27528
1685,2100,0.51854
1685,2545,0.24809
1685,2664,0.20154
1685,3022,0.24069
1685,3067,0.31555
1685,3581,0.24299
1685,4727,0.20624
1685,5532,0.24856
1686,2914,0.22955
1686,3397,0.25309
1686,4120,0.20881
1686,4466,0.23872
1686,5277,0.21028
1686,5300,0.22725
1686,5328,0.2028
1687,2834,0.20277
1688,2275,0.24394
1688,3885,0.23464
1688,4430,0.2037
1688,5644,0.2985
1688,6093,0.39091
1689,4809,0.2332
1690,2010,0.25248
1690,2702,0.34319
1690,2703,0.24435
1690,3350,0.21714
1690,4227,0.24508
1690,4708,0.27103
1690,4743,0.22289
1690,4971,0.25087
1690,5502,0.27384
1690,5826,0.22322
1690,5862,0.32365
1690,6212,0.29672
1691,3257,0.26053
1691,3588,0.31594
1691,5419,0.39745
1692,1716,0.28364
1692,1719,0.22559
1692,1890,0.32168
1692,1905,0.2981
1692,2319,0.35969
1692,2444,0.28049
1692,2488,0.2728
1692,2629,0.22433
1692,2641,0.28744
1692,2658,0.30804
1692,2677,0.20103
1692,2694,0.22305
1692,2790,0.32843
1692,2816,0.22976
1692,2839,0.24565
1692,2906,0.23481
1692,2993,0.26679
1692,3148,0.25121
1692,3252,0.2201
1692,3472,0.38883
1692,3550,0.25714
1692,3579,0.23052
1692,3643,0.33637
1692,3791,0.24289
1692,4226,0.3185
1692,4300,0.20078
1692,4352,0.34072
1692,4521,0.24867
1692,4561,0.23735
1692,4609,0.33024
1692,4836,0.24857
1692,4842,0.3258
1692,4861,0.22959
1692,4894,0.36861
1692,4907,0.20722
1692,4915,0.21451
1692,5059,0.22074
1692,5367,0.20493
1692,5557,0.28944
1692,5930,0.20071
1692,6031,0.2931
1692,6040,0.23838
1692,6094,0.23466
1693,1875,0.26799
1693,3632,0.25767
1693,4835,0.24727
1693,5433,0.23521
1693,5489,0.20312
1693,5570,0.20954
1693,5887,0.20178
1695,2914,0.23152
1695,4535,0.20558
1695,4556,0.21926
1695,4783,0.22984
1697,1847,0.20417
1697,2090,0.38653
1697,2118,0.2342
1697,2187,0.25594
1697,2278,0.20323
1697,2327,0.36808
1697,2337,0.25603
1697,2502,0.20276
1697,2579,0.28394
1697,2935,0.33781
1697,2997,0.20706
1697,3032,0.36906
1697,3072,0.21407
1697,3442,0.27694
1697,3502,0.23548
1697,3590,0.34962
1697,3633,0.218
1697,3844,0.25605
1697,4114,0.28052
1697,4182,0.22493
1697,4221,0.21207
1697,4284,0.24542
1697,4295,0.27407
1697,4456,0.20694
1697,4459,0.2511
1697,4593,0.36256
1697,4689,0.34541
1697,4696,0.21982
1697,5145,0.31438
1697,5211,0.20071
1697,5245,0.23664
1697,5272,0.33258
1697,5307,0.38536
1697,5490,0.36544
1697,5494,0.49796
1697,5518,0.28894
1697,5665,0.27241
1697,5859,0.32447
1697,5885,0.45183
1697,5901,0.20344
1697,6051,0.27619
1697,6054,0.20044
1697,6072,0.22638
1697,6118,0.21927
1697,6188,0.24807
1698,1701,0.30436
1698,2122,0.22727
1698,2208,0.24594
1698,2516,0.31563
1698,2843,0.21626
1698,3055,0.20322
1698,3763,0.27407
1698,4104,0.22177
1698,5447,0.22565
1698,5489,0.25775
1698,5689,0.41407
1698,5697,0.27619
1698,6077,0.33156
1699,5454,0.26046
1699,5919,0.27619
1700,2914,0.23466
1700,5790,0.20584
1701,1842,0.22063
1701,2276,0.36485
1701,2860,0.21103
1701,3001,0.37125
1701,3055,0.25716
1701,3605,0.27768
1701,3763,0.2132
1701,4787,0.2063
1701,4816,0.23908
1701,5330,0.27066
1701,5384,0.22668
1701,5392,0.24972
1701,5734,0.28309
1701,5915,0.20264
1701,5976,0.20296
1701,6077,0.25696
1702,1799,0.28823
1702,1805,0.35658
1702,2162,0.20532
1702,2172,0.23858
1702,2177,0.38354
1702,2232,0.43878
1702,2293,0.28306
1702,2308,0.37282
1702,2401,0.23992
1702,2426,0.23025
1702,2433,0.22157
1702,2436,0.39785
1702,2447,0.27666
1702,2558,0.21075
1702,2622,0.23164
1702,2799,0.24085
1702,2846,0.28657
1702,2900,0.28971
1702,2945,0.247
1702,3164,0.30773
1702,3208,0.34843
1702,3228,0.23351
1702,3283,0.39047
1702,3395,0.28855
1702,3454,0.20538
1702,3466,0.23202
1702,3505,0.20773
1702,3574,0.33552
1702,3732,0.26877
1702,3798,0.26908
1702,3805,0.28783
1702,3833,0.35708
1702,3948,0.40858
1702,4062,0.20603
1702,4130,0.41101
1702,4150,0.39864
1702,4243,0.2822
1702,4479,0.24955
1702,4602,0.22164
1702,4603,0.24038
1702,4641,0.33761
1702,4706,0.25386
1702,4771,0.43891
1702,4774,0.22627
1702,5007,0.24021
1702,5047,0.40703
1702,5071,0.27417
1702,5192,0.27726
1702,5239,0.38647
1702,5304,0.20678
1702,5313,0.22889
1702,5428,0.40077
1702,5457,0.23083
1702,5509,0.33468
1702,5607,0.22384
1702,5625,0.23057
1702,5637,0.38676
1702,5883,0.30462
1702,6159,0.25896
1703,5788,0.20469
1704,2037,0.29953
1707,4009,0.21488
1707,5628,0.25609
1707,5942,0.21194
1707,5984,0.46776
1707,6057,0.24252
1707,6192,0.21279
1708,4683,0.25948
1708,4890,0.20164
1708,5537,0.2387
1709,2327,0.25784
1709,2337,0.21213
1709,3380,0.2485
1709,3590,0.31124
1709,4075,0.21528
1709,4114,0.2074
1709,4587,0.20036
1709,4593,0.20416
1709,4788,0.24022
1709,4924,0.26024
1709,5228,0.34811
1709,5307,0.21572
1709,5665,0.23879
1709,5885,0.22778
1709,6024,0.20839
1709,6051,0.21146
1710,1940,0.21812
1710,4976,0.45653
1710,5790,0.20845
1711,2170,0.42151
1711,2355,0.264
1711,2450,0.21567
1711,2545,0.2217
1711,3022,0.20089
1711,3761,0.40727
1711,3825,0.37968
1711,4727,0.26186
1711,5044,0.22551
1711,5433,0.26516
1711,5463,0.2211
1711,5532,0.26766
1712,1767,0.36189
1712,1793,0.34567
1712,1797,0.2822
1712,1866,0.25119
1712,1912,0.45113
1712,2282,0.48011
1712,2303,0.26456
1712,2375,0.41076
1712,2454,0.45113
1712,2476,0.35158
1712,2491,0.28296
1712,2878,0.21555
1712,2966,0.26495
1712,2980,0.34237
1712,3042,0.34186
1712,3184,0.50247
1712,3235,0.45113
1712,3323,0.5679
1712,3414,0.22996
1712,3466,0.2442
1712,3502,0.21283
1712,3503,0.35158
1712,3642,0.32816
1712,3704,0.31376
1712,3705,0.2998
1712,3867,0.27445
1712,3900,0.26844
1712,3975,0.49672
1712,4129,0.40602
1712,4132,0.50576
1712,4156,0.22027
1712,4168,0.21696
1712,4243,0.30617
1712,4298,0.31604
1712,4329,0.45012
1712,4396,0.24113
1712,4398,0.22873
1712,4411,0.39069
1712,4455,0.50247
1712,4457,0.24608
1712,4605,0.37352
1712,4606,0.29947
1712,4677,0.30222
1712,4682,0.20712
1712,4869,0.59264
1712,4874,0.24728
1712,5153,0.38017
1712,5195,0.5227
1712,5217,0.35262
1712,5294,0.34159
1712,5326,0.57055
1712,5475,0.52843
1712,5966,0.41802
1712,5990,0.25152
1712,6071,0.34843
1712,6126,0.48011
1712,6135,0.44944
1714,6051,0.27619
1715,4750,0.29706
1716,1719,0.57713
1716,1784,0.20321
1716,1813,0.38921
1716,1905,0.22585
1716,2010,0.26759
1716,2214,0.54891
1716,2258,0.30423
1716,2319,0.58353
1716,2364,0.30348
1716,2412,0.22422
1716,2444,0.20123
1716,2453,0.36887
1716,2488,0.62563
1716,2629,0.50395
1716,2641,0.53352
1716,2658,0.21456
1716,2677,0.47373
1716,2759,0.29276
1716,2790,0.40565
1716,2839,0.23693
1716,2903,0.24786
1716,2906,0.62007
1716,2951,0.20358
1716,2993,0.22929
1716,3192,0.26424
1716,3245,0.20949
1716,3252,0.33772
1716,3472,0.42199
1716,3513,0.2042
1716,3550,0.27498
1716,3560,0.22181
1716,3643,0.27956
1716,3791,0.40318
1716,3821,0.44251
1716,3848,0.20897
1716,3854,0.25921
1716,4022,0.38316
1716,4083,0.24625
1716,4148,0.22858
1716,4226,0.2468
1716,4300,0.24627
1716,4321,0.23561
1716,4352,0.31105
1716,4561,0.59245
1716,4607,0.2684
1716,4609,0.33518
1716,4638,0.21606
1716,4646,0.22246
1716,4722,0.21619
1716,4725,0.22766
1716,4836,0.23572
1716,4842,0.45113
1716,4907,0.44454
1716,4971,0.29004
1716,5367,0.36674
1716,5557,0.321
1716,5654,0.21027
1716,5924,0.21419
1716,5930,0.28112
1716,5995,0.31087
1716,5998,0.26291
1716,6031,0.3612
1716,6040,0.2906
1717,2033,0.25609
1717,2933,0.22955
1717,3902,0.21815
1717,4001,0.21688
1717,4036,0.2496
1717,4052,0.21062
1717,4794,0.20983
1717,5580,0.21537
1719,1784,0.21508
1719,1813,0.36094
1719,1905,0.26224
1719,2214,0.60177
1719,2258,0.25953
1719,2319,0.40544
1719,2364,0.25739
1719,2444,0.26788
1719,2453,0.25925
1719,2488,0.40368
1719,2573,0.21062
1719,2629,0.3072
1719,2641,0.48103
1719,2677,0.22012
1719,2759,0.2551
1719,2790,0.37514
1719,2906,0.65257
1719,2993,0.28078
1719,3192,0.21355
1719,3245,0.27504
1719,3252,0.26675
1719,3472,0.3466
1719,3550,0.2284
1719,3579,0.20043
1719,3643,0.32275
1719,3710,0.3005
1719,3791,0.46322
1719,3821,0.28704
1719,3854,0.22099
1719,4022,0.28906
1719,4083,0.2228
1719,4148,0.21888
1719,4226,0.30426
1719,4352,0.32974
1719,4561,0.50437
1719,4607,0.27938
1719,4609,0.34403
1719,4646,0.25858
1719,4842,0.40938
1719,4861,0.21719
1719,4907,0.29945
1719,5090,0.22843
1719,5270,0.29343
1719,5367,0.44252
1719,5557,0.29125
1719,5998,0.29196
1719,6031,0.23064
1719,6092,0.20778
1720,2245,0.27033
1720,2506,0.23187
1720,2508,0.22011
1720,2782,0.37423
1720,2866,0.22767
1720,2938,0.3936
1720,2970,0.38932
1720,3023,0.26437
1720,3123,0.3564
1720,3446,0.34072
1720,3495,0.36693
1720,3531,0.28905
1720,3707,0.35274
1720,3849,0.20584
1720,3978,0.36656
1720,4161,0.25522
1720,4239,0.24006
1720,4414,0.37066
1720,4743,0.23722
1720,4956,0.30386
1720,5036,0.21787
1720,5329,0.40091
1720,5527,0.21193
1720,5649,0.2992
1720,5742,0.43042
1720,5893,0.39292
1720,6082,0.40017
1721,1877,0.20562
1721,1925,0.20096
1721,3989,0.31949
1721,4452,0.31352
1721,4663,0.2166
1721,5060,0.33341
1721,6223,0.21213
1722,3380,0.22261
1722,5228,0.24157
1723,1749,0.38099
1723,2010,0.24835
1723,3540,0.39323
1723,4022,0.2202
1723,4219,0.36855
1723,4282,0.20807
1723,4673,0.25116
1723,4971,0.24223
1723,5039,0.23149
1723,5299,0.2632
1723,5508,0.22084
1723,5642,0.44201
1723,5826,0.2291
1724,2386,0.23466
1724,2419,0.29387
1724,2841,0.2956
1724,3053,0.22955
1724,3152,0.22725
1724,3444,0.28584
1724,3503,0.30617
1724,3672,0.21879
1724,4004,0.35262
1724,4240,0.28658
1724,4246,0.44901
1724,4411,0.22955
1724,5197,0.28983
1724,5748,0.26997
1726,1955,0.20025
1726,2602,0.21738
1726,5344,0.22125
1726,5961,0.22714
1726,6169,0.20318
1727,2454,0.25557
1727,3941,0.23973
1727,4455,0.25492
1727,4761,0.34407
1727,4891,0.46929
1727,5326,0.28514
1727,5966,0.38776
1727,6135,0.29759
1728,1982,0.41571
1728,2138,0.2813
1728,2352,0.37969
1728,2393,0.38688
1728,2608,0.39381
1728,3147,0.44944
1728,3156,0.27324
1728,3302,0.36619
1728,3357,0.4066
1728,3435,0.43082
1728,3540,0.20192
1728,3715,0.22725
1728,3795,0.49048
1728,3835,0.32538
1728,3848,0.20707
1728,3928,0.42073
1728,3931,0.44723
1728,3941,0.26213
1728,3946,0.41952
1728,4017,0.28449
1728,4233,0.24731
1728,4282,0.50805
1728,4419,0.34002
1728,4870,0.48011
1728,4943,0.26942
1728,5039,0.21516
1728,5125,0.21654
1728,5172,0.35075
1728,5231,0.33978
1728,5325,0.4936
1728,5496,0.28514
1728,5508,0.49414
1728,5642,0.26692
1728,5811,0.27128
1729,4267,0.26907
1729,4274,0.28889
1729,4822,0.20547
1729,5523,0.22725
1729,5903,0.21659
1731,2518,0.23927
1731,2549,0.2141
1731,2990,0.21513
1731,3074,0.43286
1731,3412,0.24453
1731,3547,0.22261
1731,3767,0.28248
1731,4335,0.26814
1731,4355,0.35219
1731,4436,0.25557
1731,5098,0.24176
1731,5719,0.24979
1731,5852,0.25451
1731,6063,0.43286
1732,1968,0.20619
1732,1972,0.45731
1732,2094,0.5569
1732,2239,0.47925
1732,2361,0.24528
1732,2438,0.23065
1732,2611,0.47306
1732,2771,0.3626
1732,3033,0.28783
1732,3515,0.34477
1732,3620,0.49711
1732,4356,0.52104
1732,4780,0.52014
1732,4818,0.3291
1732,5450,0.34841
1732,5833,0.2084
1732,6101,0.24979
1732,6137,0.50113
1733,4924,0.24352
1734,1778,0.23539
1735,1751,0.22136
1735,2277,0.23557
1735,2325,0.23767
1735,2391,0.38199
1735,2532,0.37603
1735,2612,0.33841
1735,3066,0.27386
1735,3381,0.36201
1735,3688,0.22192
1735,3738,0.36878
1735,4396,0.25599
1735,4454,0.22159
1735,4936,0.45108
1735,5022,0.43132
1735,5235,0.31782
1735,5605,0.3237
1736,4941,0.28296
1736,5633,0.31594
1737,2648,0.4679
1737,2664,0.24079
1737,3278,0.2179
1737,3513,0.49016
1737,3605,0.20788
1737,3701,0.2275
1737,3839,0.26139
1737,4085,0.20394
1737,4631,0.26025
1737,4825,0.21221
1737,4999,0.21009
1737,5267,0.31172
1737,5268,0.2941
1737,5343,0.22859
1737,5571,0.3637
1737,5576,0.22346
1737,5710,0.28514
1737,6059,0.20194
1737,6205,0.25446
1738,4461,0.33166
1739,2275,0.24906
1739,2602,0.20326
1739,2855,0.29149
1739,3088,0.23617
1739,4123,0.21566
1739,4503,0.20041
1739,5551,0.22821
1739,5640,0.20345
1739,5644,0.25385
1739,6093,0.25325
1740,6162,0.29114
1741,3052,0.22546
1741,5683,0.2152
1741,5746,0.21283
1741,5765,0.20775
1741,5785,0.24681
1743,2022,0.20914
1743,4141,0.22928
1743,4371,0.2093
1744,1902,0.2434
1744,2220,0.28514
1744,2376,0.22614
1744,2410,0.27665
1744,2655,0.26019
1744,3083,0.20496
1744,3142,0.38451
1744,3457,0.25366
1744,3749,0.20098
1744,4013,0.26489
1744,5358,0.31945
1744,5898,0.25211
1744,6059,0.36845
1745,2362,0.26484
1745,4224,0.20995
1746,2340,0.20416
1746,2518,0.28983
1746,2584,0.29452
1746,2914,0.24941
1746,2987,0.28783
1746,3000,0.23466
1746,3518,0.32221
1746,4383,0.2956
1746,5460,0.25603
1746,6052,0.21028
1747,1807,0.21879
1747,2114,0.3618
1747,2288,0.29452
1747,2365,0.22988
1747,2369,0.24341
1747,2625,0.40973
1747,2632,0.24065
1747,2662,0.30655
1747,3470,0.28145
1747,3701,0.26432
1747,3839,0.20622
1747,4220,0.40997
1747,4631,0.30114
1747,5009,0.22895
1747,5143,0.33276
1747,5576,0.25548
1747,5657,0.21417
1747,5710,0.34691
1747,6207,0.22941
1748,1788,0.28783
1748,1826,0.23927
1748,3244,0.21213
1748,4190,0.23909
1748,4336,0.20584
1748,4525,0.22322
1748,5300,0.22161
1748,5572,0.23466
1748,5620,0.27619
1748,6145,0.20712
1749,3540,0.33531
1749,4219,0.3479
1749,5642,0.28214
1750,1752,0.22399
1750,1762,0.24277
1750,2002,0.24714
1750,2432,0.2595
1750,2854,0.45113
1750,2994,0.31594
1750,3221,0.21635
1750,3649,0.23466
1750,3802,0.34605
1750,4700,0.20748
1750,4707,0.25518
1750,4817,0.25991
1750,5140,0.22161
1750,5965,0.27066
1751,1835,0.33164
1751,2096,0.22635
1751,2300,0.34207
1751,2325,0.22776
1751,2506,0.22527
1751,2575,0.27206
1751,2797,0.20304
1751,3170,0.24428
1751,3639,0.23549
1751,3656,0.51744
1751,3688,0.4537
1751,3926,0.2525
1751,3934,0.47462
1751,4083,0.2232
1751,4155,0.33625
1751,4395,0.20207
1751,4743,0.27747
1751,4848,0.26971
1751,4912,0.27997
1751,5206,0.24451
1751,5378,0.3276
1751,5930,0.2338
1751,5958,0.21098
1751,6064,0.21028
1752,1762,0.20131
1752,2107,0.21093
1752,2221,0.25364
1752,2439,0.36256
1752,2460,0.21832
1752,2755,0.24458
1752,2785,0.30386
1752,3008,0.37258
1752,3083,0.20296
1752,3486,0.24458
1752,3560,0.20242
1752,4013,0.26878
1752,4110,0.21528
1752,4707,0.35219
1752,4732,0.21166
1752,4773,0.21213
1752,4999,0.24941
1752,5097,0.44208
1752,5100,0.21166
1752,5357,0.23466
1752,5775,0.21166
1752,5889,0.26823
1752,6054,0.21879
1753,4204,0.27619
1753,5126,0.27619
1754,5996,0.24608
1755,4205,0.2047
1756,1842,0.27372
1756,1907,0.22605
1756,2320,0.30501
1756,2536,0.22
1756,2860,0.20202
1756,3055,0.20976
1756,3160,0.20666
1756,3188,0.2123
1756,3326,0.31751
1756,4090,0.24069
1756,4104,0.23295
1756,4554,0.2146
1756,4928,0.27859
1756,5058,0.29084
1756,5242,0.26015
1756,5343,0.2532
1756,5347,0.25321
1756,5368,0.20409
1756,5392,0.34162
1756,5447,0.22155
1756,5734,0.2284
1756,6086,0.20277
1758,2032,0.2019
1758,2172,0.20367
1758,2401,0.36008
1758,2507,0.34809
1758,2615,0.20407
1758,2647,0.35813
1758,3016,0.20275
1758,3089,0.20251
1758,3283,0.22087
1758,3454,0.22014
1758,3574,0.22677
1758,4257,0.28983
1758,4285,0.3276
1758,4343,0.28659
1758,4349,0.26486
1758,4380,0.30987
1758,4394,0.41702
1758,4423,0.32614
1758,4443,0.30114
1758,4532,0.22843
1758,4602,0.21853
1758,4807,0.2605
1758,5040,0.22799
1758,5190,0.59813
1758,5215,0.30432
1758,5292,0.57806
1758,5321,0.26162
1758,5333,0.38813
1758,5493,0.29268
1758,5703,0.36164
1758,5711,0.26213
1758,5796,0.25969
1758,6034,0.22043
1758,6078,0.23902
1758,6143,0.34373
1758,6192,0.24302
1758,6193,0.45337
1759,2839,0.256
1759,4300,0.28597
1759,4836,0.23743
1759,6031,0.23245
1759,6040,0.2318
1761,1912,0.27066
1761,1943,0.20201
1761,2386,0.2028
1761,2841,0.2354
1761,3387,0.36122
1761,3428,0.28983
1761,3448,0.2595
1761,3534,0.30617
1761,3589,0.21645
1761,3788,0.20301
1761,3929,0.23096
1761,4220,0.21166
1761,4253,0.23394
1761,4523,0.20085
1761,4688,0.28479
1761,4780,0.23789
1761,4804,0.22398
1761,5279,0.2919
1761,5402,0.28017
1761,5460,0.22172
1761,5749,0.36808
1762,2854,0.35158
1762,3749,0.21768
1762,3772,0.22525
1762,3802,0.29335
1762,4344,0.23927
1762,5425,0.43286
1762,5601,0.23788
1762,5965,0.23415
1763,2204,0.24098
1763,5675,0.21343
1764,2995,0.21779
1764,5023,0.23917
1764,5042,0.25546
1764,5169,0.35509
1764,5280,0.20332
1764,5606,0.23614
1764,5655,0.20372
1764,6005,0.21402
1764,6218,0.25435
1765,1808,0.28819
1765,1977,0.20695
1765,2286,0.26662
1765,2578,0.26701
1765,2699,0.26036
1765,2954,0.29529
1765,2984,0.20743
1765,3141,0.25381
1765,4313,0.20118
1765,4409,0.23718
1765,4545,0.24285
1765,4858,0.21765
1765,4921,0.20401
1765,5086,0.25173
1765,5303,0.21949
1765,5737,0.26213
1765,5992,0.30562
1766,5161,0.29334
1767,1793,0.21141
1767,1881,0.23466
1767,2375,0.22961
1767,2966,0.2619
1767,2980,0.25887
1767,3042,0.23499
1767,3323,0.27617
1767,3642,0.34222
1767,4329,0.23577
1767,4605,0.33071
1767,4869,0.24291
1767,5153,0.3012
1767,5195,0.29694
1767,5326,0.28248
1767,6008,0.23311
1768,1929,0.25384
1768,2013,0.40547
1768,2869,0.21028
1768,2885,0.30532
1768,3175,0.24929
1768,3439,0.21078
1768,4142,0.23333
1768,4365,0.20272
1768,4531,0.28385
1768,5218,0.37731
1769,2670,0.22598
1769,2771,0.21078
1769,2873,0.20063
1769,2909,0.21869
1769,3466,0.20899
1769,3515,0.23436
1769,4172,0.22684
1769,4337,0.26899
1769,5593,0.44583
1770,2656,0.28059
1770,2955,0.20236
1770,4119,0.21486
1770,4577,0.23164
1770,5187,0.28324
1770,5395,0.20238
1770,5489,0.20105
1773,4724,0.2294
1773,5419,0.22955
1773,5896,0.2019
1774,2020,0.2566
1774,4427,0.20158
1774,4604,0.28608
1774,4890,0.20508
1774,4921,0.2138
1774,5040,0.23326
1774,5086,0.20049
1774,5569,0.20093
1774,5626,0.22036
1775,3072,0.21831
1775,3650,0.21151
1775,4946,0.27082
1775,6054,0.20135
1775,6123,0.45439
1776,3134,0.20199
1776,3885,0.22354
1776,4123,0.20008
1776,4503,0.2281
1776,4749,0.20954
1776,5016,0.25272
1776,5640,0.26804
1776,5644,0.20344
1776,6119,0.27515
1777,1973,0.25598
1777,2141,0.28783
1777,2275,0.43286
1777,2518,0.29759
1777,2580,0.27882
1777,2763,0.21879
1777,2931,0.30239
1777,2942,0.21879
1777,2977,0.36256
1777,3409,0.21508
1777,3415,0.35219
1777,3591,0.28385
1777,4120,0.28783
1777,4254,0.22337
1777,4336,0.28552
1777,4948,0.22725
1777,5065,0.2646
1777,5300,0.29452
1777,5548,0.24941
1777,5644,0.24731
1777,5681,0.21879
1777,5698,0.25386
1777,5951,0.28248
1777,6120,0.27619
1777,6145,0.2949
1778,2015,0.24144
1778,2139,0.26083
1778,2931,0.23415
1778,3510,0.33828
1778,3583,0.40709
1778,4120,0.27619
1778,4556,0.20296
1778,4831,0.21133
1778,4879,0.29759
1778,5277,0.35326
1778,5300,0.25211
1778,5828,0.26198
1778,5834,0.35219
1778,6101,0.21093
1779,3418,0.2034
1779,4417,0.2064
1779,4749,0.23297
1779,5055,0.21982
1779,6030,0.32233
1780,2572,0.25889
1780,2963,0.22788
1781,1881,0.20201
1781,4329,0.21528
1783,1932,0.20862
1783,3256,0.27318
1783,3413,0.22081
1783,5058,0.26492
1784,2214,0.28533
1784,2364,0.20108
1784,2641,0.22478
1784,2906,0.20673
1784,3053,0.20352
1784,3192,0.33731
1784,4561,0.23713
1784,4725,0.20378
1784,4861,0.23346
1787,1856,0.22945
1787,2275,0.20927
1787,2518,0.22955
1787,2763,0.20158
1787,4120,0.2434
1787,5425,0.22725
1787,5920,0.20748
1788,1943,0.36256
1788,2057,0.35326
1788,2199,0.24556
1788,2314,0.20731
1788,2515,0.32992
1788,2635,0.43342
1788,2744,0.40643
1788,2824,0.3044
1788,3237,0.22829
1788,3366,0.33578
1788,3580,0.37246
1788,3608,0.3425
1788,3828,0.27407
1788,4376,0.23017
1788,4484,0.215
1788,4684,0.21364
1788,4728,0.2157
1788,5106,0.2833
1788,5436,0.24688
1788,5996,0.25962
1788,6046,0.3276
1788,6058,0.30346
1789,2350,0.21985
1789,5250,0.20645
1789,5264,0.20996
1789,5562,0.29324
1789,6220,0.2468
1790,2879,0.54191
1790,3016,0.20787
1790,5493,0.23309
1792,1929,0.20694
1792,5029,0.30139
1793,2375,0.21154
1793,2454,0.52721
1793,2980,0.21363
1793,3042,0.38694
1793,3184,0.44944
1793,3323,0.25742
1793,3333,0.24005
1793,3414,0.44208
1793,3503,0.35262
1793,3566,0.20128
1793,3642,0.31728
1793,3867,0.20755
1793,3964,0.21166
1793,3975,0.23587
1793,4129,0.54069
1793,4132,0.35158
1793,4243,0.3276
1793,4329,0.25386
1793,4411,0.29672
1793,4455,0.50247
1793,4605,0.29924
1793,4677,0.2599
1793,4869,0.41002
1793,5153,0.40967
1793,5195,0.39154
1793,5217,0.47513
1793,5294,0.2655
1793,5326,0.48011
1793,5583,0.23415
1793,5695,0.29042
1793,5827,0.34012
1793,5964,0.20873
1793,5966,0.2956
1793,6126,0.48011
1793,6135,0.49019
1794,4844,0.21285
1795,3262,0.21053
1795,4473,0.30173
1795,5067,0.24494
1795,5243,0.24357
1795,5311,0.25578
1795,5709,0.2076
1795,5721,0.20783
1795,5754,0.28582
1795,5786,0.2391
1796,1813,0.2111
1796,2286,0.21102
1796,2552,0.24313
1796,3291,0.20493
1796,3674,0.20952
1796,4303,0.21466
1796,4716,0.31867
1796,5270,0.20541
1796,5323,0.24302
1796,5471,0.37732
1797,1881,0.21062
1797,2361,0.22261
1797,2518,0.22725
1797,3054,0.25784
1797,3774,0.21528
1797,3897,0.21879
1797,3932,0.20405
1797,4032,0.3044
1797,4307,0.22725
1797,4328,0.20296
1797,4606,0.24613
1797,4663,0.20881
1797,5751,0.44944
1798,2942,0.22049
1798,4335,0.23728
1798,5273,0.21534
1798,5526,0.23283
1799,1805,0.20202
1799,2186,0.35948
1799,2308,0.21359
1799,2447,0.34649
1799,2558,0.22001
1799,2900,0.28484
1799,2917,0.30868
1799,3027,0.20371
1799,3164,0.3052
1799,3208,0.24184
1799,3212,0.25372
1799,3228,0.21499
1799,3913,0.36164
1799,4095,0.32644
1799,4462,0.24681
1799,4503,0.29347
1799,4603,0.24466
1799,4706,0.34012
1799,4767,0.25151
1799,4883,0.23612
1799,4909,0.22259
1799,5239,0.25553
1799,5616,0.27935
1799,5883,0.37551
1799,6159,0.26071
1800,2940,0.29452
1800,3093,0.23927
1800,3657,0.54459
1800,4544,0.24109
1800,4546,0.2524
1800,4580,0.2485
1800,5561,0.46019
1800,5662,0.4839
1800,5919,0.33828
1800,6138,0.20641
1802,1811,0.23524
1802,2352,0.20078
1802,2520,0.23367
1802,2806,0.22183
1802,3146,0.25557
1802,3795,0.23694
1802,4282,0.23439
1802,4293,0.24087
1802,4596,0.25595
1802,4971,0.2151
1802,5090,0.21626
1802,5437,0.20201
1802,5508,0.23057
1802,5925,0.21832
1802,6092,0.2028
1803,4322,0.23842
1803,5252,0.28783
1804,1863,0.27169
1804,2625,0.24804
1804,3700,0.2119
1804,4220,0.25262
1805,1924,0.2331
1805,1998,0.23333
1805,2162,0.37675
1805,2177,0.40696
1805,2232,0.37339
1805,2293,0.22338
1805,2308,0.65213
1805,2367,0.21791
1805,2426,0.3172
1805,2433,0.20662
1805,2436,0.31752
1805,2537,0.22025
1805,2622,0.25007
1805,2799,0.25668
1805,2900,0.38237
1805,2945,0.22005
1805,3016,0.26383
1805,3075,0.21367
1805,3129,0.21922
1805,3208,0.39623
1805,3234,0.21734
1805,3283,0.37038
1805,3289,0.23312
1805,3395,0.23822
1805,3437,0.35688
1805,3574,0.35586
1805,3646,0.21228
1805,3732,0.22757
1805,3798,0.23405
1805,3833,0.33711
1805,3853,0.23082
1805,3948,0.5043
1805,3976,0.30366
1805,4009,0.24269
1805,4062,0.33231
1805,4066,0.20778
1805,4082,0.30004
1805,4130,0.45266
1805,4150,0.47992
1805,4431,0.22946
1805,4519,0.24299
1805,4603,0.28171
1805,4641,0.30431
1805,4758,0.21659
1805,4771,0.23619
1805,4909,0.32413
1805,5007,0.26603
1805,5047,0.68999
1805,5064,0.26105
1805,5071,0.21964
1805,5236,0.20026
1805,5239,0.41965
1805,5304,0.21894
1805,5393,0.21722
1805,5428,0.45814
1805,5456,0.30414
1805,5457,0.30585
1805,5493,0.23012
1805,5538,0.28638
1805,5607,0.27095
1805,5625,0.39516
1805,5628,0.40146
1805,5637,0.26873
1805,5711,0.20538
1805,5873,0.27594
1805,5883,0.20596
1805,5942,0.27224
1805,6036,0.24071
1805,6143,0.2381
1805,6175,0.21838
1805,6192,0.30547
1806,2126,0.23886
1806,4746,0.22941
1806,5891,0.21536
1807,2576,0.36122
1807,2741,0.26997
1807,3150,0.43286
1807,4274,0.49019
1807,4435,0.20927
1807,5126,0.22399
1807,5221,0.27619
1807,5523,0.52721
1807,5933,0.34605
1808,2286,0.20347
1808,2699,0.29177
1808,2872,0.21376
1808,3141,0.20548
1808,5992,0.22719
1809,3244,0.22089
1809,3658,0.20236
1809,4468,0.25181
1809,6097,0.25738
1810,2214,0.20313
1810,3049,0.31904
1810,4329,0.20748
1810,5326,0.2028
1811,1839,0.22625
1811,1856,0.20724
1811,2141,0.22573
1811,2208,0.29356
1811,2263,0.21521
1811,2333,0.22096
1811,2352,0.23818
1811,2466,0.26936
1811,2483,0.21941
1811,2493,0.20743
1811,2500,0.23061
1811,2520,0.24774
1811,2536,0.20667
1811,2570,0.24801
1811,2788,0.23948
1811,2814,0.28948
1811,2916,0.26202
1811,3011,0.20315
1811,3145,0.2677
1811,3199,0.23057
1811,3265,0.23109
1811,3313,0.22277
1811,3391,0.28131
1811,3508,0.23175
1811,3509,0.23202
1811,3563,0.23483
1811,3778,0.22668
1811,4217,0.21603
1811,4258,0.22448
1811,4333,0.28783
1811,4378,0.20161
1811,4400,0.234
1811,4471,0.28894
1811,4555,0.32329
1811,4656,0.22686
1811,4896,0.20477
1811,4900,0.24088
1811,4982,0.28009
1811,5075,0.23821
1811,5280,0.24063
1811,5377,0.25542
1811,5635,0.23021
1811,5742,0.20456
1811,5889,0.22161
1811,5920,0.20285
1811,6221,0.22798
1812,3826,0.21752
1812,4683,0.26097
1812,5448,0.26469
1813,2214,0.34125
1813,2286,0.23374
1813,2319,0.31185
1813,2552,0.20348
1813,2641,0.31839
1813,2790,0.26398
1813,2906,0.393
1813,3192,0.20024
1813,3472,0.25782
1813,3674,0.25245
1813,3791,0.32461
1813,4409,0.33036
1813,4561,0.40581
1813,4607,0.39803
1813,4614,0.28327
1813,4716,0.28943
1813,4876,0.32661
1813,5090,0.22165
1813,5270,0.58827
1813,5323,0.22271
1813,5367,0.26402
1813,5471,0.29132
1813,5821,0.48011
1813,5924,0.31457
1813,5998,0.69815
1814,6130,0.23656
1816,4427,0.34107
1817,2077,0.21756
1817,3122,0.21418
1817,3370,0.202
1817,3408,0.23736
1817,4113,0.21034
1817,4326,0.23774
1817,5104,0.20645
1817,5489,0.22656
1818,4304,0.23933
1819,1835,0.2478
1819,1914,0.22207
1819,1946,0.21079
1819,2135,0.33025
1819,2300,0.27222
1819,2575,0.23592
1819,2679,0.20118
1819,4155,0.27261
1819,4912,0.21893
1820,3572,0.30643
1820,4671,0.22908
1823,2252,0.20158
1823,2302,0.20318
1823,2607,0.31099
1823,2947,0.33828
1823,2968,0.21832
1823,3685,0.26133
1823,4012,0.29706
1823,4316,0.22165
1823,4502,0.25797
1823,4692,0.42151
1823,4711,0.25815
1823,5258,0.27619
1823,5756,0.30617
1823,5999,0.21127
1825,2219,0.24443
1825,3691,0.35326
1825,4078,0.23856
1825,5059,0.22725
1825,5238,0.26019
1825,5916,0.24051
1825,6138,0.25557
1826,1943,0.27619
1826,2057,0.30239
1826,2668,0.24593
1826,3366,0.27619
1826,3608,0.26878
1826,4549,0.22521
1826,5106,0.28385
1826,5361,0.22074
1826,5620,0.22009
1826,6046,0.26732
1826,6058,0.30239
1827,5984,0.29119
1829,2917,0.37324
1829,3027,0.31145
1829,3913,0.47848
1829,4095,0.33422
1829,4243,0.26227
1829,4767,0.29618
1829,6069,0.21346
1829,6111,0.21142
1830,1967,0.2203
1830,2033,0.2135
1830,2214,0.21093
1830,2834,0.32652
1830,2954,0.20224
1830,3192,0.21859
1830,4001,0.25602
1830,4052,0.25907
1830,4125,0.20852
1830,4263,0.31454
1830,4302,0.20177
1830,4794,0.27889
1830,4837,0.22081
1830,5489,0.20424
1830,5580,0.27957
1830,5886,0.31691
1830,5934,0.31195
1830,5962,0.22226
1831,1977,0.20531
1831,2039,0.26522
1831,2062,0.27619
1831,2552,0.2765
1831,3171,0.55955
1831,4518,0.32624
1831,4667,0.3729
1831,4858,0.21904
1831,4929,0.26076
1831,5086,0.2189
1831,5132,0.31369
1831,5486,0.23028
1833,4961,0.34265
1833,5627,0.20238
1833,6187,0.34125
1834,1865,0.26997
1834,5407,0.36923
1835,1914,0.28116
1835,2135,0.23639
1835,2300,0.4268
1835,2325,0.20961
1835,2368,0.20246
1835,2387,0.25182
1835,2506,0.20108
1835,2575,0.3422
1835,2679,0.2107
1835,2797,0.20357
1835,3170,0.20107
1835,3249,0.21986
1835,3639,0.20008
1835,3656,0.28983
1835,3688,0.28225
1835,3926,0.22442
1835,3934,0.30957
1835,4155,0.46133
1835,4215,0.26635
1835,4395,0.26919
1835,4528,0.27229
1835,4912,0.37225
1835,5206,0.23891
1835,5378,0.28538
1836,4136,0.20166
1836,4264,0.22715
1837,2100,0.2299
1837,2170,0.26073
1837,2545,0.20475
1837,3022,0.21692
1837,3761,0.20727
1837,4727,0.23877
1838,2195,0.34682
1838,4362,0.3523
1838,4953,0.33043
1839,1856,0.24597
1839,2107,0.22662
1839,2500,0.22322
1839,2975,0.21372
1839,3008,0.2173
1839,3083,0.22616
1839,3265,0.2066
1839,4013,0.20117
1839,4999,0.20178
1839,5280,0.2014
1839,5357,0.21093
1839,5377,0.20052
1839,5425,0.21213
1839,5598,0.20399
1839,5742,0.28014
1839,5889,0.28496
1839,5920,0.28325
1839,6088,0.20721
1839,6221,0.23476
1840,1996,0.20288
1840,3811,0.3005
1841,2242,0.23989
1841,2502,0.22955
1841,3383,0.20925
1841,5204,0.21269
1841,5287,0.28248
1841,6195,0.21335
1842,1907,0.43912
1842,2320,0.33911
1842,2402,0.31058
1842,2536,0.25762
1842,2593,0.3226
1842,2784,0.22974
1842,2860,0.24927
1842,2966,0.20598
1842,3001,0.2568
1842,3055,0.33842
1842,3112,0.22813
1842,3128,0.24808
1842,3160,0.28019
1842,3326,0.34334
1842,3333,0.24109
1842,3413,0.2331
1842,3537,0.22713
1842,3613,0.24755
1842,3783,0.29816
1842,4090,0.31245
1842,4554,0.28576
1842,4787,0.23649
1842,4816,0.33101
1842,4928,0.21653
1842,4942,0.27359
1842,5051,0.23523
1842,5058,0.20741
1842,5077,0.29233
1842,5196,0.20508
1842,5343,0.46469
1842,5368,0.24902
1842,5384,0.29646
1842,5392,0.32589
1842,5447,0.31202
1842,5585,0.32586
1842,5734,0.32401
1842,5789,0.27496
1842,5870,0.22363
1842,5976,0.26732
1842,6005,0.23165
1842,6108,0.21276
1843,1893,0.20201
1843,3051,0.26442
1843,4292,0.34372
1843,4633,0.51429
1843,4715,0.37501
1843,5341,0.28804
1843,5610,0.21583
1843,5614,0.38144
1843,5780,0.28662
1843,6191,0.22399
1844,1918,0.23219
1844,2062,0.29335
1844,2269,0.36153
1844,2578,0.34948
1844,2717,0.23005
1844,2846,0.20635
1844,2857,0.33059
1844,2953,0.20216
1844,2954,0.32981
1844,2984,0.25288
1844,3030,0.22875
1844,3225,0.22148
1844,3805,0.29603
1844,3913,0.20236
1844,4409,0.20525
1844,4539,0.25119
1844,4545,0.329
1844,4624,0.25195
1844,4686,0.29416
1844,4774,0.20296
1844,4858,0.21597
1844,4921,0.21528
1844,4929,0.22206
1844,5072,0.31029
1844,5303,0.20122
1844,5372,0.27856
1844,5992,0.36164
1845,4326,0.22315
1845,5104,0.21068
1846,2706,0.29988
1846,5761,0.21194
1846,5961,0.26349
1847,2090,0.25263
1847,2327,0.28983
1847,2337,0.22161
1847,2395,0.22024
1847,2812,0.24033
1847,2940,0.20201
1847,3502,0.24205
1847,3953,0.21121
1847,4114,0.21925
1847,4284,0.23626
1847,4593,0.26997
1847,4689,0.26117
1847,5245,0.22993
1847,5307,0.28347
1847,5490,0.23848
1847,5494,0.33155
1847,5518,0.25648
1847,5665,0.25552
1847,5859,0.29955
1847,5885,0.23441
1847,5901,0.22051
1847,6051,0.28983
1847,6054,0.34039
1847,6185,0.27619
1848,3481,0.30176
1848,3841,0.23428
1848,3885,0.20202
1848,4325,0.20023
1848,4417,0.20573
1848,4537,0.28064
1848,4783,0.31593
1848,4799,0.27162
1848,5528,0.25284
1849,3747,0.28927
1849,3755,0.26013
1849,3788,0.46909
1849,3983,0.3418
1849,4106,0.23048
1849,4253,0.20666
1849,4688,0.31296
1849,4804,0.3565
1849,4878,0.20742
1849,5525,0.20128
1849,6015,0.20068
1850,2749,0.21287
1850,3700,0.23758
1850,5096,0.29452
1850,5437,0.22955
1851,2724,0.21832
1852,2172,0.2388
1852,2846,0.43347
1852,3616,0.30179
1852,4602,0.22718
1852,4686,0.21027
1852,4774,0.5161
1852,6112,0.38334
1853,3014,0.21528
1853,5362,0.22284
1853,5774,0.30625
1853,6018,0.20048
1854,5070,0.21336
1856,2107,0.20486
1856,2141,0.20528
1856,2483,0.21014
1856,2500,0.20999
1856,2735,0.22399
1856,3008,0.21787
1856,3265,0.26748
1856,3313,0.22109
1856,5082,0.21978
1856,5357,0.20131
1856,5551,0.21256
1856,5727,0.23077
1856,5889,0.21834
1856,5920,0.32512
1856,5964,0.20756
1856,6081,0.20332
1856,6145,0.2623
1857,2512,0.20538
1857,3269,0.20577
1857,3619,0.21673
1857,4024,0.41489
1857,4442,0.47683
1857,5096,0.20356
1860,4141,0.21261
1860,5784,0.31539
1860,5891,0.31027
1861,2361,0.22588
1861,2711,0.24918
1861,5520,0.23083
1862,5419,0.31949
1863,2117,0.209
1863,3700,0.20557
1863,3721,0.24666
1863,4052,0.2031
1863,4475,0.20258
1863,5399,0.25792
1865,2834,0.20733
1865,5076,0.23319
1865,5407,0.28947
1866,5294,0.25692
1867,3408,0.20525
1867,5155,0.39572
1867,5419,0.20778
1867,5788,0.20027
1867,6132,0.40274
1867,6206,0.20434
1868,3052,0.21703
1868,3054,0.27619
1868,4502,0.2063
1868,5492,0.28514
1868,5551,0.35219
1868,5601,0.24611
1868,5644,0.34605
1868,5683,0.2278
1868,5951,0.28248
1868,6053,0.23409
1871,3839,0.21268
1871,3958,0.20284
1871,4631,0.2045
1871,5688,0.22843
1872,2370,0.27404
1872,3134,0.26711
1872,3337,0.28816
1872,4611,0.23457
1872,5059,0.4169
1872,5252,0.50459
1872,5275,0.37649
1872,5653,0.25122
1872,6003,0.29496
1872,6093,0.23241
1872,6141,0.22418
1873,4288,0.21492
1874,3498,0.23327
1874,5694,0.55646
1875,3632,0.25073
1875,4835,0.34059
1875,5433,0.2208
1875,5570,0.21051
1876,2590,0.218
1876,2880,0.23867
1876,3525,0.2032
1876,3631,0.20284
1876,5113,0.21395
1876,5184,0.20947
1877,5812,0.2689
1878,5680,0.25542
1879,2576,0.2107
1879,2741,0.21844
1879,3630,0.49482
1880,2034,0.23636
1880,2090,0.27436
1880,2203,0.30353
1880,3072,0.28752
1880,3548,0.26832
1880,3582,0.20416
1880,4295,0.27066
1880,4386,0.33305
1880,4473,0.24496
1880,4514,0.28248
1880,4766,0.24575
1880,4828,0.23936
1880,4850,0.34543
1880,4886,0.43286
1880,4949,0.2927
1880,4992,0.31672
1880,5021,0.30004
1880,5057,0.2822
1880,5067,0.23227
1880,5198,0.25323
1880,5244,0.2181
1880,5254,0.23927
1880,5310,0.26904
1880,5365,0.26324
1880,5494,0.21602
1880,5596,0.33042
1880,5709,0.36612
1880,5721,0.22117
1880,5792,0.23303
1880,5798,0.25882
1880,5910,0.30698
1880,5945,0.24537
1880,5982,0.38822
1880,6188,0.3025
1881,1885,0.24458
1881,2015,0.20131
1881,2101,0.2166
1881,2420,0.20584
1881,2628,0.28658
1881,2931,0.28584
1881,2933,0.3876
1881,3359,0.28658
1881,3552,0.31594
1881,3672,0.28248
1881,3932,0.28584
1881,4132,0.29452
1881,4329,0.25211
1881,4370,0.28296
1881,4823,0.20338
1881,5233,0.28783
1881,5277,0.23577
1881,5287,0.2084
1881,5595,0.23466
1881,5748,0.23981
1881,5902,0.2173
1881,5991,0.22261
1881,6170,0.29452
1882,2034,0.21164
1882,2175,0.24941
1882,2327,0.36122
1882,2337,0.35158
1882,2940,0.20881
1882,3151,0.24362
1882,3582,0.20158
1882,3844,0.20891
1882,4163,0.24957
1882,4295,0.2595
1882,4386,0.2069
1882,4514,0.20513
1882,4593,0.31949
1882,4784,0.2084
1882,5057,0.28385
1882,5166,0.20751
1882,5171,0.22961
1882,5198,0.20702
1882,5310,0.23656
1882,5365,0.28642
1882,5596,0.2172
1882,5798,0.20588
1882,5901,0.21692
1882,5919,0.22399
1882,5982,0.24273
1882,6227,0.23577
1884,3761,0.205
1884,3825,0.23528
1884,5433,0.24051
1884,5532,0.2158
1885,1896,0.23125
1885,2101,0.23449
1885,4129,0.22955
1885,4455,0.28983
1885,5326,0.28807
1885,5965,0.21614
1885,5966,0.23872
1885,6135,0.26073
1886,1911,0.24494
1886,2432,0.42151
1886,2854,0.21028
1886,4616,0.25603
1886,4707,0.40709
1886,4773,0.28937
1886,4972,0.2166
1886,5140,0.23415
1886,5938,0.20584
1887,3254,0.21658
1887,5399,0.4507
1887,5681,0.23179
1887,5866,0.2499
1888,2155,0.20068
1888,5573,0.21244
1888,5785,0.21155
1889,2124,0.2139
1889,5210,0.29493
1889,5230,0.29921
1890,2641,0.24101
1890,2658,0.22114
1890,2790,0.22508
1890,3472,0.20955
1890,3643,0.21403
1890,4352,0.22058
1890,4609,0.20158
1890,4842,0.21732
1890,4915,0.21098
1890,5557,0.21486
1890,6031,0.23828
1892,4012,0.27619
1892,4817,0.20158
1892,5425,0.26073
1892,5965,0.25518
1893,2170,0.20994
1893,3013,0.20232
1893,3026,0.29055
1893,4966,0.23684
1893,5607,0.20808
1893,5873,0.28385
1895,2109,0.24346
1895,5773,0.22171
1896,2101,0.21486
1896,5989,0.20793
1897,1905,0.20354
1897,2687,0.20201
1897,2790,0.22628
1897,2839,0.38596
1897,2993,0.20325
1897,3432,0.20131
1897,3472,0.24525
1897,3550,0.20296
1897,3643,0.22557
1897,4189,0.23048
1897,4226,0.23194
1897,4300,0.30119
1897,4352,0.27401
1897,4579,0.25602
1897,4609,0.24542
1897,4836,0.29794
1897,5099,0.47347
1897,5168,0.3876
1897,5557,0.38571
1897,5600,0.34012
1897,5921,0.22955
1897,6031,0.27118
1897,6032,0.20085
1897,6040,0.31535
1897,6183,0.21093
1898,2602,0.21634
1898,4141,0.2406
1898,5273,0.20595
1899,1996,0.32936
1899,2335,0.22335
1899,2729,0.22725
1899,3008,0.28514
1899,3859,0.21033
1899,5644,0.21623
1900,2012,0.24613
1900,2788,0.26732
1900,2870,0.22725
1900,3464,0.2166
1900,4234,0.2084
1900,4249,0.43829
1900,4963,0.34605
1901,2285,0.21036
1901,2315,0.33267
1901,3570,0.27478
1901,4217,0.2831
1901,4447,0.20584
1901,4825,0.20634
1901,5110,0.32151
1901,5186,0.33772
1901,5255,0.24427
1901,5598,0.25351
1901,5706,0.27097
1901,5742,0.2193
1901,5919,0.27619
1901,6088,0.21714
1902,2297,0.45542
1902,2655,0.2434
1902,3519,0.34605
1902,4336,0.20881
1902,4344,0.21879
1902,4466,0.24731
1902,5001,0.20296
1902,5300,0.20236
1902,5595,0.30239
1902,5898,0.44208
1902,5935,0.38776
1902,5973,0.24312
1902,6084,0.2087
1902,6101,0.44901
1903,4134,0.24581
1903,5273,0.26026
1903,5784,0.30063
1903,5891,0.40802
1904,2944,0.22087
1904,4142,0.30444
1904,4309,0.22251
1904,4365,0.30487
1904,5289,0.20575
1904,5374,0.26538
1904,5666,0.20262
1905,2214,0.257
1905,2258,0.27645
1905,2319,0.35071
1905,2444,0.51649
1905,2453,0.27136
1905,2573,0.37396
1905,2629,0.30888
1905,2641,0.26962
1905,2658,0.22421
1905,2790,0.28413
1905,2839,0.26716
1905,2865,0.20266
1905,2906,0.26173
1905,2993,0.55073
1905,3245,0.20573
1905,3252,0.23039
1905,3472,0.23485
1905,3550,0.26944
1905,3579,0.20726
1905,3643,0.53397
1905,3710,0.23129
1905,3821,0.2616
1905,3854,0.23123
1905,4022,0.22509
1905,4226,0.5292
1905,4300,0.25229
1905,4352,0.53497
1905,4579,0.21945
1905,4609,0.54118
1905,4836,0.23041
1905,4842,0.30669
1905,4907,0.30254
1905,5090,0.24314
1905,5367,0.21481
1905,5381,0.21601
1905,5557,0.32785
1905,5925,0.21155
1905,5930,0.21928
1905,5995,0.2106
1905,6031,0.27583
1905,6040,0.21732
1905,6092,0.22727
1906,1996,0.24199
1906,2185,0.2035
1906,2350,0.25778
1906,3134,0.23195
1906,5905,0.26982
1906,6091,0.20157
1907,2276,0.21993
1907,2320,0.32417
1907,2402,0.24515
1907,2528,0.22766
1907,2593,0.28705
1907,2784,0.21598
1907,2860,0.20426
1907,3001,0.21241
1907,3055,0.41912
1907,3128,0.23441
1907,3160,0.27427
1907,3326,0.30311
1907,3333,0.20225
1907,3413,0.23728
1907,3537,0.24148
1907,3605,0.20911
1907,3613,0.24663
1907,3651,0.21072
1907,3783,0.28635
1907,3981,0.25382
1907,4090,0.28474
1907,4139,0.21696
1907,4577,0.2204
1907,4787,0.33544
1907,4816,0.35743
1907,4942,0.34656
1907,5051,0.20837
1907,5058,0.20818
1907,5077,0.22268
1907,5196,0.25526
1907,5343,0.36556
1907,5368,0.21735
1907,5384,0.24649
1907,5392,0.26311
1907,5447,0.35982
1907,5489,0.23145
1907,5585,0.30372
1907,5734,0.30408
1907,5789,0.27926
1907,5976,0.35219
1907,6005,0.24946
1908,2287,0.21787
1908,2978,0.36122
1908,4092,0.21762
1908,4465,0.44944
1908,4879,0.36256
1908,5750,0.49019
1908,6079,0.21166
1908,6217,0.22725
1910,2726,0.34012
1911,2151,0.20236
1911,2220,0.20994
1911,2785,0.25557
1911,3189,0.67211
1911,3200,0.23134
1911,3303,0.36483
1911,3364,0.22725
1911,3443,0.21166
1911,3756,0.27341
1911,4313,0.21062
1911,4663,0.2028
1911,4707,0.22955
1911,5313,0.2595
1911,5772,0.23466
1912,2067,0.2147
1912,2282,0.20517
1912,2361,0.25991
1912,2454,0.26823
1912,2476,0.25976
1912,2584,0.30239
1912,2980,0.29452
1912,2987,0.26301
1912,3042,0.42517
1912,3154,0.20497
1912,3323,0.25324
1912,3466,0.24946
1912,3502,0.26823
1912,3772,0.22307
1912,4132,0.20997
1912,4329,0.27882
1912,4383,0.23466
1912,4455,0.23415
1912,4605,0.3276
1912,4606,0.33828
1912,4874,0.35219
1912,5153,0.24941
1912,5195,0.22943
1912,5326,0.37258
1912,5460,0.21832
1912,5601,0.21286
1912,6097,0.20214
1912,6126,0.27619
1914,2135,0.27933
1914,2300,0.30249
1914,2391,0.23273
1914,2575,0.21227
1914,2679,0.32574
1914,4155,0.33176
1914,4215,0.22749
1914,4912,0.30194
1914,5378,0.24941
1917,2441,0.21758
1917,2620,0.23331
1917,2789,0.22754
1917,2937,0.30659
1917,3748,0.2124
1917,3964,0.28248
1917,4379,0.35219
1917,4678,0.23283
1917,5344,0.22696
1917,5376,0.20724
1917,5419,0.20584
1917,5896,0.34605
1918,1977,0.21277
1918,2062,0.50929
1918,2167,0.30452
1918,2269,0.37365
1918,2578,0.39854
1918,2717,0.56643
1918,2796,0.28491
1918,2857,0.38618
1918,2873,0.32212
1918,2953,0.48908
1918,3030,0.26475
1918,3171,0.24419
1918,3674,0.38486
1918,3805,0.35242
1918,3888,0.20404
1918,4397,0.21036
1918,4479,0.26868
1918,4624,0.29184
1918,4667,0.20953
1918,4686,0.54265
1918,4838,0.23031
1918,4858,0.49436
1918,4921,0.44446
1918,4929,0.34449
1918,5072,0.40404
1918,5415,0.21158
1918,5623,0.28201
1918,5743,0.23159
1919,2494,0.20284
1920,1960,0.45696
1920,2326,0.26341
1920,2460,0.20362
1920,2954,0.23522
1920,3144,0.22222
1920,3213,0.42904
1920,3225,0.21765
1920,3312,0.20035
1920,3455,0.42156
1920,3751,0.43923
1920,3756,0.25248
1920,3815,0.31051
1920,3826,0.22861
1920,3883,0.25025
1920,3922,0.47185
1920,3990,0.46088
1920,4186,0.31952
1920,4446,0.40823
1920,4482,0.45191
1920,4545,0.27855
1920,4700,0.23735
1920,5086,0.21012
1920,5372,0.22167
1920,5481,0.30696
1922,2206,0.20223
1922,2649,0.21213
1922,3410,0.43286
1922,4103,0.23466
1922,4116,0.2956
1922,4163,0.20158
1922,4211,0.43829
1922,4784,0.52721
1922,4882,0.25518
1922,5441,0.28983
1922,5622,0.49019
1923,2868,0.23596
1923,3804,0.28103
1923,4104,0.24132
1923,5219,0.23636
1924,2232,0.20096
1924,2308,0.26273
1924,2558,0.20124
1924,3208,0.23899
1924,3437,0.20138
1924,3574,0.21387
1924,3948,0.27952
1924,4009,0.2467
1924,4130,0.21522
1924,4909,0.21548
1924,5047,0.36834
1924,5239,0.21903
1924,5382,0.21317
1924,5538,0.25457
1924,5607,0.22041
1924,5628,0.35831
1924,5942,0.20241
1924,6143,0.23184
1925,3200,0.22204
1925,5155,0.5231
1925,6132,0.5394
1926,2327,0.20201
1926,2337,0.21213
1929,2013,0.26883
1929,2431,0.24107
1929,2477,0.34303
1929,2885,0.42983
1929,3175,0.37579
1929,5218,0.30201
1929,5292,0.22532
1929,5411,0.22092
1931,2240,0.28241
1931,3268,0.21328
1931,4179,0.22456
1931,5891,0.25462
1932,3268,0.20568
1932,3451,0.28871
1932,3485,0.26663
1932,4623,0.26431
1932,4887,0.2593
1932,5046,0.27022
1932,5237,0.21559
1932,6023,0.20105
1933,2032,0.22304
1933,2172,0.25468
1933,2328,0.29709
1933,2481,0.25145
1933,2945,0.23889
1933,3016,0.27967
1933,3395,0.32621
1933,4081,0.4838
1933,4586,0.27097
1933,5304,0.28545
1933,5493,0.2576
1933,6002,0.29708
1933,6111,0.27852
1934,2029,0.30346
1934,4355,0.20584
1934,4978,0.23415
1934,5138,0.25148
1934,5820,0.21213
1934,6009,0.24458
1934,6199,0.21832
1935,4042,0.21326
1935,4371,0.22747
1936,2824,0.21095
1936,3091,0.2919
1936,5250,0.26399
1936,5639,0.21724
1936,6220,0.3094
1937,1946,0.40709
1937,2612,0.20294
1937,3066,0.29227
1937,4306,0.21262
1937,4687,0.48011
1937,5783,0.20398
1937,5915,0.39428
1938,2494,0.22963
1940,2314,0.58766
1940,2402,0.26905
1940,2421,0.23232
1940,2494,0.21332
1940,2635,0.23674
1940,2744,0.30485
1940,3096,0.20972
1940,3162,0.29677
1940,3201,0.33161
1940,3237,0.21844
1940,3266,0.23491
1940,3535,0.2875
1940,3704,0.23409
1940,4118,0.21128
1940,4364,0.23759
1940,4376,0.32713
1940,4684,0.47907
1940,4728,0.23373
1940,5027,0.38758
1940,5358,0.21207
1940,5752,0.25949
1940,5790,0.25689
1940,5956,0.27734
1942,6022,0.25957
1943,2037,0.2173
1943,3244,0.2831
1943,4202,0.2084
1943,4336,0.24169
1943,4449,0.20201
1943,5300,0.28783
1943,5620,0.2998
1943,5891,0.20927
1943,5996,0.29728
1943,6046,0.23024
1944,2169,0.35616
1944,2191,0.39723
1944,2541,0.23726
1944,2571,0.29502
1944,4464,0.25156
1944,5332,0.21241
1945,2033,0.20096
1945,3101,0.35219
1945,3147,0.20085
1945,4488,0.22484
1945,4610,0.20748
1945,5595,0.21917
1945,5887,0.20584
1945,5932,0.33828
1946,2135,0.21268
1946,2391,0.35326
1946,2532,0.36122
1946,2612,0.4148
1946,3066,0.2949
1946,3381,0.44208
1946,3738,0.45113
1946,3759,0.20135
1946,3910,0.25238
1946,4306,0.23295
1946,4581,0.28514
1946,4687,0.50929
1946,5035,0.21062
1946,5783,0.30239
1947,2932,0.20036
1947,3209,0.27573
1947,3306,0.20097
1947,3533,0.2139
1947,3642,0.22092
1947,4267,0.34146
1947,5083,0.29093
1947,5264,0.20012
1947,5369,0.32645
1947,5499,0.28767
1947,5774,0.20234
1947,5794,0.21921
1947,5903,0.22011
1947,6001,0.26299
1947,6172,0.21283
1948,2904,0.26203
1948,3119,0.3029
1948,3633,0.47502
1948,3679,0.22832
1948,3709,0.24885
1948,4866,0.33915
1948,5597,0.30025
1948,6185,0.33578
1948,6216,0.27771
1949,3380,0.22898
1949,4627,0.20867
1949,4724,0.2261
1949,4863,0.20513
1949,5156,0.20584
1949,5253,0.38388
1949,5344,0.27751
1949,5419,0.24731
1949,6020,0.21373
1949,6024,0.29508
1949,6188,0.20184
1950,3095,0.27863
1950,3753,0.20044
1950,5937,0.24362
1951,4996,0.24077
1952,4417,0.34795
1952,4452,0.24172
1953,3209,0.2183
1955,2602,0.20742
1956,3640,0.42227
1956,4772,0.40564
1957,2034,0.31995
1957,2395,0.20363
1957,2564,0.31812
1957,3010,0.2517
1957,3134,0.21405
1957,3241,0.23557
1957,3262,0.20928
1957,4480,0.30611
1957,5243,0.39632
1957,5409,0.25715
1957,5754,0.24671
1957,5786,0.23007
1958,2077,0.28868
1958,2150,0.26568
1958,2464,0.25616
1958,2656,0.25492
1958,2706,0.22289
1958,2843,0.24126
1958,2880,0.27779
1958,2927,0.23093
1958,3607,0.23438
1958,3712,0.20646
1958,3836,0.22891
1958,4119,0.2896
1958,4139,0.21531
1958,4426,0.21548
1958,4439,0.20673
1958,4538,0.21203
1958,4570,0.24603
1958,4837,0.2713
1958,4960,0.20779
1958,5489,0.31513
1958,5689,0.20503
1958,5788,0.22603
1958,6083,0.22606
1959,2297,0.34012
1959,2854,0.21213
1959,3008,0.26019
1959,3880,0.20494
1959,4339,0.25896
1959,4526,0.248
1959,4956,0.26073
1959,5357,0.20584
1959,5425,0.35219
1959,5620,0.30315
1959,5887,0.2107
1960,2438,0.23626
1960,2954,0.28364
1960,3144,0.20002
1960,3213,0.47719
1960,3312,0.20096
1960,3455,0.32468
1960,3751,0.41657
1960,3756,0.21824
1960,3815,0.27283
1960,3826,0.24381
1960,3922,0.48952
1960,3990,0.34268
1960,4112,0.23037
1960,4186,0.37742
1960,4446,0.42536
1960,4482,0.37358
1960,4545,0.33149
1960,4700,0.28793
1960,5086,0.20322
1960,5119,0.21882
1960,5481,0.21789
1961,1966,0.39356
1961,2487,0.30588
1961,3297,0.27171
1961,3451,0.20758
1961,3480,0.22752
1961,3567,0.20368
1961,4003,0.25988
1961,4025,0.23401
1961,4144,0.21824
1961,4498,0.32254
1961,4623,0.3036
1961,4672,0.2443
1961,4851,0.22159
1961,4901,0.24379
1961,4928,0.31379
1961,5237,0.30721
1961,5368,0.24075
1961,5514,0.23135
1961,5522,0.23897
1961,5820,0.27066
1961,6086,0.26596
1961,6181,0.2374
1961,6210,0.4768
1962,5759,0.23922
1962,5961,0.2096
1963,5127,0.22423
1964,5479,0.208
1965,5025,0.21414
1965,5546,0.45091
1966,3567,0.29191
1966,4025,0.27277
1966,4623,0.21177
1966,4928,0.44631
1966,5237,0.22818
1966,5242,0.49564
1966,5347,0.26663
1966,5368,0.3271
1966,6210,0.36854
1967,2033,0.37167
1967,2834,0.26327
1967,3023,0.26456
1967,4001,0.43164
1967,4021,0.27347
1967,4036,0.27883
1967,4052,0.3364
1967,4357,0.21109
1967,4794,0.38269
1967,5580,0.40754
1967,5886,0.39296
1967,5934,0.4329
1967,6153,0.26544
1968,2081,0.28533
1968,2670,0.32089
1968,2771,0.37235
1968,2948,0.21023
1968,3033,0.20242
1968,3466,0.2517
1968,3515,0.29135
1968,4356,0.21587
1968,4780,0.25448
1968,4782,0.30785
1968,4818,0.377
1968,5017,0.21446
1968,5450,0.34123
1968,5593,0.27842
1968,6179,0.40141
1969,3284,0.26827
1969,3684,0.20223
1969,4197,0.26357
1969,4946,0.26732
1971,3591,0.26019
1971,4120,0.23927
1971,4941,0.30239
1971,6120,0.22399
1972,2094,0.45023
1972,2239,0.41667
1972,2611,0.39183
1972,2771,0.36785
1972,3033,0.27407
1972,3515,0.34613
1972,3620,0.45571
1972,4356,0.42827
1972,4780,0.45011
1972,4818,0.35226
1972,5450,0.35622
1972,6137,0.49053
1973,2419,0.27477
1973,2451,0.21218
1973,4032,0.20855
1973,5171,0.23019
1973,5465,0.2028
1974,2297,0.52721
1974,2518,0.20131
1974,3008,0.2595
1974,3519,0.24494
1974,4336,0.28385
1974,4344,0.28296
1974,4466,0.28783
1974,5001,0.21062
1974,5023,0.25211
1974,5277,0.26997
1974,5300,0.23466
1974,5357,0.22399
1974,5425,0.33578
1974,5595,0.40709
1974,5898,0.30346
1974,5935,0.20584
1974,6084,0.2107
1974,6095,0.26732
1974,6101,0.45113
1975,2211,0.22177
1975,2887,0.22426
1975,3110,0.24574
1975,4142,0.26073
1975,4365,0.26732
1975,4975,0.25266
1975,5374,0.28248
1975,5389,0.22725
1976,2247,0.21707
1976,4193,0.22734
1976,5159,0.21194
1976,5414,0.34529
1977,2020,0.25373
1977,2039,0.25526
1977,2062,0.31594
1977,2286,0.30756
1977,2305,0.27655
1977,2552,0.3283
1977,2578,0.27267
1977,2857,0.23002
1977,2954,0.2272
1977,3601,0.26587
1977,3616,0.20973
1977,3674,0.22844
1977,4409,0.21093
1977,4614,0.20269
1977,4686,0.25136
1977,4716,0.22938
1977,4858,0.2878
1977,4876,0.20031
1977,4921,0.36861
1977,4929,0.292
1977,5072,0.20539
1977,5086,0.28956
1977,5471,0.23421
1977,5737,0.21213
1979,3562,0.2609
1979,5765,0.20989
1979,5974,0.22321
1979,6026,0.22845
1980,2280,0.20428
1980,4826,0.20477
1980,5259,0.22744
1980,6021,0.22315
1981,2115,0.29788
1981,2384,0.2478
1981,6114,0.23696
1982,2138,0.21481
1982,2241,0.23466
1982,2352,0.36519
1982,2393,0.25617
1982,2512,0.25603
1982,2608,0.27295
1982,2806,0.26162
1982,3147,0.48011
1982,3156,0.21227
1982,3302,0.2964
1982,3357,0.42719
1982,3435,0.23566
1982,3715,0.28514
1982,3795,0.46056
1982,3835,0.30538
1982,3928,0.36829
1982,3931,0.2436
1982,3941,0.33828
1982,3946,0.29149
1982,4017,0.29505
1982,4233,0.25451
1982,4282,0.47399
1982,4419,0.27861
1982,4442,0.22584
1982,4596,0.2183
1982,4815,0.27322
1982,4870,0.49301
1982,4943,0.24326
1982,5039,0.21943
1982,5125,0.2135
1982,5172,0.2606
1982,5231,0.33049
1982,5325,0.48671
1982,5496,0.31099
1982,5508,0.32388
1982,5811,0.24775
1983,5981,0.26825
1984,4240,0.20124
1984,5059,0.26099
1984,6027,0.2132
1986,2247,0.24954
1986,2280,0.21979
1986,3096,0.26255
1986,4948,0.36222
1986,5063,0.21979
1987,2178,0.20154
1987,2499,0.23927
1987,3961,0.23466
1987,4794,0.20927
1987,4941,0.23466
1987,5273,0.20236
1987,5633,0.20927
1987,5917,0.22725
1988,3459,0.31337
1988,3652,0.25185
1988,5427,0.22123
1989,2062,0.2434
1989,2172,0.30315
1989,2507,0.20204
1989,2647,0.24507
1989,2846,0.21109
1989,3269,0.44666
1989,3454,0.22594
1989,3616,0.25127
1989,4443,0.21186
1989,4586,0.22771
1989,4602,0.40299
1989,4991,0.43691
1989,5202,0.26133
1989,5215,0.20331
1989,5321,0.2428
1989,5333,0.21193
1989,5417,0.24907
1989,5486,0.2107
1989,5878,0.23615
1989,5909,0.20215
1989,5915,0.22776
1989,6002,0.20444
1989,6078,0.20882
1990,3034,0.32831
1992,4019,0.27395
1992,6179,0.20395
1995,3054,0.23927
1995,3074,0.47263
1995,3767,0.2434
1995,4779,0.2418
1995,5492,0.28983
1995,5691,0.36256
1995,6063,0.2998
1995,6222,0.26019
1996,2350,0.24628
1996,2595,0.25175
1996,2675,0.24095
1996,3117,0.21352
1996,3134,0.20794
1996,3589,0.21873
1996,3623,0.25802
1996,3773,0.2173
1996,3859,0.29821
1996,4121,0.23466
1996,4267,0.35429
1996,4523,0.20131
1996,4639,0.25871
1996,5264,0.24471
1996,5275,0.21677
1997,2096,0.40118
1997,5543,0.21518
1998,2151,0.21658
1998,2308,0.20849
1998,2426,0.21663
1998,2445,0.22712
1998,2799,0.25213
1998,2846,0.20665
1998,3283,0.27397
1998,3303,0.23346
1998,3474,0.29043
1998,3528,0.22334
1998,3798,0.41075
1998,3900,0.21474
1998,4172,0.34781
1998,4397,0.24454
1998,4558,0.46779
1998,4594,0.27865
1998,4641,0.24267
1998,5007,0.21982
1998,5047,0.22576
1998,5071,0.24848
1998,5239,0.23449
1998,5313,0.27331
1998,5457,0.36342
1998,5486,0.45113
1998,5772,0.3395
1999,2172,0.24176
1999,2252,0.26343
1999,2272,0.23234
1999,3089,0.21653
1999,3933,0.25474
1999,5190,0.26049
1999,5192,0.20337
1999,5796,0.21528
2002,2432,0.25557
2002,2460,0.24567
2002,2854,0.45012
2002,2994,0.28248
2002,3221,0.25445
2002,3486,0.21916
2002,3649,0.215
2002,3802,0.20748
2002,4707,0.22725
2002,5425,0.30239
2002,5965,0.26213
2003,2155,0.25085
2003,2541,0.21033
2003,3989,0.22404
2003,4452,0.25219
2003,5314,0.25225
2003,5785,0.22284
2005,2133,0.24873
2005,3291,0.20447
2005,3338,0.35957
2005,3538,0.24756
2005,4537,0.22167
2005,5738,0.22008
2006,3374,0.43186
2006,3434,0.28494
2006,3722,0.30654
2006,6174,0.26482
2006,6205,0.25451
2006,6215,0.36122
2007,6011,0.20366
2008,5682,0.24864
2009,2272,0.20274
2009,2328,0.22452
2009,2481,0.20889
2009,2559,0.2548
2009,3269,0.23196
2009,3454,0.2265
2009,3933,0.20457
2009,4257,0.22059
2009,4340,0.32491
2009,4547,0.24965
2009,5318,0.23799
2009,5909,0.20903
2009,6143,0.26492
2010,2214,0.31491
2010,2412,0.29503
2010,2488,0.27764
2010,2641,0.26313
2010,2677,0.34595
2010,2687,0.20127
2010,2903,0.22419
2010,2906,0.22152
2010,2951,0.22344
2010,3099,0.22392
2010,3540,0.25684
2010,3619,0.26014
2010,3795,0.22859
2010,3821,0.20777
2010,3848,0.20133
2010,4022,0.20159
2010,4227,0.24223
2010,4561,0.29738
2010,4646,0.28292
2010,4920,0.22883
2010,5367,0.25494
2010,5402,0.20766
2010,5508,0.25308
2010,5642,0.35719
2010,5862,0.21287
2010,5930,0.20213
2010,5958,0.20475
2010,5967,0.25649
2012,2870,0.23466
2012,4249,0.27066
2012,4655,0.23675
2012,4963,0.29452
2013,2885,0.30161
2013,2932,0.20313
2013,3175,0.21599
2013,3405,0.26867
2013,3637,0.49178
2013,4571,0.30291
2013,5218,0.35965
2013,5260,0.22688
2013,5905,0.22061
2014,3689,0.23993
2015,3510,0.28296
2015,3583,0.36256
2015,3861,0.20178
2015,4879,0.28552
2015,5277,0.29452
2015,5834,0.20296
2019,2815,0.21567
2019,4210,0.26195
2020,2172,0.44208
2020,2252,0.28296
2020,2253,0.2237
2020,2305,0.56197
2020,2328,0.28549
2020,2481,0.2079
2020,2552,0.25484
2020,2647,0.20404
2020,2846,0.33828
2020,2873,0.26857
2020,2954,0.21947
2020,3074,0.26019
2020,3093,0.29335
2020,3197,0.22725
2020,3461,0.20084
2020,3616,0.33795
2020,3940,0.20282
2020,4349,0.20296
2020,4443,0.20131
2020,4586,0.25632
2020,4686,0.21062
2020,4858,0.27156
2020,4876,0.34605
2020,4890,0.23758
2020,4914,0.27278
2020,4944,0.2595
2020,5086,0.20952
2020,5192,0.35326
2020,5202,0.20023
2020,5304,0.205
2020,5541,0.2229
2020,5626,0.30239
2020,5878,0.35263
2020,5959,0.22955
2020,6002,0.31352
2020,6010,0.2173
2022,4141,0.20621
2022,4371,0.20132
2022,5127,0.22827
2022,5240,0.25709
2024,2173,0.20305
2025,2830,0.22074
2025,2862,0.22026
2025,5476,0.40358
2026,2649,0.2076
2026,5974,0.20078
2027,2247,0.21252
2027,4948,0.20886
2028,3415,0.20316
2029,3448,0.20178
2029,3690,0.2028
2029,3789,0.20927
2029,4523,0.25386
2029,6213,0.20881
2030,2983,0.22725
2030,3870,0.20578
2030,4004,0.23415
2030,4027,0.36164
2030,4470,0.21062
2030,4476,0.29672
2030,5460,0.20201
2030,5715,0.20902
2030,6000,0.23927
2030,6102,0.28385
2031,4247,0.21028
2032,2062,0.22955
2032,2167,0.20405
2032,2172,0.36498
2032,2328,0.30314
2032,2401,0.28233
2032,2481,0.24828
2032,2507,0.28184
2032,2581,0.21323
2032,2647,0.33087
2032,2846,0.35128
2032,3016,0.22836
2032,3346,0.20631
2032,3395,0.20362
2032,3454,0.20483
2032,3612,0.23575
2032,4349,0.23622
2032,4380,0.33979
2032,4394,0.23535
2032,4423,0.32934
2032,4443,0.30646
2032,4560,0.23531
2032,4586,0.25854
2032,4774,0.24849
2032,4807,0.26948
2032,4890,0.25468
2032,5040,0.31514
2032,5086,0.23959
2032,5190,0.32961
2032,5192,0.27362
2032,5202,0.26012
2032,5215,0.34057
2032,5304,0.20451
2032,5321,0.23118
2032,5333,0.32515
2032,5626,0.22085
2032,5763,0.20365
2032,6002,0.28134
2032,6034,0.20417
2032,6078,0.32592
2032,6111,0.32243
2032,6193,0.24467
2033,2834,0.293
2033,4001,0.42736
2033,4021,0.21717
2033,4036,0.37344
2033,4052,0.38267
2033,4267,0.26717
2033,4794,0.40184
2033,5264,0.20761
2033,5580,0.48576
2033,5886,0.38631
2033,5934,0.47923
2034,2175,0.25603
2034,2337,0.23981
2034,2564,0.21229
2034,2645,0.22955
2034,2684,0.27042
2034,3072,0.2302
2034,3291,0.2121
2034,3442,0.24733
2034,3582,0.21166
2034,4075,0.2028
2034,4114,0.25704
2034,4386,0.22348
2034,4480,0.28729
2034,4514,0.24814
2034,5057,0.27619
2034,5067,0.26009
2034,5198,0.30453
2034,5243,0.3926
2034,5254,0.31949
2034,5310,0.33542
2034,5365,0.28743
2034,5409,0.2382
2034,5596,0.32876
2034,5754,0.24587
2034,5786,0.24854
2034,5798,0.31278
2034,5910,0.21859
2034,5982,0.25666
2034,6227,0.20584
2035,2122,0.25637
2035,2359,0.25308
2035,2516,0.20075
2035,2656,0.38388
2035,3122,0.23944
2035,3370,0.21232
2035,3408,0.33779
2035,3812,0.27137
2035,4119,0.23787
2035,4125,0.26296
2035,4326,0.21361
2035,4524,0.22855
2035,4611,0.2231
2035,5104,0.21907
2035,5363,0.24196
2035,5489,0.26673
2035,5688,0.22024
2035,5823,0.21939
2035,6158,0.20452
2035,6181,0.22278
2037,2184,0.50247
2037,3107,0.22091
2037,3534,0.21213
2037,3835,0.23066
2037,4254,0.22399
2037,4334,0.22725
2037,4723,0.22725
2037,5068,0.32568
2037,5093,0.25603
2037,5172,0.21665
2037,5811,0.21474
2038,2967,0.22054
2038,3481,0.3717
2038,3841,0.28119
2038,4325,0.24565
2038,4537,0.33004
2038,4783,0.35053
2038,4799,0.32659
2038,5111,0.20384
2038,5252,0.28296
2038,5975,0.32935
2039,2552,0.29881
2039,2954,0.22585
2039,3168,0.20313
2039,3171,0.23764
2039,3439,0.27113
2039,3601,0.21169
2039,3711,0.20642
2039,3888,0.21805
2039,4011,0.23355
2039,4503,0.21004
2039,4518,0.29075
2039,4667,0.24784
2039,4686,0.22196
2039,4858,0.22265
2039,4929,0.21932
2039,4984,0.25832
2039,5086,0.27685
2039,5132,0.23896
2039,5737,0.21997
2040,3483,0.20083
2040,3803,0.20853
2041,4004,0.21555
2042,3634,0.28059
2044,5941,0.25727
2045,2445,0.25776
2045,2771,0.21624
2045,3364,0.28757
2045,4172,0.32408
2045,4194,0.30267
2045,4397,0.26897
2045,4558,0.24859
2045,5446,0.2064
2045,5814,0.437
2046,2361,0.21485
2046,2431,0.23646
2046,2581,0.23627
2046,3521,0.2048
2046,3811,0.2219
2046,4202,0.25856
2046,4879,0.20412
2046,4915,0.20397
2046,4996,0.21428
2046,5411,0.33435
2046,5757,0.21379
2047,4941,0.24085
2049,3043,0.2235
2051,3257,0.21729
2052,5153,0.21511
2053,2293,0.34829
2054,2192,0.28078
2054,2234,0.31028
2054,2280,0.23318
2054,3872,0.2633
2054,3989,0.26747
2054,4251,0.33274
2054,4777,0.33683
2056,2204,0.24722
2056,2247,0.42607
2056,3096,0.21453
2057,3244,0.26878
2057,5620,0.31594
2057,5996,0.31352
2058,2804,0.23203
2058,5773,0.20713
2060,5309,0.21323
2062,2167,0.48011
2062,2172,0.27066
2062,2552,0.33828
2062,2578,0.44901
2062,2717,0.48612
2062,2846,0.22399
2062,2857,0.44208
2062,2873,0.36122
2062,2954,0.26607
2062,3171,0.23927
2062,3454,0.20288
2062,3674,0.2998
2062,3805,0.43286
2062,3888,0.20201
2062,4172,0.22261
2062,4443,0.20201
2062,4479,0.26607
2062,4614,0.21528
2062,4624,0.2878
2062,4686,0.59645
2062,4716,0.24458
2062,4858,0.51466
2062,4876,0.2434
2062,5072,0.44208
2062,5743,0.40709
2064,3054,0.2998
2064,5704,0.20927
2065,2283,0.2272
2065,3096,0.2618
2065,3098,0.23091
2065,3440,0.21166
2065,3479,0.24608
2065,3526,0.2138
2065,3899,0.34767
2065,4417,0.33715
2065,4827,0.28363
2065,5277,0.28687
2065,5375,0.28422
2065,5603,0.25147
2065,5757,0.35179
2065,5877,0.30947
2065,5974,0.3021
2065,6060,0.30135
2066,2600,0.21821
2066,3999,0.20044
2068,3044,0.23995
2068,3616,0.22947
2068,4519,0.20466
2068,4978,0.20042
2068,5086,0.21443
2068,5718,0.23927
2069,5344,0.26178
2070,2166,0.27796
2070,2706,0.23577
2070,4430,0.22955
2070,5520,0.22955
2070,6049,0.20881
2071,3159,0.20497
2072,3224,0.32289
2072,3301,0.23731
2072,4643,0.29272
2072,4729,0.2785
2073,4096,0.22725
2073,4221,0.20242
2073,5869,0.20927
2073,6221,0.2084
2075,3834,0.28663
2076,4391,0.20856
2076,4417,0.21742
2076,4760,0.2159
2076,5284,0.22204
2077,2122,0.29398
2077,2150,0.20983
2077,2198,0.22972
2077,2200,0.35219
2077,2464,0.23276
2077,2516,0.2228
2077,2656,0.23543
2077,2742,0.23806
2077,2880,0.22315
2077,2927,0.23916
2077,3045,0.28145
2077,3393,0.24492
2077,3408,0.20271
2077,3607,0.2267
2077,3712,0.24756
2077,3836,0.25457
2077,4413,0.21614
2077,4439,0.20609
2077,4538,0.24592
2077,5317,0.26019
2077,5489,0.34358
2077,5500,0.21024
2077,5697,0.20494
2077,5720,0.20994
2077,5788,0.26376
2078,5550,0.20788
2079,2792,0.21655
2079,3548,0.26747
2079,4850,0.21722
2079,5021,0.31545
2079,5067,0.20128
2079,5365,0.20558
2079,5366,0.21343
2079,5792,0.2305
2081,3466,0.24979
2081,4141,0.23653
2081,4782,0.31633
2081,5593,0.2032
2081,6179,0.34934
2082,2584,0.35262
2082,2987,0.21485
2082,3518,0.45113
2082,5460,0.29452
2082,5707,0.2028
2082,6063,0.28296
2085,3678,0.31107
2085,6140,0.25524
2087,2275,0.26601
2087,4749,0.36784
2087,5788,0.21221
2088,5644,0.31352
2088,5653,0.30395
2088,6093,0.32527
2089,4553,0.20912
2089,5601,0.25105
2089,6097,0.20024
2090,2118,0.28674
2090,2187,0.38555
2090,2203,0.2065
2090,2278,0.28631
2090,2327,0.60237
2090,2337,0.58618
2090,2346,0.28612
2090,2502,0.28304
2090,2519,0.35765
2090,2564,0.26761
2090,2579,0.29202
2090,2935,0.3009
2090,2997,0.37389
2090,3032,0.46185
2090,3119,0.23587
2090,3380,0.24856
2090,3442,0.21568
2090,3502,0.39355
2090,3590,0.39091
2090,3844,0.3915
2090,3930,0.28618
2090,3953,0.35035
2090,4006,0.22833
2090,4114,0.39809
2090,4221,0.22551
2090,4284,0.44611
2090,4386,0.33903
2090,4456,0.21502
2090,4593,0.52721
2090,4634,0.35372
2090,4689,0.32408
2090,4696,0.40446
2090,4903,0.22725
2090,5057,0.33828
2090,5144,0.20194
2090,5145,0.40614
2090,5211,0.22182
2090,5245,0.28342
2090,5272,0.28084
2090,5307,0.42229
2090,5351,0.2173
2090,5490,0.40862
2090,5494,0.34935
2090,5518,0.34861
2090,5665,0.36898
2090,5699,0.2587
2090,5855,0.33284
2090,5859,0.30535
2090,5885,0.39824
2090,5901,0.35312
2090,5982,0.36414
2090,6051,0.45012
2090,6118,0.36511
2090,6185,0.28783
2090,6188,0.27575
2090,6227,0.22399
2093,4918,0.23906
2094,2239,0.44276
2094,2611,0.49876
2094,2771,0.40724
2094,3033,0.25386
2094,3515,0.37237
2094,3620,0.4972
2094,4356,0.53094
2094,4780,0.44895
2094,4818,0.32104
2094,5450,0.3261
2094,6137,0.5263
2095,4141,0.20653
2095,4765,0.20753
2096,5039,0.22821
2096,5543,0.23009
2097,2265,0.2449
2097,2300,0.23406
2097,2368,0.40882
2097,2387,0.44179
2097,2461,0.48315
2097,2543,0.47556
2097,2575,0.32971
2097,2713,0.24513
2097,2833,0.22684
2097,3146,0.2107
2097,3639,0.22268
2097,3731,0.2222
2097,3926,0.28151
2097,4215,0.30263
2097,4294,0.30462
2097,4361,0.3844
2097,4373,0.51905
2097,4395,0.20446
2097,4528,0.25609
2097,4562,0.20797
2097,4676,0.36122
2097,4848,0.22868
2097,4912,0.22836
2097,5005,0.22308
2097,5206,0.26094
2097,5329,0.24069
2097,5378,0.26878
2097,5652,0.30865
2097,5893,0.22233
2097,5955,0.31455
2097,6191,0.21791
2098,3231,0.23269
2098,4785,0.60145
2100,2170,0.25049
2100,2545,0.23934
2100,2632,0.20266
2100,3022,0.22419
2100,3067,0.25543
2100,3581,0.25169
2100,3702,0.28466
2100,4631,0.26098
2100,5267,0.2119
2101,2783,0.29469
2101,2978,0.26019
2101,3552,0.21252
2101,4092,0.25706
2101,4378,0.23008
2101,4383,0.22955
2101,4879,0.23415
2101,5287,0.35219
2101,5750,0.29728
2101,5991,0.43829
2101,6079,0.29728
2102,2184,0.30239
2102,2360,0.23577
2102,2386,0.63147
2102,2602,0.27407
2102,2642,0.22725
2102,2657,0.26213
2102,2666,0.23281
2102,2838,0.25211
2102,2841,0.50247
2102,3053,0.33828
2102,3058,0.20296
2102,3152,0.24613
2102,3309,0.21774
2102,3387,0.29452
2102,3534,0.36122
2102,3589,0.20253
2102,3828,0.21213
2102,4240,0.27407
2102,4413,0.31594
2102,4578,0.20029
2102,5093,0.35158
2102,5720,0.35262
2102,6149,0.20085
2103,3732,0.22043
2103,5174,0.35667
2103,5915,0.20024
2105,2619,0.21115
2105,4619,0.20287
2107,3008,0.29452
2107,4013,0.23874
2107,4080,0.21094
2107,4110,0.24995
2107,5357,0.2434
2107,5742,0.24546
2107,5889,0.26416
2107,5920,0.26395
2107,6059,0.21652
2108,3096,0.22294
2109,5601,0.25032
2110,2315,0.25285
2110,3305,0.30239
2110,4477,0.55275
2110,5032,0.41448
2110,5110,0.20056
2110,5706,0.2083
2110,5919,0.23675
2111,5996,0.23534
2113,2486,0.25023
2113,3145,0.20019
2113,4493,0.22316
2114,2147,0.22469
2114,2288,0.2595
2114,2365,0.24478
2114,2369,0.30155
2114,2443,0.31636
2114,2625,0.37983
2114,2632,0.27306
2114,2662,0.32657
2114,2664,0.20306
2114,3228,0.20071
2114,3241,0.28016
2114,3470,0.35183
2114,3476,0.20713
2114,3542,0.22917
2114,3701,0.28006
2114,3839,0.21656
2114,3909,0.24192
2114,3955,0.20703
2114,4220,0.32806
2114,4271,0.2278
2114,4453,0.21291
2114,4568,0.24089
2114,4622,0.21213
2114,4631,0.33863
2114,4706,0.27619
2114,4744,0.21498
2114,4969,0.24777
2114,5009,0.22316
2114,5042,0.21303
2114,5143,0.40484
2114,5241,0.20585
2114,5576,0.3043
2114,5657,0.28729
2114,5710,0.35326
2114,5746,0.21582
2114,5884,0.20232
2114,5924,0.26637
2115,2285,0.26515
2115,2315,0.30628
2115,2391,0.26159
2115,2532,0.23863
2115,2612,0.26374
2115,2749,0.20041
2115,2769,0.27774
2115,2875,0.20792
2115,3738,0.2598
2115,4075,0.27619
2115,4244,0.21081
2115,4317,0.22821
2115,4478,0.25764
2115,5032,0.22919
2115,5110,0.25507
2115,5186,0.39118
2115,5234,0.2082
2115,5235,0.22535
2115,5255,0.33287
2115,5706,0.26541
2115,5919,0.29672
2115,5985,0.31551
2115,6114,0.21412
2116,2728,0.31131
2116,3394,0.25028
2116,3662,0.23466
2116,3958,0.26162
2116,4454,0.20778
2117,2425,0.22677
2117,2749,0.20103
2117,3422,0.23571
2117,3631,0.21719
2117,3700,0.53179
2117,4038,0.24438
2117,4189,0.23852
2117,4507,0.21754
2117,4659,0.35465
2117,4897,0.44966
2117,5096,0.21822
2117,6224,0.22457
2118,2327,0.36164
2118,2337,0.36122
2118,2502,0.26086
2118,2564,0.20361
2118,2579,0.27475
2118,2684,0.20233
2118,2812,0.20017
2118,2829,0.25204
2118,2935,0.26517
2118,2940,0.26019
2118,3032,0.22907
2118,3072,0.33365
2118,3151,0.20284
2118,3380,0.21505
2118,3590,0.21878
2118,3844,0.22027
2118,3953,0.24592
2118,4075,0.23577
2118,4114,0.26352
2118,4182,0.20461
2118,4284,0.2897
2118,4295,0.23466
2118,4593,0.35219
2118,4689,0.31759
2118,4994,0.30768
2118,5211,0.21964
2118,5307,0.32926
2118,5310,0.26088
2118,5490,0.22114
2118,5494,0.37496
2118,5518,0.21224
2118,5665,0.319
2118,5699,0.20023
2118,5798,0.24847
2118,5859,0.37798
2118,5885,0.27265
2118,5901,0.2463
2118,6051,0.24941
2118,6054,0.30361
2120,2574,0.23277
2121,2347,0.38164
2121,3242,0.20479
2121,4827,0.20396
2121,4926,0.20454
2122,2150,0.23432
2122,2198,0.27414
2122,2516,0.35219
2122,2656,0.28719
2122,2742,0.22815
2122,2880,0.31076
2122,2927,0.28033
2122,3045,0.3206
2122,3122,0.21075
2122,3393,0.23223
2122,3408,0.26122
2122,3607,0.26302
2122,3712,0.27167
2122,3812,0.23552
2122,3836,0.24133
2122,3891,0.23781
2122,4113,0.223
2122,4125,0.2733
2122,4326,0.25484
2122,4524,0.21986
2122,4538,0.25578
2122,5104,0.25993
2122,5118,0.32373
2122,5379,0.24169
2122,5489,0.31925
2122,5500,0.28452
2122,5689,0.27399
2122,5713,0.26075
2122,5788,0.24272
2122,6004,0.29977
2123,5644,0.20882
2124,2548,0.21646
2124,3304,0.21793
2124,4885,0.23186
2124,5015,0.20968
2124,5210,0.23069
2124,5230,0.20895
2125,2855,0.2101
2125,5653,0.20287
2125,6119,0.24398
2126,2129,0.24917
2126,2163,0.43127
2126,2989,0.22764
2126,3004,0.28569
2126,3202,0.20223
2126,3250,0.30071
2126,3494,0.48391
2126,3586,0.25357
2126,4196,0.23685
2126,4746,0.27135
2126,4812,0.20101
2126,5644,0.20563
2126,5653,0.21916
2126,5977,0.21626
2126,6093,0.24061
2126,6141,0.51327
2127,2880,0.20168
2127,5093,0.21729
2128,2403,0.23178
2128,3622,0.20734
2129,3250,0.2157
2129,4196,0.33334
2129,5977,0.35604
2129,6223,0.25917
2131,4193,0.27567
2131,5159,0.21578
2132,5693,0.21863
2133,3468,0.20224
2133,3973,0.21224
2133,4053,0.37077
2133,4204,0.26213
2133,4606,0.23257
2133,5449,0.25519
2133,6024,0.24262
2135,2300,0.27933
2135,2428,0.21223
2135,2439,0.21364
2135,2575,0.20573
2135,3077,0.22845
2135,3355,0.20617
2135,3736,0.25919
2135,4155,0.299
2135,4240,0.24335
2135,4258,0.20239
2135,4731,0.23259
2135,5930,0.2138
2135,5947,0.22811
2136,5765,0.20549
2137,2914,0.22202
2138,2352,0.30027
2138,2393,0.32804
2138,2512,0.228
2138,2608,0.40127
2138,3147,0.3014
2138,3302,0.3065
2138,3357,0.25269
2138,3435,0.30896
2138,3715,0.32617
2138,3795,0.3056
2138,3803,0.22869
2138,3835,0.39913
2138,3928,0.35892
2138,3931,0.23742
2138,3941,0.31279
2138,3946,0.27022
2138,4017,0.41246
2138,4233,0.33483
2138,4282,0.306
2138,4419,0.38714
2138,4870,0.2485
2138,4943,0.49048
2138,5172,0.37822
2138,5231,0.20367
2138,5325,0.2867
2138,5496,0.34844
2138,5508,0.32058
2138,5811,0.39392
2141,2208,0.30694
2141,3409,0.3276
2141,3563,0.21568
2141,4661,0.20236
2141,5075,0.23165
2141,6217,0.2024
2142,2653,0.46124
2144,3135,0.2008
2144,4029,0.25396
2144,4736,0.23976
2144,5004,0.30044
2144,5939,0.29377
2145,2170,0.20416
2145,2514,0.40873
2145,4279,0.4537
2145,4768,0.24399
2145,5080,0.20002
2146,2779,0.35947
2146,4119,0.29405
2146,4596,0.22372
2146,4846,0.24613
2146,6039,0.25085
2146,6218,0.38796
2147,2288,0.25784
2147,2369,0.34794
2147,2625,0.25374
2147,2632,0.26421
2147,2662,0.30983
2147,3177,0.22662
2147,3178,0.21113
2147,3223,0.22247
2147,3241,0.23207
2147,3470,0.40217
2147,3565,0.20052
2147,3701,0.30948
2147,3839,0.26797
2147,3909,0.30543
2147,4208,0.24751
2147,4271,0.20403
2147,4393,0.24584
2147,4453,0.28049
2147,4536,0.2651
2147,4568,0.31805
2147,4622,0.24528
2147,4631,0.2688
2147,4969,0.22802
2147,5009,0.27135
2147,5143,0.32859
2147,5154,0.39854
2147,5160,0.27224
2147,5241,0.20846
2147,5576,0.25362
2147,5657,0.27421
2147,5710,0.41802
2147,5884,0.33788
2147,5924,0.29785
2147,5944,0.21284
2148,3074,0.27892
2149,4564,0.39684
2149,4583,0.51075
2149,4717,0.38442
2149,5080,0.2738
2149,5782,0.24918
2150,2464,0.20437
2150,2742,0.20006
2150,2880,0.21667
2150,2927,0.25314
2150,3045,0.20557
2150,3393,0.21683
2150,4139,0.27855
2150,4577,0.22288
2150,5489,0.26104
2150,5689,0.2006
2150,6083,0.24137
2151,2162,0.22422
2151,2399,0.21344
2151,2426,0.27074
2151,2436,0.27
2151,2494,0.22415
2151,2558,0.24588
2151,2709,0.23747
2151,2900,0.3273
2151,3208,0.24426
2151,3228,0.21077
2151,3283,0.33242
2151,3303,0.2192
2151,3574,0.25016
2151,3732,0.2197
2151,3833,0.25193
2151,3853,0.25727
2151,3948,0.21987
2151,3976,0.23326
2151,4009,0.25695
2151,4462,0.25906
2151,4602,0.20597
2151,4645,0.20668
2151,5007,0.48998
2151,5064,0.23557
2151,5071,0.29317
2151,5236,0.2853
2151,5239,0.26348
2151,5246,0.32617
2151,5313,0.26173
2151,5390,0.24763
2151,5393,0.26017
2151,5456,0.20865
2151,5482,0.22319
2151,5486,0.2998
2151,5493,0.20559
2151,5607,0.2997
2151,5625,0.28096
2151,5628,0.24905
2151,5772,0.21486
2151,5942,0.22137
2151,6168,0.20178
2151,6192,0.27122
2152,2945,0.22765
2152,3883,0.22599
2152,4011,0.2002
2152,4774,0.2127
2152,4984,0.20851
2153,2189,0.23753
2153,3091,0.22866
2153,4737,0.21309
2153,5250,0.2089
2153,6220,0.31601
2155,2256,0.31004
2155,2496,0.41455
2155,2929,0.41484
2155,3467,0.21967
2155,3695,0.22016
2155,4196,0.21845
2155,4508,0.2427
2155,4522,0.24637
2155,5135,0.29952
2155,5375,0.25921
2155,5986,0.22976
2155,6223,0.22691
2156,3209,0.20168
2156,4309,0.23177
2156,5260,0.20748
2156,5362,0.21988
2157,3091,0.22466
2157,4469,0.21147
2157,6220,0.2162
2158,6049,0.21222
2159,3846,0.27516
2159,3926,0.22523
2159,4395,0.22007
2159,5527,0.25049
2159,5841,0.2106
2159,6191,0.24542
2160,2602,0.20147
2160,5711,0.27341
2160,5796,0.2028
2160,5909,0.22844
2161,2816,0.20778
2161,2817,0.34733
2161,3135,0.20321
2161,3871,0.33019
2161,3965,0.35741
2161,4074,0.36536
2161,4546,0.33841
2161,5200,0.28512
2161,5939,0.2607
2162,2177,0.31746
2162,2308,0.36073
2162,2399,0.22404
2162,2426,0.41135
2162,2436,0.39412
2162,2467,0.29281
2162,2622,0.32359
2162,2709,0.2593
2162,2745,0.23535
2162,2799,0.24691
2162,2900,0.43254
2162,3129,0.24114
2162,3208,0.43698
2162,3228,0.20125
2162,3234,0.25507
2162,3283,0.41594
2162,3289,0.27344
2162,3437,0.29783
2162,3545,0.20208
2162,3574,0.4202
2162,3694,0.20331
2162,3732,0.267
2162,3833,0.3723
2162,3853,0.2729
2162,3948,0.53433
2162,3976,0.43073
2162,4009,0.35431
2162,4062,0.27359
2162,4082,0.28245
2162,4130,0.47387
2162,4150,0.52631
2162,4431,0.21295
2162,4462,0.25674
2162,4602,0.22926
2162,4603,0.34385
2162,4756,0.20189
2162,4758,0.20825
2162,5007,0.3384
2162,5047,0.3344
2162,5064,0.44138
2162,5236,0.33285
2162,5239,0.22479
2162,5246,0.3334
2162,5313,0.2158
2162,5390,0.27162
2162,5393,0.33459
2162,5428,0.31707
2162,5456,0.43742
2162,5457,0.23207
2162,5482,0.26858
2162,5493,0.30923
2162,5509,0.34218
2162,5538,0.2878
2162,5607,0.3744
2162,5625,0.39389
2162,5628,0.40564
2162,5873,0.34605
2162,5883,0.27039
2162,5942,0.37129
2162,5984,0.21938
2162,6168,0.27066
2162,6175,0.25186
2162,6192,0.46452
2163,3250,0.23855
2163,5404,0.20451
2163,6141,0.31559
2164,2815,0.25702
2164,2855,0.2056
2164,4630,0.2461
2164,5644,0.24572
2164,5653,0.28079
2164,6093,0.24228
2164,6119,0.26338
2166,3418,0.21213
2166,3930,0.23171
2166,4248,0.26904
2166,5926,0.2246
2166,5974,0.541
2167,2172,0.25778
2167,2328,0.28645
2167,2481,0.25979
2167,2647,0.22249
2167,2717,0.25046
2167,2857,0.20301
2167,2873,0.42055
2167,2945,0.20859
2167,2953,0.35965
2167,2954,0.20892
2167,2988,0.20974
2167,3312,0.20449
2167,3395,0.22596
2167,3454,0.21369
2167,3616,0.21119
2167,3711,0.25718
2167,3805,0.39725
2167,4011,0.30775
2167,4397,0.22649
2167,4423,0.21698
2167,4443,0.20321
2167,4479,0.32175
2167,4586,0.21954
2167,4624,0.20002
2167,4686,0.35472
2167,4858,0.32342
2167,4921,0.2998
2167,4929,0.208
2167,4984,0.27775
2167,5072,0.33231
2167,5119,0.20161
2167,5202,0.23577
2167,5215,0.22904
2167,5318,0.20247
2167,5333,0.22402
2167,5415,0.3482
2167,5484,0.21808
2167,5537,0.2025
2167,5878,0.20962
2167,6002,0.22093
2167,6111,0.21566
2169,2618,0.32579
2169,3082,0.23177
2169,3091,0.21468
2169,3468,0.23583
2169,3475,0.22918
2169,4289,0.2314
2169,5250,0.23351
2169,5647,0.27086
2169,5670,0.20802
2169,6220,0.24042
2170,2355,0.29829
2170,2450,0.38776
2170,2520,0.23872
2170,2545,0.36164
2170,2664,0.26997
2170,3013,0.27407
2170,3022,0.49019
2170,3026,0.2833
2170,3702,0.21528
2170,3761,0.40709
2170,3984,0.22725
2170,4209,0.2173
2170,4727,0.43286
2170,4793,0.23427
2170,4835,0.23577
2170,5044,0.3276
2170,5267,0.37258
2170,5377,0.20584
2170,5433,0.23466
2170,5463,0.24458
2170,5532,0.29452
2170,5766,0.32221
2170,6205,0.28296
2171,3129,0.21369
2171,3262,0.39305
2171,3289,0.21764
2171,3684,0.27674
2171,4062,0.21527
2171,4961,0.34313
2171,5740,0.2098
2171,6024,0.22341
2171,6225,0.60525
2172,2232,0.26465
2172,2252,0.44424
2172,2272,0.36181
2172,2301,0.28872
2172,2308,0.20914
2172,2328,0.35288
2172,2401,0.35808
2172,2433,0.21503
2172,2481,0.26563
2172,2507,0.29138
2172,2647,0.35491
2172,2846,0.37531
2172,2873,0.20724
2172,2945,0.29626
2172,3016,0.214
2172,3093,0.31352
2172,3303,0.24698
2172,3346,0.2819
2172,3395,0.31923
2172,3454,0.36213
2172,3507,0.23952
2172,3616,0.28261
2172,3673,0.23781
2172,3933,0.35752
2172,3948,0.20562
2172,3993,0.20647
2172,4011,0.26237
2172,4130,0.20153
2172,4340,0.21778
2172,4343,0.20896
2172,4349,0.21747
2172,4380,0.26658
2172,4423,0.33715
2172,4443,0.3237
2172,4547,0.34928
2172,4586,0.34147
2172,4602,0.24127
2172,4771,0.22218
2172,4774,0.31523
2172,4807,0.29224
2172,4858,0.21311
2172,4944,0.26511
2172,4984,0.25633
2172,5047,0.22277
2172,5119,0.21589
2172,5190,0.26719
2172,5192,0.36984
2172,5215,0.32915
2172,5239,0.20152
2172,5304,0.29665
2172,5318,0.26071
2172,5333,0.36183
2172,5345,0.24473
2172,5763,0.26479
2172,5878,0.30609
2172,6002,0.37685
2172,6078,0.26253
2172,6111,0.25022
2172,6127,0.20831
2173,2547,0.21527
2173,2582,0.24519
2173,2655,0.33828
2173,2695,0.28783
2173,2724,0.21169
2173,2741,0.28296
2173,2795,0.21062
2173,2828,0.2434
2173,2869,0.35158
2173,2944,0.29706
2173,4021,0.2084
2173,4142,0.28552
2173,4365,0.28983
2173,4531,0.21922
2173,4892,0.23675
2173,5374,0.42824
2173,5389,0.22399
2173,5463,0.26732
2173,5666,0.23466
2173,5898,0.26878
2173,6126,0.23134
2175,2337,0.20236
2175,3151,0.29829
2175,3930,0.26073
2175,4114,0.22725
2175,4295,0.22725
2175,4386,0.27501
2175,4634,0.33578
2175,4994,0.26878
2175,5057,0.2595
2175,5310,0.22725
2175,5612,0.23415
2175,5665,0.2354
2175,5699,0.35219
2175,5818,0.21166
2175,5901,0.215
2175,5982,0.33578
2177,2232,0.331
2177,2293,0.2077
2177,2308,0.44181
2177,2426,0.39626
2177,2436,0.38357
2177,2622,0.34979
2177,2900,0.36602
2177,3129,0.20293
2177,3208,0.37019
2177,3234,0.22209
2177,3283,0.36273
2177,3437,0.23281
2177,3574,0.32416
2177,3732,0.29633
2177,3833,0.39614
2177,3853,0.29519
2177,3948,0.51225
2177,4062,0.20508
2177,4130,0.4894
2177,4150,0.4724
2177,4603,0.31314
2177,4641,0.27181
2177,4706,0.22399
2177,4771,0.26285
2177,4909,0.20713
2177,5007,0.25
2177,5047,0.43508
2177,5071,0.2434
2177,5239,0.3001
2177,5390,0.22214
2177,5428,0.69135
2177,5456,0.33862
2177,5509,0.23603
2177,5538,0.39737
2177,5607,0.30022
2177,5625,0.33857
2177,5628,0.36619
2177,5637,0.32148
2177,5873,0.223
2177,5883,0.20919
2177,6168,0.28552
2177,6192,0.20812
2178,2315,0.27493
2178,2334,0.29213
2178,2940,0.2084
2178,3305,0.23897
2178,3341,0.21248
2178,4916,0.22267
2178,5032,0.24939
2178,5419,0.23675
2178,5919,0.29452
2179,2204,0.27238
2179,2624,0.22536
2179,5675,0.33425
2180,3826,0.21941
2182,2497,0.25994
2182,5274,0.36014
2183,4534,0.23909
2184,2666,0.20158
2184,3418,0.2173
2184,4437,0.24941
2184,4449,0.21479
2184,5449,0.28983
2184,5698,0.25784
2184,6145,0.25518
2185,2335,0.20231
2185,3258,0.21421
2185,4121,0.20927
2185,4503,0.21522
2185,5616,0.42489
2185,5962,0.20366
2186,2426,0.25162
2186,2436,0.20744
2186,2447,0.21045
2186,2558,0.34861
2186,2769,0.20539
2186,2900,0.31745
2186,3208,0.30637
2186,3228,0.42901
2186,3437,0.22769
2186,3574,0.20385
2186,4166,0.21137
2186,4462,0.26411
2186,4603,0.29559
2186,4706,0.52721
2186,5174,0.20022
2186,5390,0.20575
2186,5509,0.22065
2186,5607,0.23241
2186,5625,0.20804
2186,5883,0.3038
2186,6159,0.42325
2187,2327,0.52721
2187,2337,0.45113
2187,2502,0.28227
2187,2519,0.20321
2187,2564,0.26936
2187,2579,0.29108
2187,2935,0.23701
2187,2995,0.25013
2187,3032,0.2739
2187,3502,0.32919
2187,3590,0.25734
2187,3844,0.43243
2187,3953,0.3915
2187,4006,0.21102
2187,4114,0.38511
2187,4284,0.35772
2187,4459,0.27173
2187,4593,0.50247
2187,4634,0.25553
2187,4689,0.32245
2187,4696,0.37836
2187,4903,0.20296
2187,5057,0.2595
2187,5144,0.20621
2187,5211,0.24146
2187,5245,0.31443
2187,5307,0.36664
2187,5490,0.30073
2187,5494,0.23388
2187,5518,0.28057
2187,5665,0.25857
2187,5859,0.32345
2187,5885,0.25453
2187,5901,0.38887
2187,6051,0.36122
2187,6054,0.20376
2187,6118,0.28311
2187,6185,0.28296
2187,6227,0.21787
2190,3054,0.20051
2190,4630,0.20034
2190,4814,0.20529
2190,5124,0.23134
2191,2541,0.22397
2191,4829,0.20445
2192,2234,0.55829
2192,3872,0.53308
2192,4251,0.58308
2192,4777,0.58704
2192,4876,0.23957
2194,2829,0.48726
2194,3689,0.27273
2194,5259,0.20285
2194,6021,0.20443
2195,2278,0.20037
2195,2327,0.20296
2195,3806,0.21036
2195,3874,0.29711
2195,4362,0.31273
2195,4953,0.34124
2195,5351,0.41545
2195,5818,0.26123
2195,6178,0.2459
2195,6230,0.20048
2196,4932,0.28949
2197,4196,0.286
2197,5977,0.27836
2197,6169,0.22134
2197,6223,0.2195
2198,2200,0.20881
2198,2464,0.20192
2198,2516,0.20625
2198,2656,0.25605
2198,2742,0.21469
2198,2880,0.31977
2198,2901,0.24843
2198,2927,0.20864
2198,3045,0.28116
2198,3712,0.26244
2198,3812,0.20606
2198,3836,0.34739
2198,4119,0.22112
2198,4139,0.20346
2198,4225,0.25498
2198,4439,0.31227
2198,4524,0.24886
2198,4538,0.25313
2198,4577,0.23425
2198,4656,0.20961
2198,4837,0.23216
2198,4960,0.22165
2198,5317,0.35158
2198,5379,0.2817
2198,5395,0.23563
2198,5489,0.36858
2198,5570,0.21285
2198,5577,0.22626
2198,5689,0.24585
2198,5788,0.23366
2198,5823,0.21571
2198,6158,0.21188
2199,3095,0.20504
2199,5386,0.22206
2200,2360,0.44944
2200,2642,0.50576
2200,2657,0.2595
2200,2742,0.33326
2200,3045,0.28783
2200,3053,0.48011
2200,3058,0.45113
2200,3309,0.20994
2200,3418,0.20927
2200,3461,0.21062
2200,3519,0.3876
2200,3524,0.36256
2200,3589,0.24957
2200,3855,0.21597
2200,3896,0.2028
2200,4240,0.21528
2200,4413,0.48011
2200,4688,0.26301
2200,4733,0.44901
2200,4878,0.33828
2200,5033,0.35262
2200,5489,0.29686
2200,5720,0.50576
2200,5954,0.20881
2200,6149,0.50247
2200,6158,0.22725
2201,2675,0.22103
2201,2816,0.37258
2201,3134,0.24158
2201,3337,0.25825
2201,3787,0.21335
2201,3891,0.20897
2201,3902,0.23746
2201,3961,0.35247
2201,4121,0.28658
2201,4133,0.45012
2201,5275,0.35702
2201,5641,0.31167
2201,6003,0.30317
2201,6077,0.20792
2201,6091,0.61376
2201,6190,0.27551
2203,2792,0.2112
2203,2972,0.20098
2203,3548,0.23091
2203,4810,0.34683
2203,5067,0.21247
2203,5138,0.20542
2203,5145,0.21832
2203,5182,0.20055
2203,5198,0.20859
2203,5272,0.21363
2203,5699,0.2163
2203,5792,0.31016
2203,5982,0.24399
2203,6072,0.22001
2203,6188,0.22691
2204,2247,0.22844
2204,3180,0.21845
2204,3520,0.2315
2204,4366,0.26613
2204,4889,0.23504
2204,5371,0.22646
2204,5470,0.20382
2204,5675,0.28873
2206,3410,0.26213
2206,4211,0.215
2206,5441,0.36256
2206,5622,0.36164
2207,3053,0.20881
2207,3418,0.21166
2207,4413,0.22725
2208,2352,0.22737
2208,2520,0.32689
2208,2536,0.49121
2208,2975,0.20468
2208,4085,0.31294
2208,4217,0.31457
2208,4656,0.45788
2208,4825,0.20787
2208,4999,0.22807
2208,5261,0.26503
2208,5280,0.30366
2208,5343,0.35462
2208,5377,0.36978
2208,5439,0.2078
2208,5554,0.22577
2208,5555,0.24634
2208,5572,0.21724
2208,5689,0.28284
2208,5742,0.24098
2208,5791,0.30305
2208,5920,0.25923
2208,5976,0.24731
2208,6221,0.31662
2209,5404,0.2009
2210,2520,0.23918
2210,2536,0.28494
2210,2541,0.22842
2210,2975,0.22215
2210,4085,0.25744
2210,4217,0.23305
2210,4656,0.24618
2210,4825,0.23289
2210,4999,0.30225
2210,5280,0.20982
2210,5343,0.25372
2210,5377,0.31119
2211,3110,0.40111
2212,2512,0.21797
2212,3352,0.28493
2212,3941,0.22558
2212,4233,0.20141
2212,4461,0.23086
2212,4596,0.21385
2212,4815,0.20775
2212,5711,0.20785
2213,4565,0.20841
2213,5671,0.20198
2213,5740,0.24423
2213,6197,0.21652
2214,2258,0.24746
2214,2319,0.40058
2214,2364,0.28024
2214,2444,0.22321
2214,2453,0.23558
2214,2488,0.41191
2214,2573,0.25148
2214,2629,0.33927
2214,2641,0.5476
2214,2677,0.23233
2214,2759,0.24196
2214,2790,0.38644
2214,2903,0.25543
2214,2906,0.60945
2214,2993,0.25633
2214,3192,0.30028
2214,3245,0.24562
2214,3252,0.22247
2214,3472,0.40894
2214,3560,0.24883
2214,3579,0.23115
2214,3643,0.29632
2214,3791,0.38935
2214,3821,0.3098
2214,3854,0.23358
2214,4022,0.30767
2214,4083,0.20658
2214,4148,0.2141
2214,4226,0.26232
2214,4251,0.2186
2214,4321,0.25907
2214,4352,0.29217
2214,4561,0.55388
2214,4607,0.40032
2214,4609,0.28897
2214,4646,0.26705
2214,4725,0.30158
2214,4842,0.43129
2214,4861,0.28782
2214,4907,0.30707
2214,5090,0.2772
2214,5270,0.31873
2214,5367,0.44286
2214,5557,0.27683
2214,5924,0.20021
2214,5930,0.24816
2214,5995,0.20583
2214,5998,0.24673
2215,2219,0.34157
2215,2520,0.20686
2215,2965,0.2434
2215,3536,0.24609
2215,4078,0.20896
2215,4217,0.2083
2215,4477,0.21515
2215,4803,0.26159
2215,5238,0.36256
2215,5598,0.22324
2215,5742,0.32331
2215,5916,0.36572
2215,6138,0.36808
2216,2569,0.2084
2219,2965,0.20663
2219,3536,0.41037
2219,4078,0.25381
2219,4166,0.30168
2219,4414,0.20733
2219,4477,0.22523
2219,5070,0.43286
2219,5238,0.36164
2219,5916,0.51469
2219,6138,0.31099
2220,3547,0.21213
2220,3897,0.33828
2220,4032,0.26732
2220,4307,0.26823
2220,4328,0.23577
2220,4663,0.29672
2220,5751,0.30239
2221,3189,0.21797
2221,3553,0.20713
2221,4610,0.2138
2221,4707,0.44208
2221,5096,0.30074
2221,5420,0.25741
2222,2582,0.21689
2222,2824,0.21187
2222,3091,0.21001
2222,5250,0.22527
2222,5670,0.31213
2222,6220,0.38534
2223,3155,0.21773
2223,3336,0.40208
2223,3484,0.20171
2223,3537,0.26956
2223,3998,0.30483
2223,4835,0.24574
2223,4906,0.41241
2223,5514,0.24105
2223,5888,0.28249
2225,2846,0.23577
2225,3312,0.21479
2225,3439,0.33828
2225,3711,0.30346
2225,4011,0.28783
2225,4061,0.21528
2225,4186,0.21528
2225,4394,0.21062
2225,4560,0.21528
2225,4598,0.40709
2225,4683,0.33828
2225,4739,0.2173
2225,4807,0.22399
2225,4890,0.20994
2225,4984,0.28783
2225,6012,0.21597
2225,6078,0.23577
2226,2464,0.27044
2226,4493,0.22727
2226,5075,0.22487
2226,5466,0.21629
2226,5606,0.27696
2226,6144,0.35744
2226,6165,0.25244
2230,3414,0.20603
2230,5300,0.20772
2232,2293,0.22458
2232,2308,0.40981
2232,2367,0.23065
2232,2384,0.21408
2232,2436,0.3087
2232,2447,0.27195
2232,2900,0.27673
2232,2945,0.21916
2232,3208,0.28598
2232,3283,0.26532
2232,3395,0.22042
2232,3574,0.22368
2232,3732,0.22577
2232,3948,0.37959
2232,4130,0.40626
2232,4150,0.41393
2232,4462,0.20599
2232,4479,0.20584
2232,4603,0.32468
2232,4641,0.47087
2232,4706,0.2084
2232,4771,0.33919
2232,4883,0.23995
2232,4909,0.40476
2232,5007,0.2078
2232,5047,0.37847
2232,5064,0.2017
2232,5071,0.36709
2232,5192,0.21611
2232,5239,0.45422
2232,5304,0.213
2232,5428,0.43797
2232,5456,0.24905
2232,5509,0.22335
2232,5628,0.2831
2232,5637,0.50677
2232,5883,0.21201
2232,6168,0.20338
2233,5761,0.20284
2234,3872,0.65625
2234,4251,0.63436
2234,4607,0.20197
2234,4725,0.21077
2234,4777,0.69153
2234,4876,0.31125
2235,4052,0.21462
2235,5886,0.25929
2237,2297,0.2595
2237,4466,0.23245
2237,6101,0.26607
2238,5468,0.25623
2239,2611,0.40161
2240,5419,0.44208
2240,5912,0.2186
2240,6200,0.21707
2241,3715,0.30386
2241,3941,0.28983
2241,4017,0.20927
2241,4233,0.37258
2241,4419,0.25492
2241,4943,0.26636
2241,5231,0.21555
2241,5496,0.36483
2241,5811,0.21166
2242,2502,0.20201
2242,2596,0.20642
2242,4383,0.20994
2242,4802,0.2168
2242,5287,0.30617
2242,5991,0.23134
2242,6058,0.20995
2243,5319,0.24455
2243,5379,0.2005
2243,5558,0.2029
2244,3723,0.21259
2244,4120,0.51585
2244,4196,0.25631
2244,5785,0.23187
2244,5977,0.2293
2244,6093,0.23673
2244,6223,0.22009
2245,2417,0.22105
2245,2506,0.28917
2245,2567,0.22599
2245,2782,0.20428
2245,2866,0.21622
2245,2970,0.28152
2245,3023,0.26752
2245,3446,0.25743
2245,3531,0.25266
2245,3978,0.21385
2245,4161,0.28526
2245,4239,0.24529
2245,4280,0.20124
2245,4414,0.22686
2245,4743,0.30089
2245,4923,0.25529
2245,4956,0.44446
2245,5012,0.26569
2245,5178,0.24871
2245,5329,0.20263
2245,6212,0.21516
2246,2618,0.21397
2246,2978,0.21517
2247,2652,0.36483
2247,2719,0.20425
2247,3366,0.20712
2247,4366,0.37538
2247,4376,0.31354
2247,4652,0.26538
2247,4889,0.2141
2247,4959,0.22399
2247,5371,0.3267
2248,4883,0.20401
2250,4621,0.24177
2250,5344,0.21516
2251,2283,0.23896
2251,2431,0.20966
2251,3282,0.20562
2251,3882,0.32578
2251,4202,0.23395
2251,4996,0.22324
2251,5140,0.2056
2251,5411,0.29308
2251,5520,0.27833
2252,2272,0.36996
2252,2301,0.24817
2252,2647,0.2445
2252,3454,0.21794
2252,3673,0.33243
2252,3754,0.20296
2252,3933,0.34299
2252,4340,0.24372
2252,4547,0.36375
2252,4571,0.24531
2252,4586,0.21842
2252,4944,0.22755
2252,5796,0.22955
2252,6002,0.21348
2253,2438,0.24788
2253,2811,0.20085
2253,2954,0.22891
2253,3144,0.30932
2253,3180,0.25334
2253,3312,0.32621
2253,3826,0.33977
2253,4011,0.21397
2253,4984,0.23179
2253,5086,0.20164
2253,5119,0.39266
2254,2940,0.21028
2254,4405,0.24554
2255,2412,0.21109
2255,2425,0.21422
2255,2865,0.36256
2255,2941,0.21614
2255,3619,0.25389
2255,3920,0.23479
2255,3950,0.23175
2255,4223,0.24087
2255,4310,0.27998
2255,4600,0.23568
2255,5737,0.21555
2255,5825,0.2173
2255,6224,0.2997
2256,3695,0.20331
2256,5375,0.25796
2257,2978,0.20352
2257,3206,0.24853
2258,2265,0.20231
2258,2319,0.38537
2258,2444,0.20214
2258,2453,0.24984
2258,2488,0.25095
2258,2573,0.52721
2258,2629,0.46058
2258,2677,0.20583
2258,2790,0.23985
2258,2906,0.28032
2258,2993,0.24921
2258,3245,0.21506
2258,3252,0.42377
2258,3472,0.25563
2258,3643,0.24781
2258,3821,0.50421
2258,3848,0.20701
2258,3854,0.38726
2258,3926,0.2332
2258,4022,0.33585
2258,4083,0.30435
2258,4226,0.27843
2258,4352,0.29219
2258,4561,0.27838
2258,4609,0.27684
2258,4842,0.27897
2258,4907,0.48528
2258,4971,0.2559
2258,5090,0.29378
2258,5206,0.23692
2258,5378,0.20584
2258,5381,0.30239
2258,5557,0.23904
2261,5070,0.23519
2261,5489,0.20053
2262,4193,0.27968
2262,5159,0.25217
2263,2315,0.22528
2263,2369,0.20542
2263,2443,0.30319
2263,2625,0.32355
2263,2662,0.33868
2263,2664,0.20153
2263,3470,0.23612
2263,3599,0.30337
2263,3701,0.3029
2263,3955,0.20184
2263,4217,0.30085
2263,4220,0.22804
2263,4622,0.34923
2263,4631,0.22895
2263,4642,0.20441
2263,4744,0.23338
2263,4900,0.25194
2263,4969,0.21519
2263,4999,0.21344
2263,5110,0.20719
2263,5143,0.26832
2263,5186,0.25076
2263,5576,0.27714
2263,5710,0.21471
2263,5742,0.23591
2263,6028,0.28148
2264,3039,0.21221
2264,3575,0.31124
2264,4577,0.20577
2264,4837,0.21037
2264,5220,0.40066
2264,5737,0.26019
2264,5854,0.27159
2264,6074,0.39337
2265,2325,0.3309
2265,2368,0.27799
2265,2387,0.26892
2265,2453,0.33942
2265,2461,0.20012
2265,2543,0.27802
2265,2573,0.2822
2265,2575,0.38992
2265,2629,0.26369
2265,2713,0.3043
2265,2759,0.20082
2265,2833,0.22289
2265,3146,0.3425
2265,3170,0.21656
2265,3172,0.21145
2265,3350,0.2252
2265,3610,0.31847
2265,3639,0.48602
2265,3710,0.21062
2265,3731,0.32957
2265,3818,0.22026
2265,3821,0.25127
2265,3846,0.30391
2265,3848,0.25304
2265,3926,0.39742
2265,4022,0.32943
2265,4215,0.25111
2265,4227,0.2383
2265,4294,0.43621
2265,4352,0.20044
2265,4363,0.22916
2265,4373,0.23771
2265,4395,0.3501
2265,4528,0.29343
2265,4562,0.2961
2265,4743,0.22391
2265,4752,0.2175
2265,4848,0.37505
2265,4888,0.20484
2265,4907,0.22419
2265,4955,0.26224
2265,4957,0.20522
2265,4971,0.30523
2265,5018,0.20089
2265,5061,0.21218
2265,5206,0.49165
2265,5329,0.30959
2265,5378,0.42151
2265,5605,0.30068
2265,5649,0.21515
2265,5893,0.29343
2265,5930,0.24162
2265,6092,0.28248
2265,6191,0.47084
2265,6209,0.22662
2266,4341,0.23258
2266,5028,0.23255
2268,2419,0.22931
2268,2451,0.20296
2268,5171,0.27739
2268,5766,0.21999
2268,5917,0.20338
2268,6212,0.20178
2269,2286,0.22703
2269,2552,0.20423
2269,2578,0.40659
2269,2717,0.36698
2269,2796,0.20236
2269,2857,0.35673
2269,2953,0.25992
2269,2954,0.21368
2269,2984,0.28407
2269,2988,0.20846
2269,3225,0.23405
2269,3674,0.37689
2269,4409,0.27342
2269,4539,0.21984
2269,4545,0.2939
2269,4624,0.27766
2269,4686,0.33133
2269,4858,0.25064
2269,5072,0.3401
2272,2301,0.22134
2272,2328,0.22232
2272,2353,0.27626
2272,2481,0.26255
2272,2507,0.21001
2272,2559,0.27602
2272,2615,0.20294
2272,2647,0.29225
2272,3089,0.59409
2272,3269,0.21983
2272,3454,0.21143
2272,3507,0.23723
2272,3673,0.23988
2272,3933,0.48956
2272,4285,0.29639
2272,4340,0.34878
2272,4394,0.20246
2272,4423,0.24126
2272,4443,0.22411
2272,4547,0.54624
2272,4807,0.22585
2272,4911,0.2095
2272,4944,0.26923
2272,5190,0.22976
2272,5192,0.20149
2272,5215,0.26748
2272,5318,0.20864
2272,5321,0.21506
2272,5333,0.27248
2272,5493,0.20848
2272,5603,0.25761
2272,5763,0.23549
2272,5796,0.22399
2272,6002,0.24786
2272,6111,0.22383
2272,6143,0.23774
2273,5882,0.28354
2275,2281,0.23439
2275,2439,0.20288
2275,2595,0.20537
2275,3116,0.27961
2275,3359,0.21213
2275,3409,0.21832
2275,3584,0.22281
2275,3665,0.30683
2275,4254,0.21528
2275,4523,0.2173
2275,5016,0.22023
2275,5208,0.20748
2275,5535,0.23945
2275,5548,0.24933
2275,5551,0.20153
2275,5644,0.25231
2275,5788,0.20554
2275,5951,0.22227
2276,2516,0.20636
2276,2860,0.22577
2276,3001,0.23722
2276,3055,0.23023
2276,4090,0.21789
2276,4787,0.23342
2276,5330,0.2084
2276,5384,0.22935
2276,5392,0.26909
2276,5447,0.22851
2276,5788,0.20607
2277,3101,0.36164
2277,3102,0.20194
2277,3263,0.20666
2277,4610,0.27066
2277,5932,0.2434
2278,2327,0.3876
2278,2337,0.35262
2278,2564,0.22807
2278,2579,0.21257
2278,2645,0.23466
2278,3032,0.23852
2278,3072,0.25153
2278,3095,0.30611
2278,3502,0.21791
2278,3590,0.3464
2278,4114,0.24209
2278,4593,0.37258
2278,4634,0.20654
2278,4696,0.26753
2278,4726,0.20667
2278,4758,0.29486
2278,4875,0.37357
2278,5057,0.29759
2278,5145,0.26521
2278,5307,0.20176
2278,5351,0.3553
2278,5494,0.23278
2278,5518,0.20409
2278,5665,0.3105
2278,5818,0.2108
2278,5859,0.24653
2278,5885,0.28552
2278,5901,0.21135
2278,5937,0.2306
2278,5982,0.23162
2278,6051,0.28296
2278,6227,0.28983
2279,3568,0.28823
2281,2855,0.2228
2281,4123,0.25984
2281,5640,0.21354
2281,5644,0.28145
2282,2454,0.23927
2282,2980,0.20201
2282,3042,0.35262
2282,3466,0.22617
2282,3502,0.23466
2282,4329,0.29706
2282,4455,0.29686
2282,4605,0.24458
2282,4874,0.43286
2282,5153,0.29452
2282,5326,0.3553
2282,5966,0.22725
2282,6126,0.22955
2283,2344,0.23554
2283,2697,0.20181
2283,2791,0.3381
2283,2964,0.25856
2283,3207,0.24494
2283,3229,0.2279
2283,3318,0.20203
2283,3628,0.26448
2283,3681,0.21816
2283,3882,0.22212
2283,3907,0.22725
2283,4417,0.22324
2283,4445,0.22669
2283,4576,0.20372
2283,4913,0.22587
2283,4962,0.20965
2283,5316,0.25766
2283,5375,0.22718
2283,5379,0.24302
2283,5757,0.23302
2283,5974,0.25041
2285,2315,0.32369
2285,3305,0.28783
2285,4218,0.21454
2285,5110,0.29892
2285,5186,0.305
2285,5255,0.31726
2285,5919,0.40602
2286,2305,0.20538
2286,2552,0.34744
2286,2578,0.39357
2286,2717,0.21826
2286,2857,0.31718
2286,2930,0.2194
2286,2954,0.30152
2286,3674,0.40678
2286,4409,0.55191
2286,4545,0.25999
2286,4614,0.21308
2286,4686,0.29165
2286,4716,0.32864
2286,4876,0.3324
2286,4921,0.22261
2286,4929,0.23911
2286,5072,0.24665
2286,5086,0.2289
2286,5270,0.22506
2286,5323,0.20793
2286,5471,0.34383
2286,5992,0.25557
2286,5998,0.22449
2287,3214,0.27407
2287,3564,0.21146
2287,3608,0.22955
2287,4241,0.22912
2287,4556,0.2097
2287,4723,0.30386
2288,2424,0.20927
2288,2545,0.33828
2288,2622,0.23577
2288,2632,0.33828
2288,2648,0.29686
2288,2662,0.45113
2288,2664,0.21062
2288,2902,0.52721
2288,2918,0.56059
2288,3155,0.46712
2288,3177,0.34605
2288,3178,0.50929
2288,3223,0.49019
2288,3251,0.22399
2288,3420,0.43286
2288,3470,0.35326
2288,3476,0.20748
2288,3701,0.45012
2288,3839,0.49019
2288,3853,0.25492
2288,3909,0.44208
2288,3925,0.50247
2288,4208,0.49019
2288,4271,0.35219
2288,4394,0.20927
2288,4453,0.30617
2288,4568,0.48011
2288,4622,0.22725
2288,4631,0.49517
2288,4642,0.39069
2288,4685,0.42824
2288,4698,0.46712
2288,4744,0.40709
2288,4803,0.35158
2288,4845,0.45113
2288,4969,0.52721
2288,5009,0.50576
2288,5042,0.23466
2288,5143,0.3876
2288,5154,0.24979
2288,5160,0.39069
2288,5241,0.82238
2288,5521,0.20927
2288,5576,0.30386
2288,5657,0.47513
2288,5875,0.3883
2288,5884,0.44208
2288,5896,0.21213
2288,5944,0.52721
2288,6202,0.42824
2290,6097,0.26231
2292,4439,0.20093
2293,2308,0.20791
2293,3948,0.23815
2293,4150,0.21166
2293,4641,0.20055
2293,5047,0.24993
2293,5239,0.24675
2293,5428,0.26178
2293,5637,0.29676
2294,2802,0.42151
2294,3152,0.21879
2294,3322,0.2028
2294,3526,0.22725
2294,3907,0.20338
2294,4630,0.20554
2295,2372,0.24535
2295,4988,0.20636
2295,5171,0.20655
2295,6044,0.37818
2297,2333,0.28783
2297,2376,0.23927
2297,2580,0.20584
2297,2699,0.2084
2297,3595,0.30239
2297,3866,0.21479
2297,4344,0.20513
2297,4466,0.29686
2297,4732,0.24957
2297,5054,0.21614
2297,5107,0.2595
2297,5277,0.26607
2297,5425,0.25492
2297,5595,0.30386
2297,5677,0.3876
2297,5898,0.21832
2297,5935,0.22955
2297,5973,0.36808
2297,6000,0.21213
2297,6084,0.26213
2297,6095,0.32221
2297,6101,0.23415
2300,2325,0.20382
2300,2368,0.24371
2300,2387,0.29865
2300,2434,0.20452
2300,2461,0.24011
2300,2506,0.22476
2300,2543,0.26884
2300,2575,0.41917
2300,2679,0.25827
2300,2713,0.26291
2300,2797,0.22051
2300,2833,0.26254
2300,3146,0.23927
2300,3170,0.28185
2300,3249,0.25924
2300,3610,0.22915
2300,3639,0.27481
2300,3656,0.29852
2300,3688,0.28295
2300,3848,0.26405
2300,3926,0.34825
2300,3934,0.32356
2300,4022,0.21454
2300,4155,0.46503
2300,4215,0.31591
2300,4294,0.21977
2300,4361,0.22472
2300,4373,0.29216
2300,4395,0.26892
2300,4528,0.34987
2300,4562,0.23159
2300,4676,0.27619
2300,4848,0.22554
2300,4888,0.24788
2300,4912,0.45123
2300,5025,0.30179
2300,5041,0.26557
2300,5206,0.32068
2300,5329,0.21907
2300,5378,0.34605
2300,5652,0.20708
2300,5893,0.21566
2301,2353,0.35431
2301,3089,0.25855
2301,3454,0.2145
2301,3933,0.22633
2301,4423,0.22386
2301,4547,0.2174
2301,5040,0.22584
2301,5292,0.21459
2301,5321,0.26482
2302,3532,0.21528
2302,5258,0.28783
2303,2375,0.21736
2303,4677,0.25983
2303,5294,0.22575
2303,5964,0.24109
2304,4578,0.22921
2304,5761,0.20411
2305,2328,0.25284
2305,2552,0.29404
2305,2954,0.2062
2305,3461,0.20186
2305,3616,0.24079
2305,3940,0.20733
2305,4586,0.20943
2305,4858,0.22186
2305,4914,0.27223
2305,5471,0.20154
2305,5878,0.23499
2307,3284,0.20615
2307,3722,0.21902
2307,4197,0.21148
2308,2426,0.33579
2308,2433,0.20873
2308,2436,0.31671
2308,2537,0.20278
2308,2622,0.27853
2308,2799,0.24784
2308,2900,0.37806
2308,2945,0.22111
2308,3016,0.23324
2308,3129,0.23336
2308,3208,0.43358
2308,3234,0.25034
2308,3283,0.37134
2308,3289,0.22312
2308,3395,0.23594
2308,3437,0.33933
2308,3574,0.39286
2308,3646,0.2069
2308,3732,0.27476
2308,3798,0.20434
2308,3833,0.3491
2308,3853,0.23711
2308,3948,0.54744
2308,3976,0.28832
2308,4009,0.26333
2308,4062,0.34555
2308,4066,0.20002
2308,4082,0.25954
2308,4130,0.504
2308,4150,0.5263
2308,4431,0.22962
2308,4519,0.24048
2308,4603,0.27767
2308,4641,0.28799
2308,4758,0.2087
2308,4771,0.26321
2308,4909,0.32734
2308,5007,0.29424
2308,5047,0.70678
2308,5064,0.26117
2308,5071,0.21017
2308,5092,0.2128
2308,5236,0.23111
2308,5239,0.42104
2308,5304,0.20548
2308,5393,0.2016
2308,5428,0.46365
2308,5456,0.32879
2308,5457,0.27537
2308,5493,0.23658
2308,5538,0.33203
2308,5607,0.30002
2308,5625,0.40212
2308,5628,0.44532
2308,5637,0.28583
2308,5711,0.21483
2308,5873,0.28514
2308,5883,0.22834
2308,5942,0.27809
2308,6036,0.22538
2308,6143,0.25306
2308,6168,0.21213
2308,6192,0.26361
2309,2836,0.22464
2309,3375,0.22162
2309,6100,0.27813
2310,3639,0.2059
2310,3873,0.21507
2310,4562,0.21472
2310,5018,0.26475
2313,3077,0.20717
2313,3095,0.2236
2313,4240,0.20936
2313,4758,0.21655
2313,4875,0.2537
2314,3096,0.20904
2314,3162,0.27423
2314,3278,0.27235
2314,3535,0.28424
2314,4684,0.26175
2314,4999,0.21251
2314,5027,0.2367
2314,5065,0.20567
2314,5377,0.20178
2314,5722,0.43625
2314,5752,0.23554
2314,5790,0.29929
2314,5954,0.25315
2315,2334,0.22488
2315,2412,0.22285
2315,3246,0.20867
2315,3305,0.2998
2315,3570,0.3048
2315,3657,0.20572
2315,4029,0.20269
2315,4140,0.2031
2315,4166,0.20782
2315,4217,0.2097
2315,4477,0.25593
2315,4478,0.21632
2315,4544,0.21982
2315,4736,0.22553
2315,5032,0.33806
2315,5110,0.48125
2315,5186,0.4082
2315,5255,0.47725
2315,5574,0.20173
2315,5673,0.2554
2315,5706,0.20479
2315,5919,0.44208
2315,5978,0.22592
2316,2381,0.22379
2316,4417,0.34146
2317,2512,0.2126
2317,3105,0.23795
2317,3248,0.25353
2317,3352,0.36659
2317,3924,0.37279
2317,4123,0.46194
2317,5346,0.27987
2317,5474,0.35521
2317,5551,0.20108
2318,2734,0.24767
2318,6129,0.21884
2319,2404,0.20223
2319,2444,0.31002
2319,2453,0.33338
2319,2488,0.46609
2319,2573,0.43829
2319,2629,0.46703
2319,2641,0.319
2319,2658,0.21668
2319,2677,0.24945
2319,2759,0.28454
2319,2790,0.48461
2319,2839,0.22872
2319,2903,0.22676
2319,2906,0.47656
2319,2993,0.35957
2319,3230,0.20055
2319,3245,0.32766
2319,3252,0.39588
2319,3385,0.21475
2319,3472,0.54771
2319,3550,0.29313
2319,3579,0.28384
2319,3643,0.39806
2319,3791,0.32398
2319,3821,0.4218
2319,3854,0.38451
2319,4022,0.34413
2319,4083,0.2466
2319,4226,0.38031
2319,4251,0.22935
2319,4300,0.23715
2319,4321,0.20058
2319,4352,0.4391
2319,4561,0.44242
2319,4607,0.3757
2319,4609,0.44223
2319,4638,0.21372
2319,4722,0.25586
2319,4836,0.31279
2319,4842,0.48132
2319,4894,0.23979
2319,4907,0.44184
2319,4971,0.25516
2319,5090,0.50459
2319,5270,0.2624
2319,5367,0.27319
2319,5381,0.24458
2319,5557,0.369
2319,5930,0.26465
2319,5995,0.27357
2319,5998,0.20302
2319,6031,0.33708
2319,6040,0.30108
2319,6092,0.22261
2320,2556,0.2305
2320,2593,0.24813
2320,2860,0.21322
2320,3055,0.29356
2320,3128,0.22269
2320,3160,0.24637
2320,3326,0.27199
2320,3613,0.25247
2320,3783,0.20375
2320,4090,0.25104
2320,4787,0.26557
2320,4816,0.23188
2320,4928,0.24906
2320,4942,0.2078
2320,5077,0.20296
2320,5343,0.29585
2320,5384,0.20912
2320,5392,0.36017
2320,5447,0.23323
2320,5585,0.30585
2320,5734,0.30041
2320,5789,0.28403
2320,6005,0.34009
2321,2410,0.21028
2321,2650,0.21479
2321,2863,0.20513
2321,3253,0.2084
2321,3547,0.36122
2321,3770,0.40048
2321,3774,0.29119
2321,4069,0.26732
2321,4355,0.31352
2321,4663,0.24885
2321,4779,0.24957
2321,5034,0.21832
2321,5098,0.2956
2321,5171,0.2921
2321,6052,0.36122
2321,6063,0.24729
2321,6106,0.26486
2322,2494,0.27385
2322,2633,0.20454
2322,3833,0.2758
2322,4418,0.28506
2322,5092,0.26547
2322,5845,0.28983
2323,3051,0.21878
2323,4292,0.29015
2323,4633,0.4233
2323,4715,0.34494
2323,4756,0.31039
2323,4856,0.50746
2323,5341,0.52698
2323,5555,0.30636
2323,5610,0.51046
2323,5614,0.53623
2323,5780,0.51483
2323,5853,0.20702
2325,2387,0.21732
2325,2391,0.29793
2325,2575,0.25413
2325,2713,0.25036
2325,2759,0.20035
2325,2761,0.24499
2325,3249,0.25843
2325,3355,0.33708
2325,3731,0.27235
2325,3738,0.24474
2325,3926,0.20254
2325,4155,0.26788
2325,4215,0.26733
2325,4227,0.2094
2325,4294,0.34149
2325,4912,0.28843
2325,5206,0.2471
2325,5378,0.28783
2325,5527,0.28248
2325,5605,0.57918
2325,5649,0.25115
2325,5930,0.21598
2325,6191,0.38694
2326,2396,0.20531
2326,2447,0.29216
2326,2917,0.26227
2326,2954,0.23994
2326,3027,0.23895
2326,3092,0.20024
2326,3212,0.20214
2326,4095,0.21838
2326,4112,0.22878
2326,4243,0.41545
2326,4446,0.20513
2326,4503,0.23606
2326,4545,0.2487
2326,4763,0.27165
2326,4858,0.2213
2327,2337,0.59645
2327,2346,0.3876
2327,2502,0.44208
2327,2519,0.63147
2327,2564,0.49019
2327,2579,0.45113
2327,2820,0.28514
2327,2935,0.22955
2327,2997,0.35219
2327,3032,0.48011
2327,3119,0.33828
2327,3151,0.30346
2327,3284,0.25991
2327,3380,0.34012
2327,3442,0.27882
2327,3502,0.45542
2327,3590,0.44944
2327,3709,0.30386
2327,3844,0.67211
2327,3930,0.43286
2327,3951,0.28783
2327,3953,0.59084
2327,4006,0.2956
2327,4114,0.56059
2327,4182,0.28296
2327,4221,0.25784
2327,4284,0.58618
2327,4386,0.36483
2327,4400,0.20994
2327,4456,0.27882
2327,4593,0.63147
2327,4634,0.43829
2327,4689,0.3883
2327,4696,0.49019
2327,4903,0.27619
2327,4994,0.35967
2327,5057,0.28783
2327,5112,0.27619
2327,5145,0.38776
2327,5211,0.25386
2327,5245,0.43829
2327,5307,0.42824
2327,5310,0.21879
2327,5365,0.28248
2327,5404,0.31949
2327,5490,0.48011
2327,5518,0.42824
2327,5665,0.45542
2327,5699,0.27619
2327,5855,0.50576
2327,5859,0.36122
2327,5885,0.38776
2327,5901,0.67211
2327,5982,0.4102
2327,6051,0.44208
2327,6054,0.23927
2327,6118,0.44208
2327,6185,0.3553
2327,6227,0.27341
2328,2401,0.28471
2328,2481,0.5115
2328,2507,0.25244
2328,2581,0.22105
2328,2647,0.42998
2328,2873,0.24773
2328,2945,0.27203
2328,2959,0.33783
2328,3016,0.29652
2328,3089,0.28438
2328,3346,0.32346
2328,3395,0.34893
2328,3439,0.28174
2328,3454,0.31309
2328,3612,0.29536
2328,3616,0.24716
2328,3732,0.23378
2328,3933,0.3016
2328,4011,0.3683
2328,4081,0.28015
2328,4257,0.26073
2328,4285,0.40709
2328,4349,0.26197
2328,4380,0.23469
2328,4394,0.33116
2328,4423,0.37616
2328,4443,0.3269
2328,4547,0.20807
2328,4560,0.30355
2328,4586,0.46203
2328,4795,0.21622
2328,4807,0.3718
2328,4911,0.40602
2328,4984,0.32903
2328,5040,0.36861
2328,5086,0.20607
2328,5174,0.24577
2328,5190,0.25814
2328,5215,0.41304
2328,5292,0.36306
2328,5304,0.36985
2328,5318,0.36316
2328,5321,0.26984
2328,5333,0.38659
2328,5345,0.36855
2328,5493,0.34532
2328,5541,0.21455
2328,5763,0.5145
2328,5878,0.33343
2328,5909,0.43099
2328,6002,0.40834
2328,6078,0.24288
2328,6111,0.31479
2328,6143,0.3876
2328,6193,0.23701
2330,3744,0.20784
2330,6199,0.33511
2332,2839,0.20434
2332,3550,0.22531
2332,4097,0.2209
2332,4300,0.23047
2332,4352,0.20721
2332,4521,0.36715
2332,4638,0.33502
2332,4836,0.20666
2333,2376,0.22006
2333,3778,0.23073
2333,5001,0.26073
2333,5742,0.22887
2333,5848,0.29452
2334,3570,0.21595
2334,5255,0.20808
2335,4917,0.22207
2335,5260,0.20797
2335,5905,0.3
2337,2346,0.40709
2337,2502,0.50247
2337,2519,0.59084
2337,2564,0.50247
2337,2579,0.47513
2337,2820,0.35219
2337,2997,0.35219
2337,3032,0.35262
2337,3119,0.28538
2337,3151,0.30386
2337,3284,0.2831
2337,3380,0.43829
2337,3442,0.25386
2337,3502,0.36256
2337,3590,0.49019
2337,3636,0.24957
2337,3662,0.20513
2337,3709,0.28248
2337,3844,0.59084
2337,3930,0.45113
2337,3951,0.36256
2337,3953,0.50929
2337,4006,0.25492
2337,4114,0.50247
2337,4182,0.24957
2337,4221,0.24957
2337,4284,0.59645
2337,4295,0.2822
2337,4386,0.36808
2337,4400,0.21028
2337,4456,0.20778
2337,4593,0.52721
2337,4634,0.48011
2337,4689,0.32221
2337,4696,0.50247
2337,4903,0.26732
2337,4994,0.41802
2337,5057,0.3005
2337,5112,0.25603
2337,5144,0.22725
2337,5145,0.35219
2337,5201,0.22261
2337,5211,0.35158
2337,5245,0.26073
2337,5307,0.35219
2337,5310,0.23466
2337,5365,0.27341
2337,5404,0.34605
2337,5490,0.3276
2337,5518,0.29452
2337,5561,0.22725
2337,5662,0.21093
2337,5665,0.48011
2337,5699,0.36808
2337,5855,0.50247
2337,5859,0.21528
2337,5869,0.22725
2337,5885,0.27882
2337,5901,0.65959
2337,5982,0.41802
2337,6051,0.40602
2337,6118,0.42634
2337,6185,0.21832
2337,6227,0.2831
2338,5039,0.20873
2340,2517,0.21832
2340,2583,0.27341
2340,2594,0.32004
2340,2829,0.23562
2340,2914,0.28408
2340,3210,0.43829
2340,3657,0.2066
2340,3898,0.2047
2340,4826,0.20786
2340,5561,0.21437
2340,5662,0.20988
2340,5725,0.20131
2341,4503,0.23452
2341,6093,0.20013
2342,4964,0.30567
2342,5752,0.20585
2343,4120,0.20015
2343,5300,0.23115
2343,5785,0.22707
2344,2711,0.2841
2344,2763,0.25506
2344,3882,0.2392
2344,4202,0.23397
2344,5411,0.23529
2344,5520,0.33542
2346,2502,0.33947
2346,2519,0.21191
2346,2579,0.21119
2346,2940,0.3425
2346,2995,0.23954
2346,3151,0.28539
2346,3844,0.32888
2346,3953,0.26372
2346,4004,0.20296
2346,4221,0.20112
2346,4593,0.3425
2346,4634,0.29601
2346,4689,0.21736
2346,4696,0.25089
2346,5112,0.2001
2346,5211,0.24917
2346,5307,0.24479
2346,5665,0.22604
2346,5699,0.23684
2346,5859,0.21106
2346,5885,0.25689
2346,5901,0.35584
2346,5903,0.22445
2346,6051,0.21028
2346,6185,0.20778
2347,3077,0.2186
2347,4240,0.22195
2347,5059,0.23367
2347,5961,0.20476
2350,2568,0.20509
2350,2724,0.20922
2350,5905,0.23448
2350,6091,0.21716
2350,6141,0.20258
2350,6151,0.21607
2352,2393,0.31358
2352,2512,0.20994
2352,2520,0.22014
2352,2608,0.37995
2352,2806,0.20998
2352,3147,0.44944
2352,3278,0.21013
2352,3302,0.34473
2352,3357,0.41836
2352,3435,0.3972
2352,3457,0.26456
2352,3715,0.26019
2352,3795,0.52402
2352,3835,0.3507
2352,3886,0.2193
2352,3928,0.38858
2352,3931,0.28844
2352,3941,0.27619
2352,3946,0.36896
2352,4017,0.29338
2352,4085,0.25583
2352,4233,0.28783
2352,4282,0.54157
2352,4419,0.29791
2352,4656,0.22184
2352,4870,0.43829
2352,4943,0.28361
2352,5039,0.24958
2352,5125,0.23015
2352,5172,0.37899
2352,5231,0.23636
2352,5325,0.42366
2352,5377,0.2621
2352,5473,0.21296
2352,5496,0.25603
2352,5508,0.49266
2352,5598,0.20083
2352,5642,0.20505
2352,5742,0.27967
2352,5811,0.31868
2352,6059,0.25569
2352,6088,0.25195
2353,2647,0.2436
2353,2959,0.3467
2353,3089,0.27211
2353,3933,0.2284
2353,4340,0.2552
2353,4423,0.21435
2353,4547,0.34069
2353,4560,0.25777
2353,5318,0.41065
2353,5321,0.29873
2353,5345,0.38724
2353,5909,0.35366
2354,5361,0.22121
2354,6079,0.24985
2355,2545,0.42279
2355,3761,0.22917
2355,3825,0.22389
2355,5044,0.40106
2355,5433,0.3475
2355,5463,0.40708
2355,5532,0.29897
2355,5939,0.21175
2356,4387,0.5313
2356,4916,0.2107
2356,5048,0.51001
2358,3074,0.27495
2358,3362,0.24852
2359,2516,0.23422
2359,2656,0.21523
2359,3370,0.26623
2359,3408,0.28481
2359,4139,0.23028
2359,4326,0.24664
2359,5104,0.25949
2359,5187,0.20295
2359,6181,0.20378
2360,2642,0.29915
2360,2666,0.26019
2360,3053,0.51742
2360,3058,0.25712
2360,3309,0.2595
2360,3418,0.20236
2360,3519,0.38091
2360,4020,0.20085
2360,4413,0.57439
2360,4637,0.21485
2360,4733,0.23039
2360,4878,0.20994
2360,5720,0.59084
2360,5898,0.21422
2360,5935,0.20201
2360,6149,0.50247
2361,2985,0.20646
2361,3235,0.28783
2361,3318,0.21635
2361,3505,0.22601
2361,3615,0.20033
2361,3705,0.23927
2361,4132,0.22399
2361,4243,0.20927
2361,4576,0.21608
2361,4780,0.20225
2361,5833,0.45805
2362,2472,0.51337
2362,2563,0.40493
2362,2595,0.38954
2362,2731,0.40448
2362,3784,0.20009
2362,3855,0.41753
2362,3863,0.21773
2362,4177,0.24771
2362,4224,0.43097
2362,4348,0.49079
2362,4639,0.54375
2362,5872,0.47065
2364,2641,0.28226
2364,3791,0.21115
2364,4561,0.30959
2364,4842,0.21213
2364,5367,0.22483
2365,2369,0.22873
2365,2711,0.21016
2365,3861,0.20753
2365,4220,0.26809
2365,5143,0.25762
2365,5710,0.23116
2366,5493,0.20561
2366,6143,0.2028
2367,2655,0.20296
2367,2695,0.23577
2367,2968,0.30239
2367,3646,0.2175
2367,3948,0.29027
2367,4009,0.25307
2367,4012,0.24979
2367,4130,0.20612
2367,4150,0.20058
2367,4909,0.32371
2367,5047,0.31378
2367,5239,0.26553
2367,5457,0.21148
2367,5538,0.31279
2367,5628,0.37856
2367,5819,0.31594
2367,5942,0.20022
2367,6143,0.2437
2367,6192,0.27458
2368,2387,0.45016
2368,2461,0.4345
2368,2543,0.58056
2368,2575,0.33815
2368,2713,0.34604
2368,2759,0.21406
2368,2833,0.24127
2368,3146,0.23028
2368,3170,0.20206
2368,3639,0.24192
2368,3731,0.23973
2368,3926,0.34183
2368,4022,0.21944
2368,4155,0.21185
2368,4215,0.33153
2368,4294,0.33881
2368,4361,0.38418
2368,4373,0.53093
2368,4395,0.28894
2368,4528,0.35122
2368,4529,0.20372
2368,4676,0.2949
2368,4743,0.24204
2368,4888,0.21238
2368,4912,0.22811
2368,5206,0.33246
2368,5378,0.31594
2368,5652,0.23515
2368,5955,0.3081
2368,6191,0.29178
2369,2443,0.28547
2369,2625,0.53435
2369,2632,0.26101
2369,2662,0.36808
2369,3177,0.21557
2369,3241,0.2952
2369,3470,0.4462
2369,3542,0.20142
2369,3565,0.20235
2369,3599,0.28766
2369,3701,0.38199
2369,3755,0.22398
2369,3839,0.23359
2369,3909,0.24907
2369,4220,0.30996
2369,4271,0.28818
2369,4393,0.2486
2369,4536,0.27218
2369,4568,0.26137
2369,4607,0.30873
2369,4622,0.32762
2369,4631,0.27068
2369,4900,0.2071
2369,5009,0.22235
2369,5042,0.21002
2369,5143,0.43338
2369,5154,0.39028
2369,5160,0.21893
2369,5576,0.35539
2369,5657,0.2062
2369,5710,0.52721
2369,5746,0.22066
2369,5884,0.32538
2369,5924,0.4886
2369,6207,0.23975
2370,3077,0.21847
2370,3736,0.21091
2370,4240,0.211
2370,4894,0.29993
2370,5059,0.31854
2370,5252,0.35458
2370,5947,0.20967
2371,5773,0.21442
2372,4545,0.20124
2372,5119,0.20426
2373,5675,0.21342
2373,5961,0.26363
2374,2803,0.22861
2374,4589,0.30089
2374,5464,0.22054
2374,5490,0.26172
2374,6230,0.26869
2375,2966,0.21946
2375,2980,0.21222
2375,3042,0.20924
2375,3323,0.23948
2375,3502,0.237
2375,3975,0.20897
2375,4605,0.22726
2375,4606,0.21926
2375,4869,0.243
2375,5153,0.24566
2375,5195,0.23436
2375,5326,0.28783
2376,2500,0.23235
2376,2536,0.2296
2376,3083,0.2139
2376,3265,0.20916
2376,3457,0.27943
2376,3749,0.24288
2376,4013,0.27941
2376,4999,0.24489
2376,5280,0.20589
2376,5377,0.24928
2376,5425,0.36122
2376,5595,0.21065
2376,5742,0.33682
2376,5889,0.35539
2376,5898,0.20288
2376,5920,0.24896
2376,6059,0.25682
2376,6088,0.24932
2378,2877,0.2406
2380,3441,0.22123
2380,4447,0.22399
2381,3113,0.20677
2381,3500,0.23841
2381,4417,0.28353
2381,4632,0.21347
2381,4755,0.23962
2381,5355,0.23141
2382,4724,0.2253
2382,5752,0.35934
2383,2654,0.20548
2383,3463,0.23458
2383,5644,0.23452
2384,2433,0.32843
2384,2769,0.26508
2384,3044,0.29575
2384,4130,0.20707
2384,4150,0.20545
2384,4390,0.28806
2384,4519,0.32958
2384,4978,0.28198
2384,5718,0.24732
2384,6213,0.30147
2386,2666,0.38776
2386,2915,0.20085
2386,3053,0.28983
2386,3309,0.44901
2386,3534,0.2009
2386,4020,0.25451
2386,4413,0.28783
2386,4878,0.28248
2386,5720,0.34012
2387,2453,0.22118
2387,2461,0.47082
2387,2543,0.52247
2387,2575,0.44033
2387,2713,0.30439
2387,2759,0.20048
2387,2833,0.30812
2387,2916,0.24344
2387,3146,0.35219
2387,3249,0.22251
2387,3610,0.29499
2387,3639,0.2647
2387,3731,0.22831
2387,3821,0.20154
2387,3926,0.35416
2387,3934,0.20035
2387,4022,0.28231
2387,4155,0.28132
2387,4215,0.39886
2387,4227,0.20071
2387,4294,0.32835
2387,4361,0.42647
2387,4373,0.52786
2387,4395,0.26555
2387,4528,0.37484
2387,4529,0.20097
2387,4562,0.26299
2387,4676,0.38776
2387,4848,0.2056
2387,4888,0.20124
2387,4912,0.30113
2387,4971,0.21992
2387,5036,0.20288
2387,5165,0.23916
2387,5206,0.38029
2387,5329,0.21868
2387,5378,0.41545
2387,5605,0.20385
2387,5652,0.29348
2387,5893,0.23973
2387,5930,0.21903
2387,5955,0.3783
2387,6092,0.28538
2387,6191,0.2921
2389,5063,0.22704
2389,5996,0.20163
2390,3451,0.26096
2390,4003,0.2004
2390,4298,0.25897
2390,4498,0.32521
2390,4623,0.21011
2390,4901,0.20644
2390,5237,0.21574
2390,5820,0.2028
2390,6071,0.27583
2390,6086,0.20844
2391,2525,0.33784
2391,2532,0.30708
2391,2612,0.29418
2391,2701,0.212
2391,2728,0.21652
2391,2761,0.30902
2391,3066,0.2341
2391,3355,0.22762
2391,3381,0.32399
2391,3738,0.36993
2391,3958,0.22785
2391,4317,0.40816
2391,4627,0.21135
2391,4687,0.36122
2391,4705,0.43679
2391,4936,0.26301
2391,5022,0.34327
2391,5186,0.31293
2391,5235,0.27885
2391,5255,0.20209
2391,5438,0.24603
2391,5605,0.34803
2393,2608,0.37302
2393,3302,0.44695
2393,3357,0.36633
2393,3435,0.31489
2393,3795,0.33288
2393,3835,0.49359
2393,3928,0.46184
2393,3931,0.30094
2393,3946,0.47326
2393,4017,0.34297
2393,4282,0.35275
2393,4419,0.51627
2393,4943,0.29782
2393,5172,0.42745
2393,5231,0.28212
2393,5325,0.43358
2393,5508,0.32512
2393,5811,0.38443
2395,2564,0.3151
2395,2579,0.25671
2395,2812,0.224
2395,3010,0.21424
2395,3241,0.24303
2395,3951,0.25594
2395,4114,0.27595
2395,4456,0.27495
2395,4480,0.27385
2395,5144,0.23313
2395,5307,0.2379
2395,5409,0.29183
2395,5859,0.21034
2396,2447,0.3329
2396,2917,0.34013
2396,3027,0.25913
2396,3147,0.21555
2396,3212,0.38857
2396,3302,0.20828
2396,3835,0.20623
2396,3913,0.27619
2396,3928,0.20632
2396,4095,0.32616
2396,4282,0.21549
2396,4503,0.26418
2396,4767,0.20253
2396,5172,0.22326
2396,5496,0.21528
2396,5793,0.3612
2396,5811,0.21701
2397,5268,0.22085
2397,5364,0.31806
2397,5918,0.44547
2397,5948,0.34133
2399,2426,0.2083
2399,2900,0.2309
2399,3208,0.2176
2399,3283,0.22324
2399,3437,0.21893
2399,3545,0.34225
2399,4212,0.23613
2399,4402,0.21436
2399,4462,0.29825
2399,4645,0.48346
2399,5007,0.24859
2399,5246,0.4778
2399,5393,0.52227
2399,5482,0.30669
2399,5538,0.20545
2399,5607,0.24249
2399,5625,0.21071
2399,6192,0.40727
2400,3804,0.32382
2400,4104,0.22766
2400,5812,0.24139
2401,2436,0.29756
2401,2481,0.20336
2401,2507,0.41152
2401,2647,0.48088
2401,2709,0.2433
2401,2846,0.29839
2401,2945,0.20066
2401,2959,0.20321
2401,3016,0.2545
2401,3283,0.28669
2401,3303,0.30675
2401,3395,0.23021
2401,3454,0.3798
2401,3574,0.25007
2401,3732,0.22511
2401,3933,0.23045
2401,4257,0.29706
2401,4343,0.25977
2401,4349,0.25686
2401,4380,0.40872
2401,4394,0.25037
2401,4423,0.46947
2401,4443,0.32824
2401,4479,0.20064
2401,4602,0.26024
2401,4807,0.34221
2401,5040,0.24146
2401,5190,0.34167
2401,5192,0.32903
2401,5215,0.34956
2401,5292,0.28931
2401,5304,0.21131
2401,5321,0.24657
2401,5333,0.50242
2401,5486,0.30346
2401,5493,0.33836
2401,5909,0.20084
2401,6002,0.29395
2401,6034,0.31128
2401,6078,0.25501
2401,6127,0.38231
2401,6143,0.52721
2401,6193,0.26626
2402,3055,0.20382
2402,3333,0.21488
2402,3537,0.20587
2402,3640,0.20308
2402,4139,0.20218
2402,4816,0.26827
2402,4825,0.2463
2402,4942,0.26803
2402,5343,0.30134
2402,5722,0.24082
2402,5734,0.20683
2402,5954,0.25203
2402,6088,0.22202
2405,3418,0.23967
2405,4616,0.22345
2405,6030,0.35023
2406,2695,0.30239
2406,2940,0.20513
2406,3014,0.29728
2406,3913,0.2772
2406,4004,0.27341
2406,4470,0.20249
2406,4806,0.2028
2406,5819,0.2831
2409,2716,0.22725
2409,4228,0.22607
2410,3547,0.27407
2410,3897,0.41802
2410,4032,0.21193
2410,4307,0.30346
2410,4328,0.30386
2410,4663,0.26019
2410,5751,0.28983
2411,4092,0.22411
2412,2488,0.20057
2412,2641,0.20685
2412,2687,0.22416
2412,2951,0.208
2412,3619,0.35771
2412,3848,0.31976
2412,3950,0.33341
2412,4189,0.25419
2412,4223,0.2348
2416,2706,0.31625
2417,2506,0.23268
2417,2689,0.20139
2417,2970,0.26943
2417,3317,0.29335
2417,3355,0.20626
2417,3978,0.22013
2417,4239,0.20291
2417,4414,0.24163
2417,4743,0.20151
2417,4923,0.38066
2417,4956,0.36164
2417,5329,0.2689
2417,5527,0.20927
2417,5649,0.24496
2417,5804,0.35626
2417,5826,0.37511
2417,5893,0.25193
2417,6212,0.27619
2419,2451,0.5408
2419,2987,0.31705
2419,3042,0.23907
2419,3410,0.27245
2419,3423,0.21338
2419,3897,0.21236
2419,4032,0.25948
2419,4344,0.31494
2419,4954,0.22373
2419,4979,0.24318
2419,5100,0.48949
2419,5171,0.31889
2419,5287,0.39726
2419,5766,0.26521
2419,5837,0.21176
2419,5879,0.35276
2419,6063,0.27737
2419,6150,0.31311
2419,6194,0.26973
2420,4378,0.21157
2421,3278,0.2346
2421,5065,0.23331
2421,5414,0.21718
2421,5752,0.32637
2423,3074,0.28575
2423,3362,0.2129
2424,3392,0.2783
2424,4544,0.22688
2424,5680,0.2683
2425,2511,0.26601
2425,2749,0.25547
2425,2941,0.27244
2425,3432,0.39541
2425,4098,0.21917
2425,4189,0.3051
2425,4223,0.33018
2425,4507,0.30086
2425,4610,0.20494
2425,5096,0.24438
2425,5701,0.20102
2425,5825,0.2189
2425,6224,0.47153
2426,2436,0.42623
2426,2467,0.23894
2426,2537,0.23504
2426,2558,0.31763
2426,2622,0.38505
2426,2709,0.25665
2426,2745,0.20924
2426,2900,0.45411
2426,3208,0.45162
2426,3228,0.30797
2426,3234,0.26026
2426,3251,0.26201
2426,3283,0.41137
2426,3289,0.20532
2426,3437,0.26977
2426,3505,0.25075
2426,3574,0.43054
2426,3732,0.32879
2426,3798,0.2013
2426,3833,0.37238
2426,3853,0.36854
2426,3948,0.48956
2426,3976,0.30041
2426,4009,0.41104
2426,4062,0.23407
2426,4130,0.44763
2426,4150,0.48076
2426,4462,0.29956
2426,4602,0.23985
2426,4603,0.37869
2426,4706,0.27066
2426,4758,0.21418
2426,4909,0.24657
2426,5007,0.38155
2426,5047,0.30137
2426,5064,0.33579
2426,5071,0.2543
2426,5174,0.20248
2426,5190,0.20006
2426,5236,0.37177
2426,5239,0.28492
2426,5246,0.25829
2426,5292,0.21576
2426,5313,0.23158
2426,5390,0.53739
2426,5393,0.31186
2426,5428,0.35263
2426,5456,0.3824
2426,5457,0.23335
2426,5482,0.29148
2426,5493,0.28356
2426,5509,0.37043
2426,5538,0.63849
2426,5607,0.41406
2426,5625,0.42061
2426,5628,0.50979
2426,5873,0.25518
2426,5883,0.31486
2426,5942,0.46616
2426,6143,0.26019
2426,6159,0.22442
2426,6168,0.25991
2426,6192,0.4793
2427,3074,0.31107
2427,3362,0.24518
2428,3077,0.39536
2428,3541,0.31167
2428,4256,0.23294
2428,5059,0.21111
2428,5947,0.28594
2428,6027,0.24169
2429,3533,0.24139
2429,4267,0.29287
2429,4309,0.22868
2429,5513,0.28325
2429,5794,0.26194
2429,6050,0.28278
2430,3679,0.32411
2431,2626,0.20132
2431,2791,0.20893
2431,3207,0.23718
2431,4228,0.26246
2431,4445,0.20769
2431,5358,0.30806
2431,5915,0.26212
2432,2755,0.26019
2432,2785,0.22725
2432,2854,0.26732
2432,2882,0.35219
2432,3221,0.25386
2432,3257,0.2106
2432,3486,0.2998
2432,4663,0.2019
2432,4707,0.26073
2432,4732,0.2138
2432,4773,0.42634
2432,4958,0.20994
2432,5097,0.24429
2432,5171,0.39931
2433,2436,0.29204
2433,3044,0.55493
2433,3283,0.23847
2433,3948,0.24975
2433,4130,0.26344
2433,4150,0.27332
2433,4390,0.48779
2433,4431,0.23441
2433,4519,0.54646
2433,4978,0.30252
2433,5047,0.22709
2433,5509,0.22987
2433,5718,0.45977
2433,6150,0.27022
2433,6213,0.41617
2434,2575,0.21766
2434,2761,0.20796
2434,3710,0.20146
2434,4215,0.21094
2434,4676,0.20603
2434,5676,0.28949
2435,4127,0.26786
2435,5834,0.26011
2436,2622,0.36501
2436,2709,0.26464
2436,2900,0.37911
2436,3208,0.53433
2436,3228,0.39713
2436,3234,0.26502
2436,3251,0.20507
2436,3283,0.51831
2436,3437,0.37281
2436,3574,0.53798
2436,3616,0.24231
2436,3732,0.3952
2436,3833,0.49627
2436,3853,0.24659
2436,3948,0.48871
2436,3976,0.29124
2436,4062,0.22382
2436,4130,0.43824
2436,4150,0.44153
2436,4462,0.2217
2436,4479,0.24361
2436,4516,0.2057
2436,4519,0.21743
2436,4602,0.29626
2436,4603,0.39874
2436,4706,0.29728
2436,4771,0.267
2436,5007,0.41387
2436,5047,0.36033
2436,5064,0.31108
2436,5071,0.25212
2436,5078,0.22633
2436,5170,0.25211
2436,5174,0.34433
2436,5192,0.20466
2436,5239,0.29021
2436,5313,0.21429
2436,5390,0.3068
2436,5393,0.21971
2436,5428,0.43126
2436,5456,0.30823
2436,5482,0.26157
2436,5509,0.60726
2436,5607,0.37521
2436,5625,0.41953
2436,5718,0.22092
2436,5873,0.25211
2436,5883,0.32657
2436,6159,0.27986
2436,6168,0.45012
2436,6175,0.23275
2438,2855,0.24147
2438,2954,0.24421
2438,3144,0.32784
2438,3225,0.21829
2438,3312,0.31995
2438,3826,0.36092
2438,4186,0.22929
2438,4356,0.20875
2438,4780,0.3336
2438,5119,0.31735
2438,5975,0.21
2439,2735,0.27619
2439,3008,0.49019
2439,3077,0.28559
2439,3541,0.33592
2439,4256,0.21958
2439,4534,0.25738
2439,4731,0.21246
2439,4956,0.21528
2439,5059,0.24889
2439,5252,0.22495
2439,5357,0.35262
2439,5425,0.21062
2439,5947,0.42135
2439,6027,0.32391
2440,3251,0.25077
2440,3853,0.20294
2440,5607,0.24185
2442,2672,0.29401
2443,2625,0.41122
2443,2632,0.20919
2443,2662,0.26392
2443,3241,0.20927
2443,3470,0.24146
2443,3701,0.29506
2443,4220,0.26573
2443,4706,0.20296
2443,4900,0.20191
2443,4999,0.22669
2443,5143,0.35279
2443,5710,0.41443
2443,5742,0.21968
2444,2453,0.2418
2444,2488,0.20633
2444,2573,0.26041
2444,2629,0.29505
2444,2641,0.22736
2444,2790,0.31085
2444,2839,0.30035
2444,2906,0.26034
2444,2993,0.52984
2444,3252,0.20023
2444,3472,0.2636
2444,3550,0.2584
2444,3643,0.56022
2444,3791,0.21505
2444,3821,0.22831
2444,3854,0.21791
2444,4022,0.24882
2444,4226,0.56532
2444,4300,0.22999
2444,4352,0.54915
2444,4579,0.2534
2444,4609,0.54792
2444,4646,0.22427
2444,4836,0.23187
2444,4842,0.28806
2444,4907,0.27256
2444,5206,0.20853
2444,5557,0.33396
2444,5930,0.20442
2444,6031,0.26594
2445,3474,0.41042
2445,3798,0.2218
2445,4172,0.39932
2445,4397,0.29848
2445,4558,0.27045
2445,5071,0.21719
2445,5313,0.22677
2445,5457,0.24968
2445,5486,0.42517
2445,5772,0.25377
2445,5814,0.20854
2447,2917,0.35035
2447,3027,0.25467
2447,3164,0.31525
2447,3212,0.421
2447,3805,0.23577
2447,4095,0.32276
2447,4243,0.30386
2447,4503,0.24038
2447,4624,0.20934
2447,4706,0.28296
2447,4763,0.23204
2447,4767,0.23782
2447,5239,0.21941
2447,5616,0.21902
2447,5793,0.26104
2447,5883,0.22128
2447,6159,0.27182
2448,4920,0.27066
2448,5039,0.25754
2448,5291,0.30239
2448,5543,0.35219
2449,4513,0.2096
2449,5019,0.21213
2449,5751,0.22399
2450,3761,0.26192
2450,5044,0.23369
2450,5766,0.20186
2451,2987,0.28606
2451,3042,0.22251
2451,3398,0.22421
2451,3435,0.22624
2451,3897,0.20781
2451,4032,0.29109
2451,4344,0.27031
2451,4979,0.25478
2451,5100,0.47453
2451,5171,0.28712
2451,5287,0.40758
2451,5308,0.27494
2451,5745,0.21002
2451,5766,0.22065
2451,5879,0.32404
2451,6063,0.23782
2451,6150,0.30961
2451,6194,0.24123
2453,2488,0.33757
2453,2573,0.30617
2453,2575,0.34503
2453,2629,0.41882
2453,2641,0.22759
2453,2677,0.28886
2453,2759,0.23902
2453,2790,0.29732
2453,2816,0.24323
2453,2906,0.33282
2453,2993,0.27734
2453,3146,0.2822
2453,3245,0.28699
2453,3252,0.35404
2453,3472,0.30179
2453,3540,0.26012
2453,3639,0.2221
2453,3643,0.35014
2453,3710,0.60237
2453,3821,0.41149
2453,3848,0.28875
2453,3854,0.23953
2453,3926,0.29733
2453,4022,0.40694
2453,4083,0.27568
2453,4215,0.20911
2453,4219,0.21995
2453,4226,0.31525
2453,4294,0.20058
2453,4352,0.39487
2453,4528,0.23902
2453,4561,0.25426
2453,4609,0.36958
2453,4722,0.24667
2453,4842,0.34593
2453,4907,0.3823
2453,4971,0.49791
2453,5090,0.32107
2453,5206,0.32784
2453,5367,0.21899
2453,5642,0.20922
2453,5930,0.32121
2453,6043,0.22955
2453,6092,0.73697
2454,2980,0.24731
2454,3042,0.44446
2454,3045,0.26997
2454,3184,0.49019
2454,3235,0.27619
2454,3323,0.4148
2454,3333,0.20881
2454,3414,0.34012
2454,3466,0.22399
2454,3503,0.33578
2454,3642,0.38776
2454,3900,0.36164
2454,3975,0.44208
2454,4129,0.4102
2454,4132,0.38776
2454,4243,0.23675
2454,4329,0.24429
2454,4403,0.29452
2454,4411,0.34373
2454,4439,0.23466
2454,4455,0.48011
2454,4606,0.26019
2454,4869,0.57439
2454,4874,0.35158
2454,5066,0.3553
2454,5153,0.50247
2454,5195,0.45113
2454,5217,0.37258
2454,5294,0.28248
2454,5326,0.44446
2454,5475,0.20131
2454,5695,0.44944
2454,5879,0.3044
2454,5966,0.29706
2454,5990,0.29452
2454,6126,0.42824
2454,6135,0.45113
2455,4145,0.257
2455,4626,0.21767
2457,5059,0.3538
2457,5252,0.23366
2460,2854,0.35158
2460,2994,0.20927
2460,3008,0.21832
2460,3802,0.22725
2460,3815,0.39011
2460,4732,0.24617
2460,5425,0.44446
2461,2543,0.44595
2461,2575,0.31109
2461,2713,0.23668
2461,2833,0.26234
2461,3146,0.21166
2461,3639,0.23496
2461,3731,0.20073
2461,3821,0.20642
2461,3926,0.25365
2461,4215,0.31148
2461,4294,0.31443
2461,4361,0.35131
2461,4373,0.50449
2461,4395,0.21163
2461,4528,0.30239
2461,4562,0.22619
2461,4676,0.28538
2461,4743,0.2003
2461,4912,0.25939
2461,5206,0.26521
2461,5329,0.21614
2461,5378,0.28248
2461,5652,0.27361
2461,5893,0.21463
2461,5955,0.28791
2462,5116,0.37292
2464,3045,0.20958
2464,3676,0.23834
2464,3836,0.20111
2464,4119,0.25989
2464,4326,0.20734
2464,4837,0.21026
2464,4960,0.20977
2464,5466,0.27606
2464,5489,0.27401
2464,5539,0.20286
2464,6144,0.21845
2465,3052,0.20423
2465,3391,0.24634
2465,4118,0.20071
2465,5361,0.20002
2466,2975,0.21359
2466,4433,0.22928
2466,4900,0.20622
2466,5572,0.24118
2466,5742,0.24217
2466,5920,0.26502
2466,6221,0.21268
2467,2622,0.20517
2467,3011,0.23965
2467,3208,0.26765
2467,3283,0.21977
2467,3853,0.25593
2467,3948,0.22281
2467,4009,0.21012
2467,5007,0.21414
2467,5538,0.2038
2467,5607,0.25996
2467,5625,0.31106
2468,3242,0.23234
2468,5137,0.23493
2470,2602,0.30701
2470,3811,0.21974
2472,2563,0.35879
2472,2595,0.25668
2472,2731,0.29562
2472,3855,0.23803
2472,4224,0.40367
2472,4348,0.38544
2472,4542,0.23222
2472,4639,0.29241
2472,5872,0.2704
2474,4216,0.22892
2474,5419,0.2998
2475,4503,0.23407
2476,2584,0.48011
2476,2666,0.22955
2476,2980,0.26019
2476,2987,0.48011
2476,3042,0.28983
2476,3126,0.23028
2476,3362,0.20712
2476,4329,0.2434
2476,4383,0.28514
2476,4605,0.29829
2476,4606,0.28783
2476,5326,0.27882
2476,6052,0.21528
2477,2885,0.29044
2477,3175,0.30694
2477,5218,0.34256
2477,5292,0.20561
2479,3091,0.20768
2479,5670,0.2098
2479,6220,0.21424
2480,3632,0.20291
2480,4653,0.24605
2480,5046,0.22421
2480,5795,0.21399
2480,5836,0.20736
2481,2507,0.29261
2481,2581,0.24263
2481,2647,0.35531
2481,2873,0.24996
2481,3016,0.24834
2481,3089,0.25084
2481,3093,0.27619
2481,3269,0.24515
2481,3346,0.27778
2481,3439,0.2303
2481,3454,0.21203
2481,3507,0.23513
2481,3612,0.25513
2481,3616,0.22018
2481,3933,0.31216
2481,4011,0.24332
2481,4081,0.28355
2481,4257,0.22558
2481,4285,0.33836
2481,4394,0.27062
2481,4423,0.29776
2481,4443,0.31826
2481,4547,0.26458
2481,4560,0.25037
2481,4586,0.36599
2481,4807,0.27201
2481,4911,0.36975
2481,4944,0.22354
2481,4984,0.22658
2481,5040,0.25652
2481,5190,0.20424
2481,5215,0.29941
2481,5304,0.27144
2481,5318,0.26898
2481,5333,0.30964
2481,5345,0.24816
2481,5493,0.22758
2481,5763,0.40916
2481,5878,0.27164
2481,5909,0.26454
2481,6002,0.3121
2481,6078,0.2966
2481,6111,0.29297
2481,6143,0.28784
2483,3091,0.20098
2483,3265,0.25477
2483,5250,0.25787
2483,5647,0.23237
2483,5742,0.24535
2483,5920,0.23945
2483,5964,0.20666
2483,6059,0.22038
2483,6145,0.21309
2483,6220,0.27596
2484,2524,0.22673
2485,2814,0.23138
2485,3369,0.2056
2486,2966,0.21716
2486,3145,0.2001
2486,3482,0.20915
2486,4930,0.20027
2486,5920,0.24169
2486,6191,0.20618
2487,2516,0.2091
2487,2656,0.22689
2487,3050,0.25568
2487,3256,0.20628
2487,3297,0.27181
2487,3370,0.24292
2487,3413,0.21355
2487,3451,0.27097
2487,3480,0.2936
2487,3485,0.20738
2487,3768,0.23368
2487,4003,0.24829
2487,4144,0.30856
2487,4326,0.22862
2487,4497,0.22549
2487,4524,0.20206
2487,4577,0.20335
2487,4623,0.3588
2487,4672,0.25016
2487,4851,0.21042
2487,4877,0.21927
2487,4893,0.20213
2487,4901,0.31568
2487,5023,0.20837
2487,5046,0.23912
2487,5058,0.21317
2487,5237,0.28268
2487,5317,0.215
2487,5577,0.25923
2487,5788,0.2473
2487,5820,0.23466
2487,6023,0.28192
2487,6181,0.32341
2487,6210,0.21618
2488,2573,0.38421
2488,2629,0.46636
2488,2641,0.35468
2488,2677,0.55676
2488,2759,0.25306
2488,2790,0.26861
2488,2816,0.20462
2488,2839,0.26074
2488,2903,0.23125
2488,2906,0.4788
2488,2993,0.20225
2488,3146,0.22137
2488,3245,0.23406
2488,3252,0.34469
2488,3294,0.23214
2488,3472,0.29228
2488,3550,0.2524
2488,3643,0.20406
2488,3669,0.21395
2488,3710,0.29275
2488,3791,0.22369
2488,3821,0.38859
2488,4022,0.25452
2488,4300,0.20179
2488,4352,0.27655
2488,4357,0.20189
2488,4561,0.46449
2488,4609,0.25993
2488,4646,0.27015
2488,4836,0.23686
2488,4842,0.35121
2488,4907,0.42886
2488,4971,0.32675
2488,5005,0.24874
2488,5090,0.27926
2488,5367,0.31109
2488,5381,0.22532
2488,5557,0.33717
2488,5925,0.25163
2488,5930,0.25412
2488,5995,0.2106
2488,6031,0.3278
2488,6040,0.27393
2488,6043,0.21653
2488,6092,0.28638
2489,2971,0.21836
2490,5963,0.21177
2491,2651,0.36256
2491,3323,0.25557
2491,3439,0.22725
2491,3487,0.28538
2491,3706,0.20242
2491,4455,0.20131
2491,4874,0.2138
2491,5326,0.23577
2491,5959,0.29706
2491,6010,0.23028
2491,6078,0.20288
2491,6126,0.48011
2493,2737,0.23676
2493,3275,0.42361
2493,4760,0.33828
2493,4974,0.39296
2493,5175,0.39069
2493,5284,0.3883
2493,6221,0.26287
2494,2709,0.2269
2494,3096,0.20196
2494,3278,0.32582
2494,3853,0.20689
2494,4444,0.2408
2494,4462,0.25284
2494,5007,0.21321
2494,5065,0.28476
2494,5092,0.28387
2494,5752,0.22273
2494,6038,0.30584
2495,3142,0.23322
2495,3457,0.33991
2495,4085,0.21285
2495,5702,0.50727
2495,5821,0.26823
2495,6039,0.20738
2495,6088,0.29582
2496,2868,0.24433
2496,3648,0.20052
2496,4441,0.2234
2496,5375,0.20285
2497,3280,0.2202
2497,5783,0.20591
2499,4267,0.24755
2499,5903,0.20838
2500,2975,0.20098
2500,3265,0.22766
2500,4013,0.25786
2500,4110,0.24428
2500,4433,0.20606
2500,4999,0.27738
2500,5280,0.20427
2500,5377,0.20058
2500,5572,0.20081
2500,5742,0.30491
2500,5889,0.26717
2500,5901,0.20302
2500,5920,0.24907
2501,5981,0.2111
2502,2519,0.43519
2502,2564,0.26105
2502,2579,0.27452
2502,2935,0.20626
2502,3032,0.25598
2502,3151,0.21665
2502,3590,0.24478
2502,3844,0.4127
2502,3953,0.33607
2502,4075,0.25451
2502,4092,0.21028
2502,4114,0.26027
2502,4182,0.2258
2502,4284,0.26679
2502,4295,0.28783
2502,4593,0.48011
2502,4634,0.23792
2502,4689,0.25564
2502,4696,0.29101
2502,4994,0.22653
2502,5145,0.2472
2502,5211,0.34537
2502,5307,0.30396
2502,5409,0.2017
2502,5490,0.26604
2502,5665,0.30398
2502,5855,0.20914
2502,5859,0.21204
2502,5885,0.22773
2502,5901,0.35004
2502,5903,0.25537
2502,6051,0.35326
2502,6227,0.20584
2503,3028,0.31724
2504,4922,0.2173
2504,5201,0.20778
2504,6064,0.21475
2505,2830,0.24089
2505,5476,0.44066
2506,2567,0.20335
2506,2575,0.22392
2506,2797,0.25064
2506,2833,0.23988
2506,2866,0.26837
2506,3170,0.2811
2506,3446,0.20238
2506,3610,0.22245
2506,3639,0.27162
2506,3978,0.22481
2506,4161,0.20964
2506,4239,0.22331
2506,4395,0.28884
2506,4562,0.2157
2506,4743,0.41235
2506,4848,0.2093
2506,4888,0.25617
2506,4912,0.25313
2506,4923,0.26792
2506,4956,0.26997
2506,5012,0.25098
2506,5018,0.2125
2506,5125,0.20898
2506,5378,0.27619
2506,5527,0.25969
2506,5649,0.20372
2506,5804,0.24612
2506,5826,0.23853
2506,5908,0.20411
2506,5958,0.22871
2506,6212,0.21749
2507,2647,0.45147
2507,2959,0.2129
2507,3016,0.26059
2507,3089,0.25559
2507,3269,0.20935
2507,3454,0.26987
2507,3933,0.28314
2507,4257,0.36122
2507,4285,0.40709
2507,4343,0.3071
2507,4349,0.38164
2507,4380,0.34297
2507,4394,0.41015
2507,4423,0.36811
2507,4443,0.3427
2507,4532,0.22595
2507,4547,0.20794
2507,4807,0.40601
2507,5040,0.22778
2507,5086,0.25453
2507,5190,0.37725
2507,5192,0.27138
2507,5215,0.38331
2507,5292,0.44204
2507,5321,0.25374
2507,5333,0.39556
2507,5493,0.32635
2507,5711,0.25211
2507,5763,0.20228
2507,6002,0.21885
2507,6034,0.24977
2507,6078,0.24613
2507,6127,0.20048
2507,6143,0.44208
2507,6193,0.36173
2508,3141,0.21028
2508,5742,0.39363
2511,2941,0.21649
2511,3432,0.26477
2511,4223,0.21507
2511,4610,0.23774
2511,5096,0.25793
2511,6224,0.2611
2512,3147,0.20416
2512,3352,0.23248
2512,3795,0.25211
2512,4017,0.20584
2512,4024,0.20067
2512,4282,0.23981
2512,4442,0.23919
2512,4457,0.28514
2512,4596,0.28783
2512,4815,0.50576
2512,4843,0.20141
2512,4943,0.20356
2512,5125,0.41545
2513,5086,0.2159
2514,4279,0.38741
2516,2742,0.25243
2516,2860,0.2434
2516,2880,0.23981
2516,2897,0.27341
2516,2927,0.24633
2516,3045,0.32371
2516,3115,0.3425
2516,3122,0.30088
2516,3370,0.32522
2516,3393,0.3357
2516,3408,0.25172
2516,3607,0.21024
2516,3836,0.34605
2516,4113,0.2344
2516,4125,0.31079
2516,4139,0.22399
2516,4326,0.34407
2516,4439,0.29728
2516,4524,0.39069
2516,4538,0.3553
2516,4577,0.20201
2516,4656,0.44446
2516,5104,0.29832
2516,5187,0.21213
2516,5317,0.25049
2516,5392,0.29452
2516,5489,0.29672
2516,5500,0.28783
2516,5577,0.52354
2516,5689,0.25951
2516,6067,0.2445
2516,6158,0.38091
2517,3752,0.42148
2517,4556,0.20296
2517,4634,0.21844
2517,4696,0.20242
2517,4994,0.20158
2517,5310,0.22955
2517,5866,0.22935
2517,6022,0.21571
2518,2580,0.22725
2518,2606,0.21832
2518,2650,0.36483
2518,3008,0.20994
2518,3409,0.23415
2518,3516,0.20172
2518,3547,0.33578
2518,3897,0.30642
2518,4254,0.21166
2518,4296,0.20927
2518,4954,0.21691
2518,5034,0.20201
2518,5098,0.2949
2518,5166,0.20489
2518,5171,0.30791
2518,5425,0.26213
2518,5902,0.26878
2518,6052,0.35219
2518,6063,0.26355
2519,2564,0.23094
2519,2579,0.24436
2519,2995,0.34651
2519,3151,0.4269
2519,3502,0.28116
2519,3590,0.21926
2519,3844,0.52431
2519,3953,0.45478
2519,4075,0.21062
2519,4114,0.31511
2519,4221,0.22091
2519,4284,0.34399
2519,4295,0.26019
2519,4459,0.23771
2519,4593,0.59302
2519,4634,0.31919
2519,4689,0.21823
2519,4696,0.34482
2519,4903,0.2822
2519,5057,0.28807
2519,5112,0.34054
2519,5211,0.27361
2519,5245,0.22071
2519,5307,0.27989
2519,5365,0.23965
2519,5518,0.24753
2519,5591,0.21221
2519,5665,0.28793
2519,5699,0.22327
2519,5859,0.21113
2519,5869,0.20838
2519,5901,0.55332
2519,5903,0.27113
2519,6051,0.36164
2519,6117,0.21787
2519,6118,0.24322
2519,6185,0.36122
2519,6218,0.20316
2519,6227,0.29829
2520,2570,0.24283
2520,3083,0.21001
2520,3142,0.29726
2520,3265,0.29822
2520,3457,0.25177
2520,3509,0.27461
2520,3563,0.32318
2520,3761,0.22064
2520,3984,0.31211
2520,4013,0.20831
2520,4110,0.20641
2520,4205,0.22896
2520,4400,0.22972
2520,4433,0.20882
2520,4793,0.20679
2520,5358,0.24177
2520,5377,0.36165
2520,5598,0.22632
2520,5742,0.36805
2520,6088,0.26278
2523,4689,0.28158
2523,5307,0.21172
2523,5494,0.21321
2523,5859,0.27246
2523,5974,0.23993
2524,4042,0.20309
2525,2761,0.21288
2525,4317,0.21634
2525,4705,0.27587
2525,5255,0.22883
2525,5438,0.25584
2525,5952,0.24399
2526,5184,0.23222
2526,5669,0.21505
2527,6133,0.24957
2528,2556,0.29775
2528,2593,0.22075
2528,2860,0.23396
2528,3001,0.20665
2528,3055,0.31145
2528,3160,0.21315
2528,3188,0.21523
2528,3783,0.21035
2528,4787,0.2197
2528,4816,0.25797
2528,5384,0.28782
2528,5585,0.25053
2528,5734,0.25138
2528,5789,0.24784
2528,5976,0.20296
2529,3426,0.20718
2530,2581,0.22863
2530,3479,0.44182
2530,4879,0.31715
2532,2612,0.6097
2532,3066,0.37706
2532,3381,0.35157
2532,3738,0.38563
2532,4396,0.20716
2532,4581,0.20933
2532,4687,0.37258
2532,4936,0.24817
2532,5022,0.44835
2532,5186,0.28401
2532,5209,0.21868
2532,5235,0.54092
2532,5783,0.41125
2533,4336,0.22135
2533,5063,0.33068
2534,3231,0.21588
2534,4339,0.27562
2534,4379,0.21879
2534,4432,0.2078
2534,4526,0.31346
2534,5043,0.20481
2534,5865,0.20805
2535,2975,0.20333
2536,2570,0.26444
2536,3083,0.2214
2536,3142,0.30899
2536,3243,0.24309
2536,3265,0.27975
2536,3326,0.21535
2536,3333,0.21417
2536,3413,0.23743
2536,3457,0.21295
2536,3509,0.23571
2536,3563,0.31279
2536,3605,0.21314
2536,4013,0.25399
2536,4090,0.27353
2536,4283,0.20687
2536,4656,0.31787
2536,4775,0.29865
2536,5343,0.28482
2536,5358,0.26178
2536,5377,0.20048
2536,5392,0.25899
2536,5489,0.20875
2536,5734,0.22166
2536,5742,0.31967
2536,5791,0.27555
2536,5889,0.26087
2536,6059,0.20187
2536,6088,0.21584
2537,3208,0.25555
2537,3283,0.21436
2537,3574,0.2131
2537,4150,0.20592
2537,4254,0.21049
2537,5047,0.2503
2537,5239,0.20145
2537,5625,0.20576
2537,5728,0.24105
2537,5883,0.2031
2540,3861,0.4148
2540,4092,0.23325
2540,4378,0.20443
2540,4556,0.23466
2540,4753,0.27882
2540,4879,0.28296
2540,5287,0.26732
2540,5604,0.20262
2540,5991,0.30239
2541,3458,0.31421
2541,5217,0.22725
2541,5332,0.21076
2541,5583,0.24458
2543,2575,0.40072
2543,2679,0.24026
2543,2713,0.32709
2543,2833,0.25222
2543,2916,0.2239
2543,3146,0.25211
2543,3170,0.2392
2543,3610,0.22513
2543,3639,0.27059
2543,3731,0.30556
2543,3846,0.23999
2543,3926,0.35484
2543,4022,0.22585
2543,4155,0.23792
2543,4215,0.39764
2543,4294,0.38485
2543,4361,0.41402
2543,4373,0.57703
2543,4395,0.35146
2543,4528,0.32617
2543,4529,0.23625
2543,4562,0.23489
2543,4676,0.27619
2543,4743,0.2546
2543,4848,0.24869
2543,4888,0.23429
2543,4912,0.25925
2543,5165,0.22485
2543,5206,0.36572
2543,5329,0.24567
2543,5378,0.37258
2543,5652,0.28344
2543,5893,0.25302
2543,5930,0.22532
2543,5955,0.40417
2543,6191,0.27877
2544,2855,0.22322
2544,3885,0.22094
2544,4181,0.20143
2544,4820,0.28106
2545,2648,0.2218
2545,2664,0.20115
2545,2902,0.20163
2545,3013,0.21159
2545,3022,0.22594
2545,3155,0.22976
2545,3761,0.29222
2545,3839,0.26104
2545,4209,0.25716
2545,4353,0.22233
2545,4568,0.21138
2545,4631,0.32629
2545,4706,0.23927
2545,4727,0.20106
2545,5004,0.31486
2545,5044,0.26967
2545,5241,0.23559
2545,5433,0.34315
2545,5463,0.30684
2545,5532,0.24059
2545,5576,0.21524
2545,6159,0.20991
2545,6205,0.2565
2546,2817,0.26084
2546,3871,0.2326
2546,4546,0.20579
2547,3091,0.38361
2547,4582,0.27865
2547,4728,0.2131
2547,5250,0.24162
2547,5562,0.22154
2547,5647,0.25068
2547,5670,0.2266
2547,6220,0.35034
2548,4941,0.23597
2548,5210,0.24393
2549,2990,0.28246
2549,3074,0.44208
2549,3767,0.30346
2549,4245,0.21166
2549,4355,0.20927
2549,5034,0.2005
2549,5280,0.36164
2549,5852,0.28296
2549,6063,0.35326
2552,2578,0.25546
2552,2857,0.23956
2552,2954,0.23843
2552,3030,0.27052
2552,3171,0.28045
2552,3601,0.24198
2552,3674,0.32906
2552,4313,0.27907
2552,4409,0.27528
2552,4518,0.21153
2552,4614,0.3483
2552,4686,0.28304
2552,4716,0.4418
2552,4858,0.27289
2552,4876,0.33294
2552,4929,0.39829
2552,5086,0.26375
2552,5132,0.21617
2552,5323,0.20196
2552,5471,0.36473
2552,5998,0.27619
2553,2618,0.23085
2553,3091,0.25006
2553,5250,0.20302
2553,5647,0.20893
2553,6220,0.27241
2554,2618,0.21919
2554,5670,0.23715
2555,5601,0.20655
2556,2593,0.25608
2556,2860,0.2404
2556,2961,0.21597
2556,3055,0.23783
2556,3160,0.20511
2556,3783,0.20189
2556,4139,0.21126
2556,4816,0.25765
2556,5384,0.29718
2556,5392,0.23976
2556,5585,0.35052
2556,5734,0.24268
2557,3050,0.20165
2557,3485,0.30404
2557,4265,0.23097
2557,4623,0.20722
2557,4877,0.20834
2558,2615,0.21378
2558,2900,0.22344
2558,3208,0.30639
2558,3228,0.32784
2558,3574,0.23266
2558,3833,0.23716
2558,3948,0.21327
2558,4771,0.20097
2558,4883,0.24863
2558,4909,0.2042
2558,5007,0.25289
2558,5390,0.2369
2558,5538,0.25829
2558,5607,0.29383
2558,5625,0.21767
2558,5883,0.32385
2558,6159,0.43204
2559,2647,0.23862
2559,2733,0.21772
2559,3089,0.20229
2559,3269,0.28671
2559,3507,0.29276
2559,3861,0.25713
2559,3933,0.24081
2559,4190,0.21107
2559,4257,0.20327
2559,4340,0.49722
2559,4532,0.20346
2559,4547,0.29169
2559,4550,0.30047
2559,4602,0.20882
2559,5190,0.22615
2559,5603,0.21461
2559,6143,0.21018
2560,4874,0.25406
2561,3793,0.2084
2561,6064,0.20178
2563,2595,0.25187
2563,2731,0.35663
2563,3855,0.26212
2563,4224,0.34247
2563,4348,0.42371
2563,4542,0.36284
2563,4639,0.30021
2563,5872,0.2797
2564,2579,0.29134
2564,3010,0.22937
2564,3032,0.27605
2564,3442,0.21058
2564,3502,0.24107
2564,3582,0.26607
2564,3590,0.28816
2564,3709,0.2993
2564,3844,0.26281
2564,3930,0.27596
2564,3953,0.24256
2564,4075,0.34605
2564,4114,0.3625
2564,4284,0.26485
2564,4480,0.21444
2564,4593,0.50576
2564,4634,0.24385
2564,4689,0.27314
2564,4696,0.2607
2564,4903,0.30239
2564,4994,0.23001
2564,5057,0.37258
2564,5245,0.20519
2564,5307,0.28192
2564,5351,0.28783
2564,5490,0.27515
2564,5518,0.303
2564,5665,0.32891
2564,5699,0.21483
2564,5855,0.25297
2564,5859,0.26082
2564,5885,0.22078
2564,5901,0.26311
2564,6051,0.52721
2564,6054,0.21994
2564,6185,0.20201
2564,6227,0.49019
2566,5159,0.24006
2567,2866,0.20655
2567,2970,0.20561
2567,3023,0.23704
2567,3446,0.22766
2567,3531,0.2218
2567,3639,0.23245
2567,4161,0.24481
2567,4239,0.26842
2567,4743,0.259
2567,4848,0.23261
2567,4956,0.28983
2567,5012,0.23962
2569,3770,0.43286
2569,4069,0.45113
2569,5034,0.20131
2570,2975,0.25996
2570,3482,0.20757
2570,3661,0.20931
2570,4217,0.2263
2570,4555,0.22818
2570,4656,0.28891
2570,5280,0.27937
2570,5377,0.32265
2570,5439,0.20283
2570,5572,0.25941
2570,5742,0.24054
2570,5920,0.23835
2570,5964,0.24208
2570,6221,0.26317
2572,3301,0.24889
2572,3441,0.31419
2572,4063,0.24463
2572,4241,0.26434
2572,4260,0.29326
2572,5011,0.2714
2572,5312,0.21234
2572,5439,0.29241
2573,2629,0.52721
2573,2677,0.33828
2573,2790,0.29343
2573,2906,0.36164
2573,2993,0.3532
2573,3245,0.36256
2573,3252,0.50576
2573,3472,0.2853
2573,3643,0.37813
2573,3821,0.56059
2573,3854,0.55028
2573,4022,0.37833
2573,4226,0.37996
2573,4300,0.23466
2573,4352,0.43433
2573,4609,0.43265
2573,4722,0.20296
2573,4836,0.20778
2573,4842,0.26427
2573,4907,0.57055
2573,4971,0.29335
2573,5090,0.29915
2573,5168,0.20236
2573,5206,0.26076
2573,5381,0.21213
2573,5557,0.22725
2573,6031,0.22261
2573,6040,0.26301
2574,4141,0.23194
2574,4865,0.20899
2574,4913,0.2179
2574,5813,0.22074
2574,6000,0.20927
2575,2629,0.25869
2575,2679,0.21597
2575,2713,0.31773
2575,2759,0.24914
2575,2797,0.34238
2575,2833,0.4104
2575,2916,0.21361
2575,3146,0.44446
2575,3170,0.3582
2575,3249,0.3316
2575,3350,0.22982
2575,3496,0.28385
2575,3540,0.22019
2575,3610,0.41975
2575,3639,0.44507
2575,3656,0.23576
2575,3731,0.21079
2575,3848,0.3839
2575,3926,0.61334
2575,3934,0.21865
2575,4022,0.30593
2575,4083,0.21647
2575,4155,0.39552
2575,4215,0.41166
2575,4227,0.30293
2575,4294,0.33194
2575,4361,0.29723
2575,4373,0.41048
2575,4395,0.3965
2575,4528,0.46067
2575,4529,0.20836
2575,4562,0.4038
2575,4676,0.40709
2575,4743,0.37657
2575,4848,0.37113
2575,4888,0.29495
2575,4907,0.22405
2575,4912,0.43921
2575,4955,0.22782
2575,4971,0.37124
2575,5025,0.29762
2575,5036,0.31099
2575,5061,0.20294
2575,5165,0.22976
2575,5178,0.23319
2575,5206,0.64327
2575,5329,0.27048
2575,5378,0.52721
2575,5527,0.20994
2575,5605,0.21106
2575,5649,0.20001
2575,5652,0.25151
2575,5862,0.238
2575,5893,0.28997
2575,5930,0.28791
2575,5955,0.34072
2575,6092,0.2878
2575,6191,0.30987
2576,2695,0.25386
2576,2741,0.59645
2576,2878,0.27619
2576,3282,0.20927
2576,3661,0.43829
2576,4274,0.48011
2576,4435,0.40709
2576,4762,0.26019
2576,5178,0.26019
2576,5221,0.62008
2576,5389,0.28385
2576,5523,0.28783
2576,5586,0.22399
2576,5933,0.56059
2577,3368,0.23116
2578,2717,0.38298
2578,2796,0.31407
2578,2857,0.52713
2578,2873,0.22459
2578,2953,0.3554
2578,2954,0.33805
2578,2984,0.24836
2578,2988,0.27229
2578,3030,0.27253
2578,3601,0.20653
2578,3674,0.37897
2578,3805,0.36259
2578,3888,0.20911
2578,4313,0.20893
2578,4409,0.35615
2578,4545,0.32207
2578,4624,0.2582
2578,4686,0.45823
2578,4838,0.28182
2578,4858,0.35032
2578,4921,0.4102
2578,4929,0.40968
2578,5072,0.47571
2578,5086,0.22614
2578,5623,0.21566
2578,5743,0.20483
2578,5992,0.24979
2579,2935,0.26169
2579,3032,0.34216
2579,3502,0.24725
2579,3590,0.24471
2579,3844,0.28054
2579,3953,0.25518
2579,4114,0.3419
2579,4182,0.29898
2579,4284,0.27217
2579,4295,0.28248
2579,4456,0.22442
2579,4480,0.27028
2579,4593,0.49301
2579,4689,0.27992
2579,4696,0.25411
2579,5145,0.31179
2579,5243,0.20491
2579,5307,0.2895
2579,5409,0.2878
2579,5490,0.30961
2579,5665,0.26139
2579,5855,0.2265
2579,5859,0.28454
2579,5885,0.28026
2579,5901,0.28371
2579,6051,0.35219
2579,6227,0.20249
2580,2606,0.45012
2580,2613,0.29672
2580,2710,0.21193
2580,2931,0.36122
2580,3008,0.22261
2580,3143,0.20748
2580,3190,0.27407
2580,3247,0.28983
2580,3409,0.25211
2580,3476,0.21844
2580,3879,0.2084
2580,3932,0.20158
2580,4018,0.21213
2580,4120,0.25557
2580,4254,0.21422
2580,4336,0.22399
2580,4370,0.23466
2580,4399,0.35326
2580,4466,0.28514
2580,4669,0.35262
2580,4931,0.22161
2580,5065,0.23466
2580,5300,0.2084
2580,5425,0.20338
2580,5507,0.23981
2580,5724,0.2822
2580,5902,0.54069
2580,6000,0.27619
2580,6049,0.20416
2581,2647,0.27752
2581,3318,0.21066
2581,3346,0.21547
2581,3612,0.28893
2581,3933,0.23768
2581,3993,0.21962
2581,4380,0.24293
2581,4394,0.20627
2581,4423,0.23535
2581,4443,0.33733
2581,4560,0.29553
2581,4586,0.28174
2581,4807,0.25238
2581,5190,0.20563
2581,5208,0.21028
2581,5215,0.2983
2581,5333,0.24431
2581,5763,0.25927
2581,5987,0.27017
2581,6078,0.42802
2582,2618,0.24691
2582,2824,0.26138
2582,2942,0.25144
2582,3091,0.36069
2582,3166,0.21499
2582,3183,0.2256
2582,4402,0.21632
2582,4582,0.22475
2582,5250,0.27645
2582,5445,0.20246
2582,5670,0.3379
2582,6220,0.38253
2583,2829,0.21879
2583,2914,0.29829
2583,3210,0.2201
2583,3482,0.36164
2583,3898,0.36122
2583,4255,0.3876
2583,5449,0.21213
2583,5725,0.49019
2584,2646,0.22261
2584,2863,0.27619
2584,2987,0.28132
2584,3518,0.20741
2584,4368,0.43286
2584,4383,0.31006
2586,3197,0.2066
2586,4556,0.21664
2587,4839,0.33103
2590,2880,0.23416
2590,5184,0.21585
2590,5765,0.22039
2591,5271,0.24634
2592,2711,0.21771
2592,3882,0.28017
2592,4996,0.21219
2593,2860,0.25123
2593,3055,0.27377
2593,3112,0.22916
2593,3160,0.2812
2593,3326,0.26045
2593,3651,0.21973
2593,3783,0.25518
2593,4090,0.21589
2593,4816,0.26779
2593,4942,0.2606
2593,5077,0.21669
2593,5290,0.21021
2593,5384,0.30609
2593,5392,0.26937
2593,5447,0.23746
2593,5585,0.33724
2593,5734,0.27121
2593,5789,0.21623
2593,5815,0.20751
2593,6005,0.21399
2594,2922,0.38136
2594,4826,0.22119
2594,5939,0.20176
2595,2731,0.36856
2595,3855,0.28723
2595,4224,0.37898
2595,4348,0.30427
2595,4639,0.35312
2595,5016,0.20609
2595,5378,0.20584
2595,5527,0.20249
2595,5644,0.20803
2595,5872,0.34189
2599,3402,0.20296
2599,5084,0.26019
2599,5126,0.26213
2599,5803,0.26301
2600,3418,0.26567
2600,4067,0.26362
2600,4827,0.22378
2600,5277,0.20647
2601,3761,0.22072
2601,4166,0.20445
2601,5554,0.23487
2601,5837,0.22143
2602,3088,0.24654
2602,3354,0.22217
2602,3623,0.20377
2602,3734,0.25871
2602,4118,0.20626
2602,4410,0.28047
2602,4512,0.20197
2602,4639,0.34638
2602,4936,0.20936
2602,5511,0.27288
2602,5616,0.24165
2602,5640,0.21243
2602,5951,0.2167
2605,5685,0.23363
2606,2613,0.20994
2606,2675,0.23466
2606,3247,0.28658
2606,3313,0.26878
2606,3891,0.26732
2606,3992,0.20927
2606,4399,0.29728
2606,4470,0.20288
2606,4639,0.28983
2606,4669,0.36164
2606,4863,0.20584
2606,4931,0.2084
2606,5281,0.20584
2606,5724,0.26878
2606,5902,0.45113
2606,6102,0.2833
2606,6223,0.24957
2607,2724,0.21832
2607,3222,0.21571
2607,3533,0.32627
2607,3661,0.28584
2607,3754,0.28584
2607,3813,0.23052
2607,4315,0.2998
2607,4531,0.26997
2607,4817,0.2595
2607,5586,0.25504
2607,5756,0.27037
2607,5935,0.21213
2607,6084,0.2831
2607,6190,0.23613
2608,3302,0.39956
2608,3357,0.41444
2608,3435,0.34523
2608,3795,0.39681
2608,3835,0.49663
2608,3928,0.5234
2608,3931,0.28189
2608,3946,0.42216
2608,4017,0.44844
2608,4282,0.39447
2608,4419,0.54973
2608,4596,0.21747
2608,4943,0.35101
2608,5172,0.44152
2608,5325,0.43644
2608,5508,0.37897
2608,5811,0.39561
2609,4392,0.23205
2610,3055,0.20855
2610,3160,0.20467
2610,3188,0.34265
2610,4090,0.24083
2610,4787,0.22872
2610,5392,0.29444
2610,5734,0.20961
2611,2771,0.4505
2611,3515,0.45367
2611,3620,0.48636
2611,4356,0.55907
2611,4780,0.40561
2611,4818,0.27975
2611,5450,0.4082
2611,6137,0.57426
2612,3066,0.38127
2612,3381,0.31048
2612,3738,0.37141
2612,4581,0.21942
2612,4687,0.40709
2612,4936,0.2668
2612,5022,0.38791
2612,5186,0.2508
2612,5235,0.48386
2612,5783,0.40373
2613,4027,0.22261
2613,4399,0.26019
2613,4669,0.28783
2613,5505,0.20158
2613,5724,0.36122
2613,5902,0.35219
2615,4944,0.22612
2615,5192,0.32867
2615,5796,0.73927
2618,2659,0.2598
2618,2824,0.2779
2618,3183,0.21634
2618,3468,0.22738
2618,3475,0.23149
2618,4289,0.20852
2618,4402,0.21768
2618,4474,0.20468
2618,4526,0.23701
2618,4582,0.25035
2618,4728,0.20067
2618,4869,0.23589
2618,5134,0.20816
2618,5670,0.28591
2619,3534,0.21317
2619,4047,0.21381
2621,3096,0.20917
2621,3278,0.23996
2621,5065,0.21427
2621,5752,0.22853
2622,2709,0.31043
2622,2821,0.24094
2622,2900,0.26823
2622,3208,0.37775
2622,3228,0.28753
2622,3234,0.20098
2622,3251,0.44135
2622,3283,0.21166
2622,3457,0.20153
2622,3574,0.32937
2622,3732,0.29281
2622,3833,0.26062
2622,3853,0.43212
2622,3948,0.43275
2622,3976,0.22136
2622,4009,0.37983
2622,4130,0.41504
2622,4150,0.43013
2622,4462,0.26543
2622,4603,0.29124
2622,4642,0.25756
2622,4706,0.2949
2622,5007,0.30444
2622,5047,0.21098
2622,5064,0.3289
2622,5174,0.223
2622,5236,0.20881
2622,5292,0.206
2622,5390,0.38627
2622,5393,0.21381
2622,5428,0.33196
2622,5456,0.31268
2622,5482,0.25015
2622,5509,0.22291
2622,5538,0.43829
2622,5607,0.30541
2622,5625,0.28357
2622,5628,0.47848
2622,5873,0.25603
2622,5942,0.25453
2622,6088,0.24883
2622,6168,0.30346
2622,6192,0.36175
2623,4385,0.21935
2623,4797,0.26372
2623,5162,0.20393
2623,5263,0.29823
2624,2840,0.26673
2624,3174,0.25505
2624,3412,0.20831
2624,3503,0.21194
2625,2632,0.2567
2625,2648,0.22646
2625,2974,0.24931
2625,3241,0.3014
2625,3470,0.4035
2625,3542,0.36631
2625,3599,0.23885
2625,3701,0.37498
2625,3955,0.21688
2625,4195,0.245
2625,4220,0.47465
2625,4303,0.24438
2625,4536,0.24846
2625,4622,0.29899
2625,4631,0.21349
2625,4900,0.31211
2625,5009,0.26827
2625,5143,0.46495
2625,5154,0.28349
2625,5657,0.23503
2625,5710,0.38869
2626,3793,0.20927
2626,4202,0.25794
2626,4303,0.26997
2626,4395,0.33442
2626,5378,0.25518
2628,2933,0.22409
2628,3672,0.45012
2628,4135,0.22604
2628,4470,0.30386
2628,4806,0.44208
2628,5326,0.2028
2628,5748,0.28538
2628,5829,0.22399
2628,6065,0.39069
2629,2641,0.21744
2629,2677,0.34309
2629,2759,0.31516
2629,2790,0.36626
2629,2903,0.263
2629,2906,0.3811
2629,2993,0.3129
2629,3245,0.26746
2629,3252,0.45942
2629,3472,0.41459
2629,3540,0.20826
2629,3550,0.25482
2629,3643,0.33603
2629,3710,0.23577
2629,3821,0.59794
2629,3848,0.30476
2629,3854,0.43145
2629,3926,0.32531
2629,4022,0.49009
2629,4083,0.35161
2629,4226,0.3485
2629,4352,0.36236
2629,4561,0.28592
2629,4609,0.35323
2629,4646,0.21375
2629,4722,0.27913
2629,4842,0.39145
2629,4894,0.20279
2629,4907,0.62847
2629,4971,0.40642
2629,5090,0.37129
2629,5206,0.31571
2629,5367,0.21039
2629,5381,0.24979
2629,5557,0.31994
2629,5642,0.21901
2629,5930,0.3353
2629,5995,0.22747
2629,6031,0.20338
2629,6092,0.2878
2631,2968,0.20242
2631,5685,0.28308
2632,2648,0.25259
2632,2662,0.33241
2632,2664,0.26619
2632,2902,0.24987
2632,2918,0.30014
2632,3155,0.24056
2632,3178,0.21277
2632,3223,0.24438
2632,3228,0.24699
2632,3241,0.2509
2632,3470,0.39678
2632,3476,0.36562
2632,3581,0.29444
2632,3701,0.45194
2632,3746,0.23121
2632,3839,0.35674
2632,3909,0.22597
2632,3955,0.25323
2632,4208,0.26425
2632,4220,0.23014
2632,4271,0.24427
2632,4393,0.25921
2632,4453,0.4713
2632,4536,0.4053
2632,4568,0.44573
2632,4622,0.26664
2632,4631,0.49748
2632,4706,0.21997
2632,4744,0.25621
2632,4803,0.24941
2632,4900,0.23629
2632,4940,0.28174
2632,4969,0.34084
2632,5009,0.30855
2632,5042,0.22902
2632,5143,0.36204
2632,5154,0.23621
2632,5241,0.26717
2632,5267,0.23163
2632,5576,0.36551
2632,5657,0.29187
2632,5710,0.38776
2632,5746,0.20042
2632,5884,0.2556
2632,5924,0.25392
2632,5944,0.28103
2632,6159,0.22217
2632,6205,0.24197
2632,6207,0.22797
2633,3478,0.50782
2633,4247,0.20288
2633,4554,0.21601
2633,6035,0.26221
2635,4286,0.219
2635,5790,0.22339
2638,4941,0.28634
2639,3147,0.29915
2641,2658,0.26981
2641,2677,0.26715
2641,2759,0.2963
2641,2790,0.37583
2641,2816,0.20877
2641,2839,0.25298
2641,2906,0.51138
2641,2951,0.21551
2641,2993,0.26948
2641,3192,0.26908
2641,3472,0.32282
2641,3550,0.20919
2641,3560,0.24021
2641,3579,0.20234
2641,3643,0.33535
2641,3791,0.55662
2641,3821,0.22641
2641,4022,0.23149
2641,4226,0.29594
2641,4300,0.20506
2641,4352,0.32927
2641,4521,0.29508
2641,4561,0.49264
2641,4607,0.31183
2641,4609,0.35289
2641,4638,0.24176
2641,4646,0.3313
2641,4725,0.27092
2641,4836,0.22933
2641,4842,0.29002
2641,4861,0.36494
2641,4907,0.21112
2641,5090,0.22206
2641,5270,0.22259
2641,5367,0.59283
2641,5557,0.30443
2641,5925,0.21555
2641,5930,0.22274
2641,5998,0.27368
2641,6031,0.25218
2641,6040,0.23436
2642,2657,0.21691
2642,2838,0.22523
2642,3053,0.65959
2642,3058,0.33589
2642,3309,0.25557
2642,3418,0.21879
2642,3519,0.44944
2642,3524,0.26803
2642,4020,0.22261
2642,4253,0.20994
2642,4413,0.63147
2642,4557,0.21028
2642,4637,0.22955
2642,4733,0.27011
2642,4878,0.28514
2642,5033,0.22969
2642,5462,0.2028
2642,5720,0.67211
2642,6149,0.58862
2644,4820,0.23559
2645,3442,0.36483
2645,3582,0.44446
2645,3587,0.2138
2645,4075,0.26607
2645,4114,0.20158
2645,4514,0.2833
2645,4828,0.21213
2645,4850,0.27619
2645,4886,0.3276
2645,4949,0.3276
2645,4961,0.22725
2645,5021,0.26213
2645,5057,0.3276
2645,5254,0.27619
2645,5365,0.45012
2645,5591,0.29759
2645,5596,0.35326
2645,5709,0.25557
2645,5798,0.25211
2645,5818,0.33828
2645,5869,0.36122
2645,5910,0.36808
2645,5982,0.2949
2645,6062,0.21614
2645,6227,0.65959
2646,2863,0.23678
2646,3000,0.2107
2646,3126,0.38776
2646,3767,0.45113
2646,3774,0.20201
2646,4307,0.23872
2646,4328,0.2173
2646,4355,0.31949
2646,4779,0.21524
2646,5034,0.22885
2646,5412,0.22037
2646,5852,0.43829
2646,6063,0.35219
2647,2846,0.22891
2647,2873,0.22028
2647,2959,0.3355
2647,3016,0.34823
2647,3089,0.29899
2647,3269,0.24535
2647,3283,0.23213
2647,3346,0.249
2647,3439,0.2652
2647,3454,0.42279
2647,3574,0.20021
2647,3612,0.28614
2647,3933,0.34235
2647,4011,0.27376
2647,4257,0.45113
2647,4285,0.45012
2647,4340,0.23898
2647,4343,0.31177
2647,4349,0.36328
2647,4380,0.50058
2647,4394,0.4414
2647,4423,0.60979
2647,4443,0.41617
2647,4532,0.2521
2647,4547,0.28803
2647,4560,0.32631
2647,4586,0.2846
2647,4602,0.33046
2647,4807,0.51071
2647,4984,0.24628
2647,4991,0.26354
2647,5040,0.32026
2647,5064,0.20125
2647,5086,0.25178
2647,5190,0.46219
2647,5192,0.21885
2647,5202,0.20296
2647,5215,0.56956
2647,5292,0.47771
2647,5318,0.24609
2647,5321,0.33527
2647,5333,0.69525
2647,5345,0.26428
2647,5493,0.43574
2647,5603,0.24216
2647,5711,0.21213
2647,5763,0.36236
2647,5878,0.25527
2647,5909,0.33152
2647,6002,0.30242
2647,6034,0.28139
2647,6078,0.31142
2647,6111,0.21911
2647,6127,0.35841
2647,6143,0.63147
2647,6192,0.24708
2647,6193,0.39266
2648,2664,0.37141
2648,2918,0.23191
2648,3470,0.23608
2648,3476,0.28889
2648,3513,0.42822
2648,3581,0.2228
2648,3701,0.27009
2648,3839,0.34749
2648,3955,0.28647
2648,4220,0.22928
2648,4568,0.24561
2648,4631,0.40044
2648,4940,0.21467
2648,4969,0.20549
2648,5009,0.23076
2648,5143,0.24433
2648,5241,0.21899
2648,5267,0.35096
2648,5268,0.23973
2648,5571,0.39296
2648,5576,0.24618
2648,5710,0.34012
2648,5944,0.26712
2648,6039,0.21175
2648,6205,0.37637
2649,3154,0.24067
2649,3304,0.20101
2649,3526,0.22399
2649,3739,0.20169
2649,4513,0.26902
2649,4620,0.22955
2649,4959,0.35262
2649,5127,0.21638
2649,5917,0.2595
2649,5972,0.27764
2650,3054,0.20085
2650,3547,0.28514
2650,3767,0.23577
2650,3774,0.43829
2650,3897,0.25451
2650,4032,0.43829
2650,4307,0.28296
2650,4328,0.27619
2650,4355,0.25451
2650,4436,0.27619
2650,5751,0.36164
2650,6052,0.46305
2650,6063,0.22399
2650,6106,0.23577
2651,2695,0.21062
2651,2805,0.20495
2651,2869,0.23927
2651,4069,0.26823
2651,4997,0.21571
2651,5935,0.35219
2651,6126,0.26019
2652,5996,0.20288
2654,3283,0.21191
2655,2695,0.2084
2655,2741,0.27882
2655,2869,0.34012
2655,3661,0.33578
2655,3754,0.2354
2655,4531,0.45012
2655,5033,0.2028
2655,5056,0.22725
2655,5221,0.23927
2655,5374,0.2833
2655,5463,0.25518
2655,5898,0.43286
2655,6084,0.28385
2655,6124,0.22725
2656,2815,0.21256
2656,3045,0.21677
2656,3122,0.35792
2656,3370,0.23079
2656,3393,0.2822
2656,3408,0.3354
2656,3544,0.31589
2656,3712,0.29714
2656,3812,0.3188
2656,4113,0.20759
2656,4119,0.24027
2656,4125,0.31458
2656,4230,0.29112
2656,4326,0.23314
2656,4382,0.3023
2656,4524,0.31825
2656,4538,0.21634
2656,4837,0.29134
2656,4960,0.23795
2656,5051,0.21216
2656,5104,0.27378
2656,5187,0.2778
2656,5395,0.21629
2656,5489,0.28973
2656,5533,0.2182
2656,5577,0.23993
2656,5629,0.21491
2656,5688,0.20174
2656,5788,0.29168
2656,5806,0.33646
2656,5823,0.26801
2656,6158,0.28187
2656,6181,0.23567
2657,2666,0.36164
2657,2838,0.29096
2657,2955,0.21555
2657,3053,0.43829
2657,3309,0.3883
2657,3418,0.21213
2657,4020,0.23466
2657,4413,0.41545
2657,4557,0.35158
2657,4637,0.28248
2657,4688,0.21998
2657,4878,0.31099
2657,5720,0.50247
2657,6149,0.35326
2658,2766,0.28662
2658,2790,0.2331
2658,2816,0.2366
2658,2839,0.33796
2658,3550,0.24313
2658,3643,0.25423
2658,3791,0.23922
2658,4226,0.22551
2658,4300,0.21956
2658,4352,0.25223
2658,4357,0.22417
2658,4521,0.35415
2658,4609,0.26289
2658,4638,0.44761
2658,4646,0.20971
2658,4836,0.24519
2658,4842,0.23351
2658,4915,0.26474
2658,5367,0.21008
2658,5557,0.27578
2658,6031,0.36396
2658,6040,0.21299
2659,2824,0.2514
2659,2830,0.2038
2659,3091,0.22705
2659,4401,0.23722
2659,4402,0.23428
2659,5250,0.25075
2659,5647,0.30221
2659,5670,0.32079
2659,6220,0.27854
2662,2664,0.21198
2662,2918,0.25212
2662,3177,0.2303
2662,3178,0.21889
2662,3228,0.25207
2662,3241,0.20786
2662,3246,0.20706
2662,3470,0.45336
2662,3542,0.23618
2662,3599,0.335
2662,3701,0.44997
2662,3839,0.2679
2662,3909,0.28736
2662,3955,0.2434
2662,4220,0.2822
2662,4271,0.30466
2662,4393,0.24924
2662,4453,0.28172
2662,4568,0.27202
2662,4622,0.38154
2662,4631,0.36225
2662,4642,0.21321
2662,4706,0.2998
2662,4744,0.27544
2662,4803,0.2595
2662,4900,0.2396
2662,4969,0.30211
2662,5009,0.28519
2662,5042,0.26788
2662,5143,0.43664
2662,5154,0.27984
2662,5160,0.25888
2662,5241,0.32406
2662,5576,0.40908
2662,5657,0.25915
2662,5884,0.36501
2662,5896,0.20416
2662,5924,0.34882
2662,5944,0.25804
2662,6028,0.2113
2662,6151,0.2002
2662,6207,0.28301
2663,2765,0.22899
2663,3613,0.2078
2663,4993,0.22687
2664,2918,0.20524
2664,3470,0.27325
2664,3476,0.29678
2664,3581,0.32198
2664,3701,0.30252
2664,3839,0.33456
2664,3909,0.25527
2664,3955,0.30335
2664,3958,0.22172
2664,4393,0.2109
2664,4453,0.29981
2664,4568,0.2995
2664,4631,0.43426
2664,4706,0.21213
2664,4940,0.2471
2664,5009,0.23191
2664,5143,0.21596
2664,5160,0.2384
2664,5267,0.39184
2664,5571,0.22999
2664,5576,0.41759
2664,5657,0.24215
2664,5710,0.28983
2664,5884,0.20343
2664,5944,0.204
2664,6202,0.20909
2664,6205,0.39873
2665,3533,0.26321
2665,4450,0.2173
2665,4872,0.24595
2665,5211,0.26042
2665,5903,0.24784
2666,2838,0.21422
2666,2841,0.36164
2666,3053,0.26019
2666,3309,0.25155
2666,3387,0.2434
2666,3534,0.2831
2666,3907,0.21832
2666,4240,0.22261
2666,4368,0.28514
2666,4413,0.26019
2666,4557,0.26213
2666,5460,0.20212
2666,5720,0.25386
2666,6072,0.32257
2669,3052,0.22246
2669,4765,0.2086
2669,5601,0.20223
2670,2771,0.34761
2670,3030,0.26452
2670,3033,0.2028
2670,3474,0.2215
2670,3515,0.35385
2670,4172,0.29766
2670,4337,0.28995
2670,4356,0.22841
2670,4397,0.21998
2670,4818,0.24574
2670,5071,0.276
2670,5450,0.29709
2670,5486,0.3876
2670,5593,0.43245
2670,6057,0.21934
2670,6123,0.26698
2670,6179,0.36105
2671,5489,0.21556
2672,4366,0.28151
2672,4652,0.20317
2672,5376,0.24168
2674,3209,0.21919
2674,3596,0.26405
2674,3864,0.31574
2674,5265,0.21832
2674,5774,0.20268
2675,3689,0.304
2675,5903,0.3863
2675,6091,0.23957
2677,2759,0.22065
2677,2790,0.22565
2677,2906,0.29278
2677,3245,0.22387
2677,3252,0.25932
2677,3472,0.25858
2677,3550,0.25874
2677,3643,0.2207
2677,3710,0.2084
2677,3821,0.34168
2677,4022,0.27891
2677,4226,0.2054
2677,4227,0.20156
2677,4352,0.28368
2677,4561,0.33529
2677,4609,0.27213
2677,4842,0.29687
2677,4861,0.21778
2677,4907,0.32953
2677,4971,0.24118
2677,5005,0.23406
2677,5090,0.28343
2677,5367,0.25026
2677,5557,0.25013
2677,5930,0.22766
2677,6031,0.22534
2677,6040,0.25455
2678,4750,0.26732
2678,5258,0.23028
2678,5399,0.26238
2678,5841,0.20584
2679,3149,0.21133
2679,4155,0.23299
2679,4215,0.2446
2679,4912,0.32845
2679,5206,0.20547
2679,5378,0.21166
2681,3131,0.2002
2683,2914,0.21403
2684,2935,0.23591
2684,3502,0.20633
2684,3763,0.22758
2684,4097,0.21632
2684,4114,0.27395
2684,4863,0.25498
2684,5272,0.21168
2684,5409,0.37025
2684,5494,0.25844
2685,5347,0.21041
2685,5951,0.21191
2687,2951,0.46396
2687,3619,0.27651
2687,3821,0.21049
2687,3848,0.24112
2687,3950,0.21702
2687,4189,0.20118
2687,4659,0.22076
2687,5600,0.20984
2687,6032,0.37805
2689,4189,0.27275
2689,5804,0.20402
2690,3008,0.27619
2690,4956,0.22955
2690,5666,0.20712
2690,5965,0.28296
2690,6223,0.20663
2693,3008,0.29452
2693,5357,0.2173
2695,2741,0.31099
2695,2805,0.2822
2695,2921,0.21062
2695,3014,0.20881
2695,3487,0.30617
2695,3661,0.26732
2695,4531,0.44208
2695,4733,0.21879
2695,4808,0.23415
2695,5362,0.22725
2695,5389,0.3883
2695,5586,0.23577
2695,5819,0.25211
2695,5890,0.49019
2697,4952,0.20287
2697,5409,0.22134
2697,5411,0.22287
2698,2780,0.36122
2698,4441,0.23981
2699,5992,0.21592
2700,4134,0.54581
2700,4255,0.26494
2700,4970,0.23907
2700,5961,0.20132
2700,6198,0.28297
2702,3350,0.25236
2702,4227,0.32433
2702,4708,0.29952
2702,4811,0.21953
2702,4971,0.26581
2702,5061,0.24492
2702,5826,0.24134
2702,5862,0.32222
2703,3944,0.21685
2703,5293,0.4858
2703,5502,0.24354
2703,5605,0.22734
2706,3588,0.23981
2706,5841,0.28248
2709,2821,0.40759
2709,3208,0.27728
2709,3251,0.38237
2709,3283,0.20486
2709,3574,0.24255
2709,3732,0.22432
2709,3853,0.30278
2709,3948,0.33763
2709,4130,0.24424
2709,4150,0.30846
2709,4444,0.22259
2709,4462,0.40434
2709,4602,0.22276
2709,5007,0.28557
2709,5064,0.29963
2709,5390,0.34091
2709,5393,0.20156
2709,5456,0.38452
2709,5482,0.27821
2709,5509,0.24393
2709,5607,0.25654
2709,5625,0.20973
2710,2735,0.21213
2710,3052,0.23066
2710,4724,0.21357
2710,5902,0.2831
2711,2791,0.32754
2711,3207,0.20132
2711,3417,0.32006
2711,4126,0.21309
2711,4185,0.3623
2711,4647,0.37574
2711,4924,0.26019
2711,4962,0.2471
2711,5316,0.36152
2711,5960,0.20606
2713,2916,0.20851
2713,3146,0.47387
2713,3249,0.22952
2713,3639,0.21783
2713,3731,0.39625
2713,3846,0.20482
2713,3926,0.28632
2713,4155,0.26233
2713,4215,0.32232
2713,4294,0.50779
2713,4373,0.337
2713,4528,0.37152
2713,4676,0.26057
2713,4743,0.23776
2713,4971,0.20668
2713,5206,0.30194
2713,5329,0.20804
2713,5378,0.25784
2713,5408,0.20776
2713,5605,0.22458
2713,5669,0.28296
2713,5893,0.22158
2713,6092,0.2001
2713,6191,0.33762
2714,3047,0.20462
2714,3811,0.2876
2714,5789,0.20384
2715,3804,0.22997
2715,4134,0.26487
2715,5453,0.24458
2715,5675,0.24862
2715,5841,0.25451
2716,4228,0.20689
2717,2796,0.2457
2717,2857,0.38274
2717,2873,0.32224
2717,2953,0.43249
2717,3030,0.26805
2717,3674,0.33986
2717,3805,0.33687
2717,4409,0.20565
2717,4479,0.24618
2717,4624,0.21264
2717,4686,0.47389
2717,4858,0.37817
2717,4921,0.36256
2717,4929,0.25695
2717,5072,0.37141
2717,5623,0.22778
2719,3127,0.25546
2719,4108,0.25867
2719,5658,0.28301
2721,3418,0.20705
2721,4891,0.21001
2721,5298,0.24498
2721,5974,0.2286
2724,2869,0.25603
2724,2958,0.20927
2724,2968,0.25211
2724,3174,0.30609
2724,3412,0.21095
2724,3904,0.22353
2724,4012,0.47513
2724,4028,0.24136
2724,4128,0.21944
2724,4142,0.3425
2724,4365,0.28783
2724,4376,0.21663
2724,4748,0.21148
2724,4817,0.2833
2724,5181,0.20516
2724,5374,0.25049
2724,5429,0.21069
2724,5666,0.28538
2724,5670,0.24437
2724,5716,0.24821
2724,5756,0.2084
2724,6003,0.20584
2724,6113,0.21224
2725,4042,0.20834
2725,5124,0.20126
2727,6049,0.28296
2728,2781,0.28935
2728,3081,0.20143
2728,3355,0.20928
2728,3394,0.47619
2728,3657,0.23898
2728,3662,0.70407
2728,3958,0.72821
2728,4166,0.24566
2728,4317,0.23809
2728,4454,0.40341
2728,4615,0.21533
2728,4803,0.26019
2728,5186,0.23359
2728,5654,0.54715
2729,3589,0.21062
2729,3859,0.23927
2729,3879,0.26019
2729,4688,0.21479
2729,5233,0.21213
2729,5738,0.26019
2730,2905,0.20275
2731,2763,0.21618
2731,3855,0.32888
2731,4224,0.36487
2731,4348,0.35268
2731,4639,0.35515
2731,5872,0.37548
2732,2747,0.22927
2732,3637,0.277
2732,5260,0.25455
2732,5364,0.25715
2732,5442,0.25333
2732,5905,0.24836
2734,4001,0.22205
2735,4786,0.35219
2736,3968,0.21436
2737,4760,0.45012
2737,5175,0.57055
2737,5284,0.57439
2741,2878,0.4102
2741,3661,0.57055
2741,3754,0.21193
2741,4274,0.45113
2741,4435,0.45012
2741,4531,0.25492
2741,5001,0.22725
2741,5178,0.26133
2741,5221,0.68877
2741,5463,0.27066
2741,5523,0.26019
2741,5890,0.21028
2741,5933,0.59084
2742,2880,0.25967
2742,2927,0.20113
2742,2955,0.24985
2742,3045,0.24775
2742,3692,0.20845
2742,3712,0.20636
2742,3836,0.2232
2742,4090,0.2314
2742,4139,0.21723
2742,4439,0.27365
2742,4538,0.23152
2742,4577,0.27878
2742,5104,0.22637
2742,5317,0.30239
2742,5379,0.21301
2742,5489,0.32024
2742,5788,0.26237
2743,5271,0.31408
2744,3096,0.21175
2744,3278,0.2013
2744,4286,0.24461
2744,6048,0.21817
2745,2900,0.20289
2745,3976,0.21536
2745,5007,0.25349
2745,5393,0.23809
2745,5456,0.21883
2745,6175,0.24183
2747,2961,0.22975
2747,3637,0.21863
2747,5260,0.3023
2747,5364,0.33389
2747,5374,0.22309
2747,5905,0.26141
2748,3174,0.26694
2748,3412,0.23241
2748,3904,0.21798
2748,5848,0.20778
2749,3619,0.26557
2749,3700,0.23256
2749,3950,0.2543
2749,4098,0.2072
2749,4189,0.42244
2749,4223,0.20451
2749,4507,0.27386
2749,4610,0.20352
2749,4659,0.21792
2749,5096,0.36483
2749,5437,0.33578
2749,5701,0.31914
2749,5825,0.29686
2752,4089,0.20296
2752,4556,0.24795
2752,5083,0.20919
2753,5418,0.28864
2753,6077,0.30561
2755,2854,0.21471
2755,4616,0.20748
2755,4700,0.22725
2755,4707,0.26732
2755,4999,0.29335
2755,6054,0.23577
2757,3486,0.21028
2757,3960,0.20923
2759,2790,0.43448
2759,2839,0.24315
2759,2906,0.25673
2759,3245,0.23961
2759,3252,0.2254
2759,3472,0.4483
2759,3550,0.23467
2759,3579,0.23964
2759,3643,0.21925
2759,3791,0.23185
2759,3821,0.31977
2759,3848,0.22368
2759,3926,0.22516
2759,4022,0.30512
2759,4083,0.27
2759,4294,0.22031
2759,4842,0.23577
2759,4907,0.25738
2759,4971,0.21596
2759,5206,0.26262
2759,5367,0.22703
2759,5557,0.3961
2759,5930,0.52726
2759,6031,0.28796
2759,6040,0.22403
2759,6191,0.21046
2761,3224,0.20504
2761,4033,0.39642
2761,4705,0.23755
2761,5720,0.20712
2761,5722,0.33493
2761,5727,0.20838
2761,5833,0.21089
2761,6149,0.20249
2762,4627,0.20847
2763,3882,0.22466
2763,4185,0.29957
2763,4445,0.22389
2763,4639,0.21632
2763,4728,0.20225
2763,5872,0.21176
2763,5874,0.23171
2765,4993,0.23759
2766,3101,0.25386
2766,3102,0.23259
2766,4521,0.30788
2766,4638,0.33349
2768,3077,0.2229
2768,3951,0.22341
2768,5449,0.25159
2768,5721,0.25394
2769,4166,0.22716
2769,4462,0.24146
2769,4603,0.24454
2769,5390,0.21411
2771,2909,0.35503
2771,3033,0.44944
2771,3515,0.61788
2771,3620,0.34498
2771,4356,0.44473
2771,4397,0.21739
2771,4780,0.38137
2771,4818,0.56743
2771,5017,0.2071
2771,5450,0.64336
2771,5484,0.23609
2771,5593,0.29976
2771,6057,0.31151
2771,6123,0.32828
2771,6137,0.37332
2772,3320,0.23262
2772,4077,0.21166
2772,4605,0.26
2772,6126,0.21297
2773,3009,0.26685
2773,6051,0.21614
2775,4134,0.24717
2775,4196,0.20684
2775,4970,0.2206
2775,5273,0.31115
2775,5675,0.23449
2775,5977,0.20324
2778,3834,0.2707
2779,3457,0.2145
2779,5070,0.29829
2779,5742,0.27263
2779,5916,0.22771
2779,6218,0.38004
2780,4297,0.22517
2780,4441,0.26334
2780,4933,0.25285
2781,2911,0.46451
2781,3394,0.21848
2781,3662,0.27715
2781,3958,0.27883
2781,4306,0.44599
2781,4572,0.36338
2782,2938,0.45258
2782,2970,0.39871
2782,3023,0.20309
2782,3123,0.35858
2782,3446,0.55607
2782,3495,0.45871
2782,3531,0.2867
2782,3707,0.45669
2782,3978,0.39717
2782,4161,0.44818
2782,4414,0.41094
2782,4743,0.21525
2782,4956,0.27341
2782,5329,0.37833
2782,5527,0.43286
2782,5649,0.3203
2782,5742,0.28699
2782,5804,0.20214
2782,5893,0.34823
2782,6082,0.34471
2784,3055,0.24618
2784,3333,0.21997
2784,3651,0.20066
2784,3755,0.2533
2784,4106,0.21237
2784,4942,0.20116
2785,2854,0.25049
2785,4707,0.57439
2788,3464,0.23981
2788,3907,0.23577
2788,4249,0.3876
2788,4553,0.20332
2789,4692,0.20685
2789,5156,0.21213
2789,5896,0.28688
2790,2816,0.25996
2790,2839,0.35365
2790,2906,0.41525
2790,2993,0.32027
2790,3148,0.21813
2790,3245,0.25638
2790,3252,0.2537
2790,3472,0.69133
2790,3550,0.31705
2790,3579,0.4213
2790,3643,0.38089
2790,3710,0.23919
2790,3791,0.28458
2790,3821,0.28812
2790,3854,0.26373
2790,4022,0.232
2790,4226,0.33147
2790,4300,0.25288
2790,4352,0.38014
2790,4357,0.23112
2790,4561,0.24129
2790,4579,0.22978
2790,4607,0.29707
2790,4609,0.36997
2790,4646,0.3251
2790,4722,0.28034
2790,4777,0.22249
2790,4836,0.34975
2790,4842,0.42654
2790,4907,0.30534
2790,4915,0.25205
2790,5090,0.44886
2790,5099,0.25086
2790,5367,0.34187
2790,5557,0.6122
2790,5930,0.48209
2790,5995,0.25377
2790,6031,0.43683
2790,6040,0.32588
2790,6092,0.23129
2790,6094,0.25564
2791,4202,0.29154
2791,4647,0.20086
2791,4879,0.22288
2791,5140,0.26442
2791,5316,0.22963
2791,5411,0.25379
2791,5520,0.32354
2791,5739,0.20461
2792,2972,0.24306
2792,3548,0.25043
2792,3881,0.21553
2792,4810,0.27599
2792,4850,0.22748
2792,5067,0.21702
2792,5792,0.36755
2793,6022,0.27038
2795,5054,0.26823
2795,5848,0.20338
2795,6001,0.22077
2795,6018,0.24806
2795,6172,0.38952
2796,2857,0.26588
2796,2873,0.23912
2796,2953,0.35284
2796,2954,0.20878
2796,3030,0.48582
2796,3674,0.2106
2796,3888,0.22066
2796,4313,0.27127
2796,4686,0.3101
2796,4858,0.22981
2796,4921,0.29933
2796,5028,0.24728
2796,5072,0.30381
2796,5415,0.29243
2796,5623,0.29977
2797,2833,0.29679
2797,3170,0.56579
2797,3496,0.2949
2797,3497,0.38138
2797,3610,0.30833
2797,3639,0.31209
2797,3926,0.30112
2797,4155,0.22659
2797,4215,0.20236
2797,4361,0.25607
2797,4373,0.21447
2797,4395,0.54137
2797,4562,0.35627
2797,4743,0.25645
2797,4848,0.33598
2797,4888,0.48805
2797,4912,0.24645
2797,5206,0.32285
2797,5378,0.49019
2797,5652,0.22891
2797,5958,0.31249
2798,4196,0.26658
2798,5977,0.21138
2799,2900,0.20885
2799,3208,0.22206
2799,3283,0.29536
2799,3437,0.20595
2799,3798,0.31778
2799,3900,0.20869
2799,3948,0.21997
2799,4130,0.2226
2799,4150,0.20114
2799,4558,0.22294
2799,4594,0.21
2799,5047,0.28059
2799,5239,0.23566
2799,5428,0.20744
2799,5457,0.36452
2799,5772,0.22201
2799,5873,0.21297
2800,4193,0.2877
2800,5040,0.20226
2800,5159,0.24752
2802,3516,0.26878
2802,4089,0.28385
2802,4108,0.20921
2802,4630,0.22725
2802,4789,0.28783
2802,5653,0.36808
2803,3834,0.25994
2803,4589,0.24551
2803,6230,0.25864
2804,3293,0.20462
2805,2869,0.25049
2805,4069,0.25211
2805,4365,0.22725
2805,4997,0.34012
2805,5389,0.21146
2805,5586,0.22399
2806,2950,0.22799
2806,3146,0.2177
2806,3795,0.24113
2806,4145,0.20902
2806,4282,0.3033
2806,4626,0.20483
2806,5039,0.26456
2806,5325,0.20857
2806,6092,0.21656
2807,5201,0.41296
2807,6075,0.22123
2808,3246,0.21468
2810,4417,0.20327
2811,2954,0.24212
2811,3144,0.20125
2811,3225,0.26688
2811,3312,0.2265
2811,3826,0.25392
2811,3913,0.21336
2811,5119,0.25788
2812,2935,0.2009
2812,4114,0.27587
2812,4284,0.21598
2812,4689,0.25659
2812,5145,0.21234
2812,5307,0.3257
2812,5404,0.21936
2812,5409,0.20441
2812,5490,0.29949
2812,5494,0.26135
2812,5518,0.23414
2812,5590,0.2914
2812,5721,0.20174
2812,5859,0.30205
2813,2857,0.22435
2813,3164,0.24129
2813,3706,0.24029
2813,4243,0.22955
2813,4890,0.30301
2813,5192,0.23042
2813,5626,0.63663
2813,5959,0.54006
2813,6010,0.55843
2813,6025,0.65952
2814,3508,0.25566
2814,3832,0.20298
2814,3916,0.26885
2814,4258,0.20815
2814,5332,0.25056
2814,6026,0.20245
2815,3359,0.21422
2815,4204,0.20881
2815,4814,0.27311
2815,4837,0.20402
2815,5788,0.21858
2816,3134,0.50576
2816,3337,0.37258
2816,3472,0.26253
2816,3643,0.22551
2816,3821,0.21114
2816,3848,0.22725
2816,4022,0.25704
2816,4083,0.22091
2816,4133,0.40709
2816,4226,0.2196
2816,4357,0.28296
2816,4609,0.2202
2816,4646,0.45012
2816,4722,0.20716
2816,4842,0.21241
2816,4907,0.22285
2816,4971,0.26536
2816,5039,0.22018
2816,5275,0.45113
2816,5508,0.21475
2816,5641,0.25321
2816,5642,0.28552
2816,6003,0.36256
2816,6077,0.26301
2816,6091,0.44446
2816,6094,0.21213
2817,3374,0.2046
2817,3871,0.50175
2817,3965,0.37275
2817,4074,0.45403
2817,4546,0.39956
2817,5200,0.38801
2819,2828,0.2167
2819,3519,0.23675
2819,5525,0.23015
2819,5677,0.20668
2820,3380,0.24174
2820,3590,0.21013
2820,4114,0.27263
2820,4593,0.21146
2820,4903,0.23134
2820,4924,0.25518
2820,5057,0.2028
2820,5901,0.2413
2820,6051,0.21614
2821,3228,0.24583
2821,3251,0.47187
2821,3853,0.47034
2821,4009,0.26851
2821,4150,0.21945
2821,4462,0.34989
2821,5007,0.20156
2821,5064,0.2553
2821,5071,0.21748
2821,5390,0.41416
2821,5482,0.24511
2821,5607,0.21482
2821,5625,0.24642
2821,6159,0.20973
2821,6192,0.21582
2823,5074,0.20155
2823,5961,0.25842
2824,3183,0.22573
2824,3244,0.35158
2824,3475,0.21946
2824,3675,0.25018
2824,3745,0.23872
2824,4324,0.27532
2824,4336,0.36122
2824,4402,0.21802
2824,4582,0.24102
2824,4675,0.25568
2824,5250,0.22264
2824,5300,0.42151
2824,5572,0.21166
2824,5647,0.26323
2824,5996,0.23981
2824,6046,0.20073
2825,5091,0.32984
2825,5644,0.21533
2826,3043,0.21061
2826,3600,0.31215
2826,3669,0.50074
2826,5005,0.43922
2826,5745,0.21982
2828,3512,0.20178
2828,4143,0.26019
2828,4899,0.20881
2828,5567,0.22588
2829,2940,0.22955
2829,3210,0.26213
2829,3324,0.20595
2829,3689,0.21912
2829,4177,0.25024
2829,4197,0.20603
2829,4994,0.20397
2829,5201,0.21487
2829,5310,0.2691
2830,5476,0.50011
2830,5670,0.21256
2831,3077,0.2449
2832,3804,0.23402
2833,3170,0.38484
2833,3496,0.29452
2833,3497,0.26694
2833,3610,0.29813
2833,3639,0.31299
2833,3926,0.28177
2833,4155,0.22777
2833,4215,0.23983
2833,4373,0.23603
2833,4395,0.40477
2833,4528,0.23173
2833,4562,0.27795
2833,4676,0.25518
2833,4743,0.20303
2833,4848,0.21779
2833,4888,0.36064
2833,4912,0.30042
2833,5025,0.20808
2833,5036,0.23675
2833,5206,0.37732
2833,5329,0.23303
2833,5378,0.37258
2833,5652,0.22254
2833,5893,0.20808
2833,5958,0.22211
2834,4001,0.30111
2834,4021,0.20702
2834,4036,0.25316
2834,4052,0.40722
2834,4794,0.34661
2834,5580,0.39622
2834,5886,0.4027
2834,5934,0.39743
2834,6153,0.22761
2834,6175,0.21136
2836,3375,0.40653
2836,5285,0.35195
2836,6100,0.26297
2836,6124,0.24253
2837,3047,0.22855
2837,3793,0.4102
2837,5214,0.28983
2838,3053,0.3876
2838,3309,0.20994
2838,3461,0.21079
2838,4131,0.50247
2838,4413,0.39745
2838,4557,0.39069
2838,4637,0.28658
2838,4878,0.20927
2838,5720,0.36808
2838,6149,0.26213
2839,2993,0.26477
2839,3472,0.38934
2839,3550,0.35158
2839,3643,0.30964
2839,4226,0.2677
2839,4300,0.45941
2839,4352,0.30246
2839,4521,0.27902
2839,4579,0.42222
2839,4609,0.30908
2839,4836,0.384
2839,4915,0.22609
2839,5090,0.22405
2839,5099,0.3303
2839,5557,0.50432
2839,5600,0.24115
2839,6031,0.44656
2839,6040,0.38452
2839,6183,0.28306
2841,2915,0.20994
2841,3053,0.23577
2841,3309,0.3883
2841,3418,0.35326
2841,4020,0.27619
2841,4413,0.28248
2841,4878,0.38776
2841,5402,0.22955
2841,5460,0.2106
2841,5720,0.26607
2841,5753,0.22725
2841,6149,0.25518
2843,2927,0.20246
2843,3045,0.20467
2843,3284,0.2999
2843,3607,0.21083
2843,4599,0.2908
2843,5689,0.24064
2843,5697,0.25054
2844,2869,0.2173
2844,5374,0.20861
2844,5898,0.21193
2844,6126,0.23415
2846,2945,0.22692
2846,2954,0.26159
2846,3283,0.23653
2846,3303,0.25509
2846,3395,0.2471
2846,3454,0.20806
2846,3616,0.39132
2846,3711,0.20045
2846,3805,0.25451
2846,3851,0.21534
2846,4011,0.23417
2846,4380,0.29641
2846,4423,0.25292
2846,4443,0.31832
2846,4774,0.50918
2846,4858,0.20294
2846,4890,0.24934
2846,4984,0.22852
2846,5192,0.31967
2846,5215,0.24303
2846,5239,0.23609
2846,5304,0.20623
2846,5333,0.27966
2846,5626,0.2349
2846,5874,0.20181
2846,5878,0.23782
2846,6078,0.27041
2846,6111,0.21326
2846,6112,0.35837
2847,2854,0.27665
2847,3593,0.26305
2851,3195,0.20087
2851,4255,0.20649
2851,5449,0.46289
2851,5604,0.2009
2853,6051,0.20994
2854,2910,0.22725
2854,2994,0.27407
2854,3083,0.21528
2854,3221,0.44446
2854,3257,0.22261
2854,3319,0.23028
2854,3486,0.39069
2854,3553,0.22725
2854,3560,0.28783
2854,3649,0.22161
2854,3749,0.25603
2854,3778,0.21528
2854,3802,0.26732
2854,3880,0.20158
2854,3971,0.27619
2854,4013,0.25603
2854,4570,0.2173
2854,4581,0.22399
2854,4707,0.25518
2854,4732,0.28783
2854,4773,0.34012
2854,4939,0.26607
2854,5097,0.26073
2854,5425,0.27407
2854,5500,0.20201
2854,5670,0.23466
2855,3314,0.21492
2855,3865,0.20289
2855,3929,0.2208
2855,4302,0.20653
2855,4502,0.20234
2855,4782,0.24903
2855,5644,0.26565
2855,6093,0.20646
2856,4067,0.23174
2857,2873,0.25616
2857,2953,0.26829
2857,2954,0.3086
2857,2984,0.2065
2857,3030,0.25312
2857,3674,0.35612
2857,3805,0.34652
2857,4409,0.30921
2857,4545,0.23013
2857,4624,0.20622
2857,4686,0.4169
2857,4858,0.32531
2857,4921,0.38091
2857,4929,0.35295
2857,5072,0.47079
2857,5623,0.2189
2857,5743,0.27907
2857,5959,0.20196
2857,5992,0.25451
2857,6010,0.23527
2858,5240,0.22279
2858,5785,0.24428
2859,5362,0.28049
2860,3001,0.22296
2860,3055,0.23529
2860,3112,0.22743
2860,3128,0.20307
2860,3160,0.24663
2860,3783,0.20697
2860,4090,0.21728
2860,5260,0.2093
2860,5364,0.25365
2860,5384,0.44363
2860,5392,0.35428
2860,5447,0.22188
2860,5585,0.22747
2860,5734,0.27969
2860,5789,0.20187
2862,5476,0.38316
2863,2987,0.24941
2863,3126,0.45012
2863,3767,0.27665
2863,4032,0.25148
2863,4355,0.45542
2863,5601,0.22196
2863,5751,0.26607
2863,5852,0.50247
2863,6052,0.25969
2863,6063,0.40602
2864,4753,0.20236
2864,4879,0.2434
2864,5551,0.28538
2864,6222,0.30239
2865,2951,0.215
2865,3619,0.21028
2865,4352,0.20654
2865,5825,0.21213
2866,3639,0.21192
2866,4239,0.25176
2866,4743,0.27576
2866,4956,0.35219
2867,4430,0.20088
2867,4470,0.22725
2868,3551,0.22132
2869,2921,0.20158
2869,3661,0.33578
2869,3754,0.21879
2869,4021,0.20158
2869,4069,0.21297
2869,4143,0.25557
2869,4531,0.28783
2869,5221,0.2028
2869,5331,0.21555
2869,5374,0.30239
2869,5898,0.25148
2869,5935,0.26019
2869,6124,0.20748
2869,6126,0.36122
2870,4234,0.20584
2870,4249,0.2107
2870,4655,0.28783
2870,4963,0.27619
2872,3205,0.25883
2872,4176,0.3021
2873,2953,0.32691
2873,2954,0.2282
2873,3030,0.23484
2873,3616,0.23288
2873,3805,0.37011
2873,4011,0.22598
2873,4313,0.23418
2873,4479,0.21305
2873,4586,0.22947
2873,4624,0.20616
2873,4686,0.34329
2873,4858,0.38726
2873,4890,0.20294
2873,4921,0.35262
2873,4929,0.22708
2873,4984,0.2187
2873,5072,0.32635
2873,5119,0.20046
2873,5415,0.43577
2873,5484,0.27054
2873,5537,0.31508
2873,5878,0.20352
2876,3997,0.21095
2878,2980,0.20584
2878,5001,0.44446
2878,5595,0.21166
2878,5898,0.22725
2878,5933,0.21166
2878,6101,0.47513
2878,6126,0.31949
2880,2927,0.23697
2880,3045,0.23394
2880,3122,0.21038
2880,3370,0.20856
2880,3393,0.27218
2880,3408,0.2521
2880,3607,0.29003
2880,3712,0.3151
2880,3812,0.25333
2880,3836,0.31742
2880,4125,0.22725
2880,4230,0.24814
2880,4326,0.23365
2880,4439,0.24439
2880,4538,0.28449
2880,4570,0.26838
2880,4577,0.26969
2880,4837,0.36496
2880,5051,0.25914
2880,5104,0.24169
2880,5379,0.27198
2880,5489,0.36238
2880,5500,0.23628
2880,5577,0.20014
2880,5677,0.22399
2880,5689,0.25049
2880,5713,0.22718
2880,5734,0.22088
2881,3392,0.21499
2882,4707,0.22725
2882,4999,0.20288
2882,6054,0.25557
2883,5265,0.31967
2884,4847,0.2051
2885,2949,0.20262
2885,3175,0.32697
2885,4394,0.20931
2885,5190,0.24228
2885,5218,0.27552
2887,3110,0.43574
2887,3832,0.26823
2887,4975,0.50247
2888,5035,0.30239
2889,3030,0.20881
2889,4313,0.22684
2890,3428,0.28783
2890,3444,0.25211
2890,4004,0.21844
2890,4806,0.21062
2890,5171,0.25243
2890,5719,0.20287
2891,3780,0.25504
2891,5620,0.29911
2891,5714,0.21488
2893,6003,0.20879
2895,4181,0.2401
2895,5273,0.32913
2896,2942,0.3425
2896,3362,0.2173
2896,5698,0.26133
2896,6120,0.33828
2897,3050,0.2041
2897,4216,0.20242
2897,5104,0.23132
2897,6158,0.44381
2897,6181,0.2405
2899,3418,0.21713
2899,4067,0.27514
2900,3208,0.55054
2900,3228,0.28765
2900,3234,0.3822
2900,3283,0.38754
2900,3289,0.24254
2900,3437,0.35829
2900,3545,0.21496
2900,3574,0.41989
2900,3646,0.20609
2900,3732,0.29774
2900,3798,0.20001
2900,3833,0.41835
2900,3853,0.2323
2900,3948,0.46443
2900,3976,0.29012
2900,4009,0.31405
2900,4062,0.20292
2900,4082,0.21654
2900,4130,0.41097
2900,4150,0.43807
2900,4462,0.33736
2900,4603,0.50124
2900,4641,0.20652
2900,4706,0.27665
2900,4909,0.21807
2900,5007,0.40951
2900,5047,0.41645
2900,5064,0.30582
2900,5071,0.26255
2900,5092,0.24592
2900,5174,0.26322
2900,5190,0.2121
2900,5236,0.27108
2900,5239,0.4366
2900,5246,0.22503
2900,5313,0.23999
2900,5390,0.25757
2900,5393,0.29594
2900,5428,0.41142
2900,5456,0.4126
2900,5457,0.23324
2900,5482,0.25206
2900,5509,0.31225
2900,5538,0.4084
2900,5607,0.4236
2900,5625,0.45692
2900,5628,0.32836
2900,5637,0.20628
2900,5845,0.22261
2900,5873,0.26213
2900,5883,0.35415
2900,5942,0.2229
2900,6159,0.21681
2900,6168,0.25969
2900,6175,0.21522
2900,6192,0.23592
2901,4225,0.3372
2901,5823,0.29127
2902,2918,0.24517
2902,3155,0.53975
2902,3178,0.37879
2902,3223,0.2198
2902,3420,0.31333
2902,3701,0.24658
2902,3839,0.24685
2902,3909,0.30086
2902,4208,0.44321
2902,4568,0.32001
2902,4631,0.29147
2902,4685,0.46853
2902,4698,0.28146
2902,4744,0.24863
2902,4803,0.26732
2902,4845,0.34006
2902,4969,0.35603
2902,5009,0.3731
2902,5241,0.42272
2902,5657,0.33976
2902,5710,0.2057
2902,5875,0.36819
2902,5884,0.2208
2902,5944,0.33836
2903,3795,0.20707
2903,3821,0.20017
2903,3926,0.20297
2903,4022,0.25512
2903,4083,0.20289
2903,4352,0.22181
2903,4722,0.21554
2903,5930,0.22303
2904,3119,0.20216
2904,3633,0.29767
2904,5597,0.41144
2904,6185,0.25364
2904,6216,0.21871
2906,2993,0.27649
2906,3192,0.20979
2906,3245,0.28792
2906,3252,0.30382
2906,3472,0.41516
2906,3550,0.23688
2906,3560,0.2201
2906,3643,0.31503
2906,3791,0.44646
2906,3821,0.36952
2906,3854,0.26654
2906,4022,0.31166
2906,4148,0.33352
2906,4226,0.29873
2906,4251,0.25609
2906,4352,0.35308
2906,4561,0.52737
2906,4607,0.31405
2906,4609,0.34617
2906,4646,0.2754
2906,4725,0.22678
2906,4836,0.22379
2906,4842,0.33638
2906,4861,0.20063
2906,4907,0.347
2906,5090,0.28735
2906,5270,0.38302
2906,5367,0.47073
2906,5557,0.33531
2906,5924,0.21955
2906,5930,0.22373
2906,5995,0.20946
2906,5998,0.33991
2906,6031,0.2586
2906,6040,0.21389
2908,3469,0.20239
2909,3033,0.40709
2909,4397,0.25756
2909,4818,0.28546
2909,5017,0.20229
2909,5450,0.36193
2909,5593,0.21602
2909,6057,0.26421
2910,3008,0.23466
2910,5425,0.45012
2911,4306,0.53525
2911,4454,0.216
2911,4572,0.44089
2914,3210,0.52721
2914,3482,0.2289
2914,3898,0.23606
2914,4254,0.22725
2914,4255,0.23435
2914,4523,0.43829
2914,5725,0.2939
2914,5760,0.22362
2914,5790,0.23666
2914,5911,0.23023
2915,3387,0.22725
2915,3534,0.21832
2916,4215,0.2162
2916,4294,0.23192
2916,4361,0.27004
2916,4373,0.26085
2916,4528,0.35506
2916,4999,0.2028
2916,5377,0.45029
2916,5742,0.34352
2916,5955,0.24174
2916,6088,0.20267
2917,3027,0.44043
2917,3212,0.33344
2917,3913,0.37258
2917,4095,0.58146
2917,4243,0.2529
2917,4503,0.49825
2917,4763,0.25631
2917,4767,0.32827
2917,4883,0.20624
2917,5793,0.29894
2918,3155,0.29582
2918,3177,0.27205
2918,3178,0.38768
2918,3223,0.31723
2918,3420,0.22793
2918,3470,0.25074
2918,3565,0.20642
2918,3701,0.28058
2918,3839,0.39996
2918,3909,0.26913
2918,3925,0.23629
2918,3955,0.20795
2918,4208,0.37223
2918,4271,0.27125
2918,4453,0.25697
2918,4568,0.32969
2918,4622,0.22587
2918,4631,0.33752
2918,4642,0.32446
2918,4685,0.25729
2918,4698,0.25326
2918,4744,0.2112
2918,4803,0.22955
2918,4845,0.28888
2918,4969,0.37382
2918,5009,0.29017
2918,5143,0.21017
2918,5160,0.27905
2918,5241,0.36422
2918,5267,0.21197
2918,5576,0.30813
2918,5657,0.23821
2918,5710,0.20052
2918,5875,0.20305
2918,5884,0.31498
2918,5944,0.46491
2918,6202,0.29255
2918,6205,0.26129
2921,5001,0.22725
2921,6126,0.30346
2922,3156,0.22107
2922,3662,0.20115
2922,3722,0.20091
2922,5889,0.22082
2923,6037,0.22149
2924,4159,0.23984
2924,5633,0.20916
2924,5761,0.30387
2924,5975,0.23959
2925,4245,0.2258
2927,3045,0.27315
2927,3370,0.22658
2927,3408,0.2065
2927,3607,0.33497
2927,3692,0.20086
2927,3712,0.23448
2927,3836,0.25163
2927,4104,0.29934
2927,4139,0.24552
2927,4326,0.21379
2927,4538,0.27418
2927,4577,0.21223
2927,4812,0.20028
2927,4837,0.2053
2927,5104,0.20657
2927,5489,0.24217
2927,5689,0.25242
2928,5784,0.2748
2928,5891,0.40271
2931,3008,0.29829
2931,3143,0.2595
2931,3190,0.35158
2931,3201,0.21929
2931,3409,0.40602
2931,4118,0.20051
2931,4254,0.26607
2931,4364,0.20534
2931,4682,0.27341
2931,4849,0.23954
2931,5283,0.21064
2931,5357,0.23577
2931,5425,0.20352
2931,5891,0.20069
2931,5902,0.21213
2931,6084,0.21166
2932,3402,0.28767
2932,3813,0.20145
2932,5389,0.21575
2932,5506,0.21372
2932,5794,0.30482
2932,6065,0.27492
2933,3304,0.20331
2933,3672,0.44446
2933,4004,0.23981
2933,4470,0.2028
2933,4806,0.40602
2933,5015,0.29255
2933,5210,0.21904
2933,5212,0.2878
2933,5829,0.30386
2933,6065,0.35158
2933,6170,0.20116
2934,5874,0.26757
2935,2940,0.21571
2935,2997,0.20366
2935,3032,0.36565
2935,3502,0.21518
2935,3590,0.22978
2935,4114,0.25454
2935,4284,0.23615
2935,4456,0.31033
2935,4593,0.20158
2935,4689,0.28277
2935,4696,0.2486
2935,5144,0.25204
2935,5145,0.32036
2935,5211,0.22677
2935,5272,0.25903
2935,5307,0.34571
2935,5409,0.36399
2935,5490,0.30168
2935,5494,0.29315
2935,5665,0.28621
2935,5786,0.22909
2935,5859,0.31348
2935,5885,0.35036
2936,3394,0.24046
2936,5140,0.20426
2936,5419,0.34605
2937,5344,0.2481
2937,5419,0.28983
2937,5799,0.22747
2938,2970,0.33673
2938,3023,0.24183
2938,3123,0.37143
2938,3446,0.42991
2938,3495,0.43631
2938,3531,0.25479
2938,3707,0.49465
2938,3978,0.34553
2938,4161,0.41177
2938,4414,0.41901
2938,4956,0.23927
2938,5329,0.38833
2938,5527,0.22725
2938,5649,0.31746
2938,5742,0.27049
2938,5893,0.36306
2938,6082,0.3806
2939,3257,0.23064
2939,3588,0.42151
2939,5140,0.22397
2939,5419,0.43286
2940,2960,0.30386
2940,2982,0.20201
2940,3296,0.20927
2940,3657,0.35158
2940,3749,0.20994
2940,3870,0.21528
2940,4013,0.22399
2940,4053,0.2822
2940,4197,0.27407
2940,4634,0.22399
2940,4689,0.22261
2940,4736,0.21528
2940,4853,0.21028
2940,4981,0.24957
2940,4994,0.28783
2940,5145,0.25603
2940,5198,0.20927
2940,5201,0.22955
2940,5211,0.21193
2940,5307,0.28296
2940,5433,0.20584
2940,5561,0.31594
2940,5662,0.27882
2940,5665,0.29686
2940,5699,0.25049
2940,5706,0.22996
2940,5786,0.20249
2940,6000,0.25557
2941,2959,0.23466
2941,3432,0.21455
2941,3619,0.22668
2941,4189,0.28007
2941,4223,0.30137
2941,4507,0.30044
2941,4659,0.26314
2941,4807,0.27455
2941,5215,0.30605
2941,5701,0.25453
2941,6224,0.21374
2942,3113,0.22281
2942,3905,0.20778
2942,3970,0.23655
2942,4335,0.26466
2942,5013,0.36122
2942,5526,0.21245
2943,5409,0.2083
2944,4142,0.20449
2944,4365,0.21017
2944,4531,0.20158
2944,5374,0.22628
2944,5513,0.25693
2944,6008,0.25731
2945,2959,0.22568
2945,3095,0.21981
2945,3312,0.20906
2945,3395,0.56893
2945,3847,0.23927
2945,4011,0.25658
2945,4462,0.25741
2945,4875,0.20566
2945,4984,0.29262
2945,5167,0.20039
2945,5304,0.30643
2945,5345,0.21083
2945,5428,0.21979
2945,5637,0.27266
2945,6002,0.22046
2945,6111,0.23746
2946,3596,0.25191
2946,3864,0.24235
2946,5364,0.23166
2947,3504,0.25518
2947,3937,0.2106
2947,4012,0.20236
2947,4216,0.22725
2947,5419,0.2028
2947,5445,0.21452
2948,3330,0.38354
2948,4739,0.25483
2948,5450,0.20985
2948,6057,0.21469
2949,4809,0.32493
2951,3619,0.2858
2951,3848,0.22103
2951,3950,0.27269
2951,4189,0.25093
2951,4223,0.20518
2951,4659,0.22184
2951,5557,0.2082
2951,5925,0.44208
2951,6032,0.44239
2952,4856,0.20768
2953,2988,0.24224
2953,3674,0.26235
2953,3888,0.20078
2953,4313,0.21164
2953,4397,0.26215
2953,4624,0.20745
2953,4686,0.44884
2953,4858,0.36268
2953,4991,0.21726
2953,5072,0.40119
2953,5415,0.33594
2954,2984,0.24759
2954,2988,0.23561
2954,3092,0.24169
2954,3144,0.27992
2954,3192,0.22935
2954,3213,0.21943
2954,3225,0.30255
2954,3312,0.27657
2954,3332,0.2612
2954,3674,0.23689
2954,3777,0.21342
2954,3805,0.29611
2954,3826,0.31231
2954,3913,0.22399
2954,3922,0.20729
2954,4011,0.2347
2954,4186,0.24753
2954,4243,0.20485
2954,4409,0.32538
2954,4446,0.21053
2954,4539,0.43013
2954,4545,0.52283
2954,4624,0.25793
2954,4686,0.34413
2954,4858,0.31548
2954,4921,0.30346
2954,4929,0.30434
2954,4984,0.22188
2954,5072,0.3655
2954,5086,0.26093
2954,5087,0.206
2954,5119,0.30835
2954,5303,0.3022
2954,5372,0.4008
2954,5626,0.22935
2954,5717,0.2558
2954,5737,0.20352
2954,5992,0.36483
2954,6010,0.21856
2955,4090,0.21393
2955,4837,0.26755
2955,5051,0.22132
2955,5395,0.22424
2955,5788,0.27559
2958,3050,0.2649
2958,3311,0.2703
2958,3451,0.27181
2958,3480,0.31878
2958,4003,0.31982
2958,4144,0.2419
2958,4273,0.21916
2958,4498,0.25547
2958,4623,0.29501
2958,4672,0.30042
2958,4887,0.26854
2958,4901,0.26001
2958,5237,0.26207
2958,5820,0.21213
2958,5997,0.4471
2958,6023,0.24898
2958,6181,0.28634
2959,3089,0.28095
2959,3439,0.23261
2959,3454,0.22286
2959,3933,0.23666
2959,4011,0.25874
2959,4257,0.21879
2959,4285,0.28658
2959,4349,0.25279
2959,4380,0.21208
2959,4394,0.2709
2959,4423,0.26882
2959,4443,0.20309
2959,4560,0.24976
2959,4602,0.2104
2959,4807,0.30115
2959,4984,0.24864
2959,5190,0.22569
2959,5215,0.32162
2959,5292,0.30769
2959,5318,0.34691
2959,5321,0.27131
2959,5333,0.3056
2959,5345,0.38524
2959,5493,0.23692
2959,5628,0.21907
2959,5763,0.28431
2959,5909,0.43992
2959,6143,0.2998
2959,6192,0.22064
2959,6193,0.23945
2960,4994,0.20002
2961,5260,0.32743
2961,5364,0.29711
2961,5905,0.61782
2962,4577,0.21039
2962,4816,0.22157
2962,5489,0.20243
2963,3250,0.255
2963,4670,0.21018
2965,4078,0.2084
2965,4802,0.22955
2965,5527,0.20158
2966,2980,0.27252
2966,3235,0.2595
2966,3323,0.28237
2966,3333,0.23624
2966,3642,0.2291
2966,3680,0.22191
2966,3867,0.20824
2966,3975,0.22444
2966,4132,0.25969
2966,4243,0.25049
2966,4267,0.21481
2966,4455,0.20994
2966,4571,0.2808
2966,4605,0.23042
2966,4869,0.28869
2966,5153,0.22097
2966,5195,0.24886
2966,5326,0.25211
2966,5475,0.24229
2967,3481,0.34489
2967,3841,0.22436
2967,4325,0.25282
2967,4537,0.32119
2967,4783,0.32374
2967,4799,0.2577
2967,5111,0.21566
2967,5528,0.21283
2967,5544,0.24302
2967,5975,0.39105
2967,6013,0.27972
2968,3380,0.20296
2968,3754,0.28296
2968,4012,0.25211
2968,4315,0.28983
2968,4711,0.20584
2968,4733,0.20262
2968,5455,0.20201
2968,5756,0.27619
2969,3609,0.20262
2969,4247,0.20158
2969,5035,0.24941
2969,5796,0.22725
2970,3023,0.29695
2970,3123,0.34823
2970,3446,0.45402
2970,3495,0.40736
2970,3531,0.28165
2970,3707,0.32385
2970,3978,0.45017
2970,4161,0.33314
2970,4239,0.23526
2970,4414,0.34409
2970,4743,0.27607
2970,4923,0.29309
2970,4956,0.36256
2970,5012,0.27417
2970,5329,0.36321
2970,5527,0.33828
2970,5649,0.43304
2970,5742,0.33986
2970,5804,0.23933
2970,5826,0.34281
2970,5893,0.31563
2970,6082,0.39717
2970,6212,0.37349
2971,4193,0.425
2971,5159,0.2855
2972,2995,0.22874
2972,3548,0.31395
2972,4810,0.35236
2972,4828,0.25821
2972,5310,0.25819
2972,5356,0.23001
2972,5792,0.31048
2972,6188,0.21282
2973,5607,0.23207
2974,5143,0.20932
2975,3142,0.20454
2975,3265,0.25644
2975,3313,0.20324
2975,3509,0.21608
2975,3778,0.21685
2975,3843,0.27917
2975,4555,0.26592
2975,4896,0.23133
2975,5281,0.39891
2975,5635,0.2046
2975,6221,0.23229
2977,3222,0.27594
2977,3409,0.20881
2977,3754,0.23927
2977,4315,0.28514
2977,5827,0.23872
2977,5898,0.20994
2977,5935,0.25557
2977,6084,0.36164
2978,3564,0.45113
2978,4092,0.29829
2978,4849,0.25154
2978,5133,0.24979
2978,5750,0.26228
2979,4827,0.24373
2980,3042,0.20885
2980,3184,0.26073
2980,3235,0.34012
2980,3323,0.37524
2980,3642,0.25682
2980,3705,0.25148
2980,3867,0.24097
2980,3975,0.2659
2980,4132,0.4148
2980,4329,0.23981
2980,4455,0.27619
2980,4605,0.23878
2980,4869,0.33864
2980,5153,0.26166
2980,5195,0.34801
2980,5326,0.35219
2980,5475,0.25945
2980,6135,0.26073
2982,5352,0.20452
2983,4399,0.20249
2983,5715,0.36122
2983,5813,0.27066
2983,6102,0.21528
2984,2988,0.24182
2984,3805,0.29706
2984,4545,0.27457
2984,4624,0.41631
2984,4686,0.23754
2984,5072,0.23456
2984,5372,0.20022
2985,3230,0.27712
2985,4064,0.20148
2985,6101,0.36164
2986,3013,0.23889
2986,4371,0.25577
2987,3825,0.21093
2987,4344,0.24466
2987,4368,0.35326
2988,3805,0.32918
2988,4545,0.22981
2988,4686,0.22505
2988,4838,0.30706
2988,5072,0.2307
2988,5415,0.20979
2989,4286,0.29821
2989,4465,0.25196
2989,4746,0.2466
2989,4972,0.20168
2989,5240,0.26015
2989,5604,0.40392
2989,5653,0.26986
2990,3074,0.45113
2990,3767,0.2595
2990,4245,0.27619
2990,4355,0.20288
2990,5280,0.35326
2990,5852,0.2998
2990,6063,0.32221
2991,5001,0.27619
2991,6070,0.21162
2993,3252,0.25073
2993,3472,0.29816
2993,3550,0.21075
2993,3579,0.22247
2993,3643,0.57717
2993,3710,0.22951
2993,3821,0.24355
2993,3854,0.23024
2993,4022,0.24068
2993,4226,0.57516
2993,4300,0.25479
2993,4352,0.56637
2993,4579,0.23522
2993,4609,0.58477
2993,4836,0.26064
2993,4842,0.29599
2993,4907,0.31463
2993,5090,0.26963
2993,5206,0.21316
2993,5367,0.21954
2993,5557,0.33314
2993,5925,0.21737
2993,5995,0.21242
2993,6031,0.28607
2993,6040,0.23467
2993,6092,0.24296
2994,3221,0.35158
2994,3486,0.28983
2994,3749,0.2173
2994,3778,0.26301
2994,4013,0.20881
2995,3502,0.22294
2995,3844,0.24976
2995,4221,0.30568
2995,4308,0.29847
2995,4696,0.20056
2995,5356,0.20203
2995,5366,0.20289
2995,5591,0.37573
2995,5612,0.21689
2995,6218,0.25955
2997,3032,0.22856
2997,3072,0.23579
2997,3502,0.36758
2997,3590,0.29203
2997,3844,0.24062
2997,3953,0.26451
2997,4114,0.28554
2997,4284,0.36679
2997,4459,0.29317
2997,4593,0.27407
2997,4634,0.2067
2997,5245,0.20491
2997,5272,0.20366
2997,5307,0.21945
2997,5490,0.21614
2997,5494,0.433
2997,5518,0.2606
2997,5665,0.26128
2997,5885,0.2149
2997,5901,0.24195
2997,5945,0.20175
2997,6118,0.22204
2998,5640,0.22734
2998,6119,0.2011
3000,4368,0.27619
3001,3055,0.30962
3001,3160,0.26034
3001,3188,0.25564
3001,3605,0.25878
3001,3882,0.23976
3001,4090,0.23388
3001,4787,0.27372
3001,5330,0.24458
3001,5358,0.23845
3001,5384,0.24711
3001,5392,0.23005
3001,5447,0.20595
3001,5585,0.21941
3001,5734,0.39347
3001,5915,0.31032
3001,5976,0.27665
3002,4193,0.29669
3002,4336,0.24423
3002,5063,0.2307
3003,6183,0.35326
3004,4196,0.21063
3004,6141,0.226
3006,3244,0.21861
3006,3658,0.20711
3007,3954,0.22398
3007,5723,0.25383
3008,3190,0.22725
3008,3247,0.20296
3008,3409,0.28983
3008,3880,0.23427
3008,4336,0.24458
3008,4661,0.20748
3008,4732,0.21528
3008,4786,0.23927
3008,4956,0.36483
3008,5097,0.20242
3008,5277,0.22725
3008,5357,0.63147
3008,5425,0.20201
3008,5507,0.25049
3008,5595,0.20322
3008,5775,0.49019
3008,5889,0.35262
3008,6084,0.21555
3009,5140,0.22034
3009,5873,0.35219
3010,5786,0.21726
3010,5863,0.28594
3011,3457,0.20813
3011,3792,0.20691
3011,4009,0.20559
3011,4825,0.29445
3011,4999,0.24925
3011,5364,0.21609
3011,5493,0.24071
3011,5598,0.26763
3011,5742,0.25358
3011,5942,0.28969
3011,6059,0.20698
3011,6088,0.3598
3013,3761,0.218
3014,3717,0.28983
3014,5819,0.28296
3015,4391,0.24785
3015,5399,0.20139
3016,3093,0.20201
3016,3208,0.20038
3016,3283,0.23315
3016,3395,0.24184
3016,3454,0.28029
3016,3493,0.25174
3016,3574,0.22437
3016,3948,0.22435
3016,4081,0.26087
3016,4285,0.26264
3016,4343,0.22179
3016,4349,0.27724
3016,4380,0.21216
3016,4394,0.25713
3016,4423,0.32338
3016,4443,0.34887
3016,4807,0.2671
3016,5174,0.20521
3016,5190,0.26059
3016,5192,0.20293
3016,5215,0.26759
3016,5292,0.20663
3016,5304,0.25742
3016,5333,0.32171
3016,5493,0.62945
3016,6002,0.23602
3016,6111,0.24859
3016,6127,0.20897
3016,6143,0.43226
3018,5700,0.20764
3021,5016,0.21275
3021,5640,0.20168
3022,3026,0.21639
3022,3761,0.24155
3022,4209,0.21641
3022,4353,0.21114
3022,4727,0.29917
3022,5532,0.20002
3023,3446,0.27945
3023,3495,0.23804
3023,3531,0.28174
3023,3978,0.23323
3023,4239,0.2698
3023,4414,0.30718
3023,4743,0.23899
3023,4923,0.26249
3023,4956,0.45113
3023,5012,0.23148
3023,5527,0.27619
3023,5649,0.29106
3023,5984,0.21078
3023,6082,0.2164
3024,4739,0.23981
3025,4611,0.27178
3026,3761,0.21691
3027,3212,0.23418
3027,3913,0.33828
3027,4095,0.48187
3027,4243,0.21132
3027,4503,0.38092
3027,4763,0.25071
3027,4767,0.34139
3028,4439,0.21059
3028,4841,0.34116
3029,5752,0.27884
3030,3674,0.2437
3030,4313,0.42767
3030,4409,0.21538
3030,4858,0.24064
3030,4921,0.2777
3030,5072,0.23422
3030,5623,0.23952
3031,5562,0.2199
3032,3072,0.2822
3032,3442,0.32831
3032,3502,0.38641
3032,3590,0.4012
3032,3633,0.24378
3032,3844,0.30661
3032,3953,0.23301
3032,4006,0.21023
3032,4114,0.33731
3032,4182,0.33205
3032,4221,0.22345
3032,4284,0.36669
3032,4459,0.28362
3032,4593,0.50576
3032,4689,0.3912
3032,4696,0.31312
3032,5145,0.31423
3032,5211,0.22052
3032,5245,0.33409
3032,5272,0.28656
3032,5307,0.40019
3032,5409,0.2351
3032,5490,0.41936
3032,5494,0.48767
3032,5518,0.39042
3032,5597,0.27059
3032,5665,0.36855
3032,5859,0.42918
3032,5885,0.50758
3032,5901,0.27419
3032,6051,0.37258
3032,6054,0.2868
3032,6118,0.23506
3032,6185,0.26878
3032,6188,0.34935
3033,3620,0.21213
3033,4780,0.24169
3033,4818,0.42634
3033,5450,0.48011
3033,5593,0.21213
3033,6123,0.35158
3033,6137,0.27619
3034,5243,0.2928
3038,3913,0.20144
3039,5489,0.20025
3042,3184,0.45012
3042,3235,0.28783
3042,3323,0.32472
3042,3503,0.35326
3042,3566,0.34585
3042,3642,0.24985
3042,3705,0.26073
3042,3900,0.23558
3042,3975,0.22721
3042,4129,0.3876
3042,4132,0.44901
3042,4243,0.39069
3042,4329,0.33828
3042,4411,0.35219
3042,4455,0.50247
3042,4605,0.40924
3042,4606,0.24356
3042,4869,0.30283
3042,4874,0.21274
3042,5153,0.49321
3042,5171,0.20004
3042,5195,0.32169
3042,5217,0.36164
3042,5326,0.52721
3042,5879,0.20081
3042,5966,0.35219
3042,6126,0.35326
3042,6135,0.40602
3043,3269,0.24544
3043,3669,0.27509
3043,4602,0.20524
3043,4815,0.23344
3043,5486,0.21213
3044,3933,0.20683
3044,4390,0.39883
3044,4519,0.53093
3044,4978,0.38001
3044,5718,0.51785
3044,6213,0.4392
3045,3393,0.26254
3045,3408,0.20349
3045,3537,0.21052
3045,3607,0.2136
3045,3712,0.34956
3045,3836,0.28298
3045,4113,0.21507
3045,4439,0.30994
3045,4455,0.28783
3045,4577,0.22657
3045,4960,0.21407
3045,5104,0.23695
3045,5217,0.20158
3045,5317,0.29335
3045,5326,0.29672
3045,5379,0.28794
3045,5489,0.29781
3045,5500,0.20861
3045,5577,0.20384
3045,5689,0.27741
3045,5697,0.21429
3045,5823,0.20629
3045,6135,0.26732
3046,3092,0.21213
3046,4984,0.2057
3046,5717,0.38776
3047,5995,0.20536
3049,3468,0.21754
3050,3297,0.21166
3050,3451,0.27601
3050,3480,0.32075
3050,3998,0.22567
3050,4003,0.28613
3050,4144,0.21898
3050,4497,0.24801
3050,4498,0.2534
3050,4623,0.3283
3050,4672,0.25855
3050,4887,0.30642
3050,4901,0.29235
3050,5023,0.25761
3050,5046,0.24938
3050,5237,0.37263
3050,5317,0.26019
3050,5997,0.23425
3050,6023,0.30935
3050,6181,0.46819
3051,4292,0.24643
3051,4633,0.40497
3051,4715,0.33986
3051,4756,0.20495
3051,5341,0.22971
3051,5610,0.21737
3051,5614,0.28828
3051,5780,0.23886
3052,3463,0.22323
3052,3772,0.20418
3052,3964,0.21949
3052,4179,0.27926
3052,4265,0.20517
3052,4677,0.23511
3052,5361,0.23919
3052,5592,0.26111
3052,5601,0.21601
3052,5683,0.20129
3052,6053,0.25784
3052,6109,0.21522
3053,3058,0.52721
3053,3162,0.215
3053,3309,0.35158
3053,3387,0.21146
3053,3418,0.2949
3053,3461,0.33578
3053,3519,0.47513
3053,3524,0.49019
3053,3534,0.23134
3053,3589,0.24458
3053,3896,0.21614
3053,4020,0.26823
3053,4240,0.29452
3053,4246,0.35219
3053,4253,0.22725
3053,4413,0.63849
3053,4557,0.21614
3053,4637,0.25451
3053,4688,0.2949
3053,4733,0.48011
3053,4878,0.28783
3053,5033,0.48011
3053,5056,0.24941
3053,5089,0.33828
3053,5720,0.73927
3053,6015,0.30239
3053,6149,0.57439
3054,3428,0.22725
3054,3448,0.2998
3054,4121,0.20881
3054,4523,0.22399
3054,4630,0.24633
3054,5492,0.3137
3054,5691,0.25901
3055,3128,0.26879
3055,3160,0.33568
3055,3188,0.21916
3055,3326,0.23831
3055,3783,0.20437
3055,4090,0.26487
3055,4104,0.2038
3055,4139,0.22998
3055,4787,0.33263
3055,4816,0.34489
3055,4942,0.22713
3055,5343,0.23447
3055,5347,0.20154
3055,5384,0.30535
3055,5392,0.31909
3055,5447,0.25436
3055,5585,0.26332
3055,5734,0.34395
3055,5789,0.35447
3055,5870,0.21958
3055,5976,0.21213
3055,6005,0.27741
3056,5601,0.21035
3056,5636,0.20169
3057,4166,0.24662
3057,4477,0.24196
3057,5074,0.47446
3057,5174,0.214
3058,3519,0.44208
3058,3524,0.22827
3058,4413,0.57439
3058,4637,0.20288
3058,4733,0.27264
3058,4878,0.21213
3058,5033,0.23675
3058,5720,0.50929
3058,5935,0.25049
3058,6149,0.52354
3059,3863,0.26303
3059,4177,0.45282
3059,5259,0.23827
3060,3446,0.20981
3060,4161,0.20468
3060,4414,0.2304
3060,4956,0.2354
3060,5012,0.22245
3060,5984,0.48663
3064,4520,0.20733
3064,5790,0.20882
3065,4692,0.21265
3065,4724,0.25942
3065,5344,0.25674
3066,3381,0.27692
3066,3738,0.26481
3066,4317,0.22384
3066,4687,0.30239
3066,5022,0.36572
3066,5235,0.45829
3066,5783,0.2106
3066,5915,0.22514
3067,5002,0.20364
3068,3591,0.20201
3068,5411,0.2822
3069,3091,0.20234
3070,3356,0.22311
3070,5287,0.25557
3070,5991,0.2028
3071,4214,0.28058
3072,3119,0.29474
3072,3442,0.23444
3072,3548,0.21637
3072,3786,0.21158
3072,4182,0.31279
3072,4473,0.20269
3072,4766,0.34344
3072,4992,0.21068
3072,5198,0.25535
3072,5244,0.22518
3072,5310,0.31211
3072,5490,0.21703
3072,5494,0.31855
3072,5518,0.25449
3072,5596,0.24545
3072,5665,0.21719
3072,5709,0.25372
3072,5798,0.28311
3072,5885,0.20864
3072,5945,0.3459
3072,6054,0.34798
3072,6117,0.22405
3073,3095,0.25991
3073,4237,0.25556
3073,4758,0.22056
3073,4875,0.22842
3074,3725,0.20715
3074,4355,0.2956
3074,4425,0.22284
3074,4779,0.38776
3074,4898,0.25854
3074,5034,0.36122
3074,5098,0.45113
3074,6063,0.24184
3075,4655,0.21166
3077,3541,0.34539
3077,3736,0.37451
3077,3865,0.20237
3077,4240,0.40888
3077,4256,0.2812
3077,4258,0.22672
3077,4534,0.2178
3077,4731,0.2748
3077,5059,0.2634
3077,5252,0.22441
3077,5947,0.29143
3077,6027,0.30231
3078,4458,0.20201
3078,5562,0.21177
3079,4100,0.40021
3079,4481,0.40626
3079,5728,0.20625
3079,5845,0.22725
3079,6104,0.2344
3081,3662,0.2419
3081,3759,0.31214
3082,3675,0.21322
3082,3725,0.21282
3082,4582,0.2621
3082,4869,0.24438
3082,5589,0.20415
3083,3142,0.21346
3083,3457,0.35959
3083,3749,0.25026
3083,4013,0.29492
3083,4110,0.28049
3083,4217,0.20769
3083,4433,0.23798
3083,4825,0.25806
3083,4999,0.38598
3083,5377,0.25601
3083,5425,0.25969
3083,5598,0.20651
3083,5742,0.32668
3083,5889,0.30246
3083,5920,0.26123
3083,6059,0.39524
3083,6088,0.24642
3084,5448,0.21437
3085,6001,0.21189
3088,3314,0.22857
3088,4639,0.20278
3088,6222,0.21098
3089,3269,0.21416
3089,3507,0.27748
3089,3933,0.36003
3089,4285,0.2614
3089,4340,0.37899
3089,4394,0.22414
3089,4423,0.25532
3089,4443,0.2185
3089,4547,0.43836
3089,4807,0.25723
3089,4911,0.21547
3089,5215,0.23528
3089,5318,0.20272
3089,5321,0.22564
3089,5333,0.2614
3089,5493,0.21779
3089,5763,0.20429
3089,6143,0.25416
3091,3183,0.26436
3091,3675,0.20119
3091,3722,0.2496
3091,3725,0.25214
3091,4071,0.28535
3091,4364,0.24445
3091,4401,0.21588
3091,4402,0.31927
3091,4424,0.27226
3091,4431,0.21721
3091,4474,0.23514
3091,4582,0.3959
3091,4728,0.31389
3091,4737,0.22702
3091,4860,0.22079
3091,4869,0.31218
3091,5250,0.20707
3091,5472,0.42795
3091,5647,0.24907
3091,5990,0.21862
3091,6220,0.25838
3092,4545,0.27568
3092,4720,0.23869
3092,5372,0.21308
3092,5717,0.33959
3093,3346,0.24957
3093,3657,0.27619
3093,4081,0.21028
3093,4586,0.2173
3093,4876,0.22955
3093,5304,0.22399
3093,5561,0.24458
3093,5662,0.2998
3093,6002,0.2878
3094,4163,0.24282
3095,3712,0.26501
3095,3753,0.29884
3095,4207,0.25766
3095,4678,0.23269
3095,4758,0.21929
3095,5163,0.2165
3095,5446,0.22391
3095,5937,0.2008
3095,5956,0.20815
3096,4205,0.22632
3096,4376,0.26809
3096,4417,0.24749
3096,4652,0.25423
3096,4684,0.22736
3096,5065,0.22073
3096,5127,0.21583
3096,5197,0.23927
3096,5741,0.33466
3096,5752,0.24867
3096,5757,0.26675
3096,5974,0.23906
3096,6147,0.21177
3097,4210,0.20908
3098,4827,0.29647
3099,4074,0.20883
3099,4123,0.22288
3099,4646,0.20818
3099,5000,0.20188
3099,5508,0.26023
3099,5644,0.21051
3099,6222,0.20072
3100,5245,0.22546
3101,3102,0.33828
3101,3263,0.30386
3101,3439,0.2159
3101,3636,0.2173
3101,4161,0.25049
3101,4488,0.28783
3101,4518,0.29672
3101,4767,0.21213
3102,4414,0.20474
3102,4521,0.23127
3102,4638,0.20492
3102,5275,0.20655
3102,5644,0.25352
3102,5932,0.20584
3103,5058,0.20284
3105,3184,0.22955
3105,3330,0.21388
3105,4129,0.28248
3105,4243,0.20338
3105,5217,0.27619
3105,5326,0.2173
3105,6135,0.23466
3110,3941,0.23919
3110,4315,0.2261
3112,3160,0.25074
3112,3258,0.27434
3112,3783,0.21979
3112,3936,0.23783
3112,4090,0.22822
3112,5368,0.24746
3112,5734,0.20272
3112,5788,0.21596
3112,5870,0.24235
3113,4417,0.27877
3114,3420,0.25588
3114,3565,0.26158
3114,3839,0.21955
3114,3909,0.27996
3114,4393,0.26779
3114,5009,0.22514
3114,5657,0.21131
3114,5710,0.22261
3115,6067,0.26712
3116,4503,0.20182
3116,5640,0.31057
3116,5644,0.20834
3118,3552,0.22012
3118,5127,0.22955
3118,5449,0.26607
3119,3502,0.20501
3119,3633,0.24032
3119,3709,0.34312
3119,4114,0.24182
3119,4221,0.31736
3119,4284,0.25424
3119,4593,0.30617
3119,4866,0.30265
3119,4903,0.35326
3119,5245,0.32028
3119,5494,0.32268
3119,5518,0.2705
3119,5597,0.32543
3119,5859,0.21656
3119,5869,0.22009
3119,5901,0.21204
3119,6054,0.25931
3119,6185,0.50576
3119,6216,0.25313
3121,4679,0.20264
3122,3370,0.30931
3122,3393,0.25888
3122,3408,0.27275
3122,3812,0.265
3122,3836,0.24634
3122,4125,0.29796
3122,4326,0.28861
3122,4524,0.29726
3122,4538,0.28384
3122,4656,0.2762
3122,5104,0.24393
3122,5489,0.20192
3122,5577,0.2956
3122,5629,0.20527
3122,5823,0.22145
3122,6158,0.20084
3123,3350,0.22276
3123,3446,0.35066
3123,3495,0.37138
3123,3707,0.35262
3123,3978,0.36831
3123,4161,0.2383
3123,4227,0.21262
3123,4414,0.34377
3123,4956,0.24957
3123,5329,0.41334
3123,5527,0.43829
3123,5649,0.3798
3123,5826,0.24929
3123,5893,0.42061
3123,6082,0.40048
3123,6212,0.28983
3125,4360,0.23196
3126,4140,0.22326
3126,4355,0.2833
3126,4368,0.23134
3126,5034,0.29686
3126,5098,0.25386
3126,5852,0.24693
3127,4108,0.29331
3127,4119,0.20095
3127,5658,0.3337
3128,3783,0.20876
3128,4816,0.22867
3128,4942,0.27627
3128,5077,0.23258
3128,5343,0.21922
3128,5384,0.21422
3128,5392,0.26037
3128,5447,0.27157
3128,5585,0.27347
3128,5734,0.23228
3129,3208,0.20187
3129,3283,0.20982
3129,3574,0.28215
3129,3732,0.21327
3129,3948,0.20741
3129,4150,0.22212
3129,4394,0.20475
3129,4602,0.2176
3129,4603,0.20747
3129,5318,0.21849
3129,5345,0.20542
3129,5393,0.2013
3129,5428,0.20136
3129,5493,0.27052
3129,5909,0.20978
3129,6192,0.21321
3131,5083,0.20399
3132,4416,0.21712
3132,4435,0.22586
3132,4556,0.20149
3134,3337,0.44872
3134,3763,0.20033
3134,3789,0.20993
3134,3891,0.20809
3134,4133,0.59084
3134,4480,0.20023
3134,4554,0.21621
3134,4673,0.22482
3134,5275,0.48664
3134,5641,0.47794
3134,6003,0.39613
3134,6077,0.35516
3134,6091,0.24945
3135,3657,0.25586
3135,3965,0.29515
3135,4544,0.39278
3135,4546,0.30951
3135,4580,0.3873
3135,5186,0.20983
3135,5662,0.25059
3135,5864,0.23837
3137,3896,0.23749
3138,4941,0.21209
3138,5124,0.28989
3138,5273,0.21998
3140,6184,0.21519
3142,3457,0.26927
3142,4013,0.22583
3142,4085,0.27077
3142,4110,0.23862
3142,4217,0.26499
3142,4433,0.22825
3142,4825,0.35719
3142,4999,0.39731
3142,5343,0.22783
3142,5377,0.39617
3142,5727,0.2017
3142,5742,0.25157
3142,5889,0.20503
3142,5920,0.27234
3142,6059,0.39506
3143,3190,0.22802
3143,4120,0.20584
3143,4336,0.21166
3143,4948,0.2822
3144,3213,0.20446
3144,3312,0.44608
3144,3826,0.54384
3144,3990,0.21918
3144,4011,0.26255
3144,4545,0.27417
3144,4683,0.21229
3144,4984,0.25042
3144,5119,0.45372
3144,5303,0.20944
3144,5541,0.20366
3144,5737,0.28983
3145,5572,0.2227
3146,3172,0.26427
3146,3350,0.41545
3146,3639,0.21262
3146,4022,0.25981
3146,4155,0.32221
3146,4215,0.2163
3146,4227,0.35431
3146,4294,0.55522
3146,4373,0.35219
3146,4528,0.47387
3146,4562,0.21028
3146,4676,0.27619
3146,4752,0.21597
3146,4957,0.27073
3146,4971,0.33828
3146,5039,0.24534
3146,5061,0.35262
3146,5165,0.23577
3146,5178,0.21336
3146,5206,0.43433
3146,5299,0.24652
3146,5329,0.35085
3146,5649,0.25518
3146,5893,0.37304
3146,5930,0.23466
3146,6064,0.2107
3146,6092,0.23134
3146,6212,0.21213
3147,3156,0.20132
3147,3357,0.25603
3147,3715,0.23466
3147,3795,0.52721
3147,3803,0.2033
3147,3835,0.20201
3147,3928,0.36122
3147,3941,0.21832
3147,4017,0.35326
3147,4233,0.20748
3147,4282,0.50247
3147,4446,0.29759
3147,4870,0.44901
3147,4943,0.33527
3147,5125,0.20927
3147,5231,0.4102
3147,5325,0.43829
3147,5496,0.27066
3147,5811,0.3553
3148,3472,0.20469
3148,4894,0.21207
3148,4915,0.27391
3149,4447,0.29829
3150,5523,0.59302
3151,3844,0.29041
3151,3953,0.28086
3151,4295,0.2822
3151,4593,0.2434
3151,4634,0.24062
3151,5112,0.25006
3151,5198,0.22921
3151,5365,0.37404
3151,5591,0.22779
3151,5596,0.24536
3151,5798,0.22278
3151,5901,0.3589
3151,5903,0.2224
3151,5982,0.2039
3152,3322,0.36122
3152,3418,0.2822
3152,3516,0.28584
3152,3907,0.20296
3152,4789,0.35262
3152,4954,0.33227
3152,4997,0.2028
3152,5166,0.20158
3152,5542,0.24429
3152,6194,0.27882
3154,5127,0.37837
3154,5972,0.21366
3155,3178,0.46109
3155,3223,0.35939
3155,3420,0.46346
3155,3470,0.20749
3155,3476,0.24696
3155,3701,0.31222
3155,3746,0.20186
3155,3839,0.29436
3155,3849,0.24941
3155,3909,0.42086
3155,4208,0.47804
3155,4271,0.22725
3155,4568,0.36752
3155,4631,0.38339
3155,4642,0.20416
3155,4685,0.42707
3155,4698,0.33701
3155,4744,0.27501
3155,4803,0.20712
3155,4845,0.36595
3155,4969,0.45113
3155,5009,0.49235
3155,5143,0.21292
3155,5241,0.48011
3155,5449,0.23466
3155,5657,0.38667
3155,5875,0.46911
3155,5884,0.36122
3155,5944,0.45012
3155,6202,0.26732
3156,3795,0.2023
3156,4870,0.22186
3156,5231,0.26162
3159,3334,0.20875
3159,3379,0.22376
3159,4505,0.32184
3160,3188,0.23025
3160,3326,0.21171
3160,3783,0.26609
3160,4090,0.32941
3160,4104,0.20151
3160,4139,0.21434
3160,4787,0.21968
3160,4816,0.29393
3160,5058,0.20802
3160,5077,0.2192
3160,5368,0.22701
3160,5384,0.27144
3160,5392,0.31052
3160,5447,0.23136
3160,5585,0.22538
3160,5734,0.32542
3160,5788,0.22829
3160,5789,0.23379
3160,5976,0.26823
3160,6005,0.24478
3161,4207,0.20927
3161,5682,0.24457
3162,3535,0.24622
3162,4413,0.2106
3162,4684,0.25201
3162,5027,0.21794
3162,5722,0.21065
3162,5752,0.21531
3163,5941,0.21274
3164,3913,0.20994
3164,4095,0.21182
3164,4706,0.21614
3164,4883,0.23075
3164,5192,0.22543
3164,5239,0.22143
3164,5616,0.41091
3164,5728,0.20591
3164,5883,0.21055
3164,6159,0.23854
3166,4582,0.20103
3167,3532,0.33828
3168,3956,0.22042
3168,4285,0.20484
3168,5086,0.28301
3168,5785,0.21577
3170,3496,0.42634
3170,3497,0.4001
3170,3610,0.29182
3170,3639,0.33764
3170,3848,0.20037
3170,3926,0.3184
3170,4155,0.22112
3170,4215,0.20875
3170,4361,0.26266
3170,4373,0.24787
3170,4395,0.53705
3170,4562,0.32065
3170,4743,0.28298
3170,4848,0.36861
3170,4888,0.50965
3170,4912,0.31269
3170,5018,0.20068
3170,5206,0.35501
3170,5378,0.45113
3170,5527,0.22399
3170,5652,0.23588
3170,5958,0.42554
3171,3674,0.25788
3171,4518,0.48476
3171,4667,0.50209
3171,4686,0.26942
3171,4716,0.23839
3171,4858,0.27783
3171,4974,0.28755
3171,5132,0.33423
3171,5486,0.22399
3172,3350,0.31583
3172,4227,0.29961
3172,4294,0.26104
3172,4752,0.44989
3172,4811,0.20902
3172,4957,0.45234
3172,5061,0.4032
3172,5527,0.21093
3172,5540,0.21795
3172,5862,0.30322
3174,3190,0.26929
3174,3904,0.21334
3174,4053,0.21255
3174,5181,0.21298
3174,5353,0.20694
3174,5429,0.22227
3174,5716,0.21803
3175,3756,0.2092
3175,4667,0.21144
3175,5218,0.4203
3176,4724,0.23842
3177,3178,0.22256
3177,3470,0.20715
3177,3701,0.20084
3177,3839,0.3741
3177,3925,0.20973
3177,4271,0.22419
3177,4393,0.27498
3177,4453,0.25142
3177,4568,0.23127
3177,4631,0.26423
3177,5009,0.20634
3177,5154,0.21334
3177,5160,0.57414
3177,5241,0.29032
3177,5884,0.38081
3177,5944,0.20868
3178,3223,0.35279
3178,3420,0.25991
3178,3470,0.23938
3178,3565,0.21418
3178,3701,0.25637
3178,3839,0.29071
3178,3909,0.39544
3178,4208,0.5418
3178,4271,0.28007
3178,4393,0.20911
3178,4568,0.38067
3178,4631,0.3409
3178,4642,0.45033
3178,4685,0.38669
3178,4698,0.39652
3178,4744,0.23295
3178,4803,0.20288
3178,4845,0.35817
3178,4969,0.49128
3178,5009,0.32166
3178,5143,0.22123
3178,5160,0.22107
3178,5241,0.41076
3178,5576,0.26559
3178,5657,0.26735
3178,5875,0.32934
3178,5884,0.33446
3178,5944,0.51974
3178,6202,0.36613
3180,3826,0.23556
3180,4011,0.20255
3180,4427,0.20375
3180,4683,0.2073
3180,4984,0.2284
3180,5119,0.20643
3183,5250,0.209
3183,5647,0.28285
3183,5670,0.2674
3183,6220,0.25995
3184,3323,0.24305
3184,3414,0.20439
3184,3502,0.27407
3184,3503,0.30434
3184,3900,0.26141
3184,3975,0.22607
3184,4129,0.43286
3184,4132,0.20963
3184,4329,0.3876
3184,4411,0.25046
3184,4439,0.3005
3184,4455,0.63147
3184,4606,0.24957
3184,4800,0.21614
3184,4831,0.21585
3184,4835,0.2028
3184,4869,0.25753
3184,4874,0.4102
3184,5153,0.52721
3184,5195,0.24921
3184,5217,0.48011
3184,5294,0.35326
3184,5326,0.52721
3184,5879,0.42824
3184,5966,0.48011
3184,6126,0.33578
3184,6135,0.59645
3186,4520,0.22769
3187,5182,0.25339
3188,4090,0.28317
3188,4787,0.26887
3188,4816,0.21523
3188,5734,0.22277
3189,4610,0.2833
3190,3904,0.25668
3190,4120,0.28983
3190,4128,0.20808
3190,4336,0.27407
3190,4491,0.22273
3190,4947,0.20792
3190,4948,0.33828
3190,5181,0.23434
3190,5300,0.22955
3190,5595,0.21213
3190,5644,0.23675
3190,5681,0.22399
3190,5716,0.23735
3190,5902,0.24957
3192,4321,0.20231
3192,4539,0.26638
3192,4561,0.29903
3192,4607,0.21169
3192,4725,0.24732
3192,4861,0.33998
3192,5087,0.20086
3192,5367,0.2323
3192,6094,0.22719
3195,3281,0.20494
3195,4520,0.20535
3196,3615,0.23294
3197,3616,0.24266
3197,5170,0.22399
3197,5953,0.24848
3198,4067,0.21345
3199,3265,0.20015
3199,4433,0.20027
3199,5742,0.22049
3199,6145,0.21435
3200,3303,0.30277
3200,5155,0.34653
3200,5772,0.21152
3200,5874,0.22323
3200,6132,0.37349
3201,3278,0.23594
3201,4286,0.21648
3201,5639,0.21531
3201,5790,0.25668
3201,5954,0.21976
3202,3696,0.26811
3202,6141,0.26049
3203,3615,0.23311
3205,4176,0.25377
3205,5728,0.21688
3206,3308,0.34985
3206,3399,0.22841
3206,4799,0.25909
3207,5140,0.36406
3207,5411,0.22556
3207,5520,0.26605
3208,3228,0.42627
3208,3234,0.31791
3208,3251,0.22318
3208,3283,0.41247
3208,3289,0.23605
3208,3437,0.36369
3208,3505,0.22303
3208,3574,0.51884
3208,3732,0.33963
3208,3798,0.20073
3208,3833,0.38153
3208,3853,0.2763
3208,3948,0.5228
3208,3976,0.35302
3208,4009,0.43992
3208,4062,0.22749
3208,4082,0.22517
3208,4130,0.50207
3208,4150,0.51229
3208,4462,0.32981
3208,4602,0.23731
3208,4603,0.42824
3208,4706,0.33828
3208,4771,0.27071
3208,4909,0.25374
3208,5007,0.45708
3208,5047,0.41591
3208,5064,0.37284
3208,5071,0.28759
3208,5174,0.25027
3208,5236,0.33562
3208,5239,0.35342
3208,5246,0.21827
3208,5292,0.23161
3208,5313,0.24947
3208,5390,0.33116
3208,5393,0.28889
3208,5428,0.3988
3208,5456,0.3636
3208,5457,0.20246
3208,5482,0.27266
3208,5493,0.33128
3208,5509,0.41266
3208,5538,0.34012
3208,5607,0.39219
3208,5625,0.4858
3208,5628,0.47003
3208,5873,0.24458
3208,5883,0.4022
3208,5942,0.4031
3208,6159,0.26613
3208,6168,0.31594
3208,6175,0.21791
3208,6192,0.36248
3209,4010,0.20037
3209,5024,0.22362
3209,5083,0.22171
3209,5369,0.36235
3209,5774,0.27722
3209,5776,0.30982
3210,3482,0.44944
3210,3898,0.52721
3210,3926,0.20296
3210,4255,0.58618
3210,5725,0.67211
3210,5758,0.20891
3210,5790,0.41545
3212,3913,0.36122
3212,4095,0.349
3212,4243,0.21842
3212,4503,0.32137
3212,4767,0.30483
3212,4883,0.21737
3212,5793,0.52215
3213,3455,0.35584
3213,3751,0.41477
3213,3756,0.22136
3213,3815,0.30959
3213,3883,0.2174
3213,3922,0.49031
3213,3990,0.33665
3213,4186,0.29063
3213,4446,0.48677
3213,4482,0.31344
3213,4545,0.27948
3213,5481,0.24138
3214,3861,0.28296
3214,4556,0.35326
3214,4723,0.21538
3214,4753,0.20927
3214,5271,0.36164
3214,6022,0.31594
3214,6037,0.20178
3215,4084,0.21493
3216,5476,0.28974
3217,4437,0.33629
3217,5060,0.212
3221,3486,0.21605
3221,3802,0.21213
3221,4616,0.20158
3221,4707,0.24458
3221,6054,0.2107
3222,3336,0.28248
3222,3754,0.22054
3222,4315,0.26013
3222,4724,0.20201
3222,5463,0.27619
3222,5827,0.28783
3222,5898,0.50247
3222,5935,0.44446
3222,6084,0.29717
3222,6101,0.28783
3223,3565,0.26374
3223,3701,0.28655
3223,3839,0.28145
3223,3909,0.21585
3223,4208,0.40701
3223,4453,0.22834
3223,4568,0.29788
3223,4631,0.31193
3223,4685,0.20194
3223,4698,0.22853
3223,4845,0.31894
3223,4969,0.2391
3223,5009,0.25711
3223,5241,0.29257
3223,5657,0.22391
3223,5710,0.2552
3223,5875,0.22337
3223,5944,0.29722
3223,6202,0.23707
3224,3543,0.24008
3224,4064,0.26108
3224,4643,0.57104
3224,4729,0.44145
3224,5727,0.4856
3224,5833,0.21416
3224,6012,0.23783
3225,3270,0.2184
3225,3332,0.4462
3225,3371,0.21586
3225,3815,0.22156
3225,4112,0.27044
3225,4539,0.26351
3225,4545,0.47877
3225,5372,0.33072
3226,5636,0.21163
3227,4556,0.23538
3228,3234,0.26958
3228,3283,0.24284
3228,3470,0.27927
3228,3574,0.24331
3228,3701,0.20819
3228,3833,0.22018
3228,3853,0.25805
3228,3948,0.26275
3228,4130,0.20221
3228,4150,0.21791
3228,4220,0.21028
3228,4568,0.25046
3228,4603,0.30013
3228,4631,0.26395
3228,4706,0.76337
3228,4969,0.20482
3228,5007,0.31168
3228,5009,0.24678
3228,5047,0.21157
3228,5064,0.20643
3228,5174,0.21702
3228,5239,0.20994
3228,5241,0.23033
3228,5390,0.20991
3228,5428,0.21398
3228,5509,0.3276
3228,5521,0.20163
3228,5625,0.27784
3228,5657,0.26861
3228,5883,0.44702
3228,5884,0.22125
3228,6159,0.55063
3228,6205,0.2232
3229,3605,0.22106
3229,3882,0.21517
3229,4202,0.23149
3229,5411,0.37228
3229,5757,0.2138
3230,3340,0.3377
3230,3550,0.2357
3230,4413,0.21213
3230,4637,0.22399
3230,4836,0.20986
3230,4971,0.20124
3230,5410,0.20532
3231,4785,0.27223
3231,5601,0.2731
3231,5620,0.22402
3231,6011,0.41447
3233,3382,0.22553
3234,3437,0.25281
3234,3574,0.24161
3234,3732,0.21432
3234,3833,0.24387
3234,3948,0.23343
3234,4130,0.25983
3234,4150,0.27937
3234,4462,0.22164
3234,4603,0.24923
3234,4706,0.21528
3234,5064,0.20756
3234,5239,0.24268
3234,5390,0.21443
3234,5393,0.20055
3234,5428,0.23953
3234,5456,0.21808
3234,5607,0.20714
3234,5625,0.22116
3234,5628,0.21395
3234,5883,0.22726
3234,5942,0.22345
3234,6017,0.20273
3234,6192,0.2192
3235,3323,0.21025
3235,3466,0.23567
3235,3712,0.20148
3235,3975,0.2052
3235,4132,0.23127
3235,4329,0.30617
3235,4455,0.24957
3235,4605,0.33578
3235,4606,0.28538
3235,4874,0.27619
3235,5153,0.28783
3235,5326,0.36483
3235,5577,0.23927
3235,5891,0.21528
3235,5966,0.26019
3235,6126,0.28783
3235,6135,0.20201
3237,5524,0.20042
3237,5790,0.21502
3238,5595,0.2619
3241,3470,0.28702
3241,3701,0.22024
3241,4480,0.21785
3241,4536,0.30053
3241,5143,0.26953
3241,5154,0.23802
3241,5576,0.24491
3241,5657,0.24197
3241,5710,0.22399
3241,5924,0.28381
3242,4827,0.31413
3242,5137,0.24468
3242,5277,0.23426
3243,3651,0.20494
3243,4090,0.23548
3243,4283,0.21361
3243,4577,0.23842
3244,3366,0.28983
3244,3942,0.23105
3244,5324,0.226
3244,6046,0.21213
3244,6058,0.21528
3245,3252,0.31947
3245,3472,0.29121
3245,3643,0.20334
3245,3710,0.24731
3245,3791,0.21383
3245,3821,0.29467
3245,3854,0.25328
3245,4022,0.24936
3245,4226,0.23209
3245,4352,0.27969
3245,4607,0.20316
3245,4609,0.28706
3245,4836,0.20025
3245,4842,0.4031
3245,4861,0.20009
3245,4907,0.28694
3245,5090,0.33454
3245,5367,0.2194
3245,5381,0.20881
3245,5557,0.20077
3245,6040,0.22056
3245,6092,0.28783
3246,3325,0.20626
3246,3599,0.25939
3246,4622,0.2369
3246,5186,0.33613
3246,5706,0.24011
3247,5841,0.2595
3248,3352,0.26423
3248,3924,0.31736
3248,4123,0.26066
3248,5346,0.27368
3248,5474,0.28902
3249,3610,0.23052
3249,3731,0.22822
3249,3926,0.23469
3249,4155,0.33218
3249,4215,0.31542
3249,4294,0.305
3249,4395,0.22241
3249,4848,0.24159
3249,4912,0.28841
3249,5206,0.25339
3249,5378,0.26213
3249,5605,0.22028
3249,6191,0.28375
3250,3494,0.28827
3251,3574,0.20116
3251,3732,0.25172
3251,3853,0.62866
3251,3948,0.23273
3251,4009,0.36144
3251,4150,0.22579
3251,4462,0.32421
3251,4603,0.21461
3251,4642,0.22384
3251,5007,0.2509
3251,5064,0.27769
3251,5071,0.20269
3251,5390,0.37303
3251,5456,0.27242
3251,5482,0.26993
3251,5538,0.41545
3251,5607,0.22274
3251,5625,0.29191
3251,5628,0.28615
3251,6168,0.2107
3251,6192,0.27374
3251,6205,0.23611
3252,3472,0.30912
3252,3550,0.22751
3252,3643,0.26325
3252,3710,0.33828
3252,3821,0.50519
3252,3854,0.38502
3252,4022,0.3786
3252,4083,0.337
3252,4226,0.29582
3252,4352,0.29439
3252,4561,0.25174
3252,4609,0.27681
3252,4722,0.20574
3252,4842,0.29427
3252,4894,0.22409
3252,4907,0.53024
3252,4971,0.34412
3252,5090,0.33483
3252,5206,0.20685
3252,5381,0.30239
3252,5557,0.24377
3252,6092,0.33828
3253,3547,0.28983
3253,5691,0.20201
3253,6052,0.20513
3254,5399,0.58029
3256,3413,0.34367
3256,3451,0.25983
3256,3485,0.24449
3256,3783,0.22803
3256,4144,0.22944
3256,4497,0.23064
3256,4623,0.30445
3256,4901,0.29917
3256,5023,0.22125
3256,5046,0.20068
3256,5058,0.30941
3256,5820,0.20778
3256,6023,0.20193
3256,6108,0.36458
3256,6181,0.20889
3257,3408,0.22753
3257,3753,0.2025
3257,4325,0.40709
3257,4342,0.23415
3257,4570,0.23248
3257,4700,0.35219
3257,4721,0.24938
3257,4972,0.29728
3257,5140,0.36256
3257,5419,0.36483
3257,5423,0.22139
3257,5432,0.28195
3257,5445,0.22399
3257,5477,0.25165
3257,5759,0.22725
3257,5938,0.40602
3258,4015,0.27341
3259,5592,0.21
3260,3820,0.34663
3260,3888,0.42266
3262,4961,0.29607
3262,5243,0.26558
3262,5705,0.63147
3262,5754,0.24376
3262,6225,0.3409
3263,3362,0.20518
3263,3608,0.24632
3263,3710,0.23927
3263,4610,0.28783
3263,5171,0.2165
3263,5932,0.48011
3263,6150,0.20605
3265,3313,0.23624
3265,4217,0.29749
3265,4555,0.21914
3265,4656,0.21751
3265,4999,0.22294
3265,5280,0.22656
3265,5377,0.31746
3265,5551,0.23983
3265,5554,0.21452
3265,5572,0.26426
3265,5727,0.31965
3265,5742,0.29439
3265,5889,0.22396
3265,5901,0.21662
3265,5920,0.39787
3265,5964,0.32807
3265,6145,0.27365
3265,6221,0.27391
3266,3505,0.2047
3266,5790,0.28218
3267,3758,0.20851
3267,4284,0.20891
3267,4874,0.21105
3267,5307,0.2686
3267,5494,0.23789
3267,6026,0.22882
3268,3607,0.20472
3268,5240,0.22624
3268,5972,0.20102
3269,3507,0.22547
3269,3616,0.20074
3269,3933,0.32065
3269,4024,0.23856
3269,4061,0.20162
3269,4340,0.35769
3269,4442,0.43574
3269,4532,0.2428
3269,4547,0.27775
3269,4602,0.47904
3269,4991,0.60286
3269,5190,0.20242
3269,5215,0.2564
3269,5318,0.23936
3269,5333,0.2217
3269,5345,0.22708
3269,5417,0.33217
3269,5630,0.24054
3269,5878,0.25978
3269,5909,0.21792
3270,4112,0.27088
3270,4186,0.21282
3270,4921,0.20607
3274,3743,0.22197
3274,5258,0.28983
3275,4760,0.28783
3275,4974,0.31427
3275,5175,0.2998
3275,5284,0.25518
3277,5271,0.26103
3278,3558,0.23159
3278,3654,0.25211
3278,4684,0.23993
3278,5065,0.20484
3278,5358,0.23311
3278,5361,0.21213
3278,5741,0.27241
3278,5752,0.32789
3278,5956,0.20462
3280,3418,0.24144
3280,5937,0.22076
3280,6197,0.22592
3281,3535,0.206
3282,3508,0.2313
3282,3882,0.28491
3282,4962,0.20685
3283,3303,0.24534
3283,3437,0.38782
3283,3454,0.2668
3283,3574,0.448
3283,3616,0.25932
3283,3732,0.41754
3283,3798,0.28718
3283,3833,0.47931
3283,3948,0.44086
3283,3976,0.29259
3283,4009,0.30239
3283,4062,0.23634
3283,4082,0.22242
3283,4130,0.43528
3283,4150,0.43276
3283,4380,0.24578
3283,4423,0.23771
3283,4431,0.21724
3283,4443,0.23773
3283,4462,0.24661
3283,4558,0.21933
3283,4602,0.35855
3283,4603,0.34325
3283,4641,0.21104
3283,4645,0.20064
3283,4771,0.28147
3283,4909,0.29889
3283,5007,0.36374
3283,5047,0.3506
3283,5064,0.29554
3283,5071,0.31253
3283,5174,0.20246
3283,5190,0.29616
3283,5215,0.23082
3283,5236,0.26169
3283,5239,0.34792
3283,5304,0.20442
3283,5313,0.33851
3283,5333,0.27513
3283,5390,0.2345
3283,5393,0.31104
3283,5428,0.39549
3283,5456,0.31249
3283,5457,0.27795
3283,5482,0.22313
3283,5484,0.2483
3283,5486,0.35219
3283,5493,0.39502
3283,5509,0.53344
3283,5538,0.3005
3283,5607,0.34607
3283,5625,0.37632
3283,5628,0.3758
3283,5772,0.27831
3283,5878,0.20148
3283,5942,0.37001
3283,5962,0.21989
3283,6143,0.3276
3283,6168,0.26301
3283,6175,0.26439
3283,6192,0.34207
3284,3684,0.26577
3284,4634,0.23569
3284,4994,0.23529
3284,5699,0.2155
3285,3681,0.20052
3285,4793,0.20994
3287,5807,0.26345
3288,4295,0.23466
3288,4571,0.23319
3289,3437,0.20434
3289,3648,0.21669
3289,3948,0.21262
3289,3976,0.25299
3289,4082,0.20794
3289,4150,0.22042
3289,5007,0.21908
3289,5047,0.29303
3289,5064,0.20037
3289,5393,0.20547
3289,5456,0.2032
3289,5509,0.25711
3289,5538,0.24151
3289,5625,0.28502
3289,5628,0.27434
3289,5939,0.25729
3289,6036,0.20952
3291,4097,0.22866
3292,5411,0.228
3294,3540,0.21097
3294,4219,0.21358
3294,5954,0.23222
3294,5956,0.21279
3295,4240,0.29672
3295,4470,0.24429
3295,5506,0.2646
3296,4027,0.22399
3296,6000,0.25451
3296,6102,0.20584
3297,3480,0.20057
3297,3485,0.2138
3297,3631,0.29686
3297,4003,0.20037
3297,4144,0.234
3297,4498,0.2502
3297,4623,0.30605
3297,4672,0.20838
3297,4901,0.24452
3297,5113,0.26073
3297,5187,0.21366
3297,5237,0.23363
3297,5317,0.23466
3297,5820,0.32221
3297,6158,0.20061
3297,6181,0.27305
3299,3402,0.34012
3299,5084,0.26878
3299,5126,0.24941
3299,5453,0.48011
3301,3400,0.20071
3301,4064,0.24194
3301,4875,0.21026
3302,3357,0.44107
3302,3435,0.29724
3302,3795,0.41022
3302,3835,0.54353
3302,3928,0.4692
3302,3931,0.26722
3302,3946,0.44428
3302,4017,0.32337
3302,4282,0.42426
3302,4419,0.4326
3302,4596,0.31221
3302,4815,0.33391
3302,4826,0.21807
3302,4943,0.26182
3302,5125,0.20101
3302,5172,0.52641
3302,5325,0.4869
3302,5473,0.24698
3302,5508,0.35666
3302,5811,0.37604
3303,3454,0.21478
3303,3798,0.2677
3303,4443,0.27475
3303,4641,0.23406
3303,4771,0.2587
3303,4883,0.25884
3303,4909,0.23144
3303,5040,0.22742
3303,5071,0.21373
3303,5192,0.24764
3303,5239,0.20934
3303,5486,0.2949
3303,5493,0.27134
3303,5711,0.21597
3303,5772,0.25702
3303,5874,0.28042
3303,6143,0.26823
3304,4120,0.21206
3304,4141,0.24045
3304,4885,0.26394
3304,5210,0.24681
3305,4218,0.3425
3305,4244,0.21213
3305,5032,0.32221
3305,5110,0.20712
3305,5255,0.29452
3305,5454,0.26213
3305,5561,0.20106
3306,3438,0.24608
3306,6172,0.20216
3307,3957,0.38168
3309,3387,0.2434
3309,3534,0.2998
3309,4020,0.20432
3309,4246,0.27619
3309,4413,0.34012
3309,5006,0.26815
3309,5720,0.40709
3309,6149,0.28296
3310,3769,0.23436
3311,3336,0.20835
3311,3451,0.20878
3311,3480,0.23771
3311,3484,0.212
3311,3631,0.32221
3311,4003,0.27473
3311,4144,0.25039
3311,4623,0.20329
3311,4672,0.21017
3311,4851,0.38656
3311,4887,0.20163
3311,4906,0.21331
3311,5046,0.20759
3311,5237,0.23504
3311,5514,0.40864
3311,5820,0.20994
3311,5888,0.23033
3311,6181,0.24371
3312,3711,0.20832
3312,3826,0.55111
3312,4011,0.37392
3312,4112,0.23141
3312,4545,0.25292
3312,4683,0.2571
3312,4984,0.37255
3312,5086,0.20337
3312,5119,0.61995
3312,5303,0.2153
3312,5737,0.20296
3313,4555,0.22312
3313,5357,0.21213
3313,5727,0.22973
3313,5742,0.2503
3313,5920,0.28977
3313,6221,0.20965
3314,5644,0.23768
3315,4235,0.2017
3315,6011,0.26659
3317,6212,0.35326
3318,3521,0.20251
3318,3605,0.20235
3318,3882,0.2003
3318,5411,0.31492
3319,3802,0.2173
3319,5425,0.20416
3319,5965,0.34012
3320,3637,0.22156
3320,4571,0.27342
3320,4895,0.25352
3320,5442,0.2469
3320,5715,0.26732
3321,4466,0.2949
3322,3440,0.36164
3322,3516,0.43286
3322,3526,0.49019
3322,3907,0.28783
3322,4070,0.20296
3322,4789,0.57439
3322,4954,0.52721
3322,5166,0.3876
3322,5542,0.41802
3322,5974,0.21844
3322,6194,0.48011
3323,3502,0.2353
3323,3642,0.23042
3323,3975,0.29789
3323,4129,0.2434
3323,4132,0.26605
3323,4329,0.40709
3323,4411,0.20419
3323,4455,0.45012
3323,4605,0.40371
3323,4606,0.30574
3323,4869,0.3171
3323,4874,0.21449
3323,5153,0.34498
3323,5195,0.32688
3323,5217,0.29728
3323,5294,0.23154
3323,5326,0.58618
3323,5475,0.30409
3323,5966,0.29829
3323,6126,0.44208
3323,6135,0.40709
3324,6072,0.24273
3326,4090,0.21085
3326,4816,0.24035
3326,4928,0.24103
3326,4942,0.21255
3326,5077,0.26964
3326,5343,0.31042
3326,5384,0.24598
3326,5392,0.30722
3326,5447,0.26848
3326,5489,0.21448
3326,5734,0.22099
3326,5789,0.20694
3326,6005,0.30034
3326,6108,0.23229
3328,5414,0.20609
3328,5752,0.21028
3330,4123,0.2255
3332,4112,0.24564
3332,4539,0.25277
3332,4545,0.36346
3332,5372,0.31823
3333,4129,0.2833
3333,4455,0.26019
3333,4577,0.20455
3333,5153,0.21873
3333,5196,0.21145
3333,5217,0.40709
3333,5294,0.25941
3333,5326,0.30386
3333,5381,0.22261
3333,5447,0.21116
3333,5966,0.23028
3333,6135,0.3553
3334,5548,0.2054
3336,3998,0.34429
3336,4447,0.28783
3336,4672,0.20018
3336,4906,0.31865
3336,5177,0.21077
3336,5504,0.23999
3336,5888,0.31372
3337,4121,0.20881
3337,4133,0.57055
3337,5275,0.44234
3337,5641,0.43855
3337,6003,0.36909
3337,6077,0.36561
3337,6091,0.23023
3338,3630,0.20258
3338,4268,0.20525
3338,4537,0.33645
3338,4558,0.23401
3338,5738,0.22796
3340,3550,0.26049
3340,4609,0.21933
3340,4836,0.21797
3342,4065,0.20201
3342,5234,0.23355
3342,5498,0.21024
3346,4586,0.28978
3346,4911,0.26237
3346,5763,0.31176
3346,6002,0.26293
3346,6078,0.24527
3347,5639,0.20352
3348,4458,0.29848
3348,5747,0.20303
3349,6220,0.22125
3350,3731,0.22675
3350,3848,0.23228
3350,3926,0.23635
3350,4215,0.21915
3350,4227,0.45204
3350,4294,0.22909
3350,4708,0.27935
3350,4743,0.27816
3350,4752,0.32304
3350,4811,0.20205
3350,4848,0.2165
3350,4957,0.31289
3350,4971,0.24538
3350,5061,0.38253
3350,5178,0.21724
3350,5206,0.2006
3350,5329,0.27735
3350,5378,0.24458
3350,5527,0.35219
3350,5642,0.22063
3350,5649,0.26034
3350,5826,0.23414
3350,5862,0.50732
3350,5893,0.27408
3350,6212,0.21213
3351,4404,0.20021
3352,3924,0.36164
3352,4123,0.35726
3352,5246,0.20403
3352,5346,0.28932
3352,5474,0.32306
3353,5996,0.21155
3354,4630,0.2534
3354,5487,0.25908
3354,5640,0.21186
3354,6119,0.22975
3355,3958,0.20801
3355,3978,0.26425
3355,4687,0.21028
3355,4923,0.20128
3355,4956,0.21422
3355,5012,0.2114
3355,5527,0.45113
3355,5605,0.32894
3355,5649,0.22602
3355,5804,0.2519
3355,5826,0.21711
3355,6191,0.2249
3356,5666,0.22955
3357,3435,0.36989
3357,3715,0.2831
3357,3795,0.43456
3357,3835,0.40013
3357,3928,0.38233
3357,3931,0.37604
3357,3941,0.24613
3357,3946,0.39946
3357,4017,0.27588
3357,4233,0.22725
3357,4282,0.4638
3357,4419,0.34078
3357,4596,0.21448
3357,4870,0.30386
3357,4943,0.2312
3357,5172,0.38109
3357,5231,0.21746
3357,5325,0.56239
3357,5473,0.2096
3357,5496,0.24941
3357,5508,0.44946
3357,5811,0.27451
3358,3614,0.2354
3358,4996,0.29335
3358,5053,0.24957
3358,5124,0.26019
3358,6009,0.30346
3359,3552,0.22205
3359,5287,0.32221
3359,5991,0.36122
3359,6037,0.28514
3361,5000,0.54505
3361,5731,0.24974
3362,3608,0.43829
3362,3654,0.24613
3362,4296,0.34605
3362,5106,0.36164
3362,6052,0.27619
3362,6162,0.21329
3364,3528,0.35245
3364,4172,0.20264
3364,4268,0.31642
3364,4558,0.23278
3364,4952,0.21758
3364,5446,0.37479
3364,5486,0.25784
3364,5772,0.21702
3364,5814,0.27544
3364,5937,0.20357
3366,3745,0.215
3366,4336,0.26997
3366,5300,0.20158
3366,5620,0.35219
3366,5996,0.30346
3370,3393,0.26284
3370,3408,0.36416
3370,3812,0.21268
3370,3836,0.26921
3370,4125,0.24499
3370,4326,0.40174
3370,4439,0.21911
3370,4524,0.2673
3370,4538,0.25858
3370,4656,0.2737
3370,4960,0.20492
3370,5104,0.27432
3370,5187,0.20316
3370,5577,0.29926
3370,5688,0.20876
3370,6158,0.20512
3371,3825,0.21146
3371,5156,0.3005
3371,5341,0.20549
3371,5939,0.21865
3374,3434,0.29422
3374,3722,0.36304
3374,4627,0.20839
3374,6174,0.2412
3374,6205,0.34383
3374,6215,0.4077
3375,4531,0.24941
3375,5285,0.33791
3375,6124,0.29385
3377,4178,0.22264
3380,3590,0.31467
3380,3844,0.22123
3380,3953,0.22768
3380,4067,0.20238
3380,4075,0.22725
3380,4114,0.23583
3380,4284,0.21551
3380,4587,0.22901
3380,4593,0.26073
3380,4634,0.29379
3380,4696,0.2017
3380,4994,0.21003
3380,5057,0.20201
3380,5228,0.29874
3380,5253,0.21475
3380,5518,0.23127
3380,5665,0.27982
3380,5699,0.23607
3380,5885,0.2146
3380,6024,0.23889
3380,6051,0.2595
3381,3738,0.32733
3381,4396,0.22757
3381,4687,0.42151
3381,4936,0.28573
3381,5022,0.42221
3381,5235,0.41435
3381,5605,0.24399
3381,5783,0.25107
3383,3964,0.20263
3383,5414,0.27756
3383,5752,0.20634
3383,5991,0.2574
3385,4129,0.21475
3385,4251,0.22068
3385,4455,0.27882
3385,5090,0.2087
3385,5217,0.35158
3385,6135,0.27619
3387,3418,0.29728
3387,3534,0.27046
3387,4399,0.2028
3387,4439,0.223
3387,4538,0.23577
3387,4878,0.32221
3387,5317,0.2173
3387,5460,0.26213
3389,4417,0.23683
3389,4475,0.22015
3389,4755,0.25829
3389,5974,0.21117
3390,4134,0.31164
3391,5592,0.21533
3392,4544,0.2357
3392,4580,0.22197
3392,5527,0.20994
3392,5680,0.36852
3393,3408,0.29047
3393,3712,0.2159
3393,3836,0.22381
3393,4113,0.25199
3393,4125,0.28327
3393,4326,0.34253
3393,4439,0.21154
3393,4524,0.26411
3393,4538,0.27281
3393,4656,0.27693
3393,5104,0.34989
3393,5187,0.22758
3393,5379,0.22747
3393,5489,0.30923
3393,5539,0.20259
3393,5577,0.30261
3393,5686,0.21353
3393,5689,0.21201
3393,6158,0.30627
3394,3662,0.49934
3394,3958,0.48122
3395,3454,0.23644
3395,3948,0.20229
3395,4011,0.2729
3395,4081,0.23656
3395,4150,0.20331
3395,4423,0.20899
3395,4443,0.21142
3395,4462,0.23883
3395,4771,0.2006
3395,4890,0.21185
3395,4911,0.20881
3395,4984,0.25326
3395,5047,0.21481
3395,5119,0.21621
3395,5167,0.2382
3395,5192,0.23611
3395,5239,0.21598
3395,5304,0.33666
3395,5318,0.21657
3395,5333,0.22403
3395,5345,0.22215
3395,5428,0.26666
3395,5509,0.20172
3395,5616,0.21008
3395,5637,0.22317
3395,5878,0.20247
3395,6002,0.27351
3395,6111,0.27383
3395,6143,0.2595
3397,4466,0.24941
3397,5902,0.20262
3398,4691,0.20981
3398,5996,0.28039
3399,3914,0.31628
3400,4875,0.24101
3400,6189,0.22837
3402,3533,0.33004
3402,4370,0.28248
3402,5453,0.23981
3402,5794,0.2189
3402,5803,0.22955
3402,6008,0.31111
3402,6070,0.3222
3403,4180,0.21844
3403,5753,0.21778
3404,3792,0.23421
3404,5942,0.22727
3405,3443,0.21483
3405,3637,0.32824
3405,4669,0.21722
3405,5024,0.20889
3405,5890,0.22001
3408,3812,0.24274
3408,3836,0.25925
3408,4113,0.20035
3408,4125,0.23754
3408,4326,0.33211
3408,4497,0.2118
3408,4524,0.30906
3408,4538,0.2627
3408,4570,0.24798
3408,4656,0.24702
3408,4700,0.2088
3408,4972,0.20668
3408,5104,0.33623
3408,5187,0.20901
3408,5363,0.21298
3408,5419,0.31949
3408,5432,0.2701
3408,5477,0.21795
3408,5489,0.20226
3408,5539,0.2095
3408,5577,0.25036
3408,5629,0.21225
3408,5688,0.20717
3408,5788,0.20435
3408,5806,0.26579
3408,5823,0.28667
3408,6158,0.2086
3409,4120,0.22725
3409,4336,0.48011
3409,4466,0.2354
3409,4948,0.26878
3409,5065,0.26301
3409,5300,0.43286
3409,5595,0.20584
3409,5644,0.2831
3409,5902,0.23028
3410,3608,0.21028
3410,4211,0.50576
3410,4784,0.38776
3410,4966,0.27993
3410,4979,0.22631
3410,5441,0.2998
3410,5622,0.26436
3410,5684,0.20712
3411,3658,0.23109
3412,5181,0.22322
3413,3783,0.37366
3413,4090,0.26886
3413,4554,0.25196
3413,5051,0.23807
3413,6108,0.38437
3414,4129,0.40709
3414,4439,0.20927
3414,4455,0.45012
3414,4677,0.22874
3414,4800,0.35158
3414,4874,0.20201
3414,5153,0.2998
3414,5217,0.57055
3414,5294,0.52721
3414,5326,0.36122
3414,5583,0.23059
3414,5879,0.43286
3414,5964,0.42517
3414,5966,0.26019
3414,6135,0.56059
3415,4254,0.23577
3415,5208,0.24731
3417,5520,0.33093
3418,3490,0.20909
3418,3534,0.30617
3418,3733,0.32135
3418,4137,0.2759
3418,4827,0.22364
3418,5055,0.25346
3418,5720,0.27066
3418,6030,0.2225
3419,6132,0.20058
3420,3470,0.20618
3420,3701,0.23783
3420,3839,0.25164
3420,3909,0.38608
3420,4208,0.30386
3420,4568,0.29797
3420,4631,0.27991
3420,4685,0.2865
3420,4845,0.2059
3420,4969,0.30714
3420,5009,0.39274
3420,5241,0.32513
3420,5576,0.22896
3420,5657,0.34677
3420,5884,0.3374
3420,5944,0.33032
3421,4990,0.22064
3422,3733,0.20218
3422,4189,0.22369
3422,4659,0.25704
3422,4897,0.2551
3423,3497,0.21194
3423,3894,0.22227
3423,4032,0.2028
3423,4663,0.20919
3423,5100,0.23759
3423,5171,0.3328
3423,5664,0.2292
3423,6150,0.30514
3424,5920,0.20413
3425,6224,0.22262
3429,3804,0.29837
3429,5219,0.29613
3429,5248,0.20302
3429,5348,0.2056
3429,5812,0.30746
3432,4167,0.20191
3432,4189,0.27123
3432,4223,0.27547
3432,5609,0.21546
3432,6224,0.3635
3434,5200,0.24528
3434,5525,0.20238
3435,3795,0.51946
3435,3835,0.37536
3435,3928,0.43865
3435,3931,0.37484
3435,3946,0.40902
3435,4017,0.31795
3435,4282,0.50243
3435,4419,0.38524
3435,4597,0.21338
3435,4826,0.20355
3435,4943,0.23647
3435,5039,0.20338
3435,5125,0.28009
3435,5172,0.44996
3435,5325,0.40738
3435,5508,0.62952
3435,5642,0.24321
3435,5811,0.38428
3437,3545,0.20908
3437,3574,0.40355
3437,3732,0.34257
3437,3833,0.40551
3437,3948,0.38746
3437,3976,0.2828
3437,4009,0.31231
3437,4062,0.2199
3437,4082,0.23205
3437,4130,0.35697
3437,4150,0.35636
3437,4603,0.23167
3437,5007,0.24261
3437,5047,0.32052
3437,5064,0.25523
3437,5236,0.2429
3437,5313,0.24375
3437,5393,0.30997
3437,5428,0.23371
3437,5456,0.24754
3437,5509,0.36641
3437,5538,0.21832
3437,5607,0.32902
3437,5625,0.34812
3437,5628,0.23821
3437,5873,0.3005
3437,5942,0.32635
3437,5962,0.2003
3437,6168,0.2434
3437,6175,0.27293
3438,3713,0.2085
3438,4277,0.21442
3439,3711,0.28145
3439,3826,0.2121
3439,3847,0.22725
3439,3956,0.21816
3439,4011,0.39353
3439,4257,0.22457
3439,4285,0.40656
3439,4308,0.24424
3439,4394,0.23472
3439,4423,0.20951
3439,4560,0.20481
3439,4598,0.34526
3439,4683,0.24729
3439,4807,0.24716
3439,4984,0.39981
3439,5202,0.24172
3439,5318,0.2804
3439,5333,0.26384
3439,5345,0.21555
3439,5687,0.20486
3439,5718,0.20123
3439,5878,0.22488
3439,5909,0.25195
3439,6143,0.28506
3440,3516,0.36122
3440,3526,0.23098
3440,4789,0.43286
3440,4954,0.35262
3440,4997,0.26133
3440,5166,0.27619
3440,5542,0.48011
3440,5757,0.20201
3440,6194,0.49019
3441,5280,0.20191
3441,5439,0.30114
3442,3502,0.21472
3442,3582,0.34012
3442,4114,0.21464
3442,4295,0.26019
3442,4386,0.22766
3442,4514,0.20927
3442,4593,0.2949
3442,4689,0.22816
3442,5057,0.33578
3442,5254,0.26133
3442,5272,0.35991
3442,5307,0.24313
3442,5310,0.32102
3442,5365,0.22408
3442,5490,0.26586
3442,5494,0.2539
3442,5591,0.20177
3442,5798,0.25265
3442,5859,0.29426
3442,5885,0.31228
3442,5982,0.23757
3442,6051,0.28584
3442,6062,0.26191
3442,6072,0.27342
3442,6227,0.34605
3443,3637,0.32526
3443,3973,0.2002
3443,5083,0.24428
3443,5260,0.22703
3443,5685,0.20163
3443,6157,0.2133
3444,3503,0.43829
3444,3918,0.25492
3444,4004,0.31594
3444,4069,0.20927
3444,4246,0.22725
3444,4411,0.44446
3444,5197,0.2998
3444,6000,0.20881
3446,3495,0.47205
3446,3531,0.33533
3446,3707,0.37954
3446,3793,0.22399
3446,3978,0.4248
3446,4161,0.33413
3446,4189,0.22535
3446,4414,0.48667
3446,4743,0.3044
3446,4923,0.25459
3446,4956,0.44208
3446,5012,0.2463
3446,5329,0.35875
3446,5527,0.45113
3446,5649,0.3571
3446,5742,0.35904
3446,5804,0.22138
3446,5826,0.24502
3446,5893,0.32873
3446,6082,0.35729
3446,6212,0.35262
3448,3774,0.21571
3448,5492,0.27619
3448,5644,0.23577
3448,5951,0.21528
3450,3818,0.3208
3450,4065,0.42634
3450,5394,0.52913
3450,6044,0.24104
3450,6209,0.46866
3451,3480,0.28643
3451,4003,0.29151
3451,4144,0.26914
3451,4498,0.40046
3451,4623,0.33333
3451,4672,0.28892
3451,4851,0.2106
3451,4887,0.30503
3451,4901,0.33095
3451,5023,0.23039
3451,5046,0.25095
3451,5237,0.32196
3451,5514,0.24007
3451,5820,0.24458
3451,5997,0.23214
3451,6023,0.26827
3451,6086,0.20448
3451,6122,0.2031
3451,6181,0.28738
3452,3662,0.22279
3452,3958,0.2059
3453,4941,0.23942
3454,3574,0.23003
3454,3732,0.24249
3454,3933,0.29243
3454,4011,0.24645
3454,4257,0.26823
3454,4343,0.23014
3454,4349,0.25421
3454,4380,0.37093
3454,4394,0.28562
3454,4423,0.39446
3454,4443,0.30408
3454,4547,0.2361
3454,4602,0.3685
3454,4807,0.32037
3454,4984,0.24545
3454,5086,0.21948
3454,5190,0.33955
3454,5192,0.24788
3454,5215,0.36235
3454,5292,0.21013
3454,5321,0.22664
3454,5333,0.45548
3454,5484,0.2396
3454,5486,0.20927
3454,5493,0.28049
3454,5763,0.21758
3454,5878,0.26715
3454,6002,0.25425
3454,6034,0.25592
3454,6078,0.24696
3454,6127,0.33793
3454,6143,0.43286
3454,6193,0.23572
3455,3751,0.29235
3455,3756,0.27915
3455,3815,0.25374
3455,3922,0.34156
3455,3990,0.4145
3455,4186,0.23669
3455,4446,0.27272
3455,4545,0.26385
3455,5481,0.33108
3456,6060,0.20168
3456,6152,0.30703
3457,3749,0.2993
3457,4013,0.38942
3457,4080,0.20334
3457,4085,0.24888
3457,4110,0.44111
3457,4217,0.23034
3457,4433,0.28329
3457,4825,0.36492
3457,4999,0.27317
3457,5358,0.24723
3457,5377,0.30665
3457,5742,0.21641
3457,5889,0.20666
3457,6059,0.21185
3457,6088,0.24769
3458,4503,0.22642
3459,3652,0.24145
3459,4106,0.31422
3459,4589,0.26753
3461,3519,0.24957
3461,4295,0.20927
3461,4413,0.40048
3461,4557,0.35326
3461,5720,0.28783
3461,6149,0.36164
3462,3508,0.23354
3463,4535,0.24758
3463,4738,0.2002
3463,5361,0.2408
3463,5644,0.23393
3464,4234,0.28807
3464,4249,0.29452
3466,3900,0.21206
3466,4132,0.23746
3466,4329,0.36122
3466,4455,0.26878
3466,4782,0.22322
3466,5326,0.43829
3466,5457,0.2121
3466,5593,0.2607
3466,6126,0.26997
3466,6135,0.20584
3466,6167,0.3539
3466,6179,0.36353
3467,4508,0.22036
3468,3725,0.20207
3468,4070,0.22878
3468,4289,0.23599
3468,4402,0.26016
3468,4728,0.22477
3468,4860,0.22592
3468,4869,0.25528
3468,5647,0.23784
3468,5670,0.24249
3470,3476,0.24825
3470,3542,0.22562
3470,3599,0.26721
3470,3701,0.50376
3470,3839,0.35704
3470,3909,0.39232
3470,3955,0.30216
3470,4208,0.22813
3470,4220,0.27981
3470,4271,0.35816
3470,4393,0.28629
3470,4453,0.39285
3470,4536,0.28736
3470,4568,0.40894
3470,4622,0.33823
3470,4631,0.46948
3470,4642,0.24985
3470,4706,0.31594
3470,4744,0.2704
3470,4803,0.22261
3470,4845,0.23886
3470,4900,0.26303
3470,4969,0.38021
3470,5009,0.39782
3470,5042,0.29935
3470,5143,0.46386
3470,5154,0.40237
3470,5160,0.27395
3470,5241,0.30454
3470,5267,0.26841
3470,5571,0.23707
3470,5576,0.49408
3470,5657,0.39553
3470,5710,0.52721
3470,5746,0.20704
3470,5884,0.39687
3470,5924,0.35149
3470,5944,0.26541
3470,6151,0.20498
3470,6159,0.2054
3470,6202,0.23819
3470,6205,0.32289
3470,6207,0.29087
3471,4724,0.21095
3471,5301,0.20016
3472,3550,0.33898
3472,3579,0.4898
3472,3643,0.3269
3472,3710,0.20607
3472,3791,0.2277
3472,3821,0.33594
3472,3854,0.27775
3472,4022,0.25058
3472,4083,0.22628
3472,4226,0.27638
3472,4251,0.20881
3472,4300,0.29453
3472,4352,0.31312
3472,4357,0.22892
3472,4579,0.2441
3472,4607,0.29283
3472,4609,0.32381
3472,4646,0.23417
3472,4722,0.24749
3472,4725,0.22142
3472,4777,0.21745
3472,4836,0.3592
3472,4842,0.38542
3472,4894,0.20333
3472,4907,0.35254
3472,5090,0.42654
3472,5099,0.30321
3472,5367,0.28321
3472,5557,0.64797
3472,5600,0.21878
3472,5930,0.54383
3472,5995,0.30314
3472,5998,0.22467
3472,6031,0.44755
3472,6040,0.36584
3472,6092,0.22646
3472,6094,0.22405
3474,3798,0.3047
3474,4172,0.48593
3474,4397,0.36616
3474,4558,0.27651
3474,5047,0.22242
3474,5071,0.32626
3474,5239,0.23999
3474,5313,0.28072
3474,5457,0.30384
3474,5486,0.58862
3474,5593,0.20073
3474,5628,0.20519
3474,5772,0.33817
3475,4324,0.20044
3475,4728,0.23947
3475,5073,0.20814
3476,3581,0.25369
3476,3701,0.25853
3476,3746,0.3853
3476,3762,0.22291
3476,3839,0.22027
3476,4267,0.22798
3476,4453,0.28978
3476,4466,0.21057
3476,4568,0.30631
3476,4631,0.37359
3476,4940,0.33657
3476,5009,0.20505
3476,5143,0.23301
3476,5576,0.21573
3476,5657,0.20388
3476,5710,0.24325
3477,3964,0.21213
3477,4719,0.26572
3477,5062,0.22399
3477,5376,0.24824
3477,5419,0.29829
3477,5492,0.22954
3477,5799,0.4118
3478,3791,0.20037
3478,4591,0.21213
3479,4030,0.35763
3479,4417,0.22188
3479,4854,0.26508
3479,5375,0.20334
3479,5757,0.22527
3480,4003,0.29345
3480,4144,0.30035
3480,4497,0.20486
3480,4498,0.29227
3480,4524,0.20791
3480,4623,0.34685
3480,4672,0.48014
3480,4851,0.29597
3480,4887,0.26724
3480,4893,0.21866
3480,4901,0.24559
3480,5023,0.32867
3480,5046,0.25075
3480,5104,0.26215
3480,5237,0.3177
3480,5317,0.28658
3480,5514,0.25595
3480,5820,0.25386
3480,5997,0.28517
3480,6023,0.28809
3480,6158,0.21068
3480,6181,0.3689
3481,3841,0.39313
3481,4325,0.33119
3481,4537,0.49223
3481,4783,0.565
3481,4799,0.43964
3481,5544,0.20292
3481,5975,0.27063
3481,6013,0.34616
3482,3898,0.23269
3482,4523,0.25386
3482,5116,0.21062
3482,5725,0.22378
3484,3631,0.20296
3484,5514,0.20085
3485,3525,0.34459
3485,4877,0.20892
3485,4887,0.34532
3485,4906,0.20538
3485,5046,0.20284
3485,5113,0.2177
3485,5237,0.34207
3485,5445,0.3062
3485,5688,0.20909
3486,4013,0.22322
3486,4064,0.20158
3486,4325,0.21093
3486,4616,0.24613
3486,4700,0.29706
3486,4707,0.20178
3486,4773,0.24646
3486,4999,0.27407
3486,5140,0.21832
3486,5425,0.23981
3486,5938,0.26213
3486,6054,0.20249
3487,4531,0.35326
3487,5389,0.27619
3487,5756,0.33578
3487,5890,0.35158
3487,5935,0.21028
3487,6126,0.23466
3488,4196,0.20633
3488,5273,0.29584
3491,5998,0.21638
3493,5493,0.2349
3493,5788,0.21397
3494,6128,0.22003
3494,6141,0.36039
3494,6169,0.20504
3495,3531,0.29628
3495,3707,0.40828
3495,3978,0.42215
3495,4161,0.39235
3495,4414,0.40015
3495,4956,0.20994
3495,5329,0.47069
3495,5527,0.36122
3495,5649,0.38946
3495,5742,0.27931
3495,5893,0.47387
3495,6082,0.37688
3495,6212,0.41545
3496,3497,0.30239
3496,3934,0.22725
3496,4155,0.26019
3496,4888,0.35262
3496,5206,0.26194
3497,3610,0.2251
3497,3639,0.20207
3497,4395,0.41091
3497,4848,0.23467
3497,4888,0.36778
3497,5206,0.20758
3497,5378,0.36256
3497,5958,0.26486
3498,5694,0.23335
3499,5639,0.20965
3500,4417,0.44427
3502,3503,0.2998
3502,3590,0.26546
3502,3705,0.28783
3502,3844,0.3337
3502,3953,0.29379
3502,3975,0.23673
3502,4006,0.27107
3502,4114,0.34325
3502,4132,0.30617
3502,4221,0.21208
3502,4284,0.33817
3502,4329,0.27619
3502,4411,0.42151
3502,4455,0.28584
3502,4459,0.31517
3502,4593,0.43829
3502,4689,0.2289
3502,4696,0.35836
3502,4759,0.22976
3502,4869,0.26806
3502,5057,0.20178
3502,5145,0.29032
3502,5153,0.23494
3502,5195,0.22306
3502,5245,0.30663
3502,5253,0.22177
3502,5272,0.26048
3502,5307,0.31788
3502,5326,0.35262
3502,5490,0.32655
3502,5494,0.33324
3502,5518,0.2849
3502,5665,0.26459
3502,5855,0.26676
3502,5859,0.2378
3502,5885,0.23182
3502,5901,0.31843
3502,6051,0.30617
3502,6054,0.22463
3502,6072,0.23482
3502,6118,0.2337
3502,6135,0.21471
3502,6185,0.20242
3503,3900,0.22206
3503,4004,0.23981
3503,4129,0.25518
3503,4132,0.25763
3503,4329,0.36483
3503,4411,0.34581
3503,4439,0.2107
3503,4455,0.52721
3503,4606,0.27619
3503,4869,0.28306
3503,4874,0.28538
3503,5153,0.36256
3503,5217,0.36164
3503,5294,0.25451
3503,5326,0.49517
3503,5519,0.21394
3503,5659,0.20178
3503,5879,0.2998
3503,5966,0.41545
3503,6126,0.27407
3503,6135,0.56059
3504,3753,0.20015
3504,3866,0.22455
3504,4721,0.25712
3504,5419,0.2822
3504,5423,0.26048
3504,5518,0.26213
3504,5759,0.21213
3505,5509,0.23698
3505,5554,0.21801
3507,4340,0.36627
3507,4380,0.21332
3507,4547,0.24004
3507,4602,0.20389
3507,4944,0.26862
3507,5321,0.20773
3508,3728,0.21451
3508,5765,0.20389
3509,4085,0.22176
3509,4110,0.22647
3509,4217,0.23166
3509,4555,0.22762
3509,4608,0.20425
3509,4656,0.26241
3509,4999,0.2033
3509,5126,0.20134
3509,5265,0.2001
3509,5280,0.28055
3509,5377,0.23687
3509,5572,0.27054
3509,5742,0.213
3509,5920,0.2454
3509,6221,0.24235
3510,3564,0.27619
3510,3583,0.22163
3510,6079,0.20722
3511,4920,0.42587
3512,5389,0.23466
3512,5965,0.30239
3512,6003,0.20236
3512,6102,0.22261
3513,3839,0.22811
3513,4631,0.21697
3513,5268,0.49391
3513,5571,0.51466
3513,5710,0.2595
3514,5100,0.35158
3515,3620,0.38303
3515,3886,0.20273
3515,4356,0.4955
3515,4780,0.3517
3515,4818,0.41579
3515,5450,0.63663
3515,5593,0.28702
3515,6057,0.22019
3515,6123,0.26588
3515,6137,0.4315
3516,3526,0.44208
3516,3897,0.20567
3516,3907,0.35219
3516,4070,0.28783
3516,4789,0.42037
3516,4954,0.35061
3516,5166,0.30224
3516,5171,0.23719
3516,5542,0.21079
3516,5973,0.20085
3516,6194,0.29781
3517,4516,0.28768
3517,4986,0.22657
3517,5174,0.20468
3518,4368,0.35158
3518,4779,0.21213
3518,5034,0.28783
3519,3524,0.29686
3519,3661,0.27619
3519,3754,0.35158
3519,4069,0.20242
3519,4315,0.29686
3519,4413,0.49019
3519,4733,0.49019
3519,5001,0.28983
3519,5033,0.41802
3519,5056,0.44944
3519,5221,0.20131
3519,5389,0.21028
3519,5463,0.20927
3519,5720,0.38091
3519,5848,0.21555
3519,5898,0.20296
3519,5935,0.31949
3519,6084,0.34605
3519,6101,0.29686
3519,6149,0.50929
3520,4134,0.21105
3520,5675,0.28499
3521,3532,0.22955
3521,3901,0.25211
3521,4201,0.20994
3521,4432,0.22214
3521,5987,0.24067
3522,4430,0.29408
3522,5633,0.20302
3524,4413,0.52721
3524,4637,0.26133
3524,5720,0.51742
3524,6149,0.50247
3525,3631,0.30346
3525,4877,0.22449
3525,5113,0.20927
3526,4070,0.22407
3526,4417,0.20249
3526,4789,0.67211
3526,4954,0.44208
3526,4997,0.2822
3526,5166,0.34012
3526,5542,0.49019
3526,6194,0.48011
3528,3798,0.20424
3528,4172,0.20726
3528,4268,0.31071
3528,4558,0.21995
3528,5446,0.26953
3528,5486,0.23927
3531,3978,0.30208
3531,4161,0.43991
3531,4239,0.23417
3531,4414,0.43535
3531,4743,0.20526
3531,4956,0.38776
3531,5012,0.21999
3531,5329,0.2127
3531,5527,0.28783
3531,5742,0.21113
3531,5893,0.20309
3532,4040,0.20201
3532,4159,0.3425
3532,4175,0.22725
3532,4432,0.20994
3532,4724,0.20927
3532,5043,0.28538
3532,5755,0.21832
3532,6013,0.21614
3533,4142,0.32566
3533,4363,0.20265
3533,4450,0.29698
3533,4917,0.25512
3533,5108,0.2566
3533,5513,0.2008
3533,5794,0.20889
3533,6008,0.22347
3533,6065,0.23765
3534,3950,0.20158
3534,4252,0.23441
3534,4619,0.20221
3534,4718,0.35158
3534,4798,0.21879
3534,4878,0.22725
3534,5019,0.24169
3534,5449,0.25557
3534,5566,0.21909
3535,4376,0.25775
3535,4684,0.24068
3535,4812,0.22164
3535,5790,0.21223
3536,4166,0.22318
3536,4803,0.20352
3536,5070,0.30194
3536,5238,0.21528
3536,5454,0.20741
3536,5916,0.68912
3536,6138,0.23028
3537,4577,0.2258
3537,4835,0.2478
3537,5104,0.20269
3537,5514,0.24464
3537,5734,0.23475
3538,6026,0.20335
3539,4816,0.2138
3540,3795,0.2455
3540,3821,0.29937
3540,4022,0.30871
3540,4215,0.20282
3540,4219,0.64359
3540,4282,0.25384
3540,4529,0.25928
3540,4673,0.35298
3540,4750,0.28514
3540,4907,0.24761
3540,4939,0.2102
3540,4971,0.26292
3540,5039,0.34425
3540,5165,0.21682
3540,5299,0.38082
3540,5508,0.2658
3540,5642,0.4097
3540,6043,0.24458
3541,3736,0.27952
3541,4240,0.31853
3541,4256,0.30353
3541,4534,0.21365
3541,4731,0.21123
3541,5059,0.25021
3541,5252,0.22719
3541,5947,0.38743
3541,6027,0.31429
3542,3701,0.27249
3542,4220,0.29999
3542,4303,0.21797
3542,4622,0.21166
3542,4706,0.30346
3542,5143,0.25748
3542,5710,0.3468
3542,5785,0.21885
3543,5727,0.35029
3543,6012,0.227
3544,4960,0.20585
3544,5489,0.21046
3544,5577,0.23308
3544,5788,0.22909
3544,5823,0.20633
3544,6181,0.21296
3545,4462,0.25533
3545,4645,0.31142
3545,5064,0.20161
3545,5092,0.21749
3545,5246,0.32658
3545,5393,0.38343
3545,5482,0.23091
3545,5625,0.20045
3545,6192,0.27161
3547,3767,0.30386
3547,3770,0.21832
3547,3774,0.27407
3547,4296,0.22725
3547,4779,0.34605
3547,5034,0.31352
3547,5691,0.29452
3547,6052,0.35326
3547,6063,0.28783
3547,6106,0.25386
3548,3980,0.21305
3548,4093,0.22018
3548,4766,0.3593
3548,4810,0.34994
3548,5052,0.2105
3548,5067,0.3159
3548,5244,0.29907
3548,5310,0.24683
3548,5311,0.25364
3548,5786,0.27431
3548,5792,0.3587
3548,5798,0.24217
3550,3643,0.31028
3550,3821,0.23881
3550,4083,0.20152
3550,4226,0.27495
3550,4300,0.26753
3550,4352,0.32483
3550,4579,0.20771
3550,4609,0.35368
3550,4836,0.27239
3550,4907,0.26705
3550,5099,0.2053
3550,5557,0.33461
3550,5930,0.20909
3550,6031,0.28308
3550,6040,0.30781
3551,3804,0.27599
3551,4827,0.20054
3552,3672,0.20178
3553,4707,0.35326
3553,5058,0.2128
3553,5976,0.27229
3554,4796,0.24514
3557,3992,0.20903
3558,5414,0.20832
3558,5752,0.37271
3558,5961,0.21158
3560,4561,0.27932
3560,4707,0.21614
3560,5367,0.20315
3561,5666,0.25603
3561,5965,0.23577
3562,4499,0.29774
3562,5974,0.22572
3563,4085,0.282
3563,4217,0.28037
3563,4656,0.24357
3563,4825,0.20042
3563,4999,0.26042
3563,5280,0.20923
3563,5377,0.31907
3563,5742,0.2501
3563,5920,0.25009
3563,6221,0.23869
3564,4465,0.25211
3564,4556,0.22725
3564,4879,0.23466
3564,5449,0.28514
3564,5750,0.45012
3564,6079,0.41802
3565,3701,0.21493
3565,3909,0.21626
3565,4208,0.3209
3565,5009,0.29687
3565,5657,0.21399
3566,4605,0.32811
3566,5153,0.3135
3567,3962,0.22335
3567,4025,0.22652
3567,4928,0.32037
3567,5242,0.43655
3567,5347,0.22786
3567,5368,0.2447
3567,6210,0.23883
3568,4468,0.20682
3570,5110,0.23272
3570,5255,0.23066
3574,3732,0.40567
3574,3833,0.44023
3574,3853,0.29396
3574,3948,0.47101
3574,3976,0.29085
3574,4009,0.36685
3574,4062,0.23756
3574,4082,0.24113
3574,4130,0.43351
3574,4150,0.44788
3574,4394,0.20213
3574,4423,0.21109
3574,4462,0.27459
3574,4602,0.26836
3574,4603,0.41363
3574,4706,0.22725
3574,4758,0.20016
3574,5007,0.34001
3574,5047,0.42183
3574,5064,0.3597
3574,5071,0.26949
3574,5174,0.37442
3574,5190,0.26889
3574,5236,0.25392
3574,5239,0.29063
3574,5313,0.22624
3574,5333,0.24257
3574,5390,0.2478
3574,5393,0.25554
3574,5428,0.36329
3574,5456,0.35095
3574,5482,0.26004
3574,5493,0.27797
3574,5509,0.40351
3574,5538,0.43574
3574,5607,0.45978
3574,5625,0.50516
3574,5628,0.32766
3574,5883,0.29295
3574,5942,0.26489
3574,6143,0.31873
3574,6168,0.3005
3574,6192,0.30955
3575,5220,0.26263
3575,5851,0.20946
3575,6074,0.40137
3576,4245,0.21393
3577,4247,0.21479
3578,3958,0.21409
3578,4140,0.27882
3578,5070,0.2028
3578,5397,0.43286
3579,3643,0.24649
3579,4226,0.23956
3579,4251,0.21431
3579,4352,0.2336
3579,4609,0.23976
3579,4842,0.28138
3579,5090,0.28911
3579,5557,0.33584
3579,5930,0.35292
3579,6031,0.25498
3581,3701,0.20159
3581,3839,0.22397
3581,3955,0.24351
3581,3958,0.20993
3581,4453,0.21336
3581,4568,0.30912
3581,4631,0.40022
3581,4940,0.39898
3581,5267,0.21443
3581,5571,0.23116
3581,6205,0.23224
3582,3587,0.20158
3582,3709,0.22399
3582,3930,0.23466
3582,4386,0.36164
3582,4514,0.44208
3582,4634,0.23675
3582,4828,0.36483
3582,4850,0.36164
3582,4866,0.22725
3582,4886,0.28296
3582,4949,0.38776
3582,4961,0.20249
3582,4992,0.2822
3582,5057,0.50576
3582,5138,0.24979
3582,5254,0.35219
3582,5310,0.24941
3582,5365,0.45012
3582,5591,0.30346
3582,5596,0.50247
3582,5709,0.28514
3582,5818,0.21213
3582,5910,0.50576
3582,5982,0.3876
3582,6062,0.21213
3582,6227,0.37258
3584,5016,0.20885
3586,5397,0.27899
3586,5790,0.21215
3586,6141,0.22703
3587,4354,0.23577
3587,4514,0.29452
3587,4886,0.34012
3588,3716,0.29829
3588,3753,0.27407
3588,3876,0.22725
3588,3997,0.33578
3588,4031,0.44208
3588,4264,0.22399
3588,4405,0.20881
3588,5062,0.24169
3588,5251,0.25557
3588,5419,0.22399
3588,5505,0.30386
3588,5759,0.28783
3588,5841,0.21879
3588,5938,0.20242
3589,4413,0.34605
3589,4637,0.22399
3589,4688,0.24331
3589,4878,0.24101
3589,5720,0.22725
3589,6149,0.26607
3590,3709,0.20166
3590,3811,0.20982
3590,3844,0.28129
3590,3930,0.2635
3590,3953,0.22347
3590,4006,0.2344
3590,4075,0.2949
3590,4114,0.39724
3590,4182,0.20849
3590,4221,0.30867
3590,4284,0.28701
3590,4386,0.20799
3590,4459,0.24024
3590,4593,0.37258
3590,4634,0.32648
3590,4689,0.282
3590,4696,0.31422
3590,4903,0.24458
3590,4994,0.27937
3590,5057,0.3276
3590,5145,0.30067
3590,5245,0.22433
3590,5253,0.24317
3590,5272,0.25491
3590,5307,0.32852
3590,5351,0.35219
3590,5409,0.20043
3590,5490,0.30783
3590,5494,0.42458
3590,5518,0.4067
3590,5665,0.40797
3590,5699,0.28959
3590,5859,0.22622
3590,5869,0.22872
3590,5885,0.38157
3590,5901,0.25634
3590,5982,0.25227
3590,6051,0.56059
3590,6118,0.26636
3590,6188,0.24681
3590,6227,0.37258
3591,3905,0.31594
3591,4120,0.22012
3591,4254,0.29452
3591,4569,0.28707
3591,4661,0.22725
3591,5208,0.43286
3592,5644,0.25334
3592,5785,0.21172
3592,5981,0.41703
3592,5986,0.23012
3595,5595,0.27906
3595,5898,0.29686
3595,5935,0.20296
3595,6095,0.20498
3596,3864,0.59084
3597,4129,0.27619
3597,4461,0.25814
3597,5059,0.28014
3597,5217,0.22261
3597,5252,0.25953
3599,3701,0.24442
3599,3909,0.21457
3599,4271,0.28774
3599,4622,0.54132
3599,5143,0.25433
3599,5576,0.22976
3599,5710,0.31352
3599,5884,0.20193
3599,5924,0.34574
3600,3669,0.36377
3600,5005,0.2087
3601,4686,0.22035
3601,4858,0.29099
3601,4929,0.21523
3604,5184,0.4123
3604,5765,0.24187
3605,3638,0.21392
3605,3882,0.20587
3605,4577,0.24365
3605,4787,0.21196
3605,4816,0.24252
3605,4928,0.26917
3605,5261,0.20998
3605,5358,0.27857
3605,5489,0.23512
3605,5734,0.28448
3605,5915,0.26378
3606,3968,0.22445
3606,6035,0.20707
3607,3712,0.20913
3607,3836,0.21007
3607,4104,0.20023
3607,5379,0.23067
3607,5489,0.29064
3607,5689,0.2146
3607,6083,0.20667
3608,3907,0.21555
3608,4116,0.21213
3608,5506,0.20178
3608,5620,0.36122
3608,5766,0.23466
3608,5996,0.43286
3608,6120,0.20158
3609,3894,0.25736
3609,5771,0.20804
3609,6064,0.26213
3610,3639,0.47649
3610,3848,0.20576
3610,3926,0.31415
3610,4215,0.24316
3610,4294,0.21197
3610,4363,0.22503
3610,4373,0.21728
3610,4395,0.36997
3610,4528,0.21268
3610,4562,0.61233
3610,4743,0.231
3610,4848,0.46241
3610,4888,0.32378
3610,4912,0.27557
3610,4955,0.26862
3610,5018,0.27848
3610,5025,0.41443
3610,5036,0.36164
3610,5206,0.32262
3610,5329,0.20165
3610,5378,0.35158
3610,5652,0.21572
3610,5826,0.24328
3610,5908,0.21191
3610,5955,0.27659
3610,6092,0.22399
3610,6191,0.30221
3612,3933,0.23389
3612,4257,0.28084
3612,4285,0.22959
3612,4380,0.25275
3612,4423,0.26647
3612,4443,0.26952
3612,4560,0.29723
3612,4586,0.21207
3612,4807,0.27237
3612,4911,0.20215
3612,5040,0.36284
3612,5086,0.29112
3612,5190,0.2542
3612,5215,0.36688
3612,5333,0.2335
3612,5493,0.20224
3612,6078,0.29578
3612,6143,0.22948
3613,5196,0.29557
3613,5585,0.21973
3613,5887,0.2107
3614,5053,0.3192
3614,5783,0.20167
3614,6130,0.24777
3615,3957,0.22833
3615,5547,0.25045
3616,4423,0.2005
3616,4586,0.23601
3616,4602,0.29475
3616,4686,0.20967
3616,4774,0.3834
3616,4858,0.26669
3616,4911,0.23113
3616,4991,0.25083
3616,5064,0.25897
3616,5086,0.26614
3616,5192,0.20688
3616,5202,0.42903
3616,5484,0.23534
3616,5737,0.25386
3616,5878,0.38747
3616,6002,0.2129
3616,6111,0.20246
3616,6112,0.3093
3618,3989,0.21001
3618,6212,0.22233
3619,3794,0.22453
3619,3848,0.27869
3619,3950,0.43347
3619,4098,0.23105
3619,4189,0.32713
3619,4223,0.34742
3619,4507,0.22553
3619,4659,0.2855
3619,5096,0.26607
3619,5437,0.28783
3619,5825,0.23927
3619,5925,0.26732
3619,6032,0.23323
3619,6224,0.22845
3620,4356,0.66093
3620,4780,0.48202
3620,4818,0.28606
3620,5450,0.34586
3620,6137,0.53467
3622,4448,0.24272
3624,3648,0.25568
3628,4202,0.24351
3628,5140,0.22428
3628,5411,0.4411
3628,6136,0.22724
3631,3700,0.20252
3631,3832,0.26213
3631,4038,0.22205
3631,5059,0.28658
3631,5514,0.45012
3632,4312,0.21416
3632,4653,0.20808
3632,4730,0.20493
3632,4772,0.20367
3632,4793,0.31084
3632,4835,0.41906
3632,4938,0.24299
3632,5570,0.27367
3632,5795,0.24282
3632,5836,0.25973
3633,4221,0.23437
3633,4866,0.2663
3633,5253,0.2132
3633,5272,0.20364
3633,5597,0.38253
3633,6185,0.22725
3633,6188,0.23276
3633,6216,0.24221
3634,5084,0.25759
3636,5915,0.26537
3636,5932,0.33578
3637,3973,0.22746
3637,4466,0.25271
3637,4571,0.30212
3637,4822,0.25398
3637,4917,0.31145
3637,5108,0.24764
3637,5211,0.22669
3637,5260,0.25344
3637,5685,0.22478
3637,5890,0.31871
3637,5905,0.20578
3637,5980,0.29953
3638,3882,0.20967
3638,4293,0.25102
3638,5358,0.2196
3638,5915,0.39172
3639,3731,0.23183
3639,3848,0.26884
3639,3926,0.38186
3639,3934,0.20936
3639,4022,0.21634
3639,4155,0.24746
3639,4215,0.26107
3639,4227,0.22074
3639,4239,0.20175
3639,4294,0.24741
3639,4363,0.28715
3639,4373,0.2492
3639,4395,0.37828
3639,4562,0.46119
3639,4676,0.23894
3639,4743,0.38547
3639,4848,0.47048
3639,4888,0.3138
3639,4907,0.20566
3639,4912,0.34179
3639,4923,0.21061
3639,4955,0.31749
3639,4971,0.25234
3639,5018,0.35887
3639,5025,0.25186
3639,5036,0.26427
3639,5206,0.40212
3639,5378,0.44944
3639,5649,0.25515
3639,5652,0.21067
3639,5742,0.21429
3639,5826,0.30012
3639,5862,0.22035
3639,5908,0.25583
3639,5955,0.22329
3639,6191,0.22718
3640,4772,0.39608
3640,5932,0.27619
3640,6088,0.20898
3642,4129,0.24941
3642,4329,0.29335
3642,4455,0.35262
3642,4605,0.25751
3642,4869,0.28439
3642,5153,0.33724
3642,5195,0.34669
3642,5217,0.27341
3642,5326,0.36483
3642,5905,0.21561
3642,5966,0.22725
3642,6135,0.31949
3643,3710,0.24247
3643,3791,0.24589
3643,3821,0.29038
3643,3854,0.28018
3643,4022,0.26366
3643,4083,0.20331
3643,4226,0.57281
3643,4300,0.30039
3643,4352,0.6063
3643,4521,0.22761
3643,4561,0.20642
3643,4579,0.24374
3643,4609,0.59219
3643,4646,0.2231
3643,4722,0.20014
3643,4836,0.27681
3643,4842,0.3867
3643,4907,0.31951
3643,4915,0.24779
3643,5090,0.25157
3643,5099,0.20592
3643,5367,0.26469
3643,5557,0.39638
3643,5930,0.24796
3643,5995,0.22927
3643,6031,0.31903
3643,6040,0.27918
3643,6092,0.26555
3644,5938,0.22399
3646,4082,0.22298
3646,4130,0.22354
3646,4150,0.20925
3646,4603,0.20141
3646,5047,0.23831
3646,5239,0.20434
3646,5457,0.22832
3649,4296,0.28983
3649,4494,0.2166
3649,5097,0.2028
3650,3713,0.31702
3650,4561,0.20122
3650,6123,0.25314
3651,4942,0.27851
3651,5730,0.38411
3651,6068,0.23588
3652,4106,0.20505
3653,4391,0.35191
3653,5800,0.2354
3653,6120,0.21103
3654,4328,0.20201
3654,4336,0.20927
3654,5106,0.20046
3654,5300,0.25518
3654,5483,0.20236
3656,3688,0.52313
3656,3926,0.23483
3656,3934,0.52098
3656,4155,0.26765
3656,4848,0.21054
3656,5206,0.21313
3656,5378,0.28983
3657,3662,0.28671
3657,3921,0.23856
3657,3958,0.25337
3657,4029,0.20532
3657,4544,0.30459
3657,4546,0.27083
3657,4580,0.2828
3657,5032,0.20823
3657,5110,0.20729
3657,5561,0.50013
3657,5662,0.50241
3657,5825,0.20327
3657,5919,0.35219
3657,5978,0.20175
3657,6138,0.2173
3658,4164,0.20224
3658,6211,0.20844
3659,4430,0.2423
3661,4036,0.26213
3661,4069,0.21166
3661,4351,0.27341
3661,4435,0.22719
3661,4531,0.20749
3661,5001,0.30386
3661,5221,0.2786
3661,5374,0.2998
3661,5463,0.35262
3661,5756,0.28983
3661,5819,0.20994
3661,5898,0.25603
3661,5933,0.48011
3661,5935,0.33828
3661,6126,0.22955
3662,3759,0.2102
3662,3958,0.74805
3662,4306,0.2073
3662,4317,0.20946
3662,4454,0.33344
3662,4803,0.21832
3662,5186,0.201
3662,5654,0.5287
3662,5662,0.21688
3662,5864,0.20984
3662,5919,0.20584
3664,3900,0.27732
3664,4680,0.20518
3665,6054,0.22152
3669,5005,0.47531
3669,5745,0.31283
3671,4421,0.21927
3671,5411,0.20511
3672,3900,0.23577
3672,4004,0.23415
3672,4132,0.44208
3672,4806,0.26073
3672,5127,0.2107
3672,5197,0.24957
3672,5326,0.25211
3672,5738,0.20584
3672,5748,0.44901
3672,5829,0.28538
3672,6065,0.45012
3672,6170,0.44446
3673,3933,0.27199
3673,4547,0.27984
3673,5260,0.20154
3674,3805,0.20692
3674,4313,0.20566
3674,4409,0.46902
3674,4614,0.30995
3674,4686,0.33055
3674,4716,0.41328
3674,4858,0.38238
3674,4876,0.41047
3674,4921,0.3425
3674,4929,0.36455
3674,5072,0.32111
3674,5086,0.24027
3674,5270,0.31892
3674,5323,0.25697
3674,5471,0.4157
3674,5959,0.22996
3674,5998,0.28833
3674,6010,0.21703
3675,5647,0.33511
3675,5670,0.2412
3676,4119,0.24821
3677,4430,0.23342
3677,4753,0.20526
3678,6140,0.44021
3679,4551,0.23685
3679,6026,0.37058
3680,5382,0.2033
3680,6101,0.21879
3681,4202,0.23116
3681,5411,0.20699
3681,5520,0.21167
3684,4599,0.21115
3684,5035,0.21916
3684,5941,0.2417
3684,6187,0.20752
3684,6225,0.25866
3685,5366,0.22414
3687,4391,0.21177
3687,4874,0.37543
3687,5911,0.23245
3688,3934,0.60571
3688,4155,0.22673
3688,4303,0.20178
3688,4912,0.20911
3688,5378,0.20131
3689,5903,0.24743
3690,6072,0.21853
3692,4326,0.20249
3693,3722,0.21101
3693,4177,0.2371
3693,4853,0.20679
3693,5259,0.22399
3693,6174,0.22209
3694,5047,0.20345
3694,5538,0.21275
3694,5628,0.20994
3695,4413,0.21879
3695,5317,0.21297
3697,5360,0.24045
3697,5974,0.24647
3698,4691,0.21354
3698,5996,0.37708
3700,3701,0.20151
3700,4038,0.32471
3700,4189,0.34691
3700,4897,0.53533
3700,5096,0.20591
3700,5143,0.20624
3700,5514,0.2259
3701,3839,0.39562
3701,3909,0.30291
3701,3955,0.32514
3701,4208,0.30141
3701,4220,0.30807
3701,4271,0.29754
3701,4393,0.26775
3701,4453,0.31911
3701,4536,0.24708
3701,4568,0.38499
3701,4622,0.32827
3701,4631,0.50222
3701,4642,0.21037
3701,4706,0.26878
3701,4744,0.27766
3701,4803,0.26073
3701,4900,0.40517
3701,4969,0.3381
3701,5009,0.36767
3701,5042,0.28122
3701,5143,0.44271
3701,5154,0.29419
3701,5160,0.2202
3701,5241,0.29268
3701,5267,0.22176
3701,5576,0.48894
3701,5657,0.36245
3701,5688,0.21755
3701,5710,0.52721
3701,5884,0.35445
3701,5924,0.2564
3701,5944,0.33093
3701,6159,0.21836
3701,6202,0.23027
3701,6205,0.2749
3701,6207,0.24446
3702,4492,0.24502
3702,5570,0.24073
3704,5240,0.29175
3704,5294,0.2878
3704,5891,0.22399
3705,4874,0.21528
3705,5153,0.21555
3705,5326,0.24941
3706,3851,0.22935
3706,4342,0.34174
3706,4890,0.2146
3706,5448,0.20282
3706,5626,0.21914
3706,5959,0.21993
3706,6025,0.21965
3707,3978,0.32715
3707,4161,0.47347
3707,4414,0.36185
3707,5329,0.41148
3707,5527,0.30346
3707,5649,0.31084
3707,5742,0.25004
3707,5893,0.37494
3707,6082,0.37691
3708,5045,0.47364
3708,5544,0.20281
3709,3748,0.2414
3709,4114,0.2671
3709,4221,0.36482
3709,4284,0.22849
3709,4593,0.35326
3709,4634,0.20615
3709,4866,0.43444
3709,4903,0.50247
3709,4981,0.23303
3709,5057,0.35262
3709,5245,0.2428
3709,5351,0.30346
3709,5518,0.31474
3709,5665,0.26875
3709,5699,0.20506
3709,5869,0.31323
3709,5901,0.21166
3709,6051,0.45113
3709,6185,0.49019
3709,6216,0.25616
3709,6227,0.34012
3710,3795,0.20178
3710,3821,0.28296
3710,4022,0.36248
3710,4083,0.23415
3710,4215,0.35326
3710,4226,0.28386
3710,4294,0.20328
3710,4352,0.30587
3710,4357,0.27619
3710,4609,0.34229
3710,4842,0.25412
3710,4907,0.2998
3710,4971,0.45113
3710,5039,0.23144
3710,5090,0.24069
3710,5206,0.23784
3710,6092,0.67211
3711,4011,0.37094
3711,4598,0.30014
3711,4683,0.31344
3711,4984,0.36541
3711,5448,0.54061
3712,3836,0.27695
3712,4119,0.24737
3712,4139,0.26942
3712,4329,0.26213
3712,4439,0.35305
3712,4538,0.20872
3712,4577,0.25574
3712,4726,0.22311
3712,4758,0.2405
3712,4837,0.22793
3712,4875,0.29614
3712,4960,0.26563
3712,5051,0.20542
3712,5104,0.2126
3712,5317,0.23577
3712,5326,0.35262
3712,5379,0.2727
3712,5489,0.38306
3712,5577,0.27045
3712,5689,0.22624
3712,6126,0.22725
3715,3795,0.21832
3715,3803,0.20553
3715,3835,0.40709
3715,3928,0.29706
3715,3941,0.50576
3715,3946,0.33828
3715,4017,0.38091
3715,4233,0.57055
3715,4282,0.28783
3715,4419,0.49019
3715,4870,0.43829
3715,4943,0.46452
3715,5231,0.31594
3715,5496,0.58862
3715,5811,0.3553
3715,6064,0.21485
3716,5419,0.21597
3716,5759,0.2058
3717,5362,0.25451
3717,5819,0.22955
3717,5848,0.25211
3718,4619,0.21613
3721,5399,0.2508
3721,5494,0.20335
3721,5681,0.29913
3722,6174,0.61471
3722,6205,0.22421
3722,6215,0.27117
3723,4120,0.29846
3723,4196,0.21507
3723,5240,0.25104
3723,5604,0.21332
3723,5977,0.22226
3725,4070,0.22354
3725,5250,0.21076
3725,5472,0.20481
3725,5647,0.21749
3725,6220,0.20043
3727,6198,0.25465
3728,4616,0.24574
3728,4999,0.22389
3729,5083,0.23167
3729,5513,0.21193
3729,5794,0.20007
3729,6070,0.21371
3730,5967,0.21202
3731,3846,0.23108
3731,3926,0.21865
3731,4215,0.29072
3731,4227,0.20711
3731,4294,0.48278
3731,4358,0.20443
3731,4743,0.22758
3731,4752,0.2301
3731,4796,0.21309
3731,4848,0.22214
3731,5206,0.24172
3731,5378,0.21879
3731,5605,0.2241
3731,6191,0.33512
3732,3833,0.38204
3732,3853,0.24607
3732,3948,0.35442
3732,4130,0.30565
3732,4150,0.3594
3732,4380,0.22007
3732,4423,0.22821
3732,4462,0.27696
3732,4602,0.22894
3732,4603,0.35045
3732,5007,0.27701
3732,5047,0.22847
3732,5064,0.20385
3732,5071,0.25859
3732,5174,0.30669
3732,5190,0.22185
3732,5239,0.21714
3732,5333,0.25193
3732,5390,0.23983
3732,5393,0.2218
3732,5428,0.31099
3732,5456,0.28955
3732,5482,0.24895
3732,5486,0.22955
3732,5509,0.29906
3732,5607,0.36528
3732,5625,0.30177
3732,6168,0.20927
3733,4067,0.26421
3734,4738,0.21765
3734,5951,0.21173
3736,4240,0.26206
3736,4731,0.32107
3736,4894,0.20764
3736,5059,0.22274
3736,5947,0.25371
3737,5086,0.24645
3737,5747,0.2073
3738,4317,0.23808
3738,4687,0.34012
3738,4936,0.27808
3738,5022,0.38824
3738,5186,0.25986
3738,5235,0.33533
3738,5605,0.25843
3738,5783,0.21903
3740,6119,0.21401
3741,5486,0.21997
3742,6212,0.20728
3744,5952,0.24729
3744,6072,0.27145
3744,6199,0.25642
3745,4336,0.23326
3745,4718,0.22399
3746,3762,0.21702
3746,4453,0.23278
3746,4631,0.2884
3746,4940,0.29515
3747,3755,0.22914
3747,4253,0.24543
3747,4276,0.20818
3747,4804,0.20285
3747,4878,0.32817
3747,5525,0.23405
3748,4221,0.29237
3748,5699,0.21594
3748,6138,0.2084
3749,4013,0.29883
3749,4110,0.23673
3749,4825,0.21363
3749,4999,0.27813
3749,5377,0.20824
3749,5425,0.28783
3749,5742,0.23479
3749,5889,0.23737
3749,6059,0.23251
3750,4510,0.20274
3750,4924,0.28983
3751,3922,0.52976
3751,3990,0.30915
3751,4186,0.29494
3751,4446,0.50582
3751,4482,0.63862
3751,4545,0.22966
3753,4216,0.29664
3753,4956,0.21555
3753,5419,0.45012
3753,5937,0.23164
3754,4012,0.21213
3754,4315,0.27843
3754,4351,0.31949
3754,4692,0.24169
3754,5001,0.20178
3754,5374,0.21832
3754,5463,0.28385
3754,5756,0.21879
3754,5827,0.35158
3754,5898,0.43829
3754,5935,0.46712
3754,6084,0.30616
3754,6101,0.33578
3754,6126,0.26213
3755,3788,0.26424
3755,3983,0.27792
3755,4106,0.43064
3755,4688,0.22437
3755,4804,0.33438
3755,6015,0.36086
3755,6183,0.20114
3756,3815,0.33836
3756,3922,0.23221
3756,3990,0.20179
3756,5218,0.26495
3756,5486,0.22725
3759,4475,0.20437
3761,3825,0.42718
3761,3984,0.20191
3761,4209,0.22039
3761,4727,0.28975
3761,5044,0.22739
3761,5433,0.22443
3761,5532,0.2406
3761,5766,0.34004
3762,4631,0.23539
3762,4940,0.25135
3763,4075,0.22399
3763,4297,0.28684
3763,4441,0.23314
3763,4673,0.21909
3763,6077,0.26098
3766,5489,0.20052
3766,5891,0.26615
3767,4296,0.35219
3767,4355,0.3876
3767,4779,0.50655
3767,5034,0.50247
3767,5098,0.28248
3767,6052,0.33578
3767,6063,0.24709
3768,4003,0.21542
3768,4144,0.3295
3768,4498,0.23175
3768,4672,0.20748
3768,4901,0.20596
3768,5046,0.20924
3768,5237,0.2156
3768,5820,0.20158
3768,6181,0.32996
3770,3774,0.2434
3770,3897,0.25451
3770,4069,0.36122
3770,4355,0.20296
3770,5100,0.30617
3770,6052,0.30239
3770,6106,0.35158
3772,4384,0.24598
3772,5601,0.36012
3772,5746,0.20891
3772,5881,0.20657
3774,4069,0.23466
3774,4296,0.20927
3774,4328,0.25986
3774,4355,0.28783
3774,4663,0.2756
3774,4779,0.23981
3774,5034,0.22996
3774,6052,0.41545
3776,4585,0.23161
3777,4604,0.22184
3777,4890,0.37414
3777,5717,0.21523
3778,4217,0.20151
3778,4555,0.21726
3778,4999,0.20115
3778,5280,0.23286
3778,5377,0.20844
3778,5742,0.25653
3779,4619,0.28602
3779,5961,0.56132
3780,4339,0.2071
3780,5620,0.35735
3780,5714,0.21226
3783,4090,0.34203
3783,4554,0.34304
3783,4787,0.21619
3783,4816,0.21737
3783,5051,0.29178
3783,5058,0.34144
3783,5077,0.23238
3783,5196,0.20174
3783,5343,0.22113
3783,5368,0.2481
3783,5384,0.26333
3783,5392,0.28208
3783,5447,0.25698
3783,5569,0.2028
3783,5585,0.23448
3783,5734,0.23725
3783,5789,0.22005
3783,5976,0.22725
3783,6005,0.2143
3783,6108,0.26109
3784,4325,0.24327
3786,4127,0.43852
3787,4006,0.22959
3787,4166,0.23872
3787,4846,0.28538
3787,6039,0.22216
3787,6072,0.25524
3788,4253,0.2775
3788,4688,0.22767
3788,4804,0.3077
3788,4878,0.33448
3788,5601,0.21128
3790,4806,0.22725
3791,4226,0.21706
3791,4352,0.2514
3791,4521,0.22071
3791,4561,0.35196
3791,4609,0.24274
3791,4638,0.2369
3791,4836,0.30163
3791,5367,0.52133
3791,5557,0.24183
3791,5998,0.26264
3791,6031,0.26168
3792,3907,0.20296
3792,4009,0.27685
3792,5607,0.23784
3792,5942,0.23509
3793,4993,0.2166
3794,5437,0.24458
3794,5778,0.45196
3795,3835,0.38669
3795,3886,0.23804
3795,3928,0.46356
3795,3931,0.39269
3795,3941,0.28538
3795,3946,0.40643
3795,4017,0.35875
3795,4186,0.2513
3795,4233,0.22074
3795,4282,0.76977
3795,4419,0.32649
3795,4442,0.22646
3795,4596,0.29073
3795,4646,0.26461
3795,4815,0.24189
3795,4870,0.47513
3795,4920,0.20023
3795,4943,0.30432
3795,5039,0.27792
3795,5125,0.32752
3795,5172,0.46135
3795,5231,0.3292
3795,5325,0.49412
3795,5496,0.29335
3795,5508,0.67187
3795,5642,0.32176
3795,5736,0.20771
3795,5811,0.35688
3797,4339,0.26902
3797,4526,0.2353
3798,4172,0.22569
3798,4558,0.35637
3798,4594,0.2553
3798,4641,0.23417
3798,5007,0.24131
3798,5047,0.27283
3798,5071,0.3147
3798,5239,0.31844
3798,5313,0.38479
3798,5457,0.54863
3798,5486,0.44208
3798,5509,0.24818
3798,5637,0.20021
3798,5772,0.321
3799,5981,0.23797
3803,3835,0.21621
3803,3941,0.21073
3803,4017,0.20901
3803,4233,0.20811
3803,4943,0.2844
3803,5811,0.21788
3804,4346,0.22549
3805,4313,0.20799
3805,4624,0.3492
3805,4686,0.41802
3805,4858,0.31767
3805,4921,0.41802
3805,4929,0.23919
3805,5072,0.41668
3805,5086,0.23514
3805,5202,0.21213
3805,5537,0.2026
3805,5743,0.41545
3806,3811,0.23468
3806,3874,0.21068
3806,4362,0.29268
3806,4593,0.21832
3806,5245,0.21212
3806,5351,0.20584
3806,6230,0.20679
3809,5492,0.23346
3809,5548,0.21059
3809,5640,0.2103
3811,4258,0.22771
3811,5351,0.26878
3811,6051,0.21479
3812,4119,0.22224
3812,4125,0.45696
3812,4326,0.2111
3812,4382,0.20237
3812,4524,0.2424
3812,4837,0.22254
3812,5363,0.21164
3812,5489,0.2168
3812,6158,0.24995
3813,4267,0.35508
3813,4309,0.2644
3813,5260,0.21829
3813,5513,0.38592
3813,5794,0.2985
3815,3990,0.30264
3815,5355,0.21202
3815,5481,0.23965
3818,4065,0.28552
3818,4294,0.21951
3818,5036,0.21166
3818,5206,0.22401
3818,5394,0.3322
3818,6191,0.22093
3818,6209,0.39758
3820,3888,0.33466
3821,3848,0.32887
3821,3854,0.40241
3821,3926,0.24785
3821,4022,0.47203
3821,4083,0.3613
3821,4219,0.26777
3821,4226,0.30811
3821,4300,0.20205
3821,4352,0.3204
3821,4561,0.28408
3821,4609,0.30003
3821,4722,0.20366
3821,4750,0.20158
3821,4842,0.31608
3821,4907,0.70678
3821,4971,0.36455
3821,5039,0.22039
3821,5090,0.38747
3821,5206,0.26997
3821,5367,0.22
3821,5381,0.34012
3821,5557,0.28555
3821,5642,0.25542
3821,5930,0.28407
3821,5995,0.21438
3821,6031,0.22072
3821,6040,0.22752
3821,6092,0.36483
3822,5725,0.28042
3824,3993,0.20212
3825,4835,0.2018
3825,5044,0.30893
3825,5433,0.37025
3825,5532,0.22193
3825,6205,0.20542
3826,3990,0.25564
3826,4011,0.30751
3826,4683,0.28753
3826,4720,0.23422
3826,4984,0.30604
3826,5086,0.26116
3826,5119,0.60287
3826,5303,0.20119
3827,4551,0.39032
3827,6026,0.43937
3829,4193,0.20045
3829,5159,0.24327
3830,4127,0.34568
3832,5693,0.21496
3833,3853,0.20629
3833,3948,0.43392
3833,3976,0.26122
3833,4009,0.34779
3833,4130,0.42636
3833,4150,0.41925
3833,4603,0.27354
3833,4706,0.22725
3833,4771,0.22543
3833,4909,0.20404
3833,5007,0.30056
3833,5047,0.32376
3833,5064,0.27738
3833,5092,0.25973
3833,5174,0.24111
3833,5236,0.22854
3833,5239,0.20836
3833,5246,0.2001
3833,5313,0.22305
3833,5390,0.22445
3833,5393,0.23126
3833,5428,0.40275
3833,5456,0.32908
3833,5493,0.31823
3833,5509,0.43867
3833,5538,0.20712
3833,5607,0.40822
3833,5625,0.45553
3833,5628,0.29889
3833,5845,0.2173
3833,5873,0.2831
3833,5883,0.25503
3833,5942,0.43655
3833,5984,0.21496
3833,6143,0.2113
3833,6168,0.27407
3833,6187,0.20927
3833,6192,0.22233
3834,5339,0.20491
3835,3928,0.45008
3835,3931,0.34574
3835,3941,0.41545
3835,3946,0.43214
3835,4017,0.48787
3835,4233,0.3883
3835,4238,0.21228
3835,4282,0.41265
3835,4419,0.54074
3835,4596,0.26284
3835,4815,0.22329
3835,4870,0.23675
3835,4943,0.41457
3835,5172,0.59939
3835,5231,0.2379
3835,5325,0.40273
3835,5496,0.34605
3835,5508,0.39832
3835,5811,0.49441
3836,4125,0.24364
3836,4230,0.30618
3836,4326,0.22971
3836,4439,0.32283
3836,4524,0.24001
3836,4538,0.20565
3836,4570,0.22067
3836,4577,0.22742
3836,4837,0.27564
3836,4960,0.23461
3836,5489,0.29564
3836,5577,0.23425
3836,5689,0.26187
3839,3849,0.21597
3839,3909,0.32162
3839,3925,0.2526
3839,3955,0.31559
3839,4208,0.30886
3839,4271,0.25485
3839,4393,0.28026
3839,4453,0.30814
3839,4536,0.23658
3839,4568,0.39946
3839,4622,0.20793
3839,4631,0.45424
3839,4642,0.22876
3839,4685,0.20892
3839,4706,0.27594
3839,4744,0.21726
3839,4803,0.21213
3839,4845,0.20192
3839,4969,0.32491
3839,5009,0.40475
3839,5143,0.29489
3839,5154,0.23777
3839,5160,0.46736
3839,5241,0.39151
3839,5267,0.23118
3839,5538,0.20741
3839,5571,0.21082
3839,5576,0.34821
3839,5629,0.23945
3839,5657,0.35989
3839,5710,0.39292
3839,5884,0.39434
3839,5944,0.37858
3839,6159,0.25221
3839,6202,0.26013
3839,6205,0.28426
3840,3913,0.22996
3840,5628,0.23913
3841,4325,0.23528
3841,4537,0.37289
3841,4783,0.35074
3841,4799,0.28727
3841,5528,0.34737
3841,5975,0.25874
3843,4555,0.20662
3843,5364,0.20359
3844,3930,0.26329
3844,3953,0.42183
3844,4006,0.202
3844,4114,0.36676
3844,4221,0.21265
3844,4284,0.38395
3844,4459,0.21137
3844,4593,0.68877
3844,4634,0.34358
3844,4689,0.27127
3844,4696,0.3604
3844,4903,0.30617
3844,5057,0.35326
3844,5112,0.25373
3844,5145,0.26156
3844,5211,0.27279
3844,5245,0.2482
3844,5307,0.31868
3844,5365,0.23761
3844,5404,0.21993
3844,5490,0.332
3844,5518,0.322
3844,5665,0.29742
3844,5699,0.23206
3844,5855,0.31345
3844,5859,0.21077
3844,5885,0.22915
3844,5901,0.47014
3844,5982,0.21652
3844,6051,0.45113
3844,6118,0.28566
3844,6185,0.35262
3844,6227,0.35158
3846,3926,0.23086
3846,4294,0.3178
3846,4358,0.20539
3846,4395,0.22355
3846,4848,0.23948
3846,5206,0.2459
3846,5378,0.2998
3846,5532,0.20633
3846,6191,0.26365
3847,4011,0.25603
3847,4984,0.28538
3847,5318,0.20881
3847,5345,0.22725
3848,3926,0.35909
3848,3950,0.29545
3848,4022,0.34602
3848,4083,0.27245
3848,4189,0.30172
3848,4215,0.22908
3848,4223,0.29834
3848,4227,0.2081
3848,4637,0.20927
3848,4659,0.21021
3848,4907,0.25305
3848,4912,0.2445
3848,4971,0.33968
3848,5206,0.4085
3848,5367,0.23846
3848,5378,0.28296
3848,5508,0.27607
3848,5527,0.23981
3848,5642,0.25955
3848,5826,0.21983
3848,5862,0.21806
3848,5930,0.22914
3848,6032,0.21869
3849,4969,0.21213
3849,4978,0.20994
3849,5009,0.22399
3849,5884,0.2028
3851,4011,0.23539
3851,4112,0.26835
3851,4186,0.27582
3851,4342,0.36156
3851,4545,0.25364
3851,4890,0.21857
3851,4984,0.23679
3851,5119,0.20436
3853,3948,0.3569
3853,4009,0.63994
3853,4130,0.29886
3853,4150,0.34885
3853,4462,0.24708
3853,4603,0.23548
3853,4631,0.22175
3853,4642,0.23591
3853,4969,0.20514
3853,5007,0.34788
3853,5009,0.22005
3853,5064,0.36654
3853,5236,0.24803
3853,5292,0.21456
3853,5390,0.38816
3853,5428,0.24724
3853,5456,0.31818
3853,5482,0.26296
3853,5538,0.48011
3853,5607,0.36342
3853,5625,0.39007
3853,5628,0.41472
3853,5695,0.20287
3853,5884,0.20499
3853,5942,0.34691
3853,6168,0.33828
3853,6192,0.39442
3853,6205,0.2088
3854,3926,0.21878
3854,4022,0.30331
3854,4083,0.26293
3854,4226,0.24931
3854,4352,0.22514
3854,4609,0.22294
3854,4722,0.21231
3854,4842,0.25536
3854,4907,0.43534
3854,4971,0.24383
3854,5090,0.24164
3854,5206,0.24217
3854,5381,0.32113
3854,5557,0.266
3854,5930,0.22312
3854,6092,0.21749
3855,4224,0.38799
3855,4348,0.29528
3855,4413,0.26732
3855,4639,0.29771
3855,5872,0.33492
3855,6149,0.34605
3860,5184,0.24996
3861,4620,0.22725
3861,4723,0.29452
3861,4753,0.27883
3861,5534,0.24786
3861,5581,0.21718
3861,5733,0.24488
3863,4177,0.33934
3863,5259,0.23166
3863,5831,0.21457
3863,5872,0.20292
3864,5421,0.21322
3865,4120,0.21958
3865,4123,0.25161
3865,4731,0.28606
3865,5644,0.20109
3865,5653,0.3506
3865,6093,0.34039
3865,6119,0.32274
3867,4298,0.24665
3867,5153,0.25796
3867,6071,0.20217
3868,5675,0.22187
3869,5683,0.20834
3870,4027,0.22725
3870,4476,0.23415
3870,6000,0.28983
3870,6102,0.29829
3871,3965,0.40647
3871,4074,0.46793
3871,4546,0.29009
3871,5200,0.43483
3872,4251,0.63629
3872,4777,0.71252
3872,4876,0.32992
3874,5351,0.28296
3875,5494,0.24419
3876,5258,0.2822
3876,5360,0.22573
3880,4732,0.21214
3880,5277,0.2646
3880,5425,0.48011
3880,5595,0.24941
3880,6095,0.223
3881,3907,0.2822
3881,4116,0.22368
3881,4810,0.20324
3881,4828,0.20045
3881,5067,0.20274
3881,5295,0.21026
3881,5354,0.21186
3881,5766,0.23424
3881,5792,0.28668
3882,4126,0.21629
3882,4185,0.27602
3882,4202,0.24784
3882,4445,0.30569
3882,4915,0.20632
3882,4962,0.28438
3882,5207,0.2059
3882,5411,0.22228
3882,5734,0.20215
3882,6136,0.20231
3883,4187,0.22799
3883,4462,0.21699
3883,5291,0.218
3883,5929,0.2028
3883,5967,0.28123
3885,5640,0.21284
3886,3946,0.20987
3886,4282,0.24684
3886,4627,0.22709
3886,4697,0.27549
3886,4934,0.32917
3886,5017,0.43189
3886,5508,0.23875
3886,6057,0.27954
3886,6226,0.28342
3887,5606,0.21116
3888,4112,0.25231
3888,4186,0.25333
3888,4686,0.23855
3888,4858,0.20421
3889,4718,0.20927
3889,4798,0.3553
3889,5019,0.36122
3889,5308,0.22955
3889,5566,0.20529
3890,4136,0.22516
3890,5419,0.28983
3890,5966,0.30386
3891,4133,0.23415
3891,5275,0.2331
3891,6003,0.30739
3891,6102,0.21997
3894,4238,0.21072
3894,4946,0.22256
3894,5171,0.24165
3895,4548,0.40394
3895,4768,0.26411
3895,4990,0.30596
3895,5156,0.215
3896,4413,0.23415
3896,4557,0.28983
3896,4637,0.20296
3896,5720,0.27066
3896,6119,0.24568
3896,6149,0.23577
3897,4032,0.2471
3897,5100,0.22038
3897,5171,0.32078
3897,6052,0.21093
3898,4255,0.33471
3898,4523,0.29335
3898,5116,0.25049
3898,5725,0.32734
3898,5790,0.2411
3899,4827,0.2511
3899,5277,0.31903
3900,4129,0.2595
3900,4132,0.31665
3900,4329,0.43286
3900,4411,0.21264
3900,4455,0.45113
3900,4605,0.2207
3900,4680,0.25149
3900,5153,0.24876
3900,5217,0.28783
3900,5326,0.56059
3900,5457,0.21687
3900,5966,0.28783
3900,6126,0.29452
3900,6135,0.45012
3901,4432,0.20916
3902,4151,0.22691
3902,4571,0.21646
3902,4895,0.2489
3902,5506,0.31078
3902,5700,0.29719
3902,5724,0.26106
3902,5776,0.21297
3904,4091,0.20773
3904,4128,0.22705
3904,4486,0.23458
3904,4491,0.22984
3904,5716,0.20555
3904,6113,0.20069
3905,4120,0.26732
3905,4941,0.45012
3905,5633,0.4148
3907,4116,0.21528
3907,4789,0.26732
3907,4954,0.35219
3907,5366,0.21213
3907,5766,0.26823
3907,6194,0.27619
3908,4325,0.25129
3909,3955,0.24296
3909,4208,0.35932
3909,4271,0.26476
3909,4393,0.28668
3909,4453,0.30148
3909,4568,0.4109
3909,4622,0.22567
3909,4631,0.37491
3909,4642,0.32042
3909,4685,0.25341
3909,4698,0.31344
3909,4744,0.24651
3909,4803,0.23466
3909,4845,0.26842
3909,4969,0.3993
3909,5009,0.44844
3909,5143,0.27315
3909,5154,0.28396
3909,5160,0.25087
3909,5241,0.38807
3909,5576,0.3658
3909,5657,0.40777
3909,5710,0.2998
3909,5884,0.4649
3909,5944,0.42185
3909,6202,0.29454
3910,4687,0.2617
3910,5790,0.20407
3912,4029,0.26161
3912,4140,0.26601
3912,4157,0.27137
3912,4559,0.29438
3912,4736,0.24497
3912,5433,0.25097
3912,5673,0.2532
3912,5919,0.27619
3912,5939,0.21053
3912,5978,0.51237
3913,4095,0.49019
3913,4243,0.23295
3913,4720,0.2956
3913,4767,0.45012
3913,4883,0.22935
3913,5087,0.24069
3917,6079,0.27124
3918,4088,0.21692
3918,4806,0.36122
3918,5829,0.2878
3918,6065,0.30617
3919,5085,0.2513
3919,5669,0.33677
3920,4310,0.67872
3920,4389,0.41856
3920,4531,0.27407
3920,4600,0.4977
3920,5737,0.50929
3921,5561,0.21669
3921,5662,0.23886
3922,3990,0.32744
3922,4112,0.20603
3922,4186,0.26229
3922,4446,0.48041
3922,4482,0.51267
3922,4545,0.21275
3922,5481,0.20541
3924,4123,0.36801
3924,5346,0.30598
3924,5474,0.29115
3925,4134,0.20025
3925,4706,0.26301
3925,5160,0.26215
3925,5241,0.26936
3925,5576,0.24087
3925,5884,0.25597
3925,5944,0.24316
3925,6202,0.20328
3926,3934,0.20421
3926,4022,0.45673
3926,4083,0.36037
3926,4155,0.2593
3926,4215,0.40079
3926,4227,0.22567
3926,4294,0.33343
3926,4358,0.21078
3926,4361,0.27769
3926,4373,0.3371
3926,4395,0.34067
3926,4562,0.26834
3926,4743,0.30228
3926,4848,0.33848
3926,4888,0.27764
3926,4907,0.30285
3926,4912,0.33012
3926,4971,0.3498
3926,5039,0.20323
3926,5165,0.20057
3926,5206,0.66833
3926,5378,0.48011
3926,5652,0.21871
3926,5862,0.22483
3926,5930,0.33308
3926,5955,0.28011
3926,6191,0.32408
3928,3931,0.36537
3928,3941,0.3276
3928,3946,0.33896
3928,4017,0.47262
3928,4233,0.35158
3928,4238,0.22059
3928,4282,0.47465
3928,4419,0.51933
3928,4596,0.25037
3928,4815,0.20683
3928,4870,0.40709
3928,4943,0.38222
3928,5172,0.52141
3928,5231,0.28548
3928,5325,0.46096
3928,5496,0.35326
3928,5508,0.48183
3928,5811,0.5101
3929,4413,0.21879
3929,6149,0.2084
3930,3951,0.20453
3930,3953,0.23286
3930,4075,0.30346
3930,4114,0.33354
3930,4248,0.21427
3930,4284,0.26759
3930,4593,0.36483
3930,4634,0.34589
3930,4696,0.27203
3930,4903,0.36122
3930,4994,0.23153
3930,5057,0.44446
3930,5351,0.2831
3930,5518,0.21584
3930,5665,0.2723
3930,5699,0.28834
3930,5855,0.21231
3930,5869,0.21268
3930,5901,0.25892
3930,5926,0.20367
3930,5982,0.23396
3930,6051,0.40709
3930,6118,0.25282
3930,6227,0.38776
3931,3946,0.39622
3931,4282,0.41452
3931,4419,0.34628
3931,5172,0.31639
3931,5325,0.37749
3931,5508,0.41227
3931,5811,0.2559
3932,4336,0.20201
3932,4399,0.20352
3932,5902,0.26823
3932,6101,0.21028
3933,4257,0.21262
3933,4285,0.28825
3933,4340,0.30225
3933,4349,0.25603
3933,4380,0.25531
3933,4394,0.23289
3933,4423,0.32535
3933,4443,0.25497
3933,4532,0.20085
3933,4547,0.52105
3933,4560,0.23196
3933,4586,0.22084
3933,4602,0.28459
3933,4807,0.34814
3933,4944,0.22551
3933,4991,0.20133
3933,5190,0.2997
3933,5192,0.21935
3933,5215,0.38197
3933,5318,0.24266
3933,5333,0.33171
3933,5345,0.22016
3933,5486,0.22955
3933,5603,0.25964
3933,5763,0.24957
3933,5796,0.22725
3933,6002,0.27115
3933,6078,0.23363
3933,6193,0.22749
3934,4155,0.29367
3934,4848,0.20849
3934,4912,0.21868
3934,5378,0.25049
3940,4911,0.20252
3940,4914,0.21265
3940,5510,0.268
3940,6111,0.22539
3941,3946,0.27619
3941,4017,0.41802
3941,4233,0.50576
3941,4282,0.33578
3941,4419,0.49019
3941,4870,0.42824
3941,4943,0.41443
3941,5231,0.30239
3941,5325,0.21213
3941,5496,0.47513
3941,5811,0.38776
3941,6064,0.21093
3942,6155,0.20315
3944,4758,0.21615
3944,4875,0.22113
3945,4591,0.26997
3946,4017,0.30839
3946,4233,0.42151
3946,4282,0.42361
3946,4419,0.43711
3946,4596,0.20779
3946,4826,0.20972
3946,4870,0.35219
3946,4943,0.2083
3946,5125,0.22497
3946,5172,0.42949
3946,5231,0.27839
3946,5325,0.41627
3946,5473,0.22372
3946,5508,0.47938
3946,5642,0.22071
3946,5811,0.26396
3946,6064,0.23415
3948,3976,0.32396
3948,4009,0.42391
3948,4062,0.30016
3948,4082,0.3009
3948,4130,0.7654
3948,4150,0.80086
3948,4431,0.21546
3948,4462,0.27615
3948,4519,0.21628
3948,4602,0.257
3948,4603,0.41861
3948,4706,0.21879
3948,4735,0.20995
3948,4758,0.21688
3948,4771,0.40488
3948,4909,0.29444
3948,5007,0.36243
3948,5047,0.53241
3948,5064,0.40699
3948,5071,0.25567
3948,5174,0.25666
3948,5236,0.28483
3948,5239,0.3602
3948,5390,0.33306
3948,5393,0.28548
3948,5428,0.53265
3948,5456,0.46849
3948,5457,0.20092
3948,5482,0.25779
3948,5493,0.28242
3948,5509,0.375
3948,5538,0.47513
3948,5607,0.39692
3948,5625,0.4646
3948,5628,0.49399
3948,5637,0.27393
3948,5873,0.28783
3948,5883,0.29143
3948,5942,0.38495
3948,6168,0.3876
3948,6192,0.3724
3949,5669,0.27112
3950,4189,0.2339
3950,4223,0.28544
3950,5317,0.27619
3951,4037,0.20303
3951,4284,0.25358
3951,4593,0.28783
3951,5855,0.26927
3953,4114,0.33269
3953,4284,0.36647
3953,4593,0.50576
3953,4634,0.28755
3953,4689,0.25167
3953,4696,0.2999
3953,4903,0.21213
3953,5057,0.28783
3953,5145,0.20476
3953,5197,0.22399
3953,5211,0.33453
3953,5307,0.32058
3953,5351,0.21193
3953,5365,0.24496
3953,5490,0.23771
3953,5518,0.21161
3953,5665,0.28496
3953,5699,0.2045
3953,5855,0.29356
3953,5859,0.2193
3953,5901,0.37361
3953,5903,0.4106
3953,5982,0.20042
3953,6051,0.35326
3953,6118,0.24739
3953,6185,0.24613
3953,6227,0.20994
3955,3958,0.20076
3955,4220,0.21524
3955,4393,0.2343
3955,4568,0.23687
3955,4631,0.43451
3955,4706,0.21479
3955,4969,0.21494
3955,5009,0.25537
3955,5143,0.24202
3955,5576,0.25233
3955,5657,0.26637
3955,5710,0.28514
3955,5884,0.2126
3955,5944,0.21995
3955,6205,0.21524
3956,4011,0.27785
3956,4598,0.25995
3956,4683,0.23303
3956,4984,0.22339
3956,5086,0.24232
3956,5202,0.21379
3957,5259,0.20599
3958,4166,0.20184
3958,4317,0.22387
3958,4454,0.3746
3958,4803,0.27619
3958,5186,0.22172
3958,5654,0.55948
3960,6079,0.23497
3961,4337,0.22098
3961,6091,0.29231
3961,6190,0.32299
3962,5242,0.27183
3962,6070,0.20461
3963,4653,0.25049
3963,5587,0.22091
3963,5674,0.23369
3963,5836,0.30414
3964,4455,0.25603
3964,4724,0.4148
3964,5088,0.20069
3964,5217,0.22725
3964,5294,0.27407
3964,5326,0.23415
3964,5344,0.36256
3964,5419,0.35326
3964,5443,0.21387
3964,5719,0.2173
3964,5799,0.26213
3964,6135,0.31099
3965,4074,0.37279
3965,4544,0.27631
3965,4546,0.37424
3965,4580,0.29115
3965,5200,0.33794
3966,4811,0.29889
3971,4817,0.22955
3971,5425,0.21879
3971,5965,0.29728
3972,5057,0.20927
3973,4204,0.28248
3973,4571,0.2022
3975,4129,0.35262
3975,4132,0.30548
3975,4329,0.35326
3975,4455,0.50247
3975,4605,0.24952
3975,4606,0.29311
3975,4869,0.35682
3975,5153,0.28311
3975,5195,0.28431
3975,5217,0.25451
3975,5294,0.27428
3975,5326,0.52354
3975,5475,0.24574
3975,5966,0.41545
3975,6126,0.36256
3975,6135,0.44446
3976,4062,0.2218
3976,4130,0.24337
3976,4150,0.27115
3976,4602,0.24935
3976,4603,0.21622
3976,5007,0.33664
3976,5047,0.32648
3976,5064,0.40674
3976,5170,0.2548
3976,5190,0.20965
3976,5236,0.33588
3976,5239,0.20654
3976,5393,0.20635
3976,5456,0.29921
3976,5509,0.29986
3976,5538,0.26222
3976,5607,0.2617
3976,5625,0.35155
3976,5628,0.20516
3976,5873,0.30386
3976,5898,0.28658
3976,5935,0.21166
3976,5942,0.21867
3976,6143,0.22205
3976,6168,0.20994
3976,6175,0.22755
3978,4161,0.51742
3978,4414,0.38492
3978,4743,0.23036
3978,4923,0.24316
3978,4956,0.28783
3978,5012,0.22059
3978,5527,0.48011
3978,5649,0.40044
3978,5742,0.25735
3978,5804,0.2471
3978,5826,0.30483
3978,6082,0.35521
3980,5792,0.35378
3980,6117,0.29118
3981,4577,0.35798
3981,4591,0.25211
3981,4942,0.29315
3981,5447,0.20982
3981,5489,0.22763
3981,5676,0.24941
3981,5697,0.20994
3981,5730,0.2206
3981,6068,0.25413
3983,4253,0.21844
3983,4804,0.2922
3983,4878,0.2296
3985,5953,0.2143
3987,4996,0.34168
3987,5140,0.31123
3987,5759,0.21328
3989,4452,0.2136
3990,4446,0.28141
3990,4482,0.22196
3990,5086,0.23113
3990,5481,0.36321
3991,4850,0.26912
3991,5021,0.21624
3991,5792,0.2179
3991,6117,0.23491
3992,4204,0.26019
3992,6223,0.20296
3993,6002,0.20194
3993,6078,0.21065
3994,4120,0.27087
3995,4892,0.23036
3995,5184,0.25557
3995,5644,0.24609
3996,4764,0.23925
3997,5419,0.21213
3998,4447,0.21028
3998,4906,0.20941
3998,4942,0.20768
3998,5335,0.20958
3998,5888,0.58876
3999,4067,0.31199
4001,4021,0.29817
4001,4036,0.39769
4001,4052,0.43491
4001,4794,0.52504
4001,5580,0.55932
4001,5886,0.38285
4001,5934,0.47082
4001,6153,0.26086
4003,4144,0.31145
4003,4273,0.27829
4003,4447,0.21614
4003,4497,0.36626
4003,4498,0.34644
4003,4623,0.3499
4003,4672,0.30088
4003,4851,0.25589
4003,4887,0.37445
4003,4893,0.31583
4003,4901,0.36882
4003,5023,0.22551
4003,5046,0.27795
4003,5237,0.32791
4003,5335,0.27868
4003,5514,0.21379
4003,5820,0.42151
4003,5997,0.27607
4003,6023,0.22055
4003,6068,0.27411
4003,6181,0.32645
4003,6210,0.20323
4004,5197,0.26213
4004,5634,0.20748
4004,5715,0.20296
4004,5813,0.20158
4006,4114,0.20075
4006,4593,0.26997
4006,4696,0.20242
4006,5245,0.21966
4006,5490,0.2258
4006,5494,0.21105
4006,5596,0.22897
4006,6051,0.21093
4006,6072,0.611
4006,6118,0.41529
4007,5896,0.2352
4008,5891,0.20451
4009,4082,0.21489
4009,4130,0.36054
4009,4150,0.37471
4009,4394,0.2118
4009,4568,0.20728
4009,4603,0.29899
4009,5007,0.30239
4009,5009,0.24325
4009,5047,0.32723
4009,5064,0.362
4009,5092,0.20109
4009,5174,0.23865
4009,5236,0.25433
4009,5393,0.24189
4009,5456,0.32467
4009,5482,0.25217
4009,5538,0.46914
4009,5607,0.51768
4009,5625,0.50459
4009,5628,0.27722
4009,5657,0.21868
4009,5695,0.29228
4009,5942,0.2565
4009,6192,0.30751
4010,4135,0.21735
4011,4112,0.21944
4011,4380,0.21914
4011,4423,0.21266
4011,4586,0.24752
4011,4598,0.29727
4011,4602,0.21288
4011,4683,0.32426
4011,4858,0.21944
4011,4984,0.79085
4011,5086,0.21833
4011,5119,0.38105
4011,5202,0.20378
4011,5215,0.24308
4011,5304,0.21138
4011,5318,0.31866
4011,5333,0.29213
4011,5345,0.3023
4011,5448,0.22651
4011,5541,0.20885
4011,5763,0.22485
4011,5878,0.2339
4011,5909,0.27965
4011,6002,0.25224
4011,6127,0.21072
4011,6193,0.20845
4012,4315,0.21093
4012,4711,0.21475
4012,4817,0.29686
4012,5001,0.20927
4012,5331,0.30239
4012,5670,0.45113
4012,5756,0.28983
4012,5769,0.20416
4012,5965,0.2107
4012,6084,0.26607
4013,4110,0.25888
4013,4217,0.20317
4013,4433,0.2465
4013,4656,0.20045
4013,4707,0.30346
4013,4732,0.21065
4013,4825,0.28611
4013,4958,0.21067
4013,4999,0.42261
4013,5343,0.20799
4013,5377,0.29842
4013,5425,0.29686
4013,5598,0.22638
4013,5742,0.34819
4013,5889,0.28267
4013,5920,0.23073
4013,6054,0.2013
4013,6059,0.39495
4013,6088,0.25562
4017,4233,0.44446
4017,4238,0.23815
4017,4282,0.35869
4017,4419,0.51471
4017,4442,0.20335
4017,4596,0.22802
4017,4697,0.20128
4017,4870,0.2595
4017,4943,0.42398
4017,5172,0.46197
4017,5325,0.29845
4017,5496,0.42824
4017,5508,0.3423
4017,5811,0.50871
4019,5449,0.22702
4019,6179,0.23209
4020,4246,0.23675
4020,5317,0.25386
4020,5720,0.2595
4021,4036,0.33354
4021,4052,0.30873
4021,4794,0.26894
4021,5485,0.20977
4021,5580,0.36669
4021,5886,0.26774
4021,5934,0.33491
4021,6153,0.39757
4022,4083,0.40726
4022,4215,0.24118
4022,4219,0.27505
4022,4226,0.26953
4022,4227,0.22228
4022,4294,0.20964
4022,4352,0.27332
4022,4373,0.22585
4022,4561,0.28123
4022,4609,0.28497
4022,4673,0.23569
4022,4722,0.22724
4022,4743,0.22834
4022,4842,0.28162
4022,4907,0.50498
4022,4971,0.43972
4022,5039,0.25504
4022,5206,0.4029
4022,5378,0.3883
4022,5381,0.22063
4022,5642,0.27586
4022,5862,0.20486
4022,5930,0.30765
4022,6043,0.20322
4022,6092,0.43992
4024,4442,0.36575
4025,4928,0.30606
4025,5242,0.25367
4025,5368,0.21506
4025,6210,0.26859
4027,5813,0.21422
4027,6000,0.20288
4028,4070,0.23714
4028,4193,0.20771
4028,4724,0.2701
4028,5159,0.24143
4028,5670,0.26314
4029,4157,0.30834
4029,4559,0.29057
4029,4736,0.47433
4029,5004,0.28931
4029,5110,0.20755
4029,5433,0.2956
4029,5561,0.20189
4029,5662,0.2292
4029,5706,0.28459
4029,5903,0.24711
4029,5919,0.2998
4029,5939,0.31911
4029,5978,0.36424
4029,6174,0.20411
4031,4827,0.24564
4031,5419,0.49019
4031,5505,0.21505
4031,5799,0.26072
4032,4307,0.30023
4032,4979,0.23005
4032,5100,0.26502
4032,5171,0.27781
4032,5751,0.26578
4032,6052,0.2998
4034,4452,0.20429
4035,5385,0.21233
4035,6173,0.22349
4036,4052,0.35901
4036,4531,0.23466
4036,4571,0.23749
4036,4794,0.37832
4036,5374,0.20351
4036,5580,0.48562
4036,5886,0.30841
4036,5934,0.36575
4036,6153,0.2292
4037,5449,0.21097
4037,6198,0.40139
4038,4659,0.2261
4038,4897,0.33747
4038,5268,0.24286
4040,5841,0.33578
4045,4080,0.3033
4046,4724,0.24906
4049,5639,0.20853
4049,5670,0.22621
4052,4794,0.42256
4052,5580,0.47828
4052,5886,0.36311
4052,5934,0.45555
4052,6153,0.24179
4052,6175,0.2171
4053,4075,0.22725
4053,4606,0.20877
4053,5197,0.24364
4053,5699,0.22259
4054,5088,0.2397
4056,5466,0.20747
4057,4988,0.20315
4058,4123,0.20017
4058,5746,0.20504
4058,6093,0.20805
4061,5190,0.23761
4062,4082,0.20382
4062,4130,0.26302
4062,4150,0.2512
4062,4758,0.39366
4062,5047,0.36337
4062,5239,0.20588
4062,5625,0.26606
4062,5770,0.29967
4062,5873,0.23577
4062,6036,0.56279
4062,6192,0.22724
4063,4241,0.2432
4064,5727,0.29874
4064,6012,0.3989
4065,5394,0.33326
4065,6209,0.36164
4066,5457,0.21352
4067,4137,0.36026
4067,4616,0.21274
4067,5085,0.2065
4067,5360,0.2527
4068,5681,0.23868
4069,4355,0.21555
4069,4531,0.20249
4069,5034,0.20748
4069,5098,0.2173
4069,5197,0.21093
4069,5510,0.22725
4069,5819,0.26997
4069,6106,0.3276
4070,4789,0.33828
4070,4954,0.26019
4070,5542,0.2434
4070,5879,0.23577
4070,6194,0.27882
4071,4537,0.2136
4074,4546,0.24134
4074,5200,0.38778
4075,4114,0.2833
4075,4284,0.20927
4075,4634,0.36122
4075,4994,0.2833
4075,5518,0.22261
4075,5561,0.22725
4075,5612,0.24429
4075,5662,0.2028
4075,5665,0.34605
4075,5699,0.28983
4075,5869,0.44901
4075,5901,0.24979
4075,6051,0.28983
4075,6227,0.45113
4076,4801,0.22489
4077,4557,0.22725
4077,4917,0.44446
4077,5108,0.2434
4077,5523,0.22399
4078,4852,0.20988
4078,5238,0.23927
4078,6138,0.2434
4079,4328,0.31099
4079,4798,0.21062
4079,5019,0.25603
4079,5542,0.27619
4080,4110,0.20949
4080,4825,0.20406
4080,4999,0.22141
4080,6043,0.20825
4080,6059,0.41362
4080,6088,0.20534
4081,4911,0.21483
4081,5304,0.2668
4081,5493,0.22941
4081,5763,0.22897
4081,6002,0.24739
4082,4130,0.27478
4082,4150,0.26412
4082,5047,0.38336
4082,5092,0.20646
4082,5456,0.27557
4082,5625,0.26855
4082,5628,0.26938
4082,5942,0.2136
4082,6192,0.21451
4083,4226,0.23692
4083,4352,0.20929
4083,4722,0.21586
4083,4907,0.38037
4083,4971,0.27373
4083,5039,0.23595
4083,5206,0.31644
4083,5378,0.30239
4083,5508,0.24223
4083,5642,0.24806
4083,5930,0.28105
4083,6092,0.28296
4084,6101,0.27619
4085,4225,0.36711
4085,5358,0.23184
4085,5377,0.21027
4085,5742,0.24574
4085,6059,0.25406
4085,6088,0.25503
4087,5271,0.24875
4088,5562,0.2195
4089,5640,0.20203
4090,4139,0.2517
4090,4554,0.22889
4090,4787,0.29856
4090,4816,0.23667
4090,5051,0.36943
4090,5058,0.29713
4090,5077,0.22995
4090,5242,0.20527
4090,5384,0.27163
4090,5392,0.33154
4090,5447,0.2704
4090,5585,0.21968
4090,5734,0.29981
4090,5788,0.35109
4090,5976,0.27085
4090,6005,0.20409
4090,6108,0.2132
4090,6180,0.21158
4092,4378,0.21234
4092,4465,0.2434
4092,4692,0.2084
4092,4879,0.31949
4092,5287,0.44446
4092,5750,0.42151
4092,5834,0.2166
4092,5991,0.45113
4092,6058,0.2017
4092,6079,0.2173
4092,6217,0.20352
4093,5021,0.20106
4094,5891,0.24298
4095,4243,0.31882
4095,4503,0.53131
4095,4763,0.24091
4095,4767,0.4324
4095,4883,0.20404
4095,5793,0.25476
4095,5883,0.22211
4097,4536,0.23692
4097,4618,0.27395
4097,5089,0.20272
4097,5673,0.3163
4097,6156,0.20429
4098,4189,0.2617
4098,5437,0.21162
4098,5825,0.22126
4100,4481,0.38417
4100,4709,0.20467
4100,5608,0.31105
4100,5728,0.20205
4100,6104,0.29825
4104,4230,0.21508
4104,5148,0.20145
4104,5689,0.23514
4104,5734,0.20459
4105,4341,0.24631
4105,5028,0.27881
4105,6079,0.28877
4106,4469,0.20412
4106,4804,0.42422
4107,4232,0.32823
4107,5900,0.21217
4108,5658,0.36507
4110,4433,0.23137
4110,4825,0.29279
4110,4999,0.3237
4110,5343,0.21722
4110,5377,0.23529
4110,5742,0.30264
4110,5889,0.23882
4110,5920,0.22418
4110,6059,0.29721
4110,6088,0.26886
4112,4186,0.30638
4112,4446,0.2121
4112,4545,0.24239
4112,4858,0.23799
4112,4984,0.20667
4112,5119,0.27461
4112,5737,0.22725
4113,4326,0.2136
4113,5104,0.23169
4113,5489,0.21028
4113,5823,0.237
4113,6158,0.23884
4114,4221,0.22172
4114,4284,0.42424
4114,4386,0.21357
4114,4459,0.23361
4114,4480,0.23815
4114,4593,0.50576
4114,4634,0.31493
4114,4689,0.32016
4114,4696,0.36447
4114,4903,0.44446
4114,4994,0.23318
4114,5057,0.48011
4114,5144,0.25987
4114,5145,0.3089
4114,5245,0.28959
4114,5272,0.22461
4114,5307,0.36734
4114,5351,0.31099
4114,5409,0.28383
4114,5490,0.34747
4114,5494,0.411
4114,5518,0.38851
4114,5665,0.39407
4114,5699,0.29866
4114,5855,0.2702
4114,5859,0.27288
4114,5885,0.25103
4114,5901,0.37614
4114,5982,0.22239
4114,6051,0.50247
4114,6054,0.22582
4114,6118,0.28914
4114,6185,0.23466
4114,6188,0.20506
4114,6227,0.43286
4115,4728,0.20129
4116,4211,0.21571
4116,5272,0.20868
4116,5596,0.23079
4116,5622,0.23686
4116,5684,0.33828
4116,6072,0.47389
4118,5790,0.28244
4118,6053,0.22538
4119,4382,0.2602
4119,4837,0.38826
4119,4846,0.2434
4119,4960,0.34948
4119,5051,0.33189
4119,5395,0.26844
4119,5788,0.25806
4119,5791,0.23895
4119,5806,0.31032
4120,4196,0.24572
4120,4254,0.30239
4120,4515,0.20183
4120,4661,0.24957
4120,5208,0.45012
4120,5300,0.20773
4120,5785,0.20069
4120,5977,0.25107
4121,4186,0.20927
4121,5275,0.23927
4121,5551,0.29706
4121,5691,0.21213
4121,6003,0.28514
4121,6077,0.223
4121,6091,0.26019
4123,5346,0.20526
4123,5962,0.2414
4125,4326,0.30519
4125,4524,0.36366
4125,4538,0.27338
4125,4656,0.29393
4125,4960,0.23654
4125,5104,0.24165
4125,5187,0.20201
4125,5500,0.22539
4125,5577,0.36006
4125,5629,0.22212
4125,5688,0.21077
4125,5823,0.21637
4125,6067,0.21861
4125,6158,0.30079
4125,6181,0.24445
4127,4324,0.27649
4127,5834,0.23801
4128,4486,0.21203
4129,4132,0.2998
4129,4243,0.21879
4129,4403,0.27066
4129,4411,0.22725
4129,4455,0.44446
4129,4606,0.22725
4129,4677,0.2998
4129,4685,0.22725
4129,4800,0.28248
4129,4835,0.21555
4129,4869,0.50247
4129,4874,0.3425
4129,5066,0.2998
4129,5153,0.4148
4129,5195,0.44208
4129,5217,0.41802
4129,5294,0.43829
4129,5326,0.36483
4129,5583,0.21213
4129,5695,0.57055
4129,5879,0.28783
4129,5964,0.28248
4129,5966,0.28783
4129,5990,0.23415
4129,6126,0.49019
4129,6135,0.44446
4130,4150,0.78215
4130,4431,0.21293
4130,4462,0.26006
4130,4519,0.23097
4130,4603,0.40626
4130,4641,0.25376
4130,4706,0.20416
4130,4771,0.44191
4130,4909,0.27039
4130,5007,0.29847
4130,5047,0.5416
4130,5064,0.37471
4130,5071,0.25961
4130,5092,0.23704
4130,5174,0.23621
4130,5239,0.36915
4130,5390,0.26869
4130,5428,0.52104
4130,5456,0.46324
4130,5457,0.22195
4130,5482,0.236
4130,5493,0.23905
4130,5509,0.30372
4130,5538,0.47774
4130,5607,0.39489
4130,5625,0.44444
4130,5628,0.50235
4130,5637,0.3085
4130,5883,0.2854
4130,5942,0.27393
4130,6036,0.2097
4130,6143,0.24347
4130,6168,0.28983
4130,6192,0.32727
4131,4557,0.25557
4132,4329,0.52721
4132,4411,0.25443
4132,4439,0.21614
4132,4455,0.52721
4132,4605,0.4102
4132,4606,0.35219
4132,4869,0.27336
4132,4874,0.38776
4132,5153,0.41802
4132,5195,0.24181
4132,5217,0.24613
4132,5326,0.73927
4132,5879,0.2626
4132,5966,0.29672
4132,5990,0.21026
4132,6126,0.42517
4132,6135,0.57439
4133,4646,0.23415
4133,5275,0.67211
4133,5439,0.2354
4133,5641,0.68877
4133,6003,0.60237
4133,6077,0.49019
4133,6091,0.35326
4133,6102,0.21166
4134,4146,0.23794
4134,4255,0.2104
4134,4857,0.24369
4134,4970,0.36555
4134,4989,0.23078
4134,5342,0.28335
4134,5552,0.2183
4134,6198,0.23263
4136,4264,0.29304
4136,5966,0.23675
4139,4230,0.20554
4139,4426,0.30744
4139,4439,0.20936
4139,4577,0.36445
4139,4816,0.30728
4139,4837,0.22057
4139,4942,0.23625
4139,5051,0.24938
4139,5187,0.25877
4139,5392,0.30022
4139,5489,0.28883
4139,5689,0.24083
4139,5734,0.20466
4139,6067,0.20065
4139,6158,0.21627
4140,5070,0.2028
4140,5397,0.36122
4140,5978,0.33499
4141,4371,0.2806
4141,4468,0.22498
4141,4865,0.23294
4141,4913,0.21786
4141,5146,0.41059
4141,5240,0.21659
4141,5342,0.22731
4141,5813,0.20201
4141,5828,0.31504
4142,4365,0.27202
4142,4791,0.21614
4142,5212,0.22561
4142,5331,0.28514
4142,5374,0.24709
4142,5389,0.20243
4142,5666,0.20178
4142,6008,0.32847
4142,6070,0.2043
4143,4791,0.26997
4143,5001,0.20927
4143,5898,0.20178
4144,4242,0.21736
4144,4498,0.30279
4144,4623,0.29855
4144,4672,0.28892
4144,4851,0.20672
4144,4887,0.2413
4144,4893,0.30248
4144,4901,0.36583
4144,5023,0.23675
4144,5046,0.32379
4144,5187,0.21564
4144,5237,0.3511
4144,5317,0.23466
4144,5514,0.26238
4144,5820,0.43286
4144,5997,0.20323
4144,6023,0.25819
4144,6181,0.3246
4145,4293,0.21268
4145,4626,0.42566
4146,4216,0.24788
4146,4820,0.21931
4148,4561,0.22417
4149,5520,0.20521
4149,5841,0.24458
4150,4431,0.20459
4150,4462,0.31008
4150,4519,0.24225
4150,4602,0.25358
4150,4603,0.45379
4150,4641,0.22505
4150,4771,0.44048
4150,4909,0.31821
4150,5007,0.33496
4150,5047,0.52223
4150,5064,0.41085
4150,5071,0.27483
4150,5092,0.22644
4150,5174,0.27627
4150,5236,0.25472
4150,5239,0.38301
4150,5304,0.20697
4150,5333,0.20411
4150,5390,0.29131
4150,5393,0.2347
4150,5428,0.53609
4150,5456,0.49674
4150,5482,0.27445
4150,5493,0.26953
4150,5509,0.3951
4150,5538,0.50429
4150,5607,0.41801
4150,5625,0.44741
4150,5628,0.48023
4150,5637,0.27728
4150,5718,0.21526
4150,5873,0.23466
4150,5883,0.27738
4150,5942,0.30462
4150,6143,0.28516
4150,6168,0.35158
4150,6192,0.32311
4151,5700,0.20478
4152,5665,0.20063
4152,6037,0.20905
4153,4984,0.23732
4153,5742,0.21543
4155,4215,0.36833
4155,4294,0.27639
4155,4373,0.2261
4155,4395,0.26433
4155,4528,0.34459
4155,4676,0.33578
4155,4743,0.20517
4155,4888,0.23077
4155,4912,0.38969
4155,5025,0.24567
4155,5041,0.23143
4155,5206,0.33006
4155,5329,0.25695
4155,5378,0.31594
4155,5605,0.26638
4155,5742,0.28348
4155,5893,0.26444
4155,6191,0.22941
4156,4329,0.23466
4156,4455,0.2434
4156,4990,0.26573
4156,5217,0.21832
4156,5326,0.26823
4156,5966,0.25386
4156,6126,0.22161
4157,4559,0.55273
4157,4736,0.26915
4157,5919,0.2949
4157,5978,0.31903
4158,4820,0.26235
4158,5439,0.20964
4158,5601,0.203
4159,4201,0.23113
4159,4595,0.27707
4161,4414,0.48011
4161,4743,0.20262
4161,4956,0.23466
4161,4984,0.21005
4161,5329,0.30239
4161,5527,0.34012
4161,5605,0.20288
4161,5649,0.27159
4161,5804,0.22955
4161,5862,0.21475
4161,5893,0.25809
4161,5984,0.2194
4161,6082,0.23638
4161,6191,0.20927
4163,4882,0.23765
4163,5719,0.21787
4163,5852,0.2822
4164,5449,0.23167
4164,5590,0.23048
4165,4327,0.25166
4166,4803,0.22725
4166,5186,0.24059
4167,5609,0.31767
4172,4194,0.2604
4172,4337,0.24167
4172,4397,0.62675
4172,4558,0.38291
4172,4686,0.21587
4172,4858,0.20604
4172,4973,0.21701
4172,5071,0.37517
4172,5239,0.22577
4172,5313,0.27547
4172,5457,0.21729
4172,5484,0.24289
4172,5486,0.73697
4172,5593,0.26598
4172,5772,0.26556
4172,5814,0.29329
4174,5901,0.21823
4174,5964,0.2514
4176,4999,0.2135
4177,4224,0.23206
4177,4853,0.22841
4177,5259,0.26859
4178,4358,0.30024
4178,5206,0.23365
4179,5891,0.22441
4182,4284,0.20435
4182,4295,0.26019
4182,4593,0.35262
4182,4689,0.26763
4182,5145,0.21105
4182,5490,0.2644
4182,5494,0.37817
4182,5518,0.20503
4182,5665,0.28883
4182,5859,0.31144
4182,5885,0.23034
4182,6054,0.30026
4184,5595,0.32211
4185,4202,0.28709
4185,4753,0.21174
4185,5411,0.23169
4185,5520,0.28788
4186,4282,0.216
4186,4293,0.35362
4186,4446,0.30722
4186,4482,0.21276
4186,4545,0.2409
4186,4700,0.2172
4186,4761,0.2028
4186,5508,0.23572
4186,5967,0.23816
4187,5039,0.218
4189,4223,0.3347
4189,4507,0.34936
4189,4659,0.38113
4189,4744,0.20941
4189,4803,0.2434
4189,4897,0.30868
4189,5096,0.32221
4189,5437,0.30239
4189,5527,0.21879
4189,5701,0.24382
4189,5825,0.2949
4189,5826,0.21491
4189,6224,0.27818
4190,4340,0.22563
4190,4550,0.3268
4193,5159,0.41769
4194,4397,0.30333
4194,5071,0.24114
4194,5814,0.34888
4195,4220,0.2621
4195,5024,0.2031
4195,5265,0.20233
4195,5710,0.2138
4195,5774,0.2667
4195,6018,0.2277
4196,4941,0.21152
4196,5124,0.27852
4196,5977,0.63466
4196,6093,0.2674
4196,6169,0.24767
4196,6223,0.48441
4197,4766,0.25602
4197,4853,0.29254
4197,5201,0.20961
4197,5259,0.30797
4199,5361,0.22511
4199,5601,0.20855
4200,4276,0.20678
4201,4351,0.26019
4201,4724,0.22725
4201,5085,0.30239
4201,6230,0.23561
4202,4445,0.34611
4202,4962,0.20991
4202,5316,0.20682
4202,5358,0.2406
4202,5987,0.20827
4203,4378,0.28063
4204,4786,0.20927
4204,5449,0.26019
4204,5458,0.20201
4205,5065,0.2236
4205,5487,0.23466
4205,6038,0.21811
4206,4942,0.33291
4206,5447,0.25113
4206,5730,0.21605
4208,4271,0.23257
4208,4568,0.35892
4208,4631,0.36494
4208,4642,0.37109
4208,4685,0.38343
4208,4698,0.27139
4208,4744,0.20045
4208,4845,0.32172
4208,4969,0.4592
4208,5009,0.36884
4208,5143,0.29116
4208,5241,0.37953
4208,5576,0.22703
4208,5657,0.31733
4208,5710,0.23927
4208,5875,0.25827
4208,5884,0.30359
4208,5944,0.46372
4208,6202,0.28494
4209,5532,0.28941
4211,4784,0.22596
4211,4966,0.21879
4211,5441,0.30239
4211,5622,0.44208
4212,4657,0.2265
4212,5530,0.22955
4213,5217,0.25211
4213,5419,0.25211
4215,4227,0.2219
4215,4294,0.36767
4215,4361,0.4429
4215,4373,0.35659
4215,4395,0.3219
4215,4528,0.29343
4215,4562,0.25765
4215,4848,0.26294
4215,4912,0.40504
4215,4971,0.24864
4215,5206,0.35029
4215,5378,0.45012
4215,5527,0.23927
4215,5605,0.23557
4215,5652,0.32767
4215,5955,0.3272
4215,6092,0.28783
4215,6191,0.32629
4216,4721,0.22007
4216,4812,0.20121
4216,5419,0.22725
4216,5759,0.36164
4217,4244,0.20383
4217,4736,0.24642
4217,5110,0.29723
4217,5358,0.23167
4217,5377,0.23459
4217,5598,0.2247
4217,5706,0.21891
4217,5742,0.31052
4217,5889,0.22263
4217,5919,0.35262
4218,5919,0.20131
4219,4529,0.23831
4219,4673,0.37107
4219,4750,0.25211
4219,4907,0.20369
4219,4971,0.20817
4219,5039,0.2628
4219,5165,0.21141
4219,5299,0.33853
4219,5642,0.32791
4219,6043,0.26019
4219,6064,0.21166
4220,4303,0.24299
4220,4900,0.20975
4220,5143,0.38237
4220,5492,0.26213
4220,5710,0.35506
4220,6207,0.21528
4221,4593,0.23981
4221,4634,0.26981
4221,4866,0.31935
4221,4903,0.3876
4221,4981,0.26375
4221,5057,0.26019
4221,5156,0.22399
4221,5245,0.27959
4221,5272,0.22558
4221,5351,0.22725
4221,5490,0.2222
4221,5518,0.257
4221,5597,0.27726
4221,5665,0.30327
4221,5699,0.27008
4221,5869,0.43376
4221,5896,0.22725
4221,6051,0.36164
4221,6185,0.29829
4221,6227,0.25451
4222,5755,0.21755
4223,4507,0.21644
4223,5335,0.20472
4223,5701,0.29362
4223,6224,0.25084
4224,4348,0.49287
4224,4639,0.54063
4224,5872,0.4442
4225,5823,0.21975
4226,4300,0.24619
4226,4352,0.55866
4226,4521,0.20897
4226,4579,0.22959
4226,4609,0.60018
4226,4722,0.20022
4226,4836,0.24431
4226,4842,0.33557
4226,4907,0.35516
4226,5090,0.24386
4226,5367,0.26725
4226,5381,0.21711
4226,5557,0.376
4226,5925,0.22921
4226,5930,0.24705
4226,5995,0.24507
4226,6031,0.29036
4226,6040,0.23854
4226,6092,0.26805
4227,4294,0.2334
4227,4676,0.21878
4227,4708,0.33993
4227,4743,0.28086
4227,4752,0.35486
4227,4811,0.25705
4227,4848,0.22816
4227,4957,0.34975
4227,4971,0.32694
4227,5036,0.20033
4227,5061,0.37069
4227,5178,0.21078
4227,5206,0.25797
4227,5329,0.24526
4227,5378,0.22725
4227,5527,0.30386
4227,5649,0.25738
4227,5826,0.20226
4227,5862,0.59501
4227,5893,0.2422
4227,6212,0.22963
4228,5411,0.25061
4230,4439,0.28385
4230,4942,0.20717
4230,4960,0.21209
4230,5343,0.22701
4230,5489,0.33901
4230,5577,0.23055
4230,5689,0.22017
4230,5788,0.27407
4233,4282,0.28783
4233,4419,0.50576
4233,4870,0.40709
4233,4943,0.50459
4233,5035,0.215
4233,5231,0.35262
4233,5496,0.52721
4233,5811,0.42151
4234,4249,0.26301
4235,5865,0.20049
4235,6011,0.27696
4237,4875,0.20237
4238,4419,0.21538
4238,4943,0.21688
4238,4946,0.30569
4238,5172,0.20734
4238,5811,0.25456
4239,4414,0.25384
4239,4743,0.27144
4239,4923,0.2644
4239,4956,0.45113
4239,5012,0.26035
4240,4256,0.27158
4240,4258,0.21781
4240,4413,0.35219
4240,4470,0.27407
4240,4534,0.23137
4240,4557,0.21555
4240,4731,0.37094
4240,4878,0.28538
4240,5059,0.30016
4240,5089,0.21424
4240,5252,0.25435
4240,5348,0.22709
4240,5460,0.2626
4240,5720,0.27407
4240,5947,0.38321
4240,6027,0.3506
4240,6149,0.26073
4241,5439,0.20359
4242,4498,0.27336
4242,4623,0.26339
4242,4893,0.28647
4242,4901,0.30379
4242,5237,0.28503
4242,5820,0.28296
4243,4329,0.25451
4243,4455,0.20178
4243,4503,0.41802
4243,4767,0.23569
4243,4874,0.23927
4243,5153,0.28983
4243,5217,0.28385
4243,5326,0.36122
4243,5827,0.26823
4243,5879,0.22725
4243,5966,0.23872
4243,6010,0.21213
4243,6126,0.21614
4243,6135,0.26732
4243,6159,0.23134
4244,4478,0.20343
4244,5032,0.26478
4244,5110,0.20623
4244,5186,0.23119
4244,5673,0.32055
4244,5706,0.25331
4244,5919,0.40602
4246,4557,0.26019
4246,5402,0.21213
4246,5720,0.3425
4247,4303,0.22725
4247,4993,0.21879
4247,5976,0.20296
4248,5926,0.2637
4248,5974,0.4331
4249,4963,0.24429
4250,4430,0.25386
4250,4625,0.2123
4250,5414,0.23466
4250,5520,0.27882
4250,6093,0.2998
4251,4607,0.20265
4251,4725,0.25156
4251,4777,0.76943
4253,4681,0.20881
4253,4688,0.28213
4253,4804,0.2057
4253,4878,0.20625
4253,5720,0.20584
4253,6149,0.2028
4254,4336,0.26732
4254,4948,0.22955
4254,5300,0.27066
4254,5790,0.20584
4254,6145,0.28248
4255,4523,0.35219
4255,5116,0.23981
4255,5725,0.28787
4255,5790,0.24723
4256,4731,0.22063
4256,5059,0.21654
4256,5947,0.28074
4256,6027,0.34731
4257,4285,0.3005
4257,4394,0.25211
4257,4423,0.3883
4257,4443,0.21595
4257,4532,0.22059
4257,4560,0.29899
4257,4807,0.2998
4257,4984,0.21985
4257,5040,0.32763
4257,5064,0.21912
4257,5215,0.50459
4257,5292,0.36194
4257,5321,0.28208
4257,5333,0.42517
4257,5493,0.21296
4257,5763,0.22502
4257,5878,0.21792
4257,6143,0.39745
4258,4731,0.21275
4258,5059,0.20213
4259,6023,0.25286
4265,4820,0.20062
4265,4887,0.2138
4265,5601,0.24819
4266,5505,0.22708
4266,5841,0.23415
4267,4309,0.2212
4267,4466,0.30797
4267,4895,0.20902
4267,4917,0.20355
4267,5083,0.31383
4267,5108,0.20643
4267,5211,0.23773
4267,5260,0.20784
4267,5264,0.22516
4267,5362,0.35066
4267,5389,0.2166
4267,5499,0.29877
4267,5513,0.25023
4267,5559,0.20883
4267,5794,0.24432
4267,5980,0.23435
4267,6065,0.24526
4268,5486,0.20201
4268,5738,0.20228
4270,5022,0.20245
4270,5948,0.25144
4271,4393,0.2356
4271,4453,0.25637
4271,4568,0.26002
4271,4622,0.30768
4271,4631,0.29364
4271,4642,0.23228
4271,4744,0.22
4271,4969,0.2723
4271,5009,0.24645
4271,5143,0.28898
4271,5154,0.23819
4271,5160,0.2404
4271,5241,0.26296
4271,5576,0.27058
4271,5657,0.21472
4271,5884,0.33561
4271,5924,0.25347
4271,5944,0.27266
4272,4466,0.30443
4272,4571,0.25742
4272,5260,0.21144
4272,5595,0.2071
4272,5898,0.2028
4272,5905,0.22338
4272,5935,0.21571
4273,4672,0.31883
4273,5364,0.32531
4273,5585,0.24495
4273,5887,0.22955
4273,5997,0.20689
4273,6088,0.27636
4274,5221,0.24783
4274,5523,0.43829
4274,5903,0.25453
4274,5933,0.44944
4276,4895,0.34673
4276,5120,0.30153
4276,5442,0.24571
4276,5506,0.2168
4276,5700,0.27832
4276,5724,0.26297
4276,6151,0.26014
4278,5640,0.2069
4280,4743,0.27861
4281,4649,0.36424
4281,4722,0.23253
4281,5291,0.21463
4282,4419,0.33693
4282,4442,0.21459
4282,4596,0.30117
4282,4646,0.25656
4282,4815,0.24296
4282,4870,0.50929
4282,4943,0.29902
4282,5039,0.28307
4282,5125,0.36152
4282,5172,0.48759
4282,5231,0.33381
4282,5299,0.20037
4282,5325,0.49369
4282,5496,0.28783
4282,5508,0.66679
4282,5642,0.32906
4282,5736,0.20784
4282,5811,0.36226
4284,4386,0.2411
4284,4593,0.57055
4284,4634,0.26038
4284,4689,0.32529
4284,4696,0.32747
4284,4903,0.23927
4284,5057,0.33828
4284,5144,0.20183
4284,5145,0.25124
4284,5197,0.21062
4284,5245,0.2341
4284,5307,0.33792
4284,5351,0.20288
4284,5404,0.23789
4284,5490,0.36938
4284,5494,0.32631
4284,5518,0.3257
4284,5665,0.35733
4284,5855,0.36159
4284,5859,0.27903
4284,5885,0.23172
4284,5901,0.40347
4284,5982,0.21467
4284,6051,0.42824
4284,6118,0.27202
4284,6185,0.2822
4284,6227,0.25518
4285,4394,0.44446
4285,4423,0.40602
4285,4443,0.35458
4285,4532,0.23227
4285,4547,0.24657
4285,4560,0.35875
4285,4598,0.24299
4285,4807,0.43286
4285,4984,0.24652
4285,5040,0.21311
4285,5064,0.20177
4285,5086,0.21887
4285,5215,0.47387
4285,5292,0.49143
4285,5318,0.22955
4285,5333,0.42517
4285,5345,0.23676
4285,5493,0.29343
4285,5763,0.30959
4285,5878,0.22595
4285,5909,0.23129
4285,5940,0.22963
4285,6143,0.36122
4286,4684,0.2156
4286,4728,0.23411
4286,5240,0.20683
4287,4544,0.22955
4289,5624,0.26156
4290,4793,0.21528
4290,6049,0.2668
4292,4633,0.4985
4292,4715,0.56073
4292,4856,0.36395
4292,5341,0.38733
4292,5555,0.287
4292,5610,0.3931
4292,5614,0.38617
4292,5780,0.36894
4293,4626,0.21265
4294,4361,0.22171
4294,4373,0.37276
4294,4395,0.20476
4294,4528,0.36608
4294,4562,0.24131
4294,4676,0.29604
4294,4743,0.23177
4294,4752,0.29646
4294,4848,0.27355
4294,4912,0.21039
4294,4957,0.27912
4294,4971,0.26558
4294,5061,0.25478
4294,5206,0.34792
4294,5329,0.28748
4294,5378,0.35158
4294,5527,0.29452
4294,5605,0.3321
4294,5649,0.25655
4294,5862,0.26159
4294,5893,0.28371
4294,5930,0.25832
4294,6092,0.23468
4294,6191,0.45153
4295,4593,0.28248
4295,4994,0.23675
4295,5021,0.21832
4295,5254,0.33578
4295,5310,0.24458
4295,5365,0.37258
4295,5481,0.21062
4295,5490,0.22725
4295,5591,0.45012
4295,5596,0.25557
4295,5798,0.22725
4295,5901,0.22725
4295,6182,0.24458
4296,4328,0.21571
4296,5500,0.28514
4296,6052,0.20778
4296,6069,0.28538
4297,4441,0.3157
4297,4933,0.33049
4297,5461,0.26019
4297,5669,0.21569
4298,4753,0.24942
4298,5294,0.21036
4298,6071,0.36748
4300,4352,0.34631
4300,4521,0.26034
4300,4579,0.35793
4300,4609,0.32714
4300,4638,0.25588
4300,4836,0.38864
4300,5099,0.27089
4300,5557,0.33676
4300,5600,0.21222
4300,6031,0.42154
4300,6040,0.40233
4300,6183,0.23997
4302,4503,0.20555
4302,5548,0.20939
4302,5644,0.45496
4302,5653,0.34939
4302,6093,0.41743
4303,4900,0.22206
4303,5143,0.24573
4303,5267,0.2028
4303,5465,0.20131
4303,5615,0.22955
4304,4402,0.24878
4306,4572,0.46916
4306,4687,0.23885
4307,4966,0.26958
4307,4979,0.25452
4307,6052,0.20158
4308,4598,0.20771
4308,5823,0.20212
4309,5384,0.31067
4309,5513,0.27194
4309,5794,0.2474
4310,4389,0.3931
4310,4531,0.23415
4310,4600,0.55058
4310,5737,0.50247
4312,4653,0.30283
4312,5003,0.23796
4312,5674,0.20727
4312,5795,0.35365
4312,5836,0.40249
4313,4858,0.20352
4313,5086,0.22274
4313,5415,0.21212
4313,5484,0.21218
4313,6179,0.20006
4315,4692,0.21213
4315,5586,0.21213
4315,5827,0.28552
4315,5898,0.29829
4315,5935,0.43829
4315,6084,0.26768
4315,6101,0.28783
4316,5246,0.20216
4317,4705,0.26155
4317,4958,0.20881
4317,4999,0.23109
4317,5186,0.24428
4317,5654,0.21293
4318,4437,0.37037
4321,4561,0.25235
4321,4607,0.24744
4321,4725,0.20049
4321,4842,0.29485
4321,6092,0.22433
4321,6094,0.21476
4323,5493,0.21797
4323,5753,0.34558
4324,5682,0.21172
4324,5834,0.24248
4325,4537,0.31906
4325,4647,0.20375
4325,4773,0.20178
4325,4783,0.35026
4325,4799,0.23407
4325,5097,0.20927
4325,5419,0.26213
4325,5432,0.25546
4325,5505,0.2056
4325,5938,0.20002
4325,5975,0.25069
4326,4439,0.2248
4326,4524,0.29864
4326,4538,0.27912
4326,4656,0.28591
4326,5104,0.32412
4326,5187,0.22689
4326,5317,0.21879
4326,5500,0.20463
4326,5539,0.23737
4326,5577,0.28679
4326,6158,0.21293
4328,5751,0.20477
4328,6052,0.27341
4329,4403,0.29452
4329,4411,0.45012
4329,4455,0.45012
4329,4605,0.30346
4329,4606,0.27882
4329,4869,0.40709
4329,4874,0.38776
4329,5066,0.24979
4329,5153,0.28983
4329,5195,0.3276
4329,5217,0.27665
4329,5277,0.20584
4329,5326,0.56059
4329,5879,0.33578
4329,5902,0.3276
4329,5966,0.27341
4329,5990,0.36122
4329,6126,0.27407
4329,6135,0.45113
4330,5653,0.29194
4330,6093,0.25982
4330,6141,0.23087
4331,4918,0.21313
4332,5350,0.20088
4334,4437,0.22725
4334,5449,0.28248
4336,4661,0.29829
4336,4805,0.21239
4336,5300,0.28662
4336,5675,0.25687
4336,6046,0.27882
4337,4397,0.22879
4337,5071,0.21353
4337,5486,0.34605
4337,5593,0.43412
4337,5772,0.20705
4337,6179,0.23885
4338,6036,0.20484
4339,4526,0.22388
4339,5620,0.50945
4339,6011,0.20194
4339,6026,0.20088
4340,4532,0.32829
4340,4547,0.38106
4340,4550,0.26306
4340,4602,0.26064
4340,4944,0.2683
4340,4991,0.26303
4340,5318,0.20611
4340,5321,0.25981
4340,5345,0.23297
4340,5530,0.22558
4340,5630,0.36195
4340,5909,0.26418
4340,6203,0.21578
4341,5028,0.22101
4342,5419,0.42151
4342,5448,0.30881
4342,5505,0.22955
4343,4349,0.33201
4343,4380,0.22694
4343,4394,0.21883
4343,4423,0.26571
4343,4443,0.25878
4343,4807,0.26685
4343,5040,0.23094
4343,5190,0.33617
4343,5215,0.27544
4343,5292,0.25238
4343,5321,0.2189
4343,5333,0.29551
4343,5493,0.23129
4343,5796,0.20584
4343,6034,0.231
4343,6078,0.2034
4343,6143,0.2595
4343,6193,0.2571
4344,5098,0.22261
4344,5171,0.3508
4344,5425,0.22725
4344,6084,0.29452
4344,6101,0.28807
4344,6194,0.2462
4345,5681,0.2219
4345,5961,0.20785
4348,4542,0.28556
4348,4639,0.3152
4348,5357,0.20416
4348,5872,0.38368
4349,4394,0.34024
4349,4423,0.28794
4349,4443,0.23939
4349,4807,0.41321
4349,5190,0.35518
4349,5215,0.33378
4349,5333,0.31291
4349,6193,0.3332
4350,4542,0.20683
4351,4531,0.20994
4351,5369,0.21087
4351,5616,0.22818
4352,4521,0.25249
4352,4561,0.24331
4352,4579,0.25081
4352,4607,0.21006
4352,4609,0.65937
4352,4646,0.23368
4352,4722,0.23413
4352,4836,0.33802
4352,4842,0.40349
4352,4907,0.36315
4352,4915,0.20077
4352,4971,0.23179
4352,5090,0.24786
4352,5099,0.20996
4352,5367,0.31622
4352,5557,0.37729
4352,5925,0.25847
4352,5930,0.27689
4352,5995,0.24351
4352,6031,0.34388
4352,6040,0.32403
4352,6092,0.34594
4353,5532,0.3467
4354,4514,0.26019
4354,4828,0.43829
4354,4850,0.36122
4354,4886,0.35219
4354,4949,0.25451
4354,5021,0.26823
4354,5596,0.27407
4354,5910,0.22399
4355,4436,0.23577
4355,4779,0.47263
4355,5034,0.45012
4355,5098,0.48011
4355,5279,0.35326
4355,5852,0.33578
4355,6052,0.32221
4355,6063,0.49019
4355,6106,0.25386
4356,4780,0.48964
4356,4818,0.31569
4356,5450,0.46653
4356,6137,0.58499
4357,4842,0.3014
4357,5090,0.24064
4357,5557,0.24976
4357,5925,0.20881
4357,6031,0.21176
4357,6040,0.20331
4357,6094,0.21571
4358,4395,0.23511
4358,4743,0.23045
4358,5206,0.24934
4358,5378,0.27619
4361,4373,0.4328
4361,4395,0.22356
4361,4562,0.25801
4361,4848,0.20031
4361,4888,0.23459
4361,4912,0.31394
4361,5206,0.2647
4361,5378,0.3425
4361,5652,0.51253
4361,5955,0.2667
4362,4583,0.202
4362,4953,0.24613
4363,4848,0.27184
4363,5083,0.24351
4363,5369,0.20024
4363,5540,0.22072
4363,6001,0.30195
4364,5124,0.22841
4364,5250,0.22318
4364,5414,0.22758
4364,5472,0.20932
4364,5562,0.20422
4364,5752,0.20829
4364,5790,0.27809
4365,4531,0.28538
4365,5374,0.39093
4365,5666,0.3005
4365,5905,0.23834
4366,5063,0.21592
4368,4383,0.23466
4368,5805,0.2028
4370,5084,0.2822
4370,5126,0.20201
4370,5453,0.2822
4370,5902,0.21213
4370,6049,0.22725
4370,6186,0.50247
4373,4395,0.24877
4373,4528,0.47387
4373,4529,0.25039
4373,4562,0.27544
4373,4676,0.40709
4373,4743,0.22257
4373,4848,0.21988
4373,4888,0.2045
4373,4912,0.2743
4373,4955,0.20035
4373,5165,0.27829
4373,5206,0.38498
4373,5329,0.24179
4373,5378,0.4102
4373,5652,0.2931
4373,5893,0.23282
4373,5930,0.22834
4373,5955,0.37373
4373,6064,0.23927
4373,6191,0.23846
4376,5065,0.22932
4376,5414,0.29331
4376,5790,0.29975
4377,5807,0.22467
4378,5287,0.22304
4378,5666,0.20201
4378,5991,0.25392
4380,4394,0.30766
4380,4423,0.50077
4380,4443,0.35907
4380,4560,0.22359
4380,4602,0.27923
4380,4774,0.22372
4380,4807,0.31586
4380,4984,0.21982
4380,5190,0.36169
4380,5215,0.43327
4380,5333,0.567
4380,5486,0.22399
4380,6078,0.32505
4380,6127,0.39206
4380,6193,0.28063
4382,4960,0.23599
4382,5187,0.21226
4382,5489,0.26144
4382,5629,0.22918
4382,6158,0.21674
4382,6181,0.20985
4383,4388,0.22161
4383,5287,0.21179
4383,6058,0.28783
4384,5601,0.22148
4384,5881,0.22112
4385,4797,0.23974
4385,5162,0.26203
4385,5263,0.29573
4386,4593,0.26823
4386,4634,0.2557
4386,4696,0.24647
4386,4850,0.26758
4386,4886,0.40602
4386,4949,0.2722
4386,4992,0.26734
4386,5057,0.44208
4386,5138,0.26142
4386,5198,0.22723
4386,5254,0.21062
4386,5272,0.25126
4386,5295,0.23232
4386,5310,0.26237
4386,5365,0.25617
4386,5596,0.29524
4386,5709,0.23877
4386,5798,0.20716
4386,5885,0.23231
4386,5910,0.27606
4386,5982,0.49261
4386,6051,0.24458
4386,6062,0.24507
4386,6118,0.26556
4386,6227,0.26997
4387,4916,0.28227
4387,5048,0.40926
4388,5287,0.28783
4388,5991,0.23927
4389,4600,0.33513
4389,5737,0.59084
4390,4519,0.31248
4390,4978,0.36873
4390,5718,0.30854
4390,6150,0.2075
4390,6213,0.35886
4391,4549,0.24177
4391,5779,0.20622
4391,6090,0.26962
4393,4453,0.20778
4393,4568,0.27479
4393,4631,0.29259
4393,4969,0.30755
4393,5009,0.28568
4393,5042,0.23569
4393,5143,0.22366
4393,5154,0.22172
4393,5160,0.28087
4393,5241,0.2561
4393,5576,0.26619
4393,5657,0.24253
4393,5710,0.22123
4393,5815,0.20128
4393,5884,0.36153
4393,5944,0.25772
4393,6159,0.21691
4393,6207,0.22452
4394,4423,0.41311
4394,4443,0.33014
4394,4532,0.25028
4394,4560,0.21971
4394,4602,0.20508
4394,4807,0.37098
4394,5040,0.22196
4394,5064,0.20319
4394,5190,0.56631
4394,5215,0.39428
4394,5292,0.553
4394,5333,0.4481
4394,5493,0.36861
4394,5703,0.33578
4394,5763,0.25505
4394,6078,0.24245
4394,6143,0.44208
4394,6192,0.21367
4394,6193,0.50472
4395,4562,0.30478
4395,4743,0.25346
4395,4848,0.37327
4395,4888,0.48768
4395,4912,0.30233
4395,5178,0.23122
4395,5206,0.40953
4395,5378,0.49019
4395,5652,0.20596
4395,5958,0.26453
4395,6191,0.27993
4396,4581,0.21323
4396,5022,0.31049
4396,5235,0.22356
4396,5294,0.2327
4396,5932,0.36122
4396,5992,0.20513
4396,6088,0.23814
4397,4558,0.2889
4397,4594,0.26732
4397,4890,0.20096
4397,5071,0.32435
4397,5239,0.21332
4397,5593,0.32559
4397,5814,0.30756
4399,4538,0.23577
4399,4669,0.20927
4399,5715,0.21213
4399,5724,0.22725
4399,5902,0.27619
4400,5377,0.32775
4400,5742,0.31922
4400,6088,0.29645
4401,6220,0.20524
4402,4582,0.22559
4402,4591,0.20582
4402,5250,0.20167
4402,5647,0.28063
4402,5670,0.23732
4402,6220,0.35508
4403,4455,0.41545
4403,5217,0.4102
4403,5326,0.43286
4403,5966,0.45012
4403,6126,0.26997
4403,6135,0.42151
4405,5419,0.29335
4409,4539,0.25224
4409,4545,0.28
4409,4614,0.24893
4409,4686,0.26805
4409,4716,0.34931
4409,4876,0.32735
4409,4921,0.28248
4409,4929,0.23422
4409,5072,0.28712
4409,5086,0.2009
4409,5270,0.32617
4409,5323,0.25409
4409,5471,0.35268
4409,5992,0.26732
4409,5998,0.29198
4410,5712,0.22014
4411,4439,0.23927
4411,4455,0.57439
4411,4605,0.21166
4411,4606,0.22725
4411,4874,0.28783
4411,5153,0.3883
4411,5217,0.31099
4411,5326,0.52721
4411,5879,0.28296
4411,5966,0.43286
4411,6126,0.22725
4411,6135,0.50929
4413,4557,0.23415
4413,4637,0.30239
4413,4688,0.29452
4413,4733,0.52721
4413,4878,0.28783
4413,5033,0.47513
4413,5056,0.22725
4413,5089,0.28658
4413,5720,0.63849
4413,6015,0.2434
4413,6149,0.73927
4414,4743,0.22458
4414,4923,0.20031
4414,4956,0.35262
4414,5527,0.33828
4414,5649,0.29296
4414,5742,0.25395
4414,6082,0.31719
4415,5906,0.47063
4417,4632,0.21662
4417,4755,0.25466
4417,5015,0.25015
4417,5355,0.24308
4417,5375,0.37157
4417,5603,0.25586
4417,5653,0.22356
4417,5757,0.31257
4417,5974,0.35614
4417,6060,0.28965
4418,5092,0.22754
4418,6026,0.20591
4419,4697,0.209
4419,4826,0.24433
4419,4870,0.35967
4419,4943,0.39575
4419,5172,0.50044
4419,5231,0.24635
4419,5325,0.36846
4419,5496,0.45542
4419,5508,0.39184
4419,5811,0.50516
4419,6064,0.2166
4420,5035,0.21028
4421,5411,0.26158
4423,4443,0.38358
4423,4547,0.23871
4423,4560,0.27213
4423,4586,0.22033
4423,4602,0.25181
4423,4807,0.44155
4423,4911,0.2028
4423,5040,0.36455
4423,5086,0.25925
4423,5190,0.40864
4423,5192,0.2484
4423,5215,0.4966
4423,5292,0.4793
4423,5304,0.21938
4423,5318,0.22488
4423,5321,0.29162
4423,5333,0.66692
4423,5345,0.20883
4423,5493,0.37484
4423,5763,0.27765
4423,5878,0.21807
4423,5909,0.25018
4423,6002,0.26131
4423,6034,0.23485
4423,6078,0.29514
4423,6127,0.36425
4423,6143,0.60237
4423,6193,0.31085
4424,6079,0.20291
4426,5196,0.2491
4426,6114,0.20803
4429,4884,0.22676
4430,4671,0.30386
4430,4860,0.21899
4430,4924,0.23134
4430,5430,0.22942
4430,5534,0.28445
4430,5581,0.23253
4431,4735,0.29971
4431,5047,0.23402
4433,4825,0.20965
4433,4999,0.31693
4433,5280,0.20257
4433,5377,0.24667
4433,5742,0.31896
4433,5889,0.21236
4433,5920,0.21314
4433,6059,0.31864
4433,6221,0.22827
4434,4833,0.22911
4434,4866,0.24084
4435,4875,0.21647
4435,5221,0.26978
4435,5933,0.3883
4436,4779,0.21213
4436,5098,0.23927
4436,6052,0.22725
4437,4682,0.28538
4437,4723,0.26019
4437,5093,0.21213
4439,4455,0.25123
4439,5104,0.22231
4439,5317,0.28514
4439,5326,0.29452
4439,5489,0.24499
4439,5577,0.20027
4439,5689,0.28739
4439,6135,0.2595
4440,4860,0.27893
4441,4933,0.32276
4441,5393,0.20945
4441,5461,0.34038
4441,5669,0.31661
4442,4815,0.2567
4442,5417,0.2462
4443,4547,0.21947
4443,4560,0.21876
4443,4586,0.25181
4443,4807,0.3493
4443,5190,0.39279
4443,5192,0.20345
4443,5215,0.38918
4443,5292,0.23871
4443,5304,0.25844
4443,5333,0.42935
4443,5484,0.21951
4443,5486,0.30386
4443,5493,0.56471
4443,5703,0.20154
4443,5711,0.20808
4443,5763,0.25237
4443,5878,0.24132
4443,6002,0.27032
4443,6034,0.23638
4443,6078,0.39989
4443,6127,0.26724
4443,6143,0.46914
4443,6193,0.28206
4444,5456,0.21036
4445,5411,0.28056
4445,5520,0.20041
4445,6136,0.21897
4446,4482,0.38911
4446,4545,0.27759
4446,5737,0.25211
4446,5932,0.34012
4447,5888,0.20201
4448,5782,0.2101
4449,5386,0.21434
4450,4917,0.22229
4450,6008,0.20232
4450,6070,0.21222
4451,4516,0.36708
4451,5051,0.20607
4452,5015,0.26385
4453,4536,0.25821
4453,4568,0.41327
4453,4622,0.22912
4453,4631,0.45343
4453,4969,0.27687
4453,5009,0.28128
4453,5143,0.22447
4453,5154,0.32339
4453,5160,0.24591
4453,5241,0.2178
4453,5267,0.24158
4453,5576,0.35134
4453,5657,0.31988
4453,5710,0.26213
4453,5884,0.32335
4453,5944,0.24398
4453,6202,0.20487
4453,6205,0.30898
4454,4475,0.24865
4454,5022,0.20322
4454,5554,0.20062
4454,5605,0.25271
4454,5654,0.31298
4454,5922,0.26482
4455,4457,0.21471
4455,4605,0.21528
4455,4606,0.26213
4455,4677,0.36164
4455,4800,0.2822
4455,4835,0.2163
4455,4869,0.59084
4455,4874,0.42634
4455,5066,0.37258
4455,5153,0.50576
4455,5195,0.50576
4455,5217,0.46712
4455,5294,0.37258
4455,5326,0.63147
4455,5475,0.20748
4455,5583,0.34605
4455,5695,0.42151
4455,5879,0.3876
4455,5964,0.215
4455,5966,0.43829
4455,5990,0.36122
4455,6126,0.41802
4455,6135,0.73697
4456,4593,0.25991
4456,4689,0.22025
4456,5145,0.20543
4456,5211,0.20925
4456,5243,0.20355
4456,5307,0.25895
4456,5409,0.27093
4456,5665,0.21105
4456,5786,0.20137
4456,5885,0.2311
4457,5326,0.2833
4457,6126,0.22161
4458,5644,0.30359
4458,6093,0.21443
4459,5307,0.26818
4459,5356,0.20773
4459,5494,0.24652
4459,5518,0.24614
4459,5612,0.31673
4459,5869,0.24049
4459,5885,0.21297
4462,4546,0.20988
4462,4602,0.22533
4462,4603,0.31233
4462,4645,0.24234
4462,5007,0.35967
4462,5064,0.30175
4462,5071,0.2268
4462,5174,0.24714
4462,5239,0.26514
4462,5390,0.34037
4462,5393,0.44989
4462,5456,0.29878
4462,5482,0.77179
4462,5509,0.21203
4462,5607,0.45744
4462,5625,0.27277
4462,5883,0.22833
4464,4470,0.20881
4465,5750,0.21537
4466,4571,0.21868
4466,4661,0.2434
4466,5369,0.23288
4466,5425,0.24458
4466,5552,0.22864
4466,5902,0.21555
4466,5973,0.20584
4466,6101,0.20242
4468,4865,0.26316
4470,4476,0.31949
4470,4669,0.26878
4470,5506,0.28983
4470,5715,0.31099
4470,5774,0.20201
4470,5784,0.20994
4470,6171,0.20158
4471,5265,0.20102
4471,5742,0.2235
4472,5575,0.22166
4473,4766,0.30178
4473,4949,0.25364
4473,5021,0.2053
4473,5067,0.37923
4473,5198,0.35791
4473,5310,0.24735
4473,5590,0.26959
4473,5596,0.22439
4473,5709,0.33361
4473,5721,0.29279
4473,5798,0.31282
4473,5945,0.38942
4473,6188,0.20542
4474,5647,0.20166
4476,4669,0.30239
4476,5506,0.25049
4476,5902,0.28783
4477,5032,0.39445
4477,5074,0.21706
4477,5364,0.29019
4477,5919,0.2028
4477,6088,0.29194
4478,5110,0.20088
4478,5186,0.30967
4478,5706,0.2154
4478,5919,0.3883
4479,4624,0.22865
4479,5071,0.21995
4479,5318,0.21749
4479,5486,0.20352
4480,5144,0.20508
4480,5243,0.33414
4480,5272,0.24706
4480,5409,0.41746
4480,5754,0.25255
4480,5786,0.26881
4481,4709,0.21013
4481,5608,0.23781
4481,6104,0.25146
4485,4557,0.2173
4485,4917,0.29672
4487,5250,0.21258
4487,5562,0.21256
4488,5887,0.26607
4491,5716,0.21649
4492,5574,0.20833
4493,5115,0.23284
4493,5466,0.22534
4493,5572,0.22963
4493,5742,0.21855
4493,6144,0.2364
4494,5500,0.25518
4494,6069,0.21528
4495,5419,0.22161
4496,5287,0.23716
4496,5666,0.28514
4496,5965,0.22725
4496,6056,0.20951
4497,4498,0.24383
4497,4577,0.22325
4497,4623,0.27396
4497,4672,0.21975
4497,4851,0.22292
4497,4893,0.35546
4497,4901,0.2952
4497,4942,0.24472
4497,5046,0.32739
4497,5187,0.21114
4497,5237,0.27041
4497,5335,0.2151
4497,5730,0.26116
4497,5820,0.26732
4497,6068,0.3273
4497,6108,0.25295
4497,6114,0.22717
4497,6181,0.28918
4498,4623,0.35788
4498,4672,0.31644
4498,4851,0.2412
4498,4887,0.20278
4498,4893,0.28089
4498,4901,0.37032
4498,5023,0.2377
4498,5046,0.22843
4498,5237,0.25367
4498,5317,0.2595
4498,5335,0.21107
4498,5820,0.43829
4498,5932,0.22725
4498,5997,0.27534
4498,6023,0.26388
4498,6086,0.20712
4498,6181,0.34422
4502,6093,0.28088
4503,4763,0.2136
4503,4767,0.38212
4503,5511,0.20123
4503,5905,0.20633
4506,5917,0.26133
4507,4659,0.38196
4507,4803,0.26823
4507,4897,0.28241
4507,5701,0.22366
4508,5601,0.20201
4509,5361,0.22593
4512,6093,0.22511
4512,6141,0.20502
4513,5127,0.37002
4514,4828,0.40602
4514,4850,0.28983
4514,4872,0.2354
4514,4886,0.34605
4514,4949,0.21166
4514,4992,0.40709
4514,5021,0.29728
4514,5198,0.22725
4514,5254,0.56059
4514,5365,0.44944
4514,5591,0.35326
4514,5596,0.56059
4514,5709,0.22725
4514,5910,0.42151
4514,5982,0.2106
4515,5300,0.25295
4516,5174,0.2726
4518,4667,0.51221
4518,5086,0.24982
4518,5132,0.45635
4519,4978,0.26117
4519,5047,0.20998
4519,5509,0.21094
4519,5718,0.41711
4519,6150,0.25665
4519,6213,0.399
4521,4579,0.23756
4521,4609,0.23283
4521,4638,0.29455
4521,4836,0.25516
4521,6031,0.34752
4521,6040,0.20398
4523,5492,0.23466
4523,5551,0.28783
4523,5644,0.21597
4523,5725,0.28983
4523,5790,0.21213
4523,6093,0.21832
4524,4538,0.20732
4524,4577,0.23709
4524,4656,0.26197
4524,5046,0.23871
4524,5104,0.30489
4524,5187,0.28004
4524,5317,0.21028
4524,5489,0.2832
4524,5577,0.29077
4524,5806,0.24391
4524,5823,0.21355
4524,6158,0.33003
4524,6181,0.25015
4526,5618,0.21414
4526,5620,0.48241
4526,5670,0.31005
4526,6011,0.26121
4527,4913,0.21458
4528,4529,0.21887
4528,4562,0.21974
4528,4676,0.35122
4528,4955,0.20603
4528,4971,0.26088
4528,5165,0.30092
4528,5206,0.30594
4528,5930,0.22558
4528,6092,0.25811
4529,4673,0.22947
4529,5039,0.2563
4529,5165,0.38199
4529,5955,0.20178
4529,6064,0.25557
4531,5001,0.27619
4531,5374,0.44208
4531,5389,0.28248
4531,5463,0.36122
4531,5666,0.22161
4531,5756,0.26019
4531,5819,0.25049
4531,5890,0.26213
4531,5898,0.45012
4531,5935,0.30239
4531,6124,0.22725
4531,6126,0.29452
4532,4807,0.25374
4532,5215,0.26884
4532,5292,0.22605
4532,5333,0.22233
4532,5607,0.20624
4532,6143,0.21653
4534,4731,0.21061
4534,5059,0.22652
4534,5947,0.27387
4534,6027,0.24829
4535,4783,0.21183
4536,4568,0.25495
4536,4631,0.27214
4536,4706,0.20584
4536,5143,0.23236
4536,5154,0.24212
4536,5275,0.23359
4536,5383,0.20653
4536,5576,0.21766
4536,5657,0.21608
4536,5673,0.20226
4536,5710,0.3883
4536,5924,0.21015
4536,6003,0.25092
4537,4783,0.50102
4537,4799,0.44777
4537,5111,0.23608
4537,5528,0.25205
4537,5544,0.20084
4537,5720,0.21213
4537,5975,0.36749
4537,6013,0.27285
4538,4656,0.22657
4538,5104,0.32599
4538,5577,0.24415
4538,6067,0.25706
4538,6181,0.20553
4539,4545,0.3396
4539,4624,0.20479
4539,5372,0.50471
4539,5992,0.28514
4541,4587,0.24703
4544,4546,0.21908
4544,4580,0.62105
4544,5561,0.2364
4544,5574,0.21716
4544,5662,0.25781
4544,5680,0.23926
4544,5919,0.25148
4544,6110,0.22031
4545,4624,0.24911
4545,4686,0.38183
4545,4720,0.21171
4545,4858,0.24345
4545,5072,0.28731
4545,5119,0.26927
4545,5303,0.46918
4545,5372,0.44999
4545,5481,0.22716
4545,5717,0.24001
4545,5887,0.20236
4546,4580,0.24451
4546,5186,0.20081
4546,5561,0.22916
4546,5662,0.23546
4546,5939,0.20052
4546,6174,0.23649
4547,4550,0.20831
4547,4560,0.21691
4547,4807,0.24675
4547,4944,0.26406
4547,5215,0.25045
4547,5318,0.22837
4547,5321,0.23514
4547,5333,0.25593
4547,5345,0.21463
4547,5603,0.22621
4547,5763,0.20581
4547,6002,0.20867
4547,6143,0.21688
4548,4768,0.29715
4550,4602,0.24191
4551,6026,0.45403
4552,5658,0.21264
4554,5368,0.20499
4554,5384,0.22309
4554,5789,0.24124
4554,6108,0.23262
4555,4900,0.22325
4555,5280,0.22017
4555,5572,0.25133
4555,5635,0.20313
4555,5742,0.25681
4555,5920,0.23457
4555,5965,0.27882
4555,6221,0.22798
4556,4723,0.28248
4556,5179,0.26063
4557,4637,0.23927
4557,4688,0.34012
4557,4878,0.28296
4557,5089,0.25557
4557,6149,0.27619
4558,4594,0.28984
4558,5071,0.23602
4558,5313,0.23242
4558,5457,0.38347
4558,5486,0.45113
4558,5772,0.31661
4559,4736,0.26767
4559,5919,0.25969
4559,5978,0.31738
4560,4598,0.24982
4560,4807,0.27722
4560,5040,0.39866
4560,5190,0.22137
4560,5202,0.23082
4560,5215,0.30042
4560,5292,0.20466
4560,5318,0.32354
4560,5321,0.27253
4560,5333,0.28727
4560,5345,0.26291
4560,5703,0.22558
4560,5763,0.23794
4560,5909,0.31908
4560,6078,0.30843
4560,6143,0.27322
4561,4607,0.29699
4561,4609,0.25244
4561,4722,0.22732
4561,4725,0.261
4561,4836,0.21933
4561,4842,0.35326
4561,4907,0.29105
4561,5367,0.37099
4561,5924,0.26448
4561,5995,0.22182
4561,5998,0.28421
4561,6040,0.21075
4562,4743,0.25544
4562,4848,0.47707
4562,4888,0.31007
4562,4912,0.24093
4562,4955,0.3012
4562,5018,0.30483
4562,5025,0.50797
4562,5036,0.43286
4562,5206,0.29658
4562,5329,0.2138
4562,5378,0.35158
4562,5408,0.20284
4562,5652,0.26709
4562,5893,0.20773
4562,5955,0.2127
4562,6191,0.23696
4564,4583,0.42879
4564,4717,0.44974
4564,5080,0.20004
4564,5782,0.23892
4566,4725,0.31279
4567,4620,0.27882
4567,4723,0.21166
4568,4622,0.23387
4568,4631,0.54996
4568,4685,0.25039
4568,4698,0.24875
4568,4744,0.25185
4568,4803,0.26019
4568,4845,0.26838
4568,4940,0.26711
4568,4969,0.37647
4568,5009,0.42897
4568,5143,0.28998
4568,5154,0.31148
4568,5160,0.24913
4568,5241,0.3869
4568,5576,0.35981
4568,5657,0.42393
4568,5710,0.40602
4568,5884,0.36886
4568,5924,0.21528
4568,5944,0.34938
4568,6202,0.29773
4568,6205,0.22979
4568,6207,0.21496
4569,6119,0.23847
4570,5140,0.21515
4570,5477,0.2181
4570,5489,0.2194
4571,4822,0.26741
4571,4917,0.32419
4571,5108,0.30869
4571,5211,0.21998
4571,5260,0.24929
4571,5559,0.21046
4571,5980,0.24698
4572,5765,0.30621
4574,5245,0.20174
4576,5411,0.26912
4577,4816,0.20887
4577,4837,0.25035
4577,4942,0.27511
4577,5051,0.23183
4577,5104,0.2198
4577,5187,0.28655
4577,5489,0.36383
4577,5689,0.22066
4577,5788,0.22244
4577,6068,0.20189
4577,6158,0.25116
4577,6181,0.20445
4578,4873,0.2282
4579,4609,0.2513
4579,4836,0.26642
4579,5099,0.20567
4579,5557,0.37943
4579,6031,0.26326
4579,6040,0.24155
4579,6183,0.30445
4580,5032,0.20861
4580,5561,0.20741
4580,5574,0.21589
4580,5662,0.26006
4580,5673,0.20973
4580,5919,0.24979
4580,5939,0.20151
4580,5978,0.23008
4581,4687,0.25211
4581,4707,0.28296
4581,5783,0.34686
4582,4591,0.23987
4582,4728,0.22371
4582,4737,0.23826
4582,4761,0.21812
4582,4869,0.21114
4582,5250,0.28922
4582,5472,0.24394
4582,5562,0.20141
4582,5618,0.22283
4582,5647,0.30005
4582,5670,0.27775
4582,6220,0.32663
4583,4717,0.44033
4583,5080,0.33943
4583,5782,0.28008
4586,4911,0.22955
4586,4944,0.28492
4586,4984,0.23641
4586,5040,0.25847
4586,5086,0.20177
4586,5192,0.20512
4586,5215,0.27377
4586,5304,0.22596
4586,5318,0.21069
4586,5321,0.22113
4586,5333,0.23755
4586,5345,0.22335
4586,5493,0.22066
4586,5763,0.41513
4586,5878,0.29086
4586,5909,0.21656
4586,6002,0.3728
4586,6078,0.28946
4586,6111,0.30894
4587,4788,0.24759
4587,5855,0.25341
4589,5464,0.27666
4589,6230,0.26999
4591,4761,0.27619
4591,4793,0.2028
4591,4936,0.36122
4591,5341,0.20296
4591,5532,0.34605
4593,4634,0.42151
4593,4689,0.40709
4593,4696,0.49019
4593,4866,0.20584
4593,4903,0.27619
4593,4994,0.3425
4593,5057,0.29759
4593,5112,0.27619
4593,5145,0.36122
4593,5211,0.28783
4593,5245,0.40709
4593,5307,0.42151
4593,5310,0.21614
4593,5365,0.26019
4593,5404,0.2434
4593,5490,0.48011
4593,5518,0.3883
4593,5665,0.43286
4593,5699,0.22399
4593,5855,0.50247
4593,5859,0.35158
4593,5885,0.3876
4593,5901,0.59645
4593,5982,0.35219
4593,6051,0.45113
4593,6118,0.36256
4593,6185,0.36122
4593,6227,0.34605
4594,5457,0.25655
4596,4815,0.38055
4596,5172,0.35772
4596,5325,0.28157
4596,5508,0.23286
4596,5569,0.2822
4596,5669,0.27981
4597,5039,0.316
4597,5167,0.28902
4597,5299,0.22707
4597,5402,0.20588
4597,5508,0.24151
4597,5543,0.22163
4597,5566,0.20158
4597,5642,0.24798
4597,5967,0.24834
4598,4683,0.29241
4598,4984,0.30674
4598,5202,0.20801
4598,6143,0.21595
4599,5941,0.2037
4600,5737,0.43286
4602,4603,0.2178
4602,4807,0.21799
4602,4991,0.39417
4602,5007,0.27299
4602,5064,0.30553
4602,5190,0.29998
4602,5215,0.28696
4602,5318,0.31846
4602,5333,0.35953
4602,5345,0.29462
4602,5393,0.24646
4602,5482,0.2033
4602,5486,0.28296
4602,5509,0.28553
4602,5607,0.27482
4602,5878,0.28734
4602,6193,0.20594
4603,4706,0.2434
4603,4771,0.28195
4603,4909,0.22935
4603,5007,0.23813
4603,5047,0.2233
4603,5064,0.33829
4603,5071,0.25886
4603,5174,0.24826
4603,5239,0.27988
4603,5292,0.26427
4603,5390,0.27601
4603,5393,0.22914
4603,5428,0.38526
4603,5456,0.33046
4603,5482,0.23141
4603,5493,0.20811
4603,5509,0.36718
4603,5538,0.26997
4603,5607,0.26441
4603,5625,0.34265
4603,5628,0.2614
4603,5883,0.27654
4603,6168,0.2646
4604,4890,0.25239
4605,4869,0.27891
4605,5153,0.37289
4605,5195,0.35664
4605,5326,0.3044
4605,5475,0.30787
4605,6126,0.28296
4606,4869,0.28544
4606,5153,0.26399
4606,5195,0.27757
4606,5197,0.22955
4606,5326,0.2998
4606,5749,0.21844
4606,5966,0.26997
4606,6126,0.27341
4606,6135,0.25386
4607,4609,0.23236
4607,4777,0.23201
4607,4842,0.28352
4607,4861,0.20552
4607,5090,0.26289
4607,5154,0.26499
4607,5270,0.26024
4607,5367,0.27088
4607,5710,0.44088
4607,5884,0.21054
4607,5924,0.27362
4607,5995,0.20484
4607,5998,0.30183
4607,6031,0.22615
4607,6094,0.20427
4609,4646,0.20043
4609,4722,0.21537
4609,4836,0.34834
4609,4842,0.38108
4609,4907,0.35539
4609,4915,0.20376
4609,4971,0.23
4609,5090,0.28824
4609,5099,0.21766
4609,5367,0.32368
4609,5381,0.20457
4609,5557,0.36922
4609,5921,0.21679
4609,5925,0.24652
4609,5930,0.24655
4609,5995,0.23976
4609,6031,0.3522
4609,6040,0.35772
4609,6043,0.21268
4609,6092,0.34691
4609,6094,0.20235
4610,5420,0.23981
4612,5038,0.32379
4614,4716,0.31671
4614,4876,0.33139
4614,5261,0.21529
4614,5323,0.25832
4614,5471,0.2845
4614,5821,0.34012
4614,5998,0.33223
4617,4630,0.2146
4620,4879,0.20249
4620,6213,0.2173
4622,4631,0.26308
4622,4744,0.24675
4622,4969,0.25896
4622,5143,0.33422
4622,5154,0.28051
4622,5155,0.22277
4622,5186,0.23972
4622,5576,0.25267
4622,5657,0.21474
4622,5710,0.36122
4622,5884,0.22122
4622,5924,0.35261
4622,6028,0.2483
4622,6132,0.3758
4623,4672,0.30796
4623,4851,0.27636
4623,4887,0.27089
4623,4893,0.27096
4623,4901,0.40862
4623,5023,0.28843
4623,5046,0.27616
4623,5237,0.43917
4623,5317,0.21093
4623,5335,0.24442
4623,5514,0.32198
4623,5820,0.24957
4623,5997,0.3143
4623,6023,0.30472
4623,6181,0.39439
4624,4686,0.29343
4624,4858,0.23904
4624,5072,0.29821
4624,5415,0.22054
4625,5752,0.49439
4625,5841,0.28514
4627,5060,0.21792
4627,5186,0.24863
4627,5235,0.25553
4627,5253,0.21921
4630,5492,0.22717
4630,5684,0.44208
4630,5749,0.50247
4631,4642,0.21645
4631,4685,0.24327
4631,4698,0.27324
4631,4706,0.2595
4631,4744,0.33464
4631,4803,0.2998
4631,4845,0.25778
4631,4900,0.22336
4631,4940,0.31118
4631,4969,0.40731
4631,5009,0.44249
4631,5042,0.25805
4631,5143,0.39387
4631,5154,0.24473
4631,5160,0.32387
4631,5241,0.41567
4631,5267,0.29508
4631,5576,0.40179
4631,5657,0.42355
4631,5710,0.49143
4631,5884,0.38959
4631,5944,0.35846
4631,6159,0.25399
4631,6202,0.25911
4631,6205,0.343
4631,6207,0.27543
4633,4715,0.53351
4633,4756,0.27106
4633,5341,0.47132
4633,5610,0.43762
4633,5614,0.43293
4633,5780,0.45246
4633,5853,0.20791
4634,4696,0.31879
4634,4903,0.38776
4634,4994,0.32639
4634,5057,0.45012
4634,5197,0.20584
4634,5351,0.35158
4634,5518,0.25468
4634,5612,0.23305
4634,5665,0.27425
4634,5699,0.41251
4634,5855,0.23129
4634,5885,0.21617
4634,5901,0.30411
4634,5982,0.28663
4634,6051,0.44944
4634,6118,0.31018
4634,6227,0.36122
4635,6200,0.25744
4637,4688,0.24957
4637,5089,0.21213
4637,5410,0.23466
4637,5720,0.24458
4637,6149,0.26019
4638,4836,0.23101
4638,5367,0.2448
4638,6031,0.24001
4639,5691,0.23564
4639,5872,0.43622
4639,6049,0.20694
4639,6119,0.21227
4641,5047,0.26218
4641,5071,0.3486
4641,5239,0.44505
4641,5428,0.28245
4641,5457,0.20412
4641,5637,0.47718
4642,4698,0.22313
4642,4706,0.22399
4642,4845,0.22886
4642,4969,0.39274
4642,5009,0.23763
4642,5241,0.25989
4642,5576,0.20331
4642,5657,0.22471
4642,5884,0.27154
4642,5944,0.3813
4642,6202,0.24438
4643,4729,0.45989
4643,5833,0.27069
4645,5007,0.21594
4645,5246,0.42585
4645,5393,0.43926
4645,5482,0.27944
4645,5538,0.20251
4645,5607,0.20996
4645,6192,0.35187
4646,4907,0.21545
4646,5275,0.20357
4646,5367,0.32454
4646,5508,0.29636
4646,5557,0.29774
4646,5641,0.20004
4646,5930,0.2261
4646,5993,0.24928
4646,6031,0.20744
4647,5037,0.21959
4647,5520,0.26452
4647,5633,0.4008
4647,6119,0.23339
4649,4722,0.21817
4650,5669,0.21582
4650,5961,0.22142
4652,4758,0.23289
4653,5003,0.22866
4653,5587,0.31197
4653,5674,0.47159
4653,5795,0.5142
4653,5836,0.27512
4655,4963,0.28248
4656,5104,0.23553
4656,5187,0.20354
4656,5317,0.26878
4656,5343,0.20456
4656,5577,0.29614
4656,5742,0.23411
4656,5791,0.29853
4656,6158,0.2474
4658,4689,0.2359
4658,5798,0.20568
4658,5859,0.20489
4659,4744,0.2329
4659,4802,0.2107
4659,4803,0.28983
4659,4897,0.43507
4659,5241,0.20517
4659,5701,0.29208
4659,5745,0.21887
4661,4966,0.26133
4661,4979,0.2028
4661,5065,0.20296
4661,5300,0.23466
4661,5595,0.28783
4661,6095,0.21571
4661,6101,0.23927
4663,4718,0.23927
4663,5171,0.30743
4663,5719,0.20775
4663,5751,0.20562
4664,4692,0.21313
4667,4686,0.2509
4667,4858,0.2476
4667,4974,0.23433
4667,5132,0.3489
4667,5486,0.26607
4669,5260,0.31272
4669,5724,0.25783
4669,5902,0.42824
4669,5905,0.22316
4671,4812,0.29049
4671,4820,0.24526
4671,5140,0.20994
4671,5159,0.44208
4671,5520,0.42151
4671,5759,0.27407
4671,6012,0.22399
4671,6093,0.28514
4672,4851,0.27356
4672,4887,0.22649
4672,4893,0.22091
4672,4901,0.25433
4672,5023,0.28162
4672,5046,0.20039
4672,5104,0.25874
4672,5237,0.27116
4672,5317,0.23415
4672,5514,0.23677
4672,5820,0.29829
4672,5997,0.35462
4672,6023,0.23267
4672,6181,0.3209
4673,4750,0.36122
4673,4939,0.20066
4673,5039,0.2153
4673,5299,0.36838
4673,5378,0.23427
4673,5642,0.23795
4673,6064,0.27619
4673,6077,0.22615
4674,4927,0.21038
4675,5319,0.24778
4676,5206,0.36306
4676,5329,0.24657
4676,5893,0.21727
4677,4869,0.23148
4677,5153,0.2881
4677,5195,0.21112
4677,5217,0.44208
4677,5294,0.43256
4677,5326,0.27407
4677,5592,0.20956
4677,5964,0.50378
4677,6135,0.44944
4678,4875,0.20376
4678,5156,0.21193
4681,4780,0.20201
4682,5483,0.29728
4682,5891,0.26019
4683,4797,0.20785
4683,4984,0.35929
4683,5119,0.21344
4683,5448,0.21623
4684,5065,0.2286
4684,5722,0.31173
4684,5752,0.20203
4684,5790,0.26346
4684,5954,0.21613
4685,4698,0.24449
4685,4845,0.31367
4685,4969,0.36164
4685,5009,0.28219
4685,5217,0.22725
4685,5241,0.39608
4685,5294,0.23081
4685,5875,0.31753
4685,5884,0.20062
4685,5944,0.46215
4685,6135,0.27407
4685,6202,0.20873
4686,4716,0.20518
4686,4774,0.21488
4686,4858,0.43867
4686,5072,0.54065
4686,5215,0.20142
4686,5303,0.21967
4686,5415,0.28304
4686,5743,0.22752
4687,5783,0.36122
4688,4780,0.21006
4688,4804,0.28226
4688,4878,0.31195
4688,5317,0.21879
4688,5720,0.33578
4688,6149,0.31352
4689,4696,0.26065
4689,5145,0.31786
4689,5211,0.22852
4689,5245,0.20699
4689,5307,0.52174
4689,5490,0.36318
4689,5494,0.42649
4689,5518,0.21181
4689,5636,0.21777
4689,5665,0.30794
4689,5798,0.24763
4689,5859,0.48443
4689,5885,0.33535
4689,5901,0.24673
4689,5945,0.22857
4689,6051,0.2998
4691,5996,0.20197
4692,4820,0.2028
4692,5156,0.24979
4692,5221,0.20236
4692,5376,0.30393
4692,5419,0.20584
4692,5666,0.21193
4692,5896,0.24731
4695,5948,0.2595
4696,4903,0.20236
4696,5057,0.29728
4696,5145,0.29879
4696,5211,0.22457
4696,5245,0.22993
4696,5307,0.30588
4696,5404,0.25008
4696,5490,0.29315
4696,5494,0.22747
4696,5518,0.28826
4696,5665,0.32303
4696,5699,0.21171
4696,5855,0.27546
4696,5859,0.29357
4696,5885,0.28297
4696,5901,0.37482
4696,5982,0.30275
4696,6051,0.36164
4696,6118,0.30784
4696,6185,0.2173
4696,6227,0.22725
4697,5017,0.24639
4698,4845,0.35777
4698,4969,0.37293
4698,5009,0.22561
4698,5241,0.37568
4698,5576,0.20658
4698,5875,0.34462
4698,5884,0.20402
4698,5944,0.42216
4698,6202,0.36521
4699,5505,0.33828
4700,4707,0.22261
4700,4773,0.30239
4700,4972,0.20301
4700,5097,0.23577
4700,5419,0.35158
4700,5505,0.21597
4700,5726,0.202
4702,5873,0.21479
4704,5411,0.29357
4705,5438,0.2481
4705,5952,0.28033
4706,4744,0.25557
4706,5042,0.23675
4706,5143,0.25049
4706,5160,0.26823
4706,5174,0.21528
4706,5576,0.30617
4706,5625,0.25518
4706,5657,0.25492
4706,5883,0.50576
4706,5884,0.27619
4706,6159,0.80846
4707,4773,0.30239
4707,5097,0.4148
4707,5100,0.20158
4707,5420,0.20663
4708,4971,0.22689
4708,5061,0.21963
4708,5862,0.31555
4709,5085,0.25682
4711,5258,0.38091
4715,4756,0.21741
4715,4856,0.41958
4715,5341,0.43893
4715,5555,0.27714
4715,5610,0.4439
4715,5614,0.45496
4715,5780,0.4386
4715,5853,0.21704
4716,4858,0.21484
4716,4876,0.42792
4716,4929,0.22695
4716,5086,0.20945
4716,5270,0.34459
4716,5323,0.43038
4716,5471,0.51642
4716,5737,0.30239
4716,5821,0.22725
4716,5998,0.30134
4717,5080,0.25622
4717,5782,0.2831
4718,4798,0.42634
4718,5019,0.40709
4718,5566,0.42151
4718,5833,0.20748
4718,6006,0.23415
4719,5419,0.44208
4719,5799,0.27696
4719,5841,0.2434
4720,5119,0.20146
4720,5717,0.29382
4721,5419,0.33828
4722,4750,0.21093
4722,4842,0.25095
4722,4907,0.23661
4722,4971,0.23514
4722,5039,0.26151
4722,5090,0.25485
4722,5930,0.2463
4723,4753,0.26301
4723,5271,0.42151
4723,5698,0.23466
4723,5750,0.21093
4723,5991,0.20178
4723,6022,0.33828
4723,6037,0.22399
4724,4740,0.35602
4724,5344,0.29696
4724,5376,0.20224
4724,5419,0.28983
4724,5896,0.215
4724,6084,0.20584
4725,4777,0.23314
4725,5367,0.23496
4725,5930,0.2007
4726,4758,0.21554
4726,6132,0.24843
4727,5230,0.20227
4728,5250,0.2582
4728,5472,0.22122
4728,5562,0.22019
4728,5618,0.20291
4728,5647,0.2825
4728,5670,0.21487
4728,6220,0.31886
4729,5833,0.20954
4731,5059,0.22396
4731,5252,0.20902
4731,5947,0.24919
4732,4999,0.2138
4732,5425,0.36164
4732,6095,0.20513
4733,5033,0.21187
4733,5720,0.43829
4733,5935,0.29728
4733,6149,0.56059
4735,5047,0.25095
4735,5538,0.20452
4736,5004,0.22204
4736,5110,0.24068
4736,5186,0.22485
4736,5433,0.21626
4736,5574,0.21561
4736,5662,0.2002
4736,5706,0.3311
4736,5903,0.2495
4736,5919,0.34605
4736,5939,0.3065
4736,5978,0.36464
4738,5683,0.20958
4739,4920,0.26998
4739,5558,0.24979
4739,5976,0.20296
4743,4848,0.28055
4743,4888,0.24068
4743,4912,0.20635
4743,4923,0.23894
4743,4956,0.26019
4743,4971,0.2772
4743,5012,0.27184
4743,5018,0.20855
4743,5178,0.34064
4743,5206,0.36651
4743,5378,0.28514
4743,5527,0.31594
4743,5649,0.28396
4743,5742,0.2604
4743,5804,0.24719
4743,5826,0.23076
4743,5862,0.30204
4743,6191,0.22455
4744,4803,0.63849
4744,4897,0.20631
4744,4969,0.32953
4744,5009,0.29044
4744,5143,0.26667
4744,5241,0.29046
4744,5521,0.22614
4744,5657,0.27109
4744,5884,0.21558
4744,5944,0.25707
4744,6100,0.20832
4744,6159,0.22486
4746,5184,0.22276
4746,5240,0.21407
4746,5986,0.23838
4749,5535,0.21265
4750,4939,0.28783
4750,5039,0.24169
4750,5299,0.43829
4750,5642,0.31099
4752,4957,0.41081
4752,5061,0.4232
4752,5329,0.2213
4752,5540,0.20381
4752,5599,0.22081
4752,5862,0.37064
4752,5893,0.20003
4753,4962,0.20533
4753,6071,0.26034
4755,5476,0.22565
4755,5974,0.25304
4756,5341,0.25363
4756,5610,0.23337
4756,5614,0.29895
4756,5780,0.26282
4756,5853,0.36153
4757,5937,0.23989
4758,4875,0.21857
4758,5047,0.22016
4758,5088,0.26523
4758,5236,0.20528
4758,5456,0.21429
4758,5625,0.2177
4759,4788,0.2315
4759,4924,0.29436
4759,5228,0.30427
4759,5245,0.22235
4759,5494,0.2218
4760,4974,0.50247
4760,5175,0.43286
4760,5284,0.29672
4761,4856,0.25211
4761,4891,0.36677
4761,5555,0.24731
4762,5248,0.28015
4762,5848,0.20748
4764,6017,0.24935
4766,4992,0.22545
4766,5067,0.28348
4766,5198,0.26973
4766,5244,0.29942
4766,5310,0.31766
4766,5792,0.27822
4766,5798,0.21501
4766,5910,0.23545
4766,5945,0.33396
4766,6117,0.22619
4767,5616,0.20011
4767,5793,0.23369
4767,5883,0.20844
4768,5245,0.21286
4768,6106,0.23116
4771,4774,0.20552
4771,5047,0.29504
4771,5078,0.25956
4771,5304,0.21083
4771,5428,0.40862
4771,5456,0.20914
4771,5509,0.28248
4771,5637,0.22646
4771,5718,0.21928
4771,5874,0.2272
4771,5883,0.25839
4771,5962,0.23192
4773,4972,0.22725
4773,4999,0.21213
4773,5097,0.2205
4773,5140,0.2595
4773,5343,0.21093
4773,5938,0.2831
4773,6054,0.27407
4774,4991,0.23475
4774,6112,0.46929
4777,4876,0.361
4778,5903,0.23204
4778,6008,0.21787
4779,5034,0.29727
4779,5098,0.25107
4779,5279,0.28385
4779,5280,0.215
4779,5691,0.27619
4779,6052,0.23675
4779,6063,0.52721
4780,4818,0.39101
4780,5450,0.39787
4780,5749,0.22261
4780,5833,0.21881
4780,6137,0.43836
4782,5644,0.33822
4782,5653,0.21142
4782,6093,0.2231
4782,6179,0.35619
4783,4799,0.46405
4783,5528,0.22465
4783,5544,0.26346
4783,5975,0.32473
4783,6013,0.25463
4784,5159,0.27407
4784,5377,0.20584
4784,5441,0.2595
4784,5622,0.42824
4786,5357,0.26019
4786,5416,0.20263
4786,5425,0.26607
4786,5920,0.21028
4787,4816,0.24744
4787,5384,0.22575
4787,5392,0.30583
4787,5489,0.21103
4787,5689,0.20752
4787,5734,0.31639
4787,5789,0.25184
4787,5976,0.20201
4787,6005,0.25445
4788,5228,0.3407
4789,4954,0.44085
4789,5166,0.39778
4789,5171,0.26614
4789,5542,0.27903
4789,6063,0.2279
4789,6194,0.3552
4790,5689,0.22277
4791,5163,0.20201
4791,5331,0.23927
4791,5965,0.26213
4793,4835,0.23969
4793,5887,0.27619
4794,5580,0.53984
4794,5886,0.44228
4794,5934,0.48342
4795,4911,0.2777
4795,5909,0.20227
4796,5378,0.2107
4797,5162,0.54581
4797,5263,0.28539
4798,5566,0.3876
4799,5975,0.25006
4799,6013,0.2311
4800,5217,0.2998
4800,5265,0.20682
4800,5326,0.22725
4800,5583,0.20994
4800,6135,0.30346
4802,5159,0.20584
4803,4897,0.20584
4803,4969,0.30386
4803,5009,0.22725
4803,5241,0.2822
4803,5657,0.26823
4803,5884,0.22074
4803,5944,0.26133
4803,6159,0.21879
4804,4878,0.21455
4804,5279,0.23682
4804,6015,0.35115
4806,5212,0.20131
4806,5829,0.36808
4806,6065,0.52721
4807,5040,0.25103
4807,5086,0.29874
4807,5190,0.3645
4807,5192,0.21882
4807,5215,0.52622
4807,5292,0.38512
4807,5321,0.20797
4807,5333,0.4461
4807,5493,0.35171
4807,5703,0.20249
4807,5763,0.28297
4807,5909,0.21996
4807,6078,0.28089
4807,6143,0.45012
4807,6193,0.32019
4808,6049,0.32362
4810,4828,0.24585
4810,5067,0.26715
4810,5244,0.22585
4810,5311,0.23165
4810,5356,0.24271
4810,5792,0.37883
4810,6188,0.22698
4811,5540,0.31655
4812,4820,0.21793
4812,5759,0.26469
4815,5125,0.35714
4815,5172,0.22812
4815,5325,0.23458
4815,5473,0.46114
4816,4942,0.2678
4816,5077,0.20975
4816,5384,0.24575
4816,5392,0.39005
4816,5447,0.29852
4816,5489,0.2152
4816,5585,0.29202
4816,5734,0.33492
4816,5976,0.30386
4817,5081,0.20994
4817,5666,0.30617
4817,5670,0.44208
4817,5756,0.40602
4817,5965,0.30617
4818,5450,0.52517
4818,5593,0.24339
4818,6057,0.25399
4818,6123,0.29449
4818,6137,0.30099
4820,5159,0.39069
4820,5601,0.22108
4820,5759,0.3876
4821,5620,0.24942
4821,6011,0.34978
4822,5260,0.23228
4822,5685,0.20748
4823,6200,0.28533
4825,4999,0.29929
4825,5358,0.34022
4825,5364,0.20293
4825,5598,0.24927
4825,5742,0.23293
4825,5889,0.24626
4825,6059,0.28098
4825,6088,0.463
4826,5325,0.22
4826,6021,0.28021
4827,5277,0.44289
4827,5877,0.29703
4828,4850,0.32526
4828,4886,0.60237
4828,4949,0.31843
4828,4992,0.45011
4828,5021,0.29894
4828,5057,0.28658
4828,5067,0.21016
4828,5138,0.40777
4828,5244,0.23494
4828,5254,0.40709
4828,5295,0.20275
4828,5354,0.23823
4828,5365,0.23088
4828,5591,0.22836
4828,5596,0.30086
4828,5709,0.2731
4828,5792,0.23037
4828,5910,0.36027
4828,6009,0.22528
4830,6105,0.24776
4831,5828,0.21861
4834,5375,0.23053
4835,5044,0.2327
4835,5217,0.24458
4835,6135,0.20201
4836,5090,0.24299
4836,5099,0.24146
4836,5168,0.2002
4836,5367,0.24838
4836,5557,0.37455
4836,6031,0.42697
4836,6040,0.57331
4837,4960,0.31429
4837,5187,0.21157
4837,5489,0.40682
4837,5689,0.21832
4837,5788,0.28359
4837,5791,0.20596
4837,5939,0.2131
4842,4907,0.38444
4842,4971,0.25436
4842,5090,0.23432
4842,5367,0.30161
4842,5557,0.27874
4842,5930,0.30913
4842,5995,0.22046
4842,6031,0.2625
4842,6043,0.20077
4842,6092,0.31284
4842,6094,0.25266
4843,5992,0.23452
4844,5361,0.24222
4844,5592,0.20887
4844,5650,0.22129
4845,4969,0.38552
4845,5009,0.28706
4845,5241,0.43116
4845,5657,0.23159
4845,5875,0.32484
4845,5944,0.3879
4845,6202,0.33952
4846,5559,0.20249
4846,6218,0.28783
4848,4888,0.30866
4848,4912,0.24525
4848,4955,0.22698
4848,5018,0.22911
4848,5178,0.20438
4848,5206,0.29861
4848,5378,0.36256
4848,5527,0.21146
4848,5546,0.24788
4848,5958,0.2109
4848,6191,0.2344
4849,5273,0.2737
4849,5670,0.20842
4850,4886,0.73927
4850,4949,0.43159
4850,4992,0.37966
4850,5021,0.49199
4850,5057,0.34012
4850,5198,0.26441
4850,5254,0.50929
4850,5295,0.21504
4850,5310,0.2946
4850,5365,0.32845
4850,5591,0.28018
4850,5596,0.34099
4850,5709,0.50099
4850,5792,0.26835
4850,5798,0.25476
4850,5910,0.38732
4850,5982,0.2591
4850,6009,0.23284
4850,6117,0.2462
4850,6154,0.23675
4851,4887,0.22506
4851,4893,0.22187
4851,5046,0.23237
4851,5237,0.29751
4851,5335,0.22407
4851,5514,0.37926
4851,5820,0.23927
4851,6181,0.34367
4853,5201,0.22363
4853,5259,0.25554
4856,5341,0.59386
4856,5555,0.35446
4856,5610,0.60967
4856,5780,0.55929
4857,6169,0.20551
4858,4921,0.48011
4858,4929,0.50361
4858,4984,0.21653
4858,5040,0.20728
4858,5072,0.34556
4858,5086,0.26178
4858,5415,0.24957
4858,5484,0.22666
4858,5623,0.23267
4858,5878,0.23622
4858,6078,0.20079
4860,5250,0.24221
4860,5472,0.21028
4860,5633,0.21358
4860,5761,0.27134
4861,5367,0.38302
4863,5419,0.25557
4864,5086,0.32055
4865,4913,0.23143
4865,5063,0.20188
4866,4903,0.40709
4866,5444,0.2107
4866,5869,0.31188
4866,6051,0.29452
4866,6185,0.38776
4866,6216,0.27323
4867,6011,0.23379
4869,4874,0.20207
4869,5153,0.39582
4869,5195,0.36332
4869,5217,0.44446
4869,5250,0.20565
4869,5294,0.38589
4869,5326,0.58618
4869,5472,0.24737
4869,5475,0.36147
4869,5647,0.28494
4869,5964,0.21681
4869,5966,0.44208
4869,6126,0.40709
4869,6135,0.56059
4869,6220,0.20907
4870,4943,0.3285
4870,5125,0.21485
4870,5231,0.52721
4870,5325,0.43829
4870,5496,0.36122
4870,5811,0.31594
4872,6154,0.2173
4874,4964,0.21815
4874,5195,0.21251
4874,5217,0.29829
4874,5326,0.47513
4874,5589,0.25207
4874,5684,0.20201
4874,5911,0.36907
4874,5966,0.30617
4874,5990,0.26021
4874,6126,0.37258
4874,6135,0.40709
4875,5088,0.26194
4876,5323,0.3162
4876,5471,0.41981
4876,5821,0.21879
4876,5998,0.32891
4877,5113,0.21797
4878,5369,0.23336
4878,5720,0.34012
4878,6149,0.25386
4879,5316,0.21881
4879,5547,0.20573
4879,5834,0.21292
4879,5987,0.28203
4882,5622,0.23466
4882,5719,0.3276
4883,4909,0.26694
4885,5210,0.23182
4885,5873,0.22725
4886,4949,0.63147
4886,4992,0.76337
4886,5021,0.50576
4886,5138,0.52721
4886,5188,0.42634
4886,5254,0.35262
4886,5310,0.21555
4886,5365,0.4148
4886,5591,0.43829
4886,5596,0.52721
4886,5709,0.67211
4886,5910,0.73927
4886,5982,0.29672
4886,6009,0.36122
4886,6154,0.23466
4887,4901,0.24676
4887,5237,0.26581
4887,5997,0.26795
4887,6023,0.26322
4887,6181,0.22155
4888,4912,0.27136
4888,5025,0.21595
4888,5206,0.31306
4888,5378,0.40602
4888,5556,0.21614
4888,5652,0.22796
4888,5893,0.2238
4888,5958,0.25435
4889,6106,0.22208
4890,5072,0.20824
4890,5626,0.40138
4890,5959,0.3207
4890,6010,0.30394
4890,6025,0.31179
4890,6078,0.22913
4890,6111,0.27172
4891,5419,0.28514
4892,5184,0.30223
4892,5250,0.21539
4892,5562,0.26843
4892,5644,0.22967
4892,5981,0.20965
4892,6093,0.20296
4892,6220,0.23673
4893,4901,0.33585
4893,5046,0.25442
4893,5187,0.36853
4893,5317,0.21528
4893,5335,0.2323
4893,5820,0.35158
4893,6068,0.3048
4893,6114,0.21649
4893,6181,0.22578
4894,4907,0.22204
4894,5059,0.22119
4894,5252,0.23792
4894,5557,0.21653
4894,6040,0.20781
4894,6094,0.22054
4895,5260,0.27156
4895,5369,0.20041
4895,5442,0.25327
4895,5700,0.35222
4895,6017,0.2883
4898,5636,0.22898
4899,5362,0.21166
4899,5819,0.21832
4899,6147,0.20787
4900,5143,0.2819
4900,5572,0.20116
4900,5710,0.39292
4901,5023,0.29015
4901,5046,0.25141
4901,5237,0.41373
4901,5317,0.22261
4901,5514,0.2194
4901,5820,0.40602
4901,5997,0.26278
4901,6023,0.26524
4901,6181,0.35639
4903,4994,0.22399
4903,5057,0.36122
4903,5351,0.20131
4903,5518,0.36122
4903,5665,0.28983
4903,5699,0.30239
4903,5869,0.40709
4903,5901,0.34012
4903,6051,0.28296
4903,6185,0.33326
4903,6216,0.22399
4903,6227,0.25603
4906,5514,0.20991
4907,4971,0.38978
4907,5039,0.23798
4907,5090,0.34459
4907,5206,0.30569
4907,5378,0.20296
4907,5381,0.33578
4907,5557,0.27212
4907,5642,0.2182
4907,5930,0.27054
4907,6040,0.20875
4907,6092,0.36122
4909,5007,0.21187
4909,5047,0.36374
4909,5064,0.21918
4909,5239,0.45169
4909,5457,0.22814
4909,5628,0.27743
4910,4941,0.35364
4910,5124,0.24404
4911,5304,0.22495
4911,5763,0.47772
4911,5878,0.21907
4911,5909,0.20759
4912,4971,0.21123
4912,5206,0.31761
4912,5378,0.30386
4912,5527,0.21213
4912,5605,0.20434
4912,5652,0.27776
4912,5955,0.23357
4914,5510,0.21085
4915,5411,0.20203
4915,5557,0.23167
4915,6031,0.23153
4917,5108,0.45974
4917,5260,0.27837
4917,5905,0.25439
4920,5291,0.2822
4920,5543,0.2889
4920,5958,0.25341
4920,5967,0.23368
4921,4929,0.46863
4921,5072,0.48011
4921,5086,0.24905
4921,5623,0.23925
4923,4956,0.44944
4923,5012,0.28072
4923,5527,0.2998
4923,5649,0.28824
4923,5804,0.34737
4923,5826,0.39005
4924,5784,0.33828
4927,5080,0.23512
4928,5058,0.22354
4928,5237,0.20526
4928,5242,0.51593
4928,5347,0.36874
4928,5368,0.39079
4928,5585,0.2021
4928,6210,0.32469
4929,5072,0.28297
4929,5132,0.23535
4929,5471,0.21187
4929,5623,0.21226
4931,5845,0.23927
4933,5669,0.201
4934,5017,0.29335
4936,5022,0.4112
4936,5235,0.26809
4936,5605,0.21837
4937,5521,0.44236
4938,5570,0.20125
4939,5039,0.2525
4939,5299,0.20061
4941,5208,0.22725
4941,5633,0.21238
4941,5917,0.22399
4942,5187,0.23165
4942,5343,0.23374
4942,5447,0.33769
4942,5489,0.23947
4942,5585,0.25094
4942,5730,0.45234
4942,6068,0.32521
4943,5172,0.32554
4943,5231,0.20777
4943,5325,0.23988
4943,5496,0.49143
4943,5508,0.29551
4943,5811,0.39363
4944,5192,0.24156
4944,6002,0.25885
4946,5035,0.2354
4946,6064,0.26213
4948,5371,0.20508
4949,4992,0.34405
4949,5021,0.33462
4949,5057,0.26019
4949,5198,0.2269
4949,5254,0.3883
4949,5310,0.21826
4949,5365,0.2989
4949,5591,0.26629
4949,5596,0.32852
4949,5709,0.54354
4949,5798,0.27327
4949,5910,0.36154
4949,5945,0.21769
4949,5982,0.24771
4950,5219,0.23697
4950,5348,0.21756
4950,6147,0.21164
4954,5166,0.34076
4954,5171,0.24387
4954,5542,0.31314
4954,5805,0.22948
4954,5879,0.20601
4954,6063,0.28956
4954,6194,0.36622
4955,5025,0.25189
4955,5036,0.22399
4955,5206,0.2458
4956,5012,0.38776
4956,5357,0.21614
4956,5527,0.26019
4956,5635,0.20158
4956,5649,0.2595
4956,5804,0.2595
4956,5826,0.21028
4956,6082,0.20881
4957,4971,0.23086
4957,5061,0.35977
4957,5527,0.22955
4957,5862,0.32035
4957,5893,0.20442
4958,4999,0.35326
4958,6054,0.23577
4958,6157,0.20795
4959,5273,0.3044
4959,5750,0.34605
4959,5857,0.2017
4959,5917,0.27665
4960,5051,0.23324
4960,5104,0.21795
4960,5489,0.25601
4960,5500,0.20941
4960,5686,0.21031
4960,5791,0.20619
4960,5806,0.2273
4961,5705,0.52721
4961,6187,0.48326
4961,6225,0.26711
4962,4996,0.20168
4962,5411,0.26379
4962,5520,0.2594
4964,5669,0.23411
4965,5603,0.21227
4966,4979,0.41765
4966,5542,0.20339
4967,5071,0.2769
4967,5486,0.35158
4967,5814,0.24356
4968,5841,0.25518
4969,5009,0.4142
4969,5143,0.29227
4969,5241,0.42886
4969,5576,0.2626
4969,5657,0.38768
4969,5875,0.24685
4969,5884,0.36524
4969,5944,0.49087
4969,6202,0.22185
4970,5283,0.21231
4970,5675,0.20599
4970,5961,0.23345
4971,5039,0.25653
4971,5061,0.29291
4971,5090,0.23131
4971,5206,0.36481
4971,5329,0.21799
4971,5378,0.33828
4971,5527,0.22725
4971,5642,0.29733
4971,5826,0.20822
4971,5862,0.31836
4971,5893,0.21264
4971,5930,0.28603
4971,6043,0.20201
4971,6092,0.50655
4972,5097,0.20236
4973,5071,0.26466
4973,6057,0.20346
4974,5175,0.40602
4974,5284,0.27619
4974,6221,0.20023
4975,5582,0.20236
4975,5771,0.22134
4977,5351,0.24957
4978,5718,0.48619
4978,5753,0.20715
4978,6213,0.40455
4979,5171,0.21168
4979,5542,0.20242
4979,5879,0.2394
4980,5936,0.20768
4981,5699,0.22331
4982,6145,0.21677
4984,5086,0.20697
4984,5119,0.39335
4984,5202,0.21273
4984,5215,0.2329
4984,5304,0.21557
4984,5318,0.31611
4984,5333,0.27665
4984,5345,0.2813
4984,5448,0.24231
4984,5541,0.21427
4984,5763,0.20067
4984,5878,0.21978
4984,5909,0.24246
4984,6002,0.23689
4984,6127,0.20776
4989,5307,0.20666
4989,5961,0.22465
4990,5111,0.23231
4991,5202,0.2175
4991,5215,0.26218
4991,5333,0.23064
4991,5417,0.2986
4991,5878,0.2354
4992,5021,0.31999
4992,5057,0.30346
4992,5138,0.3566
4992,5244,0.20547
4992,5254,0.41545
4992,5310,0.25538
4992,5365,0.36496
4992,5591,0.26602
4992,5596,0.52608
4992,5709,0.33581
4992,5792,0.2483
4992,5910,0.55627
4992,5982,0.29147
4992,6009,0.20475
4992,6072,0.39048
4994,5057,0.23466
4994,5197,0.26732
4994,5307,0.22629
4994,5351,0.28514
4994,5665,0.28425
4994,5699,0.34741
4994,5818,0.21157
4994,5901,0.21289
4994,6051,0.37258
4994,6227,0.25211
4996,5124,0.20112
4996,5547,0.23587
4997,5935,0.26878
4997,5973,0.2113
4997,6194,0.27658
4999,5097,0.20249
4999,5343,0.21072
4999,5358,0.37242
4999,5377,0.26751
4999,5598,0.21276
4999,5742,0.29042
4999,5889,0.34
4999,6054,0.29633
4999,6059,0.29633
4999,6088,0.20318
5000,5731,0.227
5000,6136,0.239
5001,5023,0.20748
5001,5056,0.28783
5001,5107,0.26213
5001,5221,0.20881
5001,5463,0.34012
5001,5677,0.23415
5001,5756,0.28296
5001,5848,0.21479
5001,5890,0.29335
5001,6084,0.28783
5001,6101,0.36122
5003,5795,0.22991
5003,5836,0.25093
5004,5044,0.29554
5004,5532,0.21272
5005,5745,0.24373
5006,5798,0.22007
5007,5047,0.27146
5007,5064,0.28739
5007,5071,0.24969
5007,5174,0.20233
5007,5190,0.20995
5007,5236,0.3188
5007,5239,0.31479
5007,5246,0.23227
5007,5313,0.30996
5007,5390,0.28403
5007,5393,0.2886
5007,5428,0.28881
5007,5456,0.32357
5007,5457,0.21462
5007,5482,0.25739
5007,5486,0.20881
5007,5493,0.22262
5007,5509,0.31151
5007,5538,0.29335
5007,5607,0.39905
5007,5625,0.36063
5007,5628,0.44472
5007,5695,0.20923
5007,5883,0.20474
5007,5942,0.22506
5007,6159,0.22359
5007,6168,0.27619
5007,6192,0.35431
5008,5653,0.23234
5009,5042,0.21435
5009,5143,0.341
5009,5154,0.21376
5009,5160,0.25278
5009,5241,0.37627
5009,5576,0.33027
5009,5657,0.55131
5009,5710,0.4148
5009,5875,0.20845
5009,5884,0.3909
5009,5944,0.32392
5009,6205,0.22517
5009,6207,0.21276
5012,5527,0.23415
5012,5649,0.21122
5013,6120,0.23927
5015,5210,0.26585
5016,5535,0.21045
5016,5575,0.23928
5016,5749,0.21213
5016,5951,0.20504
5017,6057,0.31419
5018,5896,0.34012
5019,5566,0.45012
5019,6006,0.30239
5019,6068,0.26455
5021,5057,0.25603
5021,5067,0.20015
5021,5198,0.21497
5021,5254,0.30617
5021,5310,0.21653
5021,5365,0.28629
5021,5591,0.20863
5021,5596,0.29761
5021,5709,0.28824
5021,5792,0.24253
5021,5798,0.20223
5021,5910,0.33266
5021,6009,0.22732
5022,5235,0.37146
5022,5364,0.22494
5022,5605,0.27202
5022,5783,0.29283
5022,6088,0.20483
5023,5046,0.21974
5023,5237,0.26024
5023,5445,0.20335
5023,5820,0.2138
5023,5997,0.31713
5023,6084,0.25049
5023,6181,0.26153
5024,5369,0.20633
5024,5700,0.23938
5025,5036,0.33271
5025,5114,0.23558
5027,5722,0.2642
5028,5222,0.22817
5032,5255,0.20498
5032,5673,0.35587
5032,5919,0.31949
5033,5720,0.48011
5033,6149,0.43286
5034,5098,0.25349
5034,5279,0.23927
5034,5280,0.22161
5034,5852,0.27619
5034,6052,0.23028
5034,6063,0.52721
5035,6064,0.28983
5036,5206,0.28516
5037,6053,0.20584
5039,5125,0.23628
5039,5165,0.21152
5039,5299,0.25792
5039,5491,0.20413
5039,5508,0.29262
5039,5642,0.27394
5039,5930,0.20805
5039,6064,0.21878
5039,6092,0.21626
5040,5086,0.22541
5040,5202,0.21329
5040,5215,0.34072
5040,5321,0.2495
5040,5333,0.29915
5040,5763,0.22557
5040,6143,0.26253
5042,5143,0.23729
5042,5576,0.20409
5042,5657,0.21929
5042,5769,0.42453
5042,6151,0.25111
5042,6207,0.5285
5042,6218,0.20524
5044,5433,0.33152
5044,5463,0.28579
5044,5939,0.27402
5046,5187,0.22091
5046,5237,0.26082
5046,5317,0.21879
5046,5514,0.20118
5046,5820,0.20201
5046,6023,0.22719
5046,6181,0.34102
5047,5064,0.2599
5047,5236,0.25523
5047,5239,0.43539
5047,5304,0.21346
5047,5313,0.26731
5047,5393,0.23527
5047,5428,0.45468
5047,5456,0.25433
5047,5457,0.31872
5047,5493,0.24388
5047,5509,0.27153
5047,5538,0.27619
5047,5607,0.22301
5047,5616,0.24234
5047,5625,0.38017
5047,5628,0.50049
5047,5637,0.23286
5047,5873,0.28248
5047,5883,0.25982
5047,5942,0.33797
5047,5962,0.22837
5047,6036,0.27229
5047,6143,0.20178
5047,6175,0.21326
5047,6192,0.30654
5051,5058,0.31098
5051,5139,0.20269
5051,5242,0.2279
5051,5392,0.22252
5051,5976,0.21694
5051,6108,0.21478
5052,5067,0.20063
5052,5596,0.20337
5052,5910,0.25681
5054,5819,0.20201
5055,6030,0.33456
5056,5389,0.45012
5056,5848,0.28783
5056,5890,0.22399
5056,5898,0.2173
5056,6149,0.29728
5057,5310,0.29829
5057,5351,0.34012
5057,5365,0.45113
5057,5518,0.30239
5057,5591,0.36122
5057,5596,0.43829
5057,5612,0.28385
5057,5665,0.34012
5057,5699,0.23927
5057,5709,0.21555
5057,5818,0.35262
5057,5855,0.28658
5057,5901,0.36483
5057,5910,0.34012
5057,5982,0.45113
5057,6051,0.36164
5057,6062,0.26019
5057,6118,0.27341
5057,6227,0.44446
5058,5242,0.27019
5058,5358,0.27115
5058,5368,0.2036
5058,5445,0.20165
5058,5976,0.23865
5059,5252,0.51742
5059,5330,0.28783
5059,5947,0.25426
5059,6027,0.24435
5061,5329,0.20674
5061,5378,0.23134
5061,5527,0.25557
5061,5862,0.4482
5061,5893,0.21851
5061,6092,0.20584
5062,5841,0.36256
5062,6093,0.21093
5064,5071,0.23477
5064,5086,0.2717
5064,5092,0.26259
5064,5170,0.22049
5064,5236,0.27684
5064,5239,0.26616
5064,5333,0.22697
5064,5390,0.23311
5064,5393,0.23777
5064,5456,0.43933
5064,5482,0.20827
5064,5509,0.27743
5064,5538,0.38302
5064,5607,0.33817
5064,5625,0.40442
5064,5628,0.26699
5064,5728,0.20988
5064,5873,0.28538
5064,5878,0.20191
5064,5942,0.24577
5064,6143,0.27626
5064,6168,0.29452
5064,6192,0.25736
5065,5741,0.34778
5065,5752,0.26081
5066,5153,0.20602
5066,5195,0.21373
5066,5326,0.36122
5066,5966,0.24458
5066,6001,0.26784
5066,6135,0.34012
5067,5244,0.24281
5067,5310,0.2704
5067,5311,0.22478
5067,5709,0.20015
5067,5721,0.2454
5067,5786,0.24646
5067,5792,0.27409
5067,5910,0.23422
5067,5945,0.24722
5067,5982,0.20858
5068,5726,0.22167
5070,5561,0.20013
5070,5916,0.35666
5071,5239,0.43031
5071,5313,0.28256
5071,5456,0.24383
5071,5457,0.26619
5071,5486,0.47513
5071,5593,0.26446
5071,5607,0.21475
5071,5625,0.21623
5071,5637,0.30451
5071,5772,0.25387
5071,5814,0.33613
5072,5086,0.23717
5072,5415,0.27392
5072,5626,0.20229
5072,5743,0.2943
5072,5992,0.2998
5075,5115,0.20511
5075,5377,0.21656
5075,5920,0.21849
5075,5964,0.20373
5075,6134,0.20935
5077,5343,0.21447
5077,5585,0.29221
5077,5734,0.20128
5077,6005,0.21379
5078,5192,0.2267
5078,5509,0.21093
5080,6049,0.26557
5082,5920,0.20111
5083,5369,0.30941
5083,5499,0.27946
5083,5774,0.28793
5083,5794,0.21055
5083,6001,0.21503
5083,6018,0.28865
5084,5453,0.28296
5086,5119,0.26762
5086,5132,0.3033
5086,5202,0.20785
5086,5215,0.31227
5086,5323,0.22223
5086,5333,0.26404
5086,5471,0.2237
5086,5878,0.20911
5088,5419,0.44446
5088,5799,0.20246
5088,5937,0.20458
5089,5720,0.23927
5090,5099,0.20218
5090,5367,0.3104
5090,5557,0.4107
5090,5930,0.34766
5090,5995,0.24201
5090,6031,0.25647
5090,6040,0.3014
5090,6092,0.24069
5092,5396,0.21291
5092,5607,0.21014
5092,5625,0.20863
5092,5634,0.28437
5092,5845,0.48011
5093,5891,0.21555
5093,6037,0.21571
5096,5420,0.36122
5096,5437,0.27619
5097,5100,0.23577
5097,5140,0.25557
5097,5938,0.24429
5098,5279,0.20288
5098,5280,0.21297
5098,5719,0.20236
5098,5852,0.27407
5098,6052,0.20131
5098,6063,0.50247
5099,5557,0.28103
5099,5600,0.22646
5099,5921,0.20242
5099,6031,0.24659
5099,6040,0.25279
5100,5171,0.26989
5100,5879,0.29747
5100,6052,0.28783
5100,6063,0.20255
5104,5187,0.23824
5104,5317,0.23927
5104,5379,0.31507
5104,5489,0.33697
5104,5577,0.33274
5104,5823,0.28643
5104,6158,0.3101
5104,6181,0.26614
5106,5300,0.25557
5108,5260,0.27927
5108,5666,0.2028
5108,5905,0.22048
5108,6065,0.22776
5110,5186,0.42067
5110,5209,0.26227
5110,5255,0.41926
5110,5706,0.33527
5110,5864,0.21158
5110,5919,0.43286
5110,6174,0.21459
5111,5544,0.36139
5112,5901,0.28049
5112,5903,0.22379
5113,5237,0.21213
5116,5725,0.26133
5116,5763,0.23029
5116,6002,0.23927
5118,6004,0.26417
5119,5192,0.20637
5119,5303,0.25428
5119,5537,0.20043
5119,5541,0.20924
5119,5737,0.23927
5119,6003,0.22071
5120,5126,0.22269
5120,5700,0.2907
5124,5478,0.21454
5124,5502,0.21585
5124,5977,0.2801
5125,5299,0.25682
5125,5325,0.2135
5125,5378,0.21093
5125,5473,0.36139
5125,5508,0.38382
5125,5642,0.31536
5125,5736,0.31235
5126,5700,0.22342
5126,5803,0.27619
5127,5197,0.2028
5127,5972,0.45144
5133,6079,0.23927
5135,5375,0.22408
5138,5272,0.21069
5138,5596,0.25467
5138,5709,0.22476
5138,5792,0.20399
5138,5910,0.38585
5138,5982,0.23288
5138,6072,0.27493
5138,6118,0.20714
5139,5837,0.22084
5140,5316,0.26909
5140,5419,0.22725
5140,5505,0.20288
5140,5547,0.3705
5140,5759,0.20094
5141,5458,0.20595
5143,5154,0.22306
5143,5241,0.28297
5143,5576,0.37746
5143,5657,0.31513
5143,5710,0.52978
5143,5884,0.25436
5143,5924,0.28176
5143,5944,0.22903
5143,6207,0.24722
5144,5307,0.23726
5144,5409,0.2455
5144,5494,0.28822
5145,5211,0.24287
5145,5245,0.24988
5145,5272,0.27517
5145,5307,0.37502
5145,5409,0.20231
5145,5490,0.31303
5145,5494,0.3063
5145,5518,0.21284
5145,5665,0.27599
5145,5798,0.21538
5145,5859,0.27896
5145,5885,0.37065
5145,5901,0.23967
5145,5945,0.20536
5145,6051,0.26607
5145,6072,0.21106
5145,6188,0.24615
5149,5274,0.22341
5150,5636,0.21676
5153,5195,0.3977
5153,5217,0.44944
5153,5326,0.47513
5153,5583,0.2084
5153,5966,0.37258
5153,6126,0.35219
5153,6135,0.44446
5154,5160,0.21739
5154,5241,0.20093
5154,5576,0.34256
5154,5657,0.29675
5154,5710,0.35158
5154,5884,0.42086
5154,5924,0.38316
5154,5944,0.22854
5154,6151,0.20115
5154,6205,0.204
5154,6207,0.20031
5155,5435,0.21712
5155,6132,0.57102
5156,5344,0.23466
5156,5869,0.20778
5156,6013,0.21475
5156,6021,0.223
5159,5583,0.22399
5160,5241,0.37008
5160,5657,0.225
5160,5884,0.41942
5160,5944,0.20507
5160,6202,0.20593
5161,6140,0.20584
5162,5263,0.22506
5165,5378,0.20994
5165,5955,0.22645
5165,6064,0.34605
5166,5171,0.25542
5166,6194,0.27211
5167,5304,0.22503
5168,5488,0.20407
5168,5921,0.25451
5168,5927,0.22705
5168,6002,0.20082
5168,6040,0.20101
5170,5878,0.23112
5171,5719,0.30312
5171,5766,0.38997
5171,6063,0.30096
5171,6150,0.51889
5171,6194,0.3858
5172,5231,0.20422
5172,5325,0.41308
5172,5508,0.42461
5172,5811,0.58668
5174,5292,0.21134
5174,5390,0.21167
5174,5428,0.20926
5174,5456,0.2411
5174,5493,0.27253
5174,5509,0.27158
5174,5607,0.23424
5174,5942,0.23514
5174,6192,0.24076
5175,5284,0.52721
5177,6181,0.20216
5178,5206,0.2246
5178,5329,0.21032
5178,5378,0.2028
5178,5862,0.21655
5178,5933,0.21485
5183,5336,0.25333
5184,5386,0.21002
5184,5604,0.24252
5186,5209,0.22887
5186,5235,0.24323
5186,5255,0.391
5186,5574,0.26554
5186,5706,0.3949
5186,5864,0.214
5186,5919,0.38776
5186,5978,0.24785
5187,5335,0.20517
5187,5488,0.21118
5187,5489,0.20481
5187,5577,0.23081
5187,5788,0.20171
5187,5806,0.22035
5187,5820,0.25451
5187,6158,0.29868
5187,6181,0.27909
5190,5215,0.42134
5190,5333,0.46123
5190,5607,0.22272
5190,5763,0.20094
5190,5874,0.21318
5190,6034,0.24472
5190,6078,0.31166
5190,6193,0.52078
5192,5333,0.22156
5192,5796,0.2833
5192,5878,0.24407
5192,6002,0.261
5192,6072,0.21494
5195,5217,0.35967
5195,5294,0.27836
5195,5326,0.52721
5195,5475,0.26745
5195,5879,0.2016
5195,5966,0.34605
5195,6126,0.43286
5195,6135,0.45542
5196,5447,0.25547
5197,5198,0.27407
5197,5362,0.30617
5197,5449,0.33828
5197,5634,0.25386
5197,5659,0.22602
5197,5699,0.21062
5197,5748,0.22725
5197,5771,0.23981
5198,5310,0.32397
5198,5365,0.28143
5198,5596,0.34622
5198,5709,0.30749
5198,5786,0.21627
5198,5798,0.3786
5198,5945,0.36203
5198,5982,0.28944
5198,6072,0.20311
5201,5259,0.25492
5202,5333,0.20994
5202,5878,0.22924
5206,5378,0.50929
5206,5652,0.23116
5206,5862,0.23596
5206,5930,0.32472
5206,5955,0.26599
5206,6064,0.20766
5206,6092,0.28696
5206,6191,0.33916
5208,5300,0.23466
5208,5633,0.21844
5208,5681,0.28514
5208,5698,0.20927
5208,5951,0.22399
5208,6079,0.20201
5208,6101,0.23466
5208,6120,0.24957
5209,5706,0.23086
5209,5864,0.40908
5210,5621,0.22532
5211,5307,0.26664
5211,5365,0.23538
5211,5490,0.20305
5211,5665,0.22243
5211,5859,0.22415
5211,5885,0.25672
5211,5903,0.33268
5212,5829,0.23466
5212,6008,0.26729
5212,6065,0.21116
5212,6170,0.21597
5212,6171,0.21935
5214,5481,0.2056
5215,5292,0.37644
5215,5318,0.25966
5215,5321,0.24793
5215,5322,0.20154
5215,5333,0.52652
5215,5345,0.2447
5215,5486,0.21062
5215,5493,0.35941
5215,5603,0.25224
5215,5703,0.22843
5215,5711,0.24503
5215,5763,0.2826
5215,5878,0.25287
5215,6002,0.25562
5215,6078,0.3417
5215,6127,0.21105
5215,6143,0.51651
5215,6193,0.38894
5217,5294,0.48011
5217,5326,0.43286
5217,5583,0.44901
5217,5695,0.36483
5217,5879,0.48011
5217,5964,0.28514
5217,5966,0.3876
5217,6126,0.22955
5217,6135,0.50655
5219,5348,0.2093
5219,5812,0.21801
5220,5854,0.30834
5220,6074,0.36186
5221,5463,0.22725
5221,5848,0.22261
5221,5933,0.57439
5225,5466,0.24697
5228,5233,0.21722
5231,5325,0.33748
5231,5496,0.34605
5231,5508,0.22776
5231,5729,0.20488
5231,5811,0.23789
5231,6160,0.26583
5232,6022,0.2904
5233,5287,0.21387
5235,5783,0.34023
5236,5246,0.23703
5236,5393,0.2269
5236,5456,0.27588
5236,5538,0.3746
5236,5607,0.316
5236,5625,0.32524
5236,5628,0.23196
5236,5695,0.29652
5236,5883,0.21829
5236,5942,0.26809
5236,6143,0.22311
5236,6192,0.23783
5237,5242,0.20538
5237,5335,0.25821
5237,5514,0.22361
5237,5820,0.28296
5237,5997,0.24503
5237,6023,0.28108
5237,6181,0.42586
5237,6210,0.24882
5238,6138,0.35219
5239,5313,0.23576
5239,5428,0.33302
5239,5456,0.23409
5239,5457,0.30184
5239,5486,0.29759
5239,5509,0.24854
5239,5625,0.23724
5239,5628,0.29307
5239,5637,0.4553
5239,5772,0.24921
5239,5883,0.24018
5239,5942,0.24671
5239,6036,0.25832
5240,5715,0.20085
5240,5846,0.22118
5241,5657,0.34296
5241,5875,0.26213
5241,5884,0.43192
5241,5944,0.41315
5241,6202,0.30639
5242,5347,0.39056
5242,5368,0.39925
5243,5311,0.25696
5243,5409,0.24503
5243,5657,0.22463
5243,5754,0.39034
5243,5786,0.34424
5243,6216,0.21359
5244,5310,0.20217
5244,5366,0.2807
5244,5665,0.24755
5244,5792,0.29437
5245,5307,0.26159
5245,5490,0.39255
5245,5494,0.33416
5245,5518,0.26649
5245,5597,0.22896
5245,5855,0.38027
5245,5859,0.276
5245,5885,0.21773
5245,5901,0.22195
5245,6051,0.30346
5245,6054,0.24744
5245,6185,0.42634
5246,5393,0.49546
5246,5456,0.34799
5246,5482,0.32102
5246,5607,0.23422
5246,5625,0.24438
5246,5883,0.20603
5246,6192,0.44469
5247,5788,0.21802
5248,6046,0.20209
5250,5670,0.22443
5250,6220,0.27851
5251,5841,0.41802
5252,5330,0.20584
5252,5947,0.21393
5253,5597,0.29098
5253,5885,0.27626
5253,6024,0.29173
5254,5310,0.26019
5254,5365,0.48011
5254,5591,0.50576
5254,5596,0.44208
5254,5709,0.36808
5254,5798,0.27619
5254,5818,0.25557
5254,5910,0.35219
5254,5982,0.21528
5255,5438,0.27308
5255,5706,0.224
5255,5919,0.41802
5260,5442,0.21348
5260,5587,0.23441
5260,5674,0.28144
5260,5685,0.22885
5260,5867,0.31083
5260,5890,0.22821
5260,5905,0.47119
5260,5980,0.39609
5261,5343,0.21687
5261,5689,0.21158
5261,5821,0.25386
5261,5998,0.27453
5261,6088,0.20216
5263,5669,0.21163
5264,5776,0.24598
5265,6018,0.21247
5267,5571,0.27647
5267,5576,0.2934
5267,6039,0.2348
5267,6205,0.41512
5268,5571,0.40651
5270,5323,0.24563
5270,5367,0.31279
5270,5471,0.28638
5272,5409,0.29429
5272,5490,0.26645
5272,5494,0.20547
5272,5518,0.21137
5272,5885,0.30703
5272,5982,0.21958
5272,6062,0.22891
5272,6072,0.28481
5272,6118,0.26777
5272,6188,0.29891
5273,5857,0.20994
5273,5917,0.44208
5275,5641,0.57581
5275,6003,0.49273
5275,6077,0.30678
5275,6091,0.37488
5277,5357,0.20288
5277,5379,0.20621
5277,5877,0.29672
5277,5887,0.23577
5277,5973,0.20778
5277,6101,0.27619
5279,5460,0.22418
5280,5742,0.22431
5280,5819,0.20584
5280,5889,0.27567
5280,5901,0.24338
5283,5891,0.2086
5285,6100,0.2771
5285,6124,0.21086
5287,5666,0.28983
5287,5965,0.24979
5287,5991,0.20413
5287,6058,0.40709
5289,5364,0.28951
5289,5795,0.2435
5291,5543,0.52721
5292,5322,0.24856
5292,5333,0.47387
5292,5493,0.20098
5292,5703,0.39586
5292,5711,0.24657
5292,5763,0.20093
5292,6143,0.42258
5293,5502,0.224
5294,5326,0.28248
5294,5583,0.43286
5294,5621,0.22317
5294,5695,0.20715
5294,5879,0.20622
5294,5964,0.36633
5294,5966,0.25492
5294,6071,0.24778
5294,6088,0.21553
5294,6135,0.49019
5295,5354,0.22872
5299,5642,0.26526
5299,6043,0.22695
5299,6176,0.20187
5300,5902,0.24957
5300,5973,0.21028
5300,6046,0.31949
5303,5372,0.23293
5303,5992,0.28783
5304,5428,0.26823
5304,5763,0.22163
5304,5878,0.20917
5304,6002,0.23402
5304,6111,0.22818
5304,6143,0.2126
5307,5409,0.21696
5307,5490,0.42437
5307,5494,0.43573
5307,5518,0.26231
5307,5636,0.26507
5307,5665,0.34899
5307,5699,0.20053
5307,5859,0.39361
5307,5885,0.36666
5307,5901,0.27163
5307,6051,0.36164
5307,6118,0.20391
5310,5365,0.28602
5310,5494,0.22562
5310,5596,0.36794
5310,5709,0.29751
5310,5786,0.26348
5310,5798,0.35031
5310,5859,0.23469
5310,5885,0.25805
5310,5910,0.23023
5310,5945,0.23203
5310,5982,0.33366
5310,6062,0.21314
5311,5754,0.23927
5311,5786,0.316
5313,5457,0.30212
5313,5486,0.41545
5313,5625,0.2558
5313,5628,0.20574
5313,5772,0.26738
5315,5564,0.4679
5315,6179,0.20135
5316,5411,0.23056
5316,5520,0.29354
5317,5577,0.27619
5317,6023,0.20994
5317,6158,0.27619
5317,6181,0.21422
5318,5321,0.20636
5318,5333,0.28159
5318,5345,0.82245
5318,5748,0.20178
5318,5763,0.23732
5318,5909,0.80466
5318,6002,0.2568
5321,5333,0.28486
5321,6143,0.25367
5322,5493,0.21799
5323,5471,0.39698
5325,5496,0.27619
5325,5508,0.47274
5325,5811,0.3066
5325,6043,0.22725
5326,5475,0.3883
5326,5583,0.23675
5326,5695,0.4102
5326,5827,0.21479
5326,5879,0.31949
5326,5966,0.36122
5326,5990,0.44208
5326,6126,0.45113
5326,6135,0.63849
5327,5464,0.21505
5329,5649,0.65955
5329,5893,0.607
5329,6082,0.41443
5329,6212,0.46995
5331,5389,0.33578
5331,5666,0.28783
5333,5345,0.28868
5333,5486,0.25557
5333,5493,0.4772
5333,5538,0.21213
5333,5603,0.20443
5333,5628,0.21936
5333,5763,0.29809
5333,5878,0.24958
5333,5909,0.28775
5333,5942,0.21327
5333,6002,0.28305
5333,6034,0.25206
5333,6078,0.30211
5333,6127,0.33724
5333,6143,0.67211
5333,6192,0.26612
5333,6193,0.38598
5335,5888,0.23416
5335,6158,0.24571
5335,6181,0.25876
5340,6004,0.28401
5341,5555,0.39092
5341,5610,0.5958
5341,5614,0.63302
5341,5780,0.58565
5341,5853,0.28127
5343,5358,0.21982
5343,5447,0.22181
5343,5585,0.30421
5343,5734,0.23902
5343,5742,0.22529
5343,5791,0.26385
5343,6088,0.26901
5344,5359,0.24847
5344,5552,0.22353
5345,5763,0.22441
5345,5909,0.77185
5345,6002,0.24425
5345,6143,0.20538
5346,5474,0.40725
5347,5368,0.3746
5348,6027,0.2037
5351,5518,0.20236
5351,5665,0.33578
5351,5699,0.27619
5351,5818,0.35326
5351,5901,0.22725
5351,5982,0.22261
5351,6012,0.22725
5351,6021,0.22955
5351,6051,0.35326
5351,6178,0.2084
5354,5792,0.20731
5354,6062,0.22554
5356,5792,0.32664
5357,5775,0.49019
5357,5889,0.25557
5357,6084,0.20994
5357,6186,0.25603
5358,5377,0.32497
5358,5742,0.21615
5358,5915,0.34532
5358,6059,0.36152
5358,6136,0.29449
5360,5494,0.23061
5360,5974,0.33072
5361,5592,0.22248
5361,5601,0.20272
5361,5658,0.26213
5362,5455,0.22783
5362,5525,0.22888
5362,6165,0.24089
5364,5374,0.33661
5364,5442,0.33829
5364,5605,0.25141
5364,5905,0.20744
5364,5918,0.22697
5364,5948,0.2461
5364,6088,0.29913
5365,5591,0.39631
5365,5596,0.35682
5365,5709,0.23998
5365,5798,0.24282
5365,5903,0.32244
5365,5910,0.31533
5365,5982,0.32771
5365,6117,0.21047
5365,6227,0.3425
5367,5508,0.20054
5367,5557,0.24791
5367,5924,0.20831
5367,5998,0.21436
5367,6031,0.20722
5367,6040,0.22871
5368,5447,0.28388
5368,5585,0.26098
5368,6210,0.26025
5369,5499,0.21755
5369,5774,0.24187
5369,6065,0.20087
5372,5992,0.27501
5374,5666,0.35219
5374,5898,0.29672
5374,5905,0.32829
5374,6084,0.20778
5375,5603,0.20402
5375,5757,0.31253
5375,5974,0.35471
5375,6060,0.27102
5376,5419,0.35262
5376,5799,0.20423
5376,5896,0.20723
5377,5598,0.2376
5377,5742,0.39611
5377,5791,0.22139
5377,5889,0.27966
5377,6059,0.26445
5377,6088,0.35826
5378,5394,0.22161
5378,5605,0.26019
5378,5649,0.20085
5378,5652,0.30239
5378,5862,0.21093
5378,5930,0.27407
5378,5955,0.21062
5378,5958,0.36483
5378,6191,0.31594
5379,5489,0.33246
5379,5677,0.27395
5379,5689,0.27988
5379,5887,0.30239
5381,6092,0.20927
5383,6003,0.21196
5384,5392,0.32595
5384,5447,0.27432
5384,5513,0.2295
5384,5585,0.27107
5384,5734,0.29498
5384,5789,0.30275
5384,5794,0.21843
5384,6005,0.21677
5388,5717,0.20811
5388,5895,0.35129
5389,5463,0.22269
5389,5586,0.23144
5389,5794,0.2372
5389,5890,0.23106
5389,6008,0.20448
5389,6070,0.26629
5390,5428,0.21724
5390,5456,0.33578
5390,5482,0.30992
5390,5509,0.22904
5390,5607,0.31841
5390,5625,0.25418
5390,6159,0.22832
5390,6168,0.21297
5391,6079,0.20953
5392,5447,0.25063
5392,5585,0.26711
5392,5734,0.34629
5392,5789,0.21861
5392,6005,0.24322
5393,5456,0.26857
5393,5482,0.45803
5393,5509,0.21024
5393,5538,0.34459
5393,5607,0.29909
5393,5625,0.29153
5393,5628,0.22219
5393,6143,0.2061
5393,6192,0.57582
5394,5903,0.20655
5394,5932,0.22955
5394,6044,0.22314
5394,6209,0.54419
5395,5489,0.2227
5395,5823,0.22474
5396,5845,0.23466
5399,5713,0.26261
5402,5967,0.26328
5404,5901,0.23543
5405,5520,0.21076
5409,5490,0.2019
5409,5494,0.26002
5409,5665,0.21133
5409,5885,0.21582
5410,5502,0.24729
5410,5908,0.20351
5411,5960,0.2326
5414,5752,0.30327
5415,5436,0.2024
5415,5537,0.2495
5416,5425,0.25148
5416,6220,0.2523
5418,6077,0.23289
5419,5423,0.33828
5419,5432,0.3876
5419,5445,0.41802
5419,5477,0.33828
5419,5505,0.33828
5419,5521,0.223
5419,5726,0.45113
5419,5755,0.28538
5419,5759,0.22725
5419,5799,0.3876
5419,5912,0.28783
5419,5938,0.20584
5419,6136,0.29452
5423,5873,0.20881
5425,5595,0.23927
5425,5670,0.25386
5425,5677,0.23466
5425,5889,0.41545
5428,5456,0.34735
5428,5509,0.36975
5428,5607,0.30609
5428,5625,0.31548
5428,5637,0.33549
5428,5883,0.21143
5428,6168,0.21093
5432,5445,0.20037
5433,5463,0.23667
5433,5532,0.26314
5433,5673,0.28143
5433,5939,0.34574
5433,5978,0.31397
5435,6132,0.24136
5437,5825,0.42517
5437,5925,0.20296
5438,5492,0.20653
5441,5622,0.3876
5441,5684,0.28783
5441,5919,0.25518
5442,5905,0.23807
5444,6042,0.27356
5446,5937,0.2053
5447,5585,0.21891
5447,5734,0.28423
5447,6114,0.22022
5449,5857,0.23927
5449,6006,0.20994
5449,6198,0.2667
5450,5593,0.29276
5450,6057,0.29464
5450,6123,0.31927
5450,6137,0.39685
5454,5916,0.20781
5455,5499,0.23012
5455,6001,0.23938
5455,6018,0.23797
5456,5482,0.24902
5456,5493,0.28569
5456,5509,0.21182
5456,5538,0.28584
5456,5607,0.36345
5456,5625,0.37454
5456,5628,0.45584
5456,5873,0.25049
5456,5942,0.36861
5456,5984,0.24347
5456,6168,0.30386
5456,6192,0.45227
5457,5486,0.26019
5457,5538,0.23466
5457,5628,0.26936
5457,5637,0.23052
5457,5772,0.2833
5457,6111,0.20863
5457,6192,0.21589
5458,5858,0.23457
5460,5813,0.24941
5463,5898,0.2028
5463,5935,0.2949
5463,6008,0.26156
5463,6084,0.21062
5466,5606,0.22462
5466,6144,0.23255
5466,6165,0.20572
5467,5753,0.23485
5471,5737,0.20994
5471,5998,0.2248
5475,6126,0.26213
5475,6135,0.20249
5477,5938,0.21945
5482,5509,0.22975
5482,5538,0.31594
5482,5607,0.28558
5482,5625,0.25637
5482,5628,0.32556
5482,6192,0.586
5484,5486,0.35262
5484,5878,0.21277
5485,5684,0.29686
5485,5749,0.23466
5485,6153,0.3725
5486,5593,0.2998
5486,5772,0.48011
5486,5814,0.23466
5486,6078,0.23415
5486,6123,0.31594
5489,5500,0.22997
5489,5577,0.25862
5489,5689,0.35663
5489,5713,0.24098
5489,5788,0.28394
5489,5823,0.26234
5489,6158,0.25086
5490,5494,0.46923
5490,5518,0.38764
5490,5597,0.22407
5490,5665,0.28984
5490,5859,0.36915
5490,5885,0.37496
5490,5901,0.26344
5490,5941,0.24936
5490,6051,0.41545
5490,6054,0.21562
5490,6072,0.2132
5490,6118,0.21538
5490,6185,0.29452
5490,6188,0.22955
5492,5691,0.22262
5493,5607,0.2522
5493,5625,0.30264
5493,5711,0.20251
5493,6143,0.49329
5494,5518,0.42858
5494,5665,0.32522
5494,5798,0.29966
5494,5859,0.43748
5494,5885,0.33579
5494,5945,0.23691
5494,6054,0.38192
5494,6072,0.22752
5494,6118,0.22492
5494,6188,0.20702
5496,5811,0.44208
5499,5774,0.20097
5499,6018,0.22399
5499,6172,0.20527
5502,5983,0.21494
5505,5841,0.22725
5505,6049,0.20296
5506,5902,0.33578
5506,6171,0.2332
5507,5902,0.26997
5508,5642,0.34634
5508,5811,0.33791
5509,5607,0.27021
5509,5625,0.33897
5509,5883,0.27605
5509,5962,0.20638
5509,6175,0.33334
5510,5850,0.23664
5511,5640,0.21074
5511,5951,0.26497
5513,5794,0.27782
5513,6065,0.25004
5514,5888,0.21775
5514,6181,0.23226
5518,5636,0.21373
5518,5665,0.36114
5518,5699,0.23157
5518,5855,0.22678
5518,5859,0.24303
5518,5869,0.20854
5518,5885,0.249
5518,5901,0.2743
5518,5945,0.22586
5518,5982,0.2004
5518,6051,0.56059
5518,6054,0.27757
5518,6118,0.24055
5518,6185,0.36256
5518,6188,0.23678
5518,6227,0.44446
5520,5841,0.40709
5520,5960,0.23032
5522,6086,0.31791
5523,5933,0.2998
5527,5649,0.52721
5527,5680,0.21528
5527,5826,0.30386
5527,5862,0.36164
5527,5958,0.26073
5527,6082,0.30617
5527,6191,0.28983
5528,5975,0.21843
5533,5569,0.22441
5535,5640,0.21751
5535,5653,0.20742
5535,6093,0.20759
5537,5564,0.21158
5538,5607,0.33578
5538,5625,0.35158
5538,5628,0.49613
5538,5695,0.22951
5538,5942,0.25829
5538,6143,0.21614
5538,6192,0.47774
5542,5879,0.23311
5542,6194,0.39341
5543,5967,0.29509
5544,5975,0.23224
5546,5908,0.22226
5547,5639,0.21461
5547,5759,0.20292
5548,5644,0.20846
5548,5692,0.20034
5551,5644,0.2126
5552,5961,0.2319
5555,5610,0.39237
5555,5780,0.38219
5555,6088,0.21797
5557,5600,0.2421
5557,5930,0.33492
5557,5995,0.20582
5557,6031,0.51632
5557,6040,0.39037
5557,6183,0.22396
5559,5567,0.38989
5559,5903,0.20161
5561,5662,0.45497
5561,5919,0.30346
5567,6023,0.27099
5568,5965,0.2434
5571,6039,0.20267
5571,6205,0.28482
5572,5635,0.21271
5572,6221,0.23029
5573,5647,0.22443
5576,5657,0.32899
5576,5884,0.32279
5576,5924,0.28625
5576,5944,0.32097
5576,6151,0.2437
5576,6159,0.22295
5576,6205,0.24469
5576,6207,0.21313
5577,6067,0.22141
5577,6158,0.27152
5577,6181,0.21598
5580,5886,0.45194
5580,5934,0.56058
5580,6153,0.26829
5583,5964,0.26878
5583,5966,0.2173
5583,6135,0.39069
5584,5785,0.23463
5585,5734,0.31333
5585,5870,0.20758
5586,6008,0.24699
5587,5674,0.27497
5587,5795,0.2207
5587,5905,0.2784
5590,5709,0.2455
5590,5721,0.36388
5590,5798,0.25464
5590,5945,0.25202
5591,5596,0.23445
5591,5709,0.23081
5591,5903,0.22032
5591,5910,0.22269
5591,6062,0.21898
5591,6182,0.25997
5591,6185,0.20881
5593,6123,0.22512
5593,6167,0.21868
5593,6179,0.36646
5595,5677,0.2139
5595,5898,0.33828
5595,5973,0.23577
5595,6084,0.36164
5595,6101,0.3276
5596,5709,0.32754
5596,5798,0.29599
5596,5910,0.50719
5596,5945,0.20246
5596,5982,0.31298
5596,6072,0.47763
5596,6118,0.25555
5596,6227,0.2434
5597,5945,0.20473
5597,6024,0.2589
5597,6185,0.40709
5597,6188,0.2014
5597,6216,0.24033
5598,5889,0.26327
5600,6040,0.21275
5601,5683,0.22529
5601,5881,0.21189
5601,6053,0.26783
5601,6097,0.2576
5603,5757,0.22908
5603,5974,0.20538
5603,6060,0.21234
5604,5666,0.23927
5604,5785,0.20513
5605,5649,0.24547
5605,5722,0.2071
5605,6191,0.41703
5606,6144,0.22669
5607,5625,0.43768
5607,5628,0.35458
5607,5873,0.28514
5607,5942,0.41136
5607,5984,0.22799
5607,6168,0.28552
5607,6192,0.28516
5608,6104,0.31036
5610,5614,0.57489
5610,5780,0.58435
5610,5853,0.21096
5614,5780,0.59418
5614,5853,0.25514
5615,5717,0.31082
5618,5990,0.20475
5620,5865,0.20701
5620,6046,0.20131
5620,6058,0.43286
5622,5684,0.2949
5625,5628,0.42306
5625,5695,0.28631
5625,5873,0.26019
5625,5883,0.29175
5625,5942,0.47201
5625,5984,0.22307
5625,6168,0.44901
5625,6175,0.21249
5625,6192,0.3014
5626,5959,0.65042
5626,6010,0.62747
5626,6025,0.6377
5627,5705,0.23577
5627,5752,0.20343
5627,5992,0.20209
5628,5711,0.20746
5628,5883,0.20462
5628,6143,0.21797
5628,6192,0.31074
5634,5753,0.23095
5634,5757,0.24585
5634,5845,0.27619
5635,5742,0.21468
5635,5920,0.22893
5635,6221,0.23785
5639,5962,0.22623
5639,5990,0.21853
5639,6220,0.24991
5640,5644,0.20012
5640,5872,0.21367
5640,5962,0.23424
5641,6003,0.56454
5641,6077,0.30725
5641,6091,0.30105
5644,5692,0.31847
5644,5872,0.21047
5644,5962,0.25542
5644,6093,0.27908
5644,6141,0.23707
5647,5670,0.21703
5647,6214,0.20878
5649,5742,0.36694
5649,5826,0.28231
5649,5862,0.2647
5649,5893,0.61141
5649,6082,0.3406
5649,6191,0.25308
5649,6212,0.44944
5653,5692,0.24815
5653,6093,0.27273
5653,6141,0.22003
5655,6005,0.20284
5657,5710,0.35219
5657,5884,0.40466
5657,5944,0.29922
5657,6202,0.23276
5662,5919,0.25969
5662,6138,0.22725
5663,5666,0.223
5663,5965,0.35262
5664,5706,0.33747
5664,5985,0.27761
5665,5699,0.34093
5665,5855,0.23188
5665,5859,0.3086
5665,5869,0.28332
5665,5885,0.30582
5665,5901,0.32855
5665,5982,0.20713
5665,6051,0.50576
5665,6054,0.21255
5665,6227,0.35158
5666,5756,0.2028
5666,5965,0.31594
5670,5928,0.20399
5670,5965,0.29728
5670,6220,0.28782
5673,5978,0.24596
5674,5694,0.20441
5674,5795,0.36847
5674,5836,0.27938
5677,5898,0.30386
5677,6095,0.21943
5677,6101,0.2878
5679,5802,0.24056
5679,6176,0.20088
5679,6219,0.23193
5684,6153,0.2595
5685,5905,0.22482
5688,5710,0.22759
5689,5697,0.36483
5691,5766,0.21812
5692,6093,0.25963
5695,5827,0.27882
5695,5966,0.27066
5695,6126,0.50576
5695,6135,0.44208
5698,6046,0.20584
5699,5869,0.26091
5699,5901,0.22808
5699,6051,0.4102
5699,6138,0.22725
5699,6227,0.25211
5700,5724,0.26203
5700,6017,0.2292
5701,6114,0.20767
5702,5821,0.35326
5706,5919,0.44944
5706,5939,0.2108
5706,5978,0.22625
5709,5721,0.31274
5709,5798,0.28556
5709,5910,0.32471
5709,5945,0.31078
5709,5982,0.24995
5709,6154,0.21146
5715,5724,0.20131
5715,5813,0.20854
5715,6000,0.22161
5715,6102,0.29829
5718,6213,0.32447
5719,6194,0.20084
5720,5935,0.21213
5720,6015,0.3425
5720,6149,0.59645
5721,5798,0.21745
5721,5945,0.22965
5724,5902,0.29452
5724,5905,0.22374
5724,6017,0.21775
5725,5790,0.20708
5727,5889,0.23194
5727,5920,0.20249
5727,6012,0.28935
5728,5878,0.25091
5729,5792,0.20482
5729,6117,0.20924
5730,6068,0.33283
5732,5828,0.33238
5734,5789,0.2428
5734,5887,0.20262
5734,5915,0.23275
5734,5976,0.21012
5734,6005,0.22133
5737,5878,0.2028
5738,6125,0.203
5740,6197,0.22002
5742,5889,0.36922
5742,5920,0.24663
5742,6082,0.24765
5742,6088,0.21381
5742,6221,0.26313
5747,6098,0.20895
5748,6065,0.24941
5748,6170,0.35326
5750,6079,0.20052
5751,6052,0.22399
5752,6147,0.20721
5753,5917,0.22955
5754,5786,0.23346
5756,6070,0.20784
5756,6084,0.29452
5757,5974,0.30023
5757,5987,0.25714
5757,6060,0.25572
5759,5923,0.21421
5761,6119,0.24847
5762,5996,0.21758
5762,6113,0.22863
5763,5878,0.21167
5763,5909,0.20987
5763,6002,0.31767
5763,6078,0.25121
5763,6111,0.22048
5763,6143,0.29915
5766,6150,0.27141
5769,5815,0.22561
5769,6151,0.25955
5769,6207,0.56941
5774,6001,0.31112
5774,6018,0.24852
5774,6172,0.21273
5778,6068,0.20228
5778,6143,0.21028
5780,5853,0.23524
5789,6005,0.2382
5790,5956,0.21432
5792,5798,0.20201
5792,5910,0.2621
5792,5945,0.21587
5792,6117,0.42556
5792,6182,0.21878
5794,6065,0.30674
5794,6070,0.20814
5795,5836,0.25282
5796,5874,0.20288
5796,6193,0.22725
5798,5818,0.22065
5798,5859,0.30679
5798,5885,0.21597
5798,5910,0.2001
5798,5945,0.38431
5798,5982,0.24876
5798,6117,0.20062
5798,6188,0.21216
5799,5841,0.28296
5799,5896,0.26607
5802,6176,0.22502
5802,6219,0.25716
5804,5826,0.36567
5805,6063,0.23541
5806,5823,0.22084
5806,6158,0.27177
5806,6181,0.22125
5813,6000,0.2998
5813,6102,0.21832
5815,6207,0.23408
5818,6227,0.28538
5820,6023,0.22261
5820,6086,0.28248
5820,6181,0.24957
5821,5998,0.50929
5827,5898,0.22955
5827,5935,0.30239
5827,5973,0.22399
5827,6084,0.2833
5827,6126,0.30239
5829,6003,0.23675
5829,6065,0.3883
5829,6170,0.28783
5841,5990,0.21832
5841,6093,0.28248
5850,5878,0.20887
5852,6063,0.20449
5853,5974,0.2447
5854,6074,0.32433
5855,5901,0.29352
5855,6051,0.36122
5855,6118,0.24467
5855,6185,0.28514
5855,6227,0.28783
5858,6026,0.20636
5859,5885,0.33127
5859,5901,0.23284
5859,5945,0.23756
5859,6054,0.26269
5863,6216,0.2028
5864,5919,0.21844
5865,6011,0.29132
5867,5905,0.38048
5867,5980,0.20025
5867,6017,0.26674
5867,6190,0.20531
5868,5961,0.25779
5869,6051,0.29728
5869,6185,0.26213
5869,6227,0.50247
5872,5898,0.21213
5873,5914,0.27619
5875,5944,0.25083
5878,5887,0.26823
5878,6002,0.20722
5878,6078,0.20746
5878,6143,0.24905
5879,5966,0.3044
5879,6135,0.45542
5879,6194,0.20571
5883,5942,0.20545
5883,6159,0.38378
5884,5924,0.23633
5884,5944,0.36812
5884,6159,0.22552
5884,6202,0.22086
5884,6205,0.21238
5884,6207,0.22805
5885,5982,0.24025
5885,6051,0.27882
5885,6062,0.23827
5885,6118,0.25091
5885,6188,0.27442
5886,5934,0.47579
5886,6153,0.23239
5887,6002,0.21832
5889,5920,0.30451
5889,6145,0.20186
5893,6082,0.3801
5893,6212,0.47343
5898,5935,0.44944
5898,5973,0.36122
5898,6084,0.59645
5898,6101,0.24941
5898,6126,0.28538
5901,6051,0.44208
5901,6118,0.25312
5901,6185,0.35262
5901,6227,0.35262
5902,6000,0.29686
5905,5980,0.2857
5905,6151,0.31235
5909,6143,0.20538
5910,5945,0.21878
5910,5982,0.29274
5910,6009,0.22113
5910,6072,0.46158
5910,6117,0.22175
5910,6227,0.28983
5915,6082,0.38808
5915,6136,0.28854
5917,5961,0.36256
5917,6224,0.21422
5918,5948,0.44597
5919,5952,0.20584
5919,5978,0.42824
5919,6028,0.25784
5920,5964,0.202
5920,6000,0.2173
5921,6174,0.20186
5924,5998,0.22094
5926,5974,0.47052
5934,6153,0.29528
5935,5973,0.21832
5935,6084,0.49019
5935,6101,0.26732
5935,6126,0.31594
5939,5978,0.22478
5942,6143,0.22177
5942,6192,0.22725
5944,6202,0.32664
5945,6117,0.24285
5945,6188,0.24159
5947,6027,0.33407
5951,5962,0.26337
5954,5956,0.22026
5958,6133,0.24458
5959,6010,0.66395
5959,6025,0.46865
5962,6119,0.25723
5964,6135,0.33828
5965,5991,0.21213
5966,6126,0.20927
5966,6135,0.38091
5973,6095,0.20994
5973,6101,0.33828
5974,6060,0.2485
5975,6013,0.35834
5977,6223,0.49836
5978,6138,0.20927
5981,5986,0.43531
5982,6051,0.30239
5982,6062,0.28118
5982,6118,0.30453
5982,6188,0.23285
5982,6227,0.35219
5990,6126,0.30346
5990,6135,0.30239
5991,6058,0.44208
5996,6058,0.3276
5997,6023,0.21068
6000,6095,0.24941
6002,6078,0.22052
6002,6111,0.21279
6003,6077,0.32216
6003,6091,0.30654
6003,6102,0.26213
6008,6065,0.3193
6008,6070,0.23432
6010,6025,0.47285
6017,6151,0.20006
6017,6190,0.33874
6023,6181,0.29328
6031,6040,0.43029
6034,6127,0.23388
6039,6205,0.25617
6044,6209,0.2023
6051,6118,0.27341
6051,6185,0.24979
6051,6227,0.34605
6052,6063,0.28385
6052,6106,0.2831
6054,6185,0.20881
6062,6188,0.23707
6065,6070,0.29235
6065,6170,0.2595
6072,6118,0.50138
6072,6156,0.32126
6072,6199,0.21135
6078,6193,0.22454
6082,6212,0.22261
6084,6101,0.45113
6084,6126,0.21213
6086,6210,0.27773
6091,6190,0.24073
6091,6221,0.20967
6093,6141,0.36991
6114,6181,0.20196
6126,6135,0.37258
6143,6192,0.24856
6144,6165,0.27568
6151,6207,0.3503
6158,6181,0.3179
6176,6219,0.22538
6185,6216,0.49019
6205,6215,0.23353
