source,target,weight
2,3435,0.23
3,586,0.288
4,801,0.248
5,2574,0.366
5,3786,0.372
5,4421,0.309
6,180,0.202
6,1520,0.484
6,2127,0.223
6,3213,0.252
6,3916,0.323
7,699,0.202
7,972,0.25
7,1066,0.219
7,2934,0.306
7,3470,0.232
10,365,0.248
10,1221,0.212
10,1800,0.281
10,2231,0.224
10,2462,0.266
10,3094,0.21
10,4038,0.22
10,4405,0.201
11,112,0.22
11,334,0.221
11,737,0.336
11,1313,0.21
11,1697,0.222
11,1967,0.215
11,2089,0.203
11,2110,0.211
11,2259,0.265
11,2287,0.417
11,2348,0.289
11,2365,0.225
11,2506,0.237
11,2644,0.311
11,3080,0.256
11,3180,0.267
11,3471,0.314
11,3517,0.247
11,3594,0.253
11,3675,0.242
11,3712,0.244
11,3740,0.316
11,4085,0.488
12,119,0.294
12,1118,0.247
12,3454,0.227
12,4334,0.31
16,64,0.296
16,203,0.23
16,305,0.23
16,370,0.235
16,544,0.437
16,553,0.356
16,748,0.227
16,919,0.29
16,947,0.321
16,1062,0.33
16,1142,0.22
16,1225,0.208
16,1638,0.451
16,1931,0.246
16,2124,0.283
16,2208,0.441
16,2232,0.307
16,2441,0.204
16,2579,0.263
16,2584,0.254
16,2700,0.234
16,2768,0.217
16,3191,0.238
16,3335,0.316
16,3830,0.349
16,3934,0.207
16,3989,0.266
16,4351,0.43
17,390,0.212
17,823,0.237
17,1132,0.247
17,1958,0.231
17,3421,0.272
17,3880,0.258
18,257,0.229
18,459,0.261
18,638,0.222
18,729,0.277
18,785,0.214
18,1154,0.206
18,1922,0.208
18,1926,0.262
18,2835,0.227
18,2982,0.258
18,3051,0.218
18,3814,0.204
18,3818,0.251
18,4316,0.232
19,504,0.238
19,1680,0.25
19,2030,0.218
19,2739,0.209
19,3255,0.23
19,3916,0.34
19,4412,0.226
20,932,0.21
20,1141,0.209
20,1677,0.21
20,1750,0.355
20,2256,0.205
20,2718,0.25
20,3009,0.221
20,3130,0.249
20,3295,0.242
20,3674,0.297
21,390,0.221
21,401,0.246
21,509,0.28
21,1117,0.239
21,1190,0.415
21,1431,0.225
21,2526,0.203
22,1450,0.3
22,1981,0.247
22,2340,0.263
25,2710,0.241
26,791,0.201
26,920,0.216
26,1412,0.232
26,2446,0.223
27,435,0.212
27,717,0.218
29,695,0.248
30,304,0.225
30,989,0.238
30,1045,0.201
30,2660,0.218
30,3178,0.213
30,3199,0.218
31,610,0.238
31,1744,0.566
31,2616,0.206
31,2619,0.441
31,2998,0.261
31,3673,0.425
31,4402,0.36
32,477,0.286
32,728,0.207
32,988,0.23
32,1214,0.216
32,1819,0.224
32,1826,0.219
32,2801,0.283
32,3005,0.31
32,3923,0.228
32,4215,0.218
32,4229,0.278
32,4258,0.398
32,4403,0.217
33,137,0.45
33,147,0.308
33,187,0.279
33,233,0.225
33,248,0.481
33,302,0.265
33,700,0.228
33,810,0.252
33,873,0.22
33,887,0.232
33,891,0.281
33,962,0.217
33,966,0.249
33,997,0.214
33,1109,0.323
33,1899,0.211
33,1903,0.224
33,2090,0.249
33,2343,0.366
33,2627,0.216
33,2754,0.31
33,2899,0.243
33,3168,0.202
33,3706,0.202
33,3860,0.581
33,3919,0.268
33,3922,0.26
33,4164,0.225
33,4228,0.587
33,4279,0.237
34,1205,0.217
34,3570,0.214
35,515,0.262
35,3274,0.314
36,112,0.488
36,177,0.238
36,182,0.241
36,271,0.361
36,290,0.221
36,461,0.261
36,645,0.584
36,653,0.216
36,953,0.365
36,1074,0.222
36,1277,0.249
36,1405,0.214
36,1484,0.599
36,1858,0.254
36,1914,0.224
36,1966,0.208
36,2160,0.232
36,2472,0.404
36,2548,0.322
36,2595,0.334
36,2699,0.31
36,3190,0.243
36,3594,0.334
36,3767,0.206
38,926,0.28
38,1893,0.224
38,2817,0.267
38,2819,0.37
38,4320,0.359
40,102,0.266
40,271,0.243
40,947,0.214
40,951,0.247
40,1062,0.224
40,4158,0.241
41,435,0.222
41,1528,0.205
41,1750,0.324
41,2718,0.268
41,3674,0.25
42,2975,0.335
42,4295,0.207
43,717,0.264
43,932,0.208
43,2499,0.27
44,1704,0.222
46,3349,0.501
48,1149,0.207
48,1833,0.246
48,3033,0.236
48,3393,0.271
48,4019,0.299
50,1483,0.208
51,1066,0.206
51,3137,0.262
51,4096,0.326
52,228,0.202
52,447,0.211
52,845,0.215
52,1455,0.211
52,1666,0.211
52,1948,0.201
52,2281,0.213
52,3773,0.27
52,4071,0.236
52,4151,0.242
52,4170,0.201
52,4307,0.243
52,4404,0.206
54,470,0.254
54,1035,0.245
54,1826,0.203
54,2600,0.302
54,3677,0.304
54,4364,0.201
55,1421,0.439
55,2253,0.326
55,3862,0.305
57,817,0.578
57,993,0.676
57,1203,0.219
57,1489,0.385
57,1493,0.414
57,1608,0.453
57,1942,0.62
57,3417,0.208
57,3441,0.365
57,3494,0.433
57,3910,0.507
59,2633,0.216
59,3255,0.211
59,3575,0.288
59,3623,0.224
59,3668,0.287
60,126,0.269
60,1157,0.378
61,98,0.29
61,210,0.29
61,273,0.262
61,415,0.35
61,447,0.275
61,465,0.205
61,600,0.359
61,614,0.457
61,630,0.285
61,845,0.246
61,1049,0.334
61,1455,0.319
61,1885,0.331
61,2233,0.27
61,2281,0.233
61,2306,0.203
61,2329,0.27
61,2632,0.238
61,3019,0.264
61,3099,0.224
61,3472,0.377
61,4071,0.418
61,4151,0.312
61,4170,0.406
61,4307,0.3
62,663,0.414
63,1236,0.206
63,3662,0.216
64,203,0.241
64,305,0.297
64,544,0.309
64,553,0.277
64,653,0.225
64,919,0.212
64,947,0.399
64,1062,0.333
64,2208,0.222
64,2232,0.268
64,3335,0.309
64,4351,0.42
65,296,0.238
65,3005,0.259
65,3434,0.214
66,3789,0.212
67,3831,0.21
68,400,0.213
68,1322,0.318
69,3214,0.202
69,4178,0.217
70,771,0.232
70,1217,0.237
70,1401,0.305
70,1779,0.289
70,2351,0.204
70,2756,0.236
70,2852,0.334
70,2949,0.35
70,3003,0.222
70,3332,0.233
70,3415,0.473
70,3715,0.336
70,3885,0.222
70,4347,0.269
71,382,0.452
71,564,0.39
71,688,0.313
71,837,0.37
71,1280,0.213
71,2804,0.381
71,3359,0.294
71,4294,0.257
72,384,0.236
73,1708,0.226
73,2568,0.228
73,2881,0.235
73,3291,0.444
73,4108,0.266
74,152,0.202
74,294,0.415
74,715,0.382
74,1047,0.209
74,1179,0.28
74,1216,0.259
74,1275,0.201
74,1404,0.327
74,2322,0.204
74,2398,0.22
74,2687,0.315
74,3218,0.225
75,1767,0.202
75,2282,0.208
77,1787,0.316
77,2360,0.3
77,2845,0.234
77,3426,0.25
78,155,0.214
78,396,0.218
78,610,0.305
78,1816,0.241
78,1918,0.203
78,2187,0.284
78,2345,0.222
78,3300,0.221
78,3454,0.276
78,3729,0.218
78,4052,0.246
78,4112,0.22
78,4224,0.3
78,4262,0.208
81,2696,0.203
83,187,0.231
83,373,0.206
83,616,0.211
83,1329,0.228
83,2010,0.219
83,2740,0.211
83,2899,0.216
83,3056,0.22
83,4279,0.213
86,2395,0.202
89,1069,0.333
89,1165,0.254
89,1884,0.279
89,2306,0.218
90,1829,0.22
91,435,0.222
91,1346,0.233
91,1750,0.337
91,2256,0.253
91,2516,0.205
91,2718,0.228
91,2941,0.248
91,3362,0.262
91,3428,0.208
91,4061,0.254
94,1208,0.459
94,1708,0.3
94,2717,0.259
94,2873,0.245
94,2881,0.272
94,3191,0.251
94,3291,0.278
94,4108,0.294
94,4351,0.208
95,470,0.207
95,1058,0.201
95,1172,0.258
95,1951,0.229
95,2600,0.207
96,2503,0.201
97,486,0.237
97,613,0.215
97,697,0.302
97,1073,0.441
97,1355,0.516
97,1702,0.234
97,1800,0.203
97,2120,0.233
97,2154,0.219
97,2873,0.269
97,3319,0.201
97,3422,0.229
97,3813,0.319
97,4042,0.201
97,4108,0.244
98,415,0.214
98,614,0.234
98,630,0.275
98,1053,0.276
98,1885,0.235
98,3019,0.222
98,3472,0.257
98,4071,0.258
98,4151,0.222
101,1226,0.213
102,471,0.226
102,553,0.232
102,642,0.204
102,1062,0.305
102,1625,0.254
102,4158,0.279
103,132,0.33
103,187,0.231
103,346,0.201
103,602,0.227
103,1050,0.223
103,1188,0.245
103,1239,0.283
103,1452,0.201
103,1467,0.277
103,1694,0.21
103,2026,0.211
103,2148,0.215
103,2163,0.29
103,2381,0.22
103,2666,0.381
103,2690,0.218
103,2737,0.226
103,2899,0.239
103,3110,0.245
103,3129,0.217
103,3380,0.238
103,3479,0.316
103,3549,0.36
103,3682,0.206
103,3703,0.23
103,3990,0.273
106,1117,0.22
106,1190,0.208
106,1431,0.219
106,2268,0.207
106,2332,0.303
108,236,0.234
108,242,0.269
108,616,0.214
108,2083,0.259
108,2231,0.214
108,2260,0.235
108,3103,0.269
108,3523,0.235
108,4038,0.378
108,4405,0.448
109,192,0.228
109,632,0.259
109,664,0.207
109,3288,0.212
109,4165,0.286
111,3575,0.256
111,4164,0.214
112,271,0.228
112,645,0.458
112,653,0.242
112,737,0.29
112,883,0.208
112,900,0.253
112,953,0.217
112,1029,0.227
112,1313,0.313
112,1484,0.404
112,1488,0.238
112,1553,0.262
112,1697,0.274
112,1858,0.342
112,1914,0.356
112,1966,0.329
112,2089,0.231
112,2129,0.219
112,2160,0.237
112,2348,0.255
112,2506,0.3
112,2572,0.284
112,3080,0.235
112,3180,0.203
112,3190,0.437
112,3471,0.343
112,3517,0.297
112,3594,0.351
112,3712,0.229
116,1223,0.212
116,1821,0.227
116,2991,0.217
117,473,0.213
117,755,0.252
117,1322,0.235
117,1398,0.222
117,1672,0.318
117,2139,0.22
117,2684,0.211
117,2719,0.355
117,2833,0.223
117,2914,0.316
117,3088,0.202
117,3566,0.261
117,3588,0.203
117,3655,0.243
117,4024,0.24
117,4135,0.328
118,182,0.26
118,208,0.361
118,274,0.541
118,566,0.669
118,606,0.377
118,1023,0.26
118,1783,0.62
118,1793,0.572
118,1823,0.207
118,2135,0.674
118,2181,0.737
118,2441,0.212
118,2537,0.262
118,2662,0.609
118,2846,0.673
118,3450,0.216
118,3993,0.748
119,416,0.437
119,498,0.271
119,506,0.26
119,526,0.204
119,928,0.31
119,1334,0.237
119,1515,0.208
119,1532,0.212
119,1576,0.212
119,1764,0.246
119,3299,0.219
119,4334,0.268
120,390,0.203
120,399,0.213
120,642,0.236
120,1352,0.21
120,2472,0.209
120,2548,0.213
120,2595,0.204
122,585,0.22
124,3045,0.239
125,1641,0.23
125,1984,0.221
125,2025,0.215
125,2254,0.213
125,2836,0.22
125,2975,0.205
125,4145,0.26
126,216,0.273
126,1633,0.255
126,3637,0.294
127,409,0.257
127,437,0.208
127,1117,0.251
127,1145,0.273
127,1170,0.246
127,1197,0.29
127,1453,0.25
127,1479,0.217
127,1524,0.202
127,1970,0.234
127,2001,0.298
127,2275,0.299
127,2367,0.23
127,2604,0.262
127,2672,0.238
127,2869,0.306
127,3088,0.26
127,3221,0.362
127,3343,0.322
127,3952,0.222
128,1812,0.261
130,143,0.259
132,296,0.201
132,602,0.272
132,642,0.211
132,1188,0.209
132,1221,0.228
132,1239,0.455
132,1694,0.219
132,2090,0.25
132,2163,0.403
132,2231,0.212
132,2381,0.207
132,2579,0.249
132,2666,0.422
132,2737,0.233
132,2899,0.202
132,3129,0.325
132,3380,0.272
132,3549,0.461
132,3590,0.267
132,3990,0.344
132,4060,0.245
132,4074,0.237
133,3290,0.209
134,722,0.43
134,891,0.202
134,1003,0.502
134,2077,0.291
134,2296,0.434
134,2653,0.493
134,2766,0.353
134,2876,0.392
134,3012,0.377
134,3252,0.397
134,3547,0.491
134,4057,0.251
135,724,0.212
135,1059,0.204
135,2254,0.215
135,2309,0.287
135,2758,0.22
135,2806,0.203
135,2861,0.224
135,3582,0.201
135,3817,0.214
135,4145,0.255
137,147,0.232
137,187,0.226
137,248,0.391
137,302,0.222
137,700,0.295
137,810,0.201
137,873,0.3
137,891,0.257
137,966,0.32
137,997,0.305
137,1109,0.233
137,1903,0.216
137,2148,0.22
137,2343,0.378
137,2754,0.218
137,3168,0.205
137,3860,0.591
137,3922,0.288
137,4228,0.56
137,4279,0.206
138,197,0.206
138,353,0.221
138,401,0.231
138,509,0.225
138,767,0.204
138,820,0.225
138,1033,0.254
138,1117,0.38
138,1190,0.215
138,1431,0.256
138,1617,0.275
138,1757,0.229
138,1944,0.213
138,2213,0.229
138,2598,0.219
138,2626,0.269
138,3003,0.231
138,3100,0.24
138,3328,0.296
138,3360,0.201
138,3638,0.325
138,3655,0.209
138,3952,0.21
141,475,0.217
141,759,0.205
141,866,0.208
141,1282,0.238
142,642,0.204
142,3020,0.221
143,232,0.236
143,1664,0.235
145,377,0.293
145,821,0.64
145,1142,0.215
145,1496,0.234
146,1431,0.208
146,1666,0.219
146,2526,0.211
146,3773,0.435
147,187,0.328
147,233,0.204
147,248,0.362
147,373,0.33
147,720,0.216
147,809,0.294
147,810,0.242
147,887,0.22
147,906,0.238
147,1238,0.218
147,1329,0.252
147,1903,0.241
147,2010,0.275
147,2210,0.23
147,2223,0.225
147,2343,0.27
147,2627,0.28
147,2899,0.291
147,3289,0.204
147,3860,0.309
147,4228,0.314
148,922,0.296
148,1766,0.258
148,3595,0.274
149,407,0.243
149,1382,0.225
149,1466,0.324
149,1477,0.28
149,1798,0.341
149,1916,0.326
149,2415,0.31
149,2555,0.315
149,3048,0.315
149,4193,0.284
149,4196,0.233
149,4277,0.303
150,3212,0.223
151,287,0.287
151,306,0.204
151,2424,0.235
151,2493,0.259
151,2959,0.211
151,3291,0.229
151,3370,0.323
152,162,0.259
152,768,0.246
152,776,0.251
152,920,0.224
152,1537,0.259
152,1586,0.211
152,1877,0.266
152,2687,0.201
152,3227,0.275
152,3847,0.224
152,3881,0.207
153,780,0.626
153,2184,0.237
153,2657,0.504
153,2773,0.224
153,2967,0.312
153,3131,0.214
153,3476,0.451
153,4323,0.269
155,396,0.248
155,610,0.319
155,1816,0.301
155,2187,0.202
155,2345,0.234
155,3454,0.215
155,3499,0.212
155,4112,0.206
155,4224,0.202
156,3101,0.227
157,771,0.502
157,1635,0.266
157,1936,0.202
157,2104,0.478
157,2124,0.254
157,2457,0.723
157,2491,0.439
157,3332,0.386
157,3838,0.369
158,743,0.259
158,1542,0.226
158,1719,0.224
158,2011,0.223
158,2330,0.282
158,2493,0.246
158,3012,0.206
158,3978,0.212
159,449,0.346
159,1156,0.304
159,1206,0.206
159,1519,0.231
159,2238,0.333
159,2360,0.202
159,2531,0.216
159,3214,0.276
159,4217,0.401
160,619,0.202
161,4162,0.205
162,164,0.324
162,480,0.517
162,541,0.308
162,557,0.249
162,667,0.316
162,776,0.257
162,786,0.202
162,791,0.363
162,819,0.325
162,851,0.259
162,920,0.288
162,999,0.217
162,1047,0.318
162,1179,0.208
162,1265,0.22
162,1284,0.271
162,1406,0.363
162,1407,0.254
162,1537,0.221
162,1651,0.227
162,1782,0.258
162,1877,0.212
162,1972,0.28
162,2021,0.241
162,2082,0.218
162,2236,0.301
162,2322,0.298
162,2328,0.204
162,2547,0.235
162,2687,0.242
162,2765,0.662
162,3227,0.357
162,3452,0.28
162,3507,0.372
162,3618,0.243
162,3691,0.261
162,3752,0.237
162,3825,0.218
162,3881,0.258
162,3930,0.523
162,4146,0.205
162,4191,0.279
162,4204,0.235
164,480,0.323
164,541,0.431
164,557,0.277
164,667,0.328
164,776,0.236
164,819,0.42
164,851,0.638
164,1047,0.474
164,1233,0.203
164,1537,0.254
164,1782,0.233
164,2018,0.269
164,2021,0.254
164,2322,0.457
164,3227,0.273
164,3452,0.275
164,3618,0.315
164,3691,0.455
164,3752,0.333
164,3930,0.346
164,4191,0.321
165,3005,0.318
166,3426,0.222
166,3496,0.205
167,4391,0.274
168,3212,0.207
168,3402,0.244
169,3916,0.257
172,1457,0.258
172,1909,0.29
172,3789,0.27
174,922,0.247
174,2169,0.203
174,2671,0.207
174,2807,0.21
174,2878,0.21
176,813,0.205
176,988,0.354
176,1242,0.21
176,2382,0.219
176,2618,0.262
176,4417,0.213
177,271,0.207
177,290,0.355
177,305,0.284
177,645,0.221
177,653,0.267
177,1277,0.345
177,1952,0.203
177,2181,0.207
177,2452,0.215
177,2472,0.21
177,2679,0.247
177,2855,0.22
177,3777,0.272
177,3892,0.495
177,4030,0.224
177,4379,0.204
180,578,0.251
180,1520,0.295
180,2127,0.222
180,3010,0.214
180,3213,0.242
180,4270,0.235
181,314,0.206
181,887,0.206
181,1179,0.248
181,2054,0.204
181,2552,0.226
181,3651,0.237
182,1296,0.203
182,1702,0.211
182,1784,0.212
182,2520,0.266
182,3481,0.279
183,552,0.219
183,733,0.222
183,4396,0.337
185,520,0.241
185,1140,0.312
185,1492,0.221
185,1816,0.236
185,2008,0.204
185,3629,0.209
185,3734,0.214
185,3895,0.313
185,4152,0.235
187,242,0.224
187,248,0.302
187,296,0.239
187,302,0.28
187,318,0.208
187,373,0.376
187,741,0.256
187,809,0.232
187,810,0.25
187,835,0.207
187,873,0.233
187,887,0.217
187,915,0.211
187,999,0.261
187,1004,0.205
187,1109,0.202
187,1188,0.22
187,1221,0.221
187,1238,0.229
187,1329,0.268
187,1347,0.239
187,1445,0.282
187,1616,0.467
187,1722,0.229
187,1899,0.218
187,2010,0.281
187,2083,0.203
187,2090,0.229
187,2148,0.261
187,2228,0.234
187,2231,0.23
187,2337,0.204
187,2343,0.204
187,2369,0.235
187,2381,0.214
187,2584,0.203
187,2594,0.209
187,2627,0.286
187,2754,0.248
187,2899,0.739
187,2976,0.22
187,3313,0.239
187,3318,0.269
187,3354,0.216
187,3706,0.285
187,3860,0.311
187,4228,0.262
188,519,0.227
188,1734,0.215
188,2152,0.249
188,3773,0.266
188,4205,0.209
189,364,0.245
189,824,0.225
189,1790,0.297
190,915,0.354
190,1050,0.212
190,1101,0.253
190,1180,0.339
190,1329,0.236
190,1465,0.44
190,1749,0.349
190,2729,0.244
190,2784,0.275
190,3884,0.294
191,291,0.287
191,664,0.212
191,1748,0.264
191,1987,0.22
191,3236,0.208
191,4102,0.25
191,4122,0.204
192,1458,0.229
193,398,0.279
193,922,0.299
193,1072,0.225
194,520,0.219
194,823,0.238
194,1132,0.209
194,1513,0.248
194,2357,0.207
194,2531,0.384
194,2940,0.233
194,3377,0.233
194,3477,0.201
194,3719,0.217
194,3742,0.234
194,3952,0.206
194,4152,0.287
194,4224,0.207
194,4331,0.218
195,381,0.496
195,1235,0.226
195,1745,0.207
195,1827,0.448
195,2633,0.316
195,3086,0.257
196,1663,0.21
196,4280,0.219
197,353,0.216
197,755,0.23
197,1117,0.227
197,2213,0.203
197,2526,0.208
197,2576,0.384
197,3054,0.219
198,271,0.258
198,461,0.349
198,953,0.383
198,1405,0.341
198,2472,0.384
198,2548,0.358
198,2595,0.328
198,2699,0.358
198,3320,0.244
203,305,0.256
203,544,0.217
203,642,0.227
203,748,0.295
203,947,0.373
203,1062,0.411
203,2208,0.242
203,2232,0.206
203,2579,0.301
203,2584,0.223
203,4351,0.432
205,585,0.203
205,1207,0.215
205,2278,0.23
205,2940,0.22
205,3314,0.221
205,3568,0.224
205,3719,0.221
205,3734,0.204
205,4406,0.204
206,447,0.255
206,533,0.205
206,559,0.227
206,969,0.23
206,2272,0.239
206,2904,0.436
206,3099,0.258
206,3133,0.274
206,3839,0.245
207,250,0.211
207,1700,0.214
207,3155,0.289
207,3548,0.205
207,3605,0.213
208,274,0.393
208,290,0.257
208,566,0.393
208,606,0.307
208,919,0.204
208,929,0.213
208,1023,0.296
208,1277,0.288
208,1677,0.217
208,1783,0.406
208,1793,0.397
208,1815,0.245
208,2036,0.232
208,2135,0.336
208,2181,0.378
208,2537,0.271
208,2662,0.246
208,2846,0.335
208,3993,0.38
209,495,0.25
209,2616,0.373
209,2780,0.202
209,4206,0.242
209,4272,0.215
210,273,0.222
210,415,0.326
210,600,0.387
210,614,0.364
210,630,0.242
210,1401,0.229
210,1885,0.308
210,2233,0.21
210,2632,0.209
210,2721,0.272
210,3019,0.323
210,3472,0.437
211,565,0.22
211,993,0.207
211,1831,0.253
211,1942,0.204
211,2894,0.236
211,3605,0.283
211,3867,0.265
212,966,0.302
212,997,0.208
212,1446,0.236
212,2004,0.218
212,2628,0.333
212,3020,0.207
212,3922,0.309
214,3575,0.221
215,1165,0.233
215,1375,0.293
215,1452,0.209
215,2183,0.239
215,2984,0.255
215,3136,0.207
215,3208,0.419
216,1633,0.479
216,1912,0.212
216,2080,0.306
216,2870,0.201
216,2939,0.399
216,3156,0.225
216,3263,0.245
216,3637,0.528
216,3959,0.234
216,4320,0.206
216,4404,0.205
218,1428,0.204
218,3412,0.24
218,3612,0.29
218,4139,0.254
219,893,0.208
221,1207,0.207
221,1904,0.214
221,2135,0.219
221,2923,0.205
221,3451,0.204
223,3882,0.225
223,4324,0.236
226,1826,0.234
226,2614,0.206
227,2059,0.264
228,985,0.233
228,1496,0.201
228,2215,0.336
228,2941,0.217
228,4255,0.23
229,4223,0.388
230,261,0.219
230,1048,0.235
230,1636,0.263
231,1313,0.208
231,1887,0.222
231,2506,0.203
231,3594,0.204
231,4119,0.248
232,1664,0.202
233,616,0.236
233,1238,0.234
233,1445,0.243
233,1963,0.215
233,2216,0.208
233,2223,0.434
233,2740,0.22
233,3144,0.232
233,3240,0.235
233,3313,0.224
233,3354,0.302
234,421,0.316
234,445,0.237
234,557,0.252
234,920,0.219
234,1284,0.302
234,1312,0.207
234,1407,0.217
234,1410,0.353
234,1830,0.212
234,1877,0.308
234,2054,0.215
234,2082,0.214
234,2115,0.201
234,2620,0.22
234,3348,0.35
234,3452,0.203
234,4296,0.221
235,1841,0.318
235,1849,0.275
235,2103,0.203
235,3043,0.432
235,3981,0.436
236,242,0.339
236,280,0.349
236,365,0.265
236,446,0.331
236,452,0.274
236,575,0.258
236,616,0.245
236,778,0.249
236,915,0.201
236,1050,0.296
236,1180,0.353
236,1238,0.29
236,1392,0.206
236,1445,0.274
236,1508,0.29
236,1722,0.321
236,1749,0.322
236,1886,0.509
236,1963,0.294
236,2083,0.558
236,2119,0.256
236,2138,0.45
236,2228,0.257
236,2231,0.498
236,2385,0.231
236,2484,0.222
236,2780,0.235
236,2784,0.292
236,3103,0.246
236,3144,0.238
236,3298,0.336
236,3313,0.258
236,3354,0.279
236,3523,0.526
236,3772,0.488
236,4038,0.248
236,4272,0.243
236,4405,0.354
239,334,0.212
239,1967,0.239
239,2365,0.25
241,500,0.21
241,1750,0.207
241,3674,0.229
242,280,0.236
242,365,0.207
242,366,0.208
242,452,0.311
242,616,0.304
242,778,0.224
242,915,0.295
242,1050,0.268
242,1101,0.223
242,1180,0.265
242,1188,0.215
242,1238,0.208
242,1445,0.212
242,1465,0.222
242,1749,0.248
242,1886,0.211
242,2010,0.212
242,2083,0.288
242,2119,0.246
242,2138,0.213
242,2228,0.286
242,2231,0.263
242,2385,0.207
242,2462,0.232
242,2484,0.206
242,2729,0.214
242,2780,0.295
242,2784,0.246
242,2899,0.219
242,3103,0.238
242,3144,0.201
242,3298,0.217
242,3313,0.203
242,3523,0.216
242,3772,0.201
242,3884,0.217
242,4038,0.239
242,4048,0.262
242,4272,0.218
242,4405,0.306
242,4421,0.204
243,4162,0.205
243,4236,0.218
244,695,0.238
246,859,0.286
246,4346,0.274
247,1708,0.209
247,2104,0.209
247,2886,0.22
248,296,0.226
248,302,0.276
248,373,0.23
248,700,0.289
248,809,0.228
248,873,0.272
248,887,0.251
248,891,0.248
248,962,0.26
248,966,0.204
248,997,0.263
248,1109,0.279
248,2010,0.208
248,2090,0.242
248,2148,0.229
248,2210,0.306
248,2337,0.205
248,2343,0.369
248,2381,0.207
248,2627,0.203
248,2740,0.213
248,2754,0.276
248,2899,0.26
248,3060,0.245
248,3354,0.21
248,3706,0.238
248,3860,0.714
248,3903,0.201
248,3919,0.243
248,3922,0.219
248,4164,0.218
248,4228,0.714
248,4279,0.249
249,4104,0.207
250,1161,0.374
250,1451,0.261
250,1940,0.262
250,2588,0.332
252,503,0.253
252,1559,0.417
252,3070,0.32
252,4354,0.201
254,952,0.204
254,1551,0.226
255,613,0.204
255,697,0.209
255,1208,0.367
255,1355,0.238
255,2873,0.251
255,4108,0.268
256,1382,0.228
256,1514,0.249
256,3717,0.226
257,568,0.352
257,638,0.401
257,729,0.453
257,785,0.372
257,792,0.284
257,879,0.266
257,963,0.206
257,1864,0.269
257,2036,0.208
257,2713,0.284
257,2872,0.407
258,520,0.243
258,1045,0.236
258,1066,0.322
258,1118,0.208
258,1140,0.222
258,1207,0.209
258,1373,0.231
258,1503,0.207
258,1628,0.251
258,1839,0.218
258,1874,0.222
258,1999,0.27
258,2093,0.291
258,2140,0.219
258,2278,0.202
258,2724,0.225
258,3085,0.225
258,3111,0.225
258,3140,0.212
258,3199,0.204
258,3314,0.224
258,3325,0.253
258,3509,0.213
258,3719,0.209
258,3734,0.339
258,4018,0.214
258,4152,0.228
258,4262,0.214
258,4395,0.215
258,4406,0.218
259,557,0.206
259,603,0.259
259,791,0.223
259,1047,0.227
259,1220,0.229
259,1243,0.216
259,1265,0.227
259,1352,0.295
259,1537,0.203
259,1632,0.201
259,1651,0.267
259,1686,0.269
259,1972,0.282
259,2236,0.286
259,2328,0.211
259,2332,0.286
259,2432,0.28
259,2464,0.238
259,2720,0.222
259,2765,0.211
259,3220,0.218
259,3322,0.241
259,3507,0.293
259,3552,0.248
259,3651,0.308
259,3798,0.217
259,3930,0.222
259,4187,0.206
259,4210,0.264
259,4249,0.377
260,1786,0.204
261,1218,0.245
261,1636,0.202
262,3692,0.202
262,4258,0.217
264,750,0.348
264,1604,0.212
264,4028,0.201
265,470,0.352
265,511,0.488
265,885,0.291
265,1035,0.259
265,1389,0.512
265,1951,0.503
265,2230,0.206
265,2600,0.358
265,2667,0.509
265,2839,0.615
265,3601,0.499
265,3677,0.318
265,3751,0.214
265,4364,0.491
266,2095,0.208
266,2559,0.222
266,2854,0.26
267,795,0.272
271,290,0.286
271,461,0.5
271,553,0.211
271,645,0.315
271,653,0.248
271,953,0.587
271,1277,0.257
271,1405,0.485
271,1484,0.329
271,1815,0.204
271,1914,0.203
271,2036,0.206
271,2232,0.217
271,2472,0.659
271,2548,0.608
271,2595,0.699
271,2699,0.508
272,419,0.221
272,765,0.212
272,1241,0.61
272,1243,0.716
272,1356,0.68
272,1542,0.237
272,1719,0.688
272,1831,0.217
272,1909,0.233
272,2330,0.251
272,2410,0.23
272,2454,0.251
272,2491,0.204
272,3009,0.257
272,3207,0.643
272,3295,0.216
272,3399,0.301
272,3469,0.208
272,3738,0.253
272,3789,0.207
272,3807,0.219
272,3911,0.515
272,3978,0.232
272,4068,0.203
273,415,0.231
273,447,0.373
273,465,0.221
273,600,0.306
273,614,0.265
273,630,0.253
273,845,0.357
273,969,0.212
273,1455,0.317
273,1885,0.297
273,2233,0.273
273,2281,0.214
273,2329,0.252
273,3099,0.213
273,3472,0.324
273,3674,0.231
273,4071,0.408
273,4151,0.449
273,4170,0.352
273,4307,0.291
274,566,0.599
274,606,0.327
274,1023,0.259
274,1783,0.603
274,1793,0.537
274,2135,0.547
274,2181,0.643
274,2441,0.251
274,2537,0.32
274,2662,0.438
274,2846,0.546
274,3993,0.567
276,2520,0.347
277,695,0.23
278,306,0.229
278,1228,0.57
278,1639,0.233
278,1743,0.235
278,3759,0.353
279,769,0.285
279,2215,0.259
279,2279,0.225
279,2668,0.239
279,3733,0.388
280,388,0.223
280,446,0.214
280,452,0.328
280,457,0.286
280,616,0.297
280,915,0.315
280,1050,0.317
280,1101,0.312
280,1180,0.352
280,1238,0.292
280,1465,0.222
280,1508,0.328
280,1564,0.221
280,1722,0.211
280,1749,0.28
280,1886,0.308
280,2083,0.271
280,2119,0.279
280,2138,0.218
280,2228,0.218
280,2231,0.258
280,2462,0.23
280,2484,0.406
280,2540,0.218
280,2729,0.366
280,2780,0.282
280,2784,0.263
280,3298,0.273
280,3313,0.201
280,3523,0.287
280,3772,0.283
280,3884,0.327
280,4048,0.301
280,4272,0.37
280,4405,0.267
282,2103,0.301
282,2522,0.258
282,3242,0.206
282,4264,0.218
286,780,0.235
286,3789,0.221
287,1879,0.229
287,2424,0.204
287,2493,0.299
287,3807,0.263
288,1646,0.255
288,1953,0.204
288,2466,0.26
288,2600,0.233
288,2968,0.206
288,3560,0.264
288,3742,0.212
288,3844,0.211
289,1958,0.228
290,305,0.217
290,323,0.212
290,370,0.202
290,399,0.368
290,461,0.241
290,566,0.206
290,606,0.213
290,639,0.244
290,645,0.21
290,653,0.218
290,919,0.206
290,929,0.311
290,947,0.215
290,951,0.24
290,953,0.325
290,1023,0.209
290,1277,0.64
290,1484,0.23
290,1553,0.237
290,1638,0.221
290,1783,0.233
290,1793,0.211
290,1815,0.531
290,1952,0.27
290,2036,0.276
290,2124,0.248
290,2181,0.293
290,2232,0.231
290,2248,0.288
290,2441,0.268
290,2452,0.326
290,2472,0.342
290,2548,0.311
290,2595,0.284
290,2679,0.258
290,2699,0.259
290,2846,0.237
290,2855,0.266
290,2989,0.211
290,3309,0.271
290,3335,0.218
290,3438,0.29
290,3777,0.269
290,3993,0.26
291,757,0.212
294,661,0.277
294,715,0.289
294,1050,0.211
294,1404,0.213
294,2687,0.248
294,2757,0.219
296,373,0.242
296,408,0.222
296,906,0.201
296,2148,0.318
296,2210,0.211
296,2343,0.277
296,2627,0.262
296,2750,0.231
296,2899,0.226
296,3135,0.216
298,3059,0.236
299,4024,0.209
300,524,0.402
300,540,0.288
300,565,0.332
300,640,0.403
300,1259,0.314
300,1796,0.315
300,1831,0.281
300,1917,0.393
300,2185,0.564
300,2424,0.252
300,2959,0.202
300,3029,0.361
300,3243,0.209
300,3605,0.218
300,3867,0.282
300,4128,0.203
301,856,0.222
301,1048,0.231
301,1230,0.201
301,1235,0.281
301,1576,0.216
301,1643,0.222
301,2222,0.251
301,2347,0.233
301,2349,0.217
301,2570,0.214
301,3006,0.225
301,3680,0.241
301,3808,0.249
302,312,0.238
302,346,0.213
302,373,0.254
302,631,0.266
302,873,0.243
302,997,0.204
302,1983,0.239
302,2148,0.216
302,2769,0.281
302,3706,0.217
302,4228,0.246
302,4279,0.233
303,422,0.23
303,1647,0.325
303,3081,0.231
304,489,0.215
304,520,0.274
304,742,0.25
304,846,0.213
304,1045,0.245
304,1118,0.258
304,1136,0.218
304,1140,0.241
304,1373,0.242
304,1492,0.215
304,1628,0.241
304,1654,0.311
304,1691,0.239
304,1839,0.215
304,2008,0.272
304,2278,0.246
304,2357,0.222
304,2660,0.3
304,2962,0.212
304,3178,0.214
304,3212,0.23
304,3232,0.215
304,3325,0.232
304,3477,0.212
304,3604,0.274
304,3629,0.235
304,3719,0.22
304,3734,0.231
304,3895,0.243
304,3966,0.247
304,4064,0.295
304,4076,0.212
304,4362,0.214
305,370,0.277
305,411,0.207
305,544,0.286
305,553,0.34
305,639,0.28
305,642,0.273
305,653,0.517
305,748,0.205
305,929,0.203
305,947,0.463
305,951,0.31
305,1062,0.488
305,1277,0.25
305,1952,0.203
305,2208,0.285
305,2232,0.388
305,2248,0.285
305,2452,0.294
305,2579,0.226
305,2679,0.336
305,2717,0.296
305,2855,0.32
305,3309,0.339
305,3335,0.362
305,3438,0.207
305,3777,0.326
305,4351,0.402
306,526,0.224
306,1639,0.283
306,1743,0.212
306,2816,0.202
307,435,0.316
307,2718,0.202
307,3674,0.233
309,401,0.244
309,509,0.239
309,1265,0.21
309,1315,0.233
309,1757,0.204
309,2213,0.215
309,2936,0.214
309,3328,0.229
310,890,0.22
311,1313,0.207
311,1697,0.203
311,2160,0.214
311,3594,0.262
312,631,0.473
312,1983,0.238
312,2938,0.222
314,451,0.239
314,877,0.317
314,887,0.202
314,962,0.283
314,1109,0.271
314,1467,0.215
314,1469,0.284
314,2090,0.225
314,2190,0.206
314,2210,0.308
314,2216,0.225
314,2319,0.256
314,2343,0.239
314,2971,0.356
314,3056,0.207
314,3289,0.257
314,3501,0.273
314,3574,0.22
314,3600,0.217
314,3832,0.207
314,3919,0.219
314,4248,0.251
317,618,0.219
317,1519,0.271
317,1567,0.218
318,390,0.205
318,1164,0.204
318,1509,0.204
318,2374,0.214
318,3421,0.202
320,433,0.243
320,1505,0.361
320,3089,0.211
320,4166,0.234
321,1390,0.22
321,1802,0.214
321,3426,0.278
321,3496,0.293
322,805,0.231
322,1573,0.286
322,2131,0.235
322,2969,0.235
322,3018,0.246
322,3270,0.261
322,3386,0.226
323,461,0.208
323,953,0.269
323,2472,0.268
323,2548,0.218
323,2595,0.224
323,3158,0.203
324,3023,0.256
325,2315,0.223
326,472,0.279
326,601,0.238
326,628,0.353
326,900,0.201
326,1128,0.293
326,1163,0.231
326,1858,0.292
326,1914,0.229
326,1966,0.259
326,2294,0.214
326,3338,0.239
326,3404,0.252
326,3594,0.372
326,3644,0.212
326,3811,0.203
326,4147,0.263
326,4199,0.294
326,4265,0.201
327,1476,0.205
329,3386,0.206
329,3502,0.255
331,1347,0.629
331,2231,0.224
331,2687,0.21
331,3298,0.226
334,555,0.204
334,737,0.215
334,1055,0.206
334,1488,0.243
334,1880,0.26
334,2365,0.225
334,3471,0.215
334,3740,0.223
335,1457,0.215
335,2753,0.221
335,2911,0.21
335,3905,0.222
336,940,0.247
336,2430,0.225
336,2550,0.35
336,3448,0.201
336,3573,0.208
338,3604,0.206
339,1148,0.21
339,1738,0.211
340,899,0.221
340,1869,0.211
340,1887,0.204
341,1593,0.201
341,2727,0.222
341,3020,0.202
345,2014,0.517
345,2119,0.203
345,2158,0.233
345,2228,0.208
345,3339,0.324
346,778,0.269
346,906,0.202
346,1109,0.201
346,1131,0.284
346,1180,0.217
346,1238,0.258
346,1445,0.22
346,1467,0.226
346,1468,0.227
346,1637,0.353
346,1963,0.316
346,1983,0.269
346,2151,0.265
346,2381,0.309
346,2387,0.287
346,2398,0.227
346,2501,0.224
346,2529,0.262
346,2740,0.251
346,2938,0.212
346,3056,0.292
346,3354,0.322
346,3919,0.258
346,4001,0.268
348,2036,0.215
348,2156,0.242
348,2796,0.216
349,496,0.202
349,922,0.41
351,401,0.224
351,503,0.209
351,820,0.238
351,1117,0.3
351,1170,0.217
351,1190,0.31
351,1197,0.216
351,1265,0.208
351,1315,0.209
351,1431,0.312
351,1524,0.23
351,1938,0.205
351,2275,0.208
351,2382,0.206
351,2626,0.257
351,3003,0.222
351,3100,0.205
351,3328,0.258
351,3638,0.232
351,3798,0.224
352,1006,0.215
352,1322,0.228
352,3566,0.209
353,503,0.234
353,642,0.22
353,1970,0.254
353,2139,0.235
353,2526,0.245
353,2604,0.225
353,2672,0.202
353,2869,0.209
353,2936,0.3
353,3088,0.25
353,3328,0.264
353,3343,0.268
353,3799,0.307
353,3952,0.21
353,4203,0.21
353,4349,0.22
355,591,0.258
355,742,0.477
355,1140,0.46
355,1373,0.203
355,1492,0.277
355,1517,0.215
355,1688,0.271
355,1839,0.284
355,1906,0.21
355,1999,0.206
355,2008,0.206
355,2045,0.352
355,2054,0.223
355,2093,0.266
355,2177,0.368
355,2278,0.216
355,2357,0.278
355,2660,0.208
355,2968,0.23
355,3085,0.203
355,3178,0.277
355,3228,0.268
355,3325,0.262
355,3371,0.218
355,3719,0.249
355,3734,0.24
355,3966,0.362
355,4064,0.344
355,4152,0.24
355,4362,0.23
362,471,0.22
362,994,0.227
362,1153,0.378
362,1322,0.207
362,1515,0.265
362,1639,0.254
362,1648,0.205
362,1743,0.262
362,1864,0.206
362,1986,0.296
362,1989,0.253
362,2870,0.206
362,2882,0.214
362,2947,0.208
362,3470,0.257
362,3857,0.275
362,3945,0.219
362,4024,0.235
362,4208,0.205
364,864,0.216
364,3853,0.219
364,4047,0.205
365,575,0.227
365,616,0.201
365,1800,0.353
365,2083,0.21
365,2138,0.218
365,2231,0.278
365,2462,0.345
365,3298,0.206
365,3523,0.227
365,3772,0.241
365,4405,0.214
369,679,0.207
369,976,0.243
369,2882,0.312
369,2940,0.227
369,3047,0.22
369,3668,0.246
369,3717,0.207
369,3815,0.265
369,4288,0.302
370,411,0.657
370,553,0.335
370,642,0.779
370,947,0.387
370,1062,0.336
370,1109,0.225
370,1277,0.206
370,1310,0.208
370,1342,0.259
370,1716,0.221
370,1869,0.209
370,1952,0.354
370,2124,0.669
370,2163,0.27
370,2232,0.392
370,2570,0.214
370,3110,0.278
370,3129,0.315
370,3179,0.568
370,3335,0.322
370,3919,0.206
370,4351,0.334
371,612,0.203
371,682,0.694
371,707,0.391
371,3079,0.205
371,3414,0.229
373,452,0.254
373,778,0.211
373,809,0.359
373,887,0.241
373,915,0.268
373,999,0.289
373,1050,0.21
373,1188,0.204
373,1238,0.289
373,1329,0.362
373,1445,0.273
373,1509,0.235
373,2010,0.542
373,2090,0.226
373,2148,0.236
373,2228,0.231
373,2343,0.273
373,2385,0.201
373,2627,0.214
373,2740,0.255
373,2784,0.21
373,2899,0.324
373,3318,0.263
373,3354,0.306
373,3860,0.321
373,3943,0.227
373,4228,0.304
373,4361,0.214
374,3956,0.201
377,425,0.474
377,479,0.382
377,558,0.375
377,691,0.36
377,703,0.525
377,741,0.368
377,821,0.218
377,1121,0.208
377,1215,0.427
377,1602,0.361
377,1634,0.448
377,1714,0.223
377,2369,0.375
377,2505,0.389
377,2742,0.408
377,3413,0.234
377,3468,0.393
377,3963,0.389
377,4013,0.306
378,1583,0.24
378,1926,0.217
381,1745,0.296
381,1827,0.502
381,2288,0.271
381,2633,0.312
381,3086,0.258
381,4084,0.212
382,564,0.489
382,648,0.218
382,688,0.412
382,837,0.35
382,965,0.23
382,2804,0.378
382,3277,0.269
382,3359,0.249
382,4294,0.279
383,407,0.502
383,559,0.201
383,1477,0.243
383,1552,0.324
383,1974,0.21
383,2415,0.242
383,2555,0.24
383,3048,0.297
383,3157,0.251
384,4392,0.31
386,2629,0.229
387,1066,0.261
387,2934,0.554
387,3470,0.212
388,1766,0.225
390,401,0.232
390,429,0.259
390,448,0.223
390,509,0.206
390,1117,0.319
390,1197,0.239
390,1431,0.259
390,1453,0.387
390,1524,0.201
390,1617,0.32
390,1958,0.222
390,2001,0.259
390,2275,0.218
390,2604,0.332
390,2672,0.246
390,2869,0.241
390,3088,0.225
390,3100,0.225
390,3343,0.221
390,3638,0.223
390,3880,0.272
390,3952,0.23
391,421,0.212
391,530,0.3
391,978,0.321
391,1410,0.257
391,1718,0.248
391,1751,0.558
391,2298,0.291
391,2541,0.202
391,3819,0.266
391,4381,0.232
392,1930,0.323
392,2571,0.229
392,3064,0.207
394,1453,0.292
396,610,0.354
396,981,0.219
396,1816,0.263
396,2074,0.22
396,2187,0.321
396,3454,0.21
396,3729,0.229
396,4052,0.298
396,4112,0.252
396,4224,0.374
397,601,0.207
397,3594,0.206
397,3953,0.233
398,634,0.214
398,922,0.241
398,1072,0.237
399,1277,0.324
399,1484,0.212
399,1815,0.229
399,2452,0.222
399,2679,0.228
399,3438,0.311
399,3908,0.217
400,1322,0.294
400,1743,0.209
401,429,0.234
401,509,0.251
401,820,0.232
401,921,0.275
401,1117,0.35
401,1170,0.233
401,1190,0.202
401,1232,0.261
401,1315,0.276
401,1431,0.307
401,1617,0.23
401,1944,0.274
401,1970,0.209
401,2213,0.288
401,2275,0.232
401,2394,0.243
401,2505,0.202
401,2604,0.254
401,2626,0.234
401,2869,0.239
401,3003,0.264
401,3100,0.258
401,3328,0.232
401,3343,0.236
401,3638,0.273
402,2373,0.202
403,1015,0.218
403,1043,0.205
403,2180,0.207
403,2291,0.21
403,2602,0.23
403,3038,0.208
404,541,0.328
404,776,0.238
404,819,0.302
404,834,0.308
404,1047,0.342
404,1098,0.296
404,1133,0.546
404,1320,0.213
404,1728,0.236
404,1782,0.214
404,2018,0.276
404,2322,0.26
404,2860,0.335
404,3691,0.244
404,3819,0.216
407,1477,0.226
407,1552,0.493
407,1916,0.294
407,2415,0.298
407,2555,0.276
407,3048,0.276
407,4277,0.222
408,1468,0.24
408,1985,0.225
408,2061,0.233
408,2148,0.223
408,2343,0.234
408,2501,0.211
408,3168,0.214
408,3570,0.247
408,3919,0.208
409,820,0.21
409,1033,0.205
409,1145,0.247
409,1170,0.247
409,1197,0.284
409,1524,0.254
409,1970,0.256
409,1979,0.227
409,2001,0.259
409,2275,0.308
409,2327,0.216
409,2367,0.248
409,2604,0.308
409,2626,0.243
409,2672,0.319
409,2869,0.289
409,3088,0.268
409,3343,0.265
409,3952,0.203
411,553,0.238
411,642,0.605
411,947,0.298
411,1062,0.226
411,1310,0.291
411,1342,0.258
411,1952,0.447
411,2232,0.409
411,3129,0.318
411,3179,0.598
411,3335,0.331
411,4351,0.274
413,3259,0.222
414,604,0.213
414,1319,0.217
415,447,0.217
415,600,0.259
415,614,0.317
415,1049,0.249
415,1455,0.352
415,1885,0.257
415,1948,0.208
415,2233,0.28
415,2281,0.262
415,2329,0.253
415,2632,0.302
415,2732,0.244
415,3019,0.285
415,3022,0.202
415,3472,0.316
415,4071,0.329
415,4151,0.229
415,4170,0.27
415,4307,0.303
416,928,0.256
416,1576,0.213
416,4334,0.326
417,1235,0.219
417,1631,0.294
417,2165,0.349
417,2552,0.203
417,3550,0.396
417,3700,0.214
419,1158,0.204
419,1356,0.208
419,1719,0.218
419,2330,0.219
419,2454,0.475
419,2482,0.589
419,2930,0.522
419,3399,0.46
420,880,0.216
420,4353,0.212
421,1284,0.267
421,1410,0.278
421,1751,0.22
421,1877,0.262
421,2115,0.226
421,2620,0.219
421,3348,0.24
422,883,0.203
422,1337,0.216
422,1409,0.23
422,1647,0.237
422,2036,0.238
422,3979,0.209
422,4278,0.276
425,479,0.389
425,558,0.449
425,691,0.341
425,703,0.504
425,741,0.425
425,1121,0.203
425,1215,0.434
425,1602,0.407
425,1634,0.399
425,1714,0.252
425,2168,0.203
425,2369,0.417
425,2505,0.392
425,2742,0.567
425,3468,0.488
425,3563,0.205
425,3963,0.446
425,4013,0.34
426,1415,0.215
426,2944,0.206
427,1799,0.202
427,4250,0.211
427,4394,0.206
428,739,0.23
429,1117,0.221
429,1145,0.251
429,1170,0.219
429,1190,0.289
429,1197,0.256
429,1431,0.252
429,1453,0.209
429,1524,0.235
429,1617,0.315
429,1944,0.23
429,2213,0.214
429,2275,0.223
429,2367,0.222
429,2604,0.29
429,2608,0.201
429,2626,0.261
429,2672,0.279
429,2869,0.224
429,3088,0.223
429,3100,0.24
429,3343,0.284
429,3638,0.202
431,559,0.356
431,566,0.227
431,1922,0.246
431,2124,0.213
431,2835,0.324
431,2846,0.208
431,3631,0.265
431,3993,0.204
432,1145,0.239
432,3952,0.205
433,1328,0.22
434,2413,0.205
435,985,0.28
435,1053,0.348
435,1750,0.279
435,2215,0.202
435,2941,0.282
435,2984,0.338
435,3022,0.234
435,3208,0.248
435,3362,0.323
435,3631,0.357
437,1197,0.281
437,1979,0.273
437,2001,0.226
437,2002,0.218
437,2367,0.23
437,2604,0.241
437,2672,0.212
437,3343,0.211
437,3409,0.202
438,815,0.205
438,3356,0.273
439,1151,0.203
439,3458,0.204
439,4001,0.23
440,2210,0.212
440,3662,0.205
442,552,0.256
442,1346,0.225
442,2198,0.438
443,1452,0.236
443,3095,0.23
445,480,0.211
445,599,0.204
445,967,0.228
445,1179,0.204
445,1336,0.204
445,1410,0.25
445,1451,0.208
445,1940,0.225
445,2140,0.201
445,2588,0.215
445,3508,0.265
445,4173,0.203
445,4191,0.23
446,1159,0.243
446,1963,0.219
446,2083,0.258
446,2138,0.231
446,2231,0.268
446,2260,0.32
446,2540,0.273
446,2938,0.257
446,3168,0.205
446,3298,0.322
446,3523,0.284
446,3772,0.262
447,465,0.236
447,559,0.271
447,600,0.353
447,614,0.285
447,630,0.283
447,845,0.282
447,969,0.21
447,1049,0.28
447,1053,0.204
447,1165,0.238
447,1676,0.291
447,1885,0.256
447,1921,0.214
447,1948,0.314
447,2233,0.315
447,2281,0.21
447,2306,0.225
447,2632,0.206
447,3099,0.351
447,3472,0.344
447,3584,0.24
447,3619,0.291
447,3839,0.206
447,4071,0.314
447,4151,0.297
447,4170,0.304
448,785,0.221
448,1224,0.216
448,1453,0.236
448,1755,0.221
448,2515,0.298
448,2604,0.246
448,2803,0.342
449,1156,0.212
449,2238,0.249
449,2382,0.201
449,3214,0.221
450,4032,0.219
451,3943,0.209
452,616,0.294
452,692,0.235
452,778,0.234
452,809,0.211
452,887,0.267
452,915,0.569
452,1050,0.311
452,1101,0.44
452,1180,0.689
452,1238,0.356
452,1329,0.293
452,1445,0.33
452,1465,0.276
452,1722,0.366
452,1749,0.439
452,1963,0.279
452,2010,0.214
452,2119,0.281
452,2223,0.256
452,2228,0.322
452,2337,0.217
452,2385,0.283
452,2484,0.202
452,2729,0.507
452,2740,0.248
452,2784,0.656
452,3313,0.265
452,3354,0.29
452,3884,0.519
452,3980,0.203
453,1346,0.261
453,3081,0.312
457,915,0.285
457,1050,0.288
457,1101,0.289
457,1154,0.457
457,1180,0.265
457,1564,0.398
457,1926,0.455
457,2119,0.282
457,2484,0.337
457,2729,0.207
457,2784,0.227
457,2982,0.27
457,3884,0.216
457,4048,0.212
457,4309,0.293
459,568,0.204
459,792,0.297
459,911,0.258
459,3796,0.285
460,637,0.324
460,936,0.221
460,1072,0.204
460,1420,0.334
460,1807,0.344
460,1848,0.255
460,2169,0.289
460,2777,0.265
460,2807,0.235
460,2878,0.203
460,3486,0.359
460,3543,0.207
461,645,0.208
461,953,0.735
461,1405,0.472
461,1484,0.221
461,1914,0.251
461,2472,0.774
461,2548,0.752
461,2595,0.685
461,2699,0.508
462,1719,0.204
462,2682,0.324
462,2689,0.214
462,2845,0.434
463,2922,0.308
463,3367,0.213
464,2162,0.211
465,600,0.228
465,845,0.238
465,1053,0.359
465,3099,0.278
465,3424,0.221
465,3472,0.312
465,4071,0.26
465,4151,0.244
465,4170,0.231
466,3734,0.252
467,726,0.238
467,3233,0.238
468,2550,0.319
470,511,0.357
470,885,0.419
470,1035,0.569
470,1389,0.318
470,1951,0.368
470,2600,0.566
470,2667,0.363
470,2839,0.419
470,2916,0.235
470,3601,0.385
470,3677,0.526
470,4364,0.49
471,775,0.214
471,2864,0.203
471,3049,0.301
471,3230,0.292
471,3515,0.3
471,4024,0.232
471,4208,0.322
472,601,0.296
472,1128,0.247
472,1858,0.273
472,1914,0.21
472,3338,0.23
472,3404,0.284
472,3594,0.324
472,3644,0.263
472,4199,0.293
472,4265,0.326
473,2684,0.338
473,2713,0.214
473,4135,0.229
475,965,0.201
475,2284,0.224
475,3359,0.205
475,3376,0.221
477,728,0.209
477,1214,0.256
477,1427,0.226
477,1826,0.293
477,2801,0.26
477,3005,0.231
477,3923,0.269
477,4229,0.282
477,4258,0.239
479,558,0.409
479,691,0.25
479,703,0.29
479,741,0.438
479,1215,0.49
479,1602,0.435
479,1634,0.349
479,1714,0.213
479,2369,0.429
479,2505,0.418
479,2742,0.303
479,3468,0.435
479,3963,0.557
479,4013,0.3
480,541,0.27
480,557,0.258
480,776,0.209
480,791,0.259
480,819,0.286
480,851,0.305
480,915,0.276
480,999,0.235
480,1047,0.319
480,1050,0.222
480,1101,0.24
480,1265,0.261
480,1329,0.238
480,1404,0.201
480,1406,0.321
480,1749,0.232
480,1782,0.243
480,2236,0.302
480,2322,0.269
480,2687,0.287
480,2765,0.606
480,3227,0.336
480,3507,0.257
480,3691,0.26
480,3752,0.205
480,3881,0.231
480,3930,0.495
480,4191,0.275
480,4204,0.219
482,972,0.209
482,1317,0.212
482,1556,0.205
482,2284,0.217
482,2334,0.301
482,3318,0.246
482,3759,0.248
482,3898,0.229
485,4215,0.213
486,613,0.239
486,697,0.224
486,1208,0.303
486,1355,0.247
486,2002,0.223
486,2075,0.233
486,2120,0.221
486,3265,0.385
486,3813,0.203
486,4042,0.512
486,4048,0.238
486,4366,0.302
487,1265,0.231
487,3437,0.328
487,4417,0.241
489,520,0.224
489,591,0.227
489,742,0.248
489,1118,0.221
489,1140,0.235
489,1207,0.237
489,1373,0.307
489,1628,0.288
489,1688,0.225
489,1839,0.276
489,1874,0.22
489,2093,0.229
489,2177,0.203
489,2278,0.245
489,2934,0.21
489,3325,0.252
489,3719,0.298
489,3734,0.328
489,3762,0.202
489,3966,0.284
489,4064,0.245
489,4152,0.24
489,4362,0.208
489,4395,0.214
490,2603,0.229
491,856,0.262
491,2222,0.236
491,2516,0.206
494,1149,0.244
495,919,0.28
495,1815,0.242
495,2433,0.497
495,2744,0.206
495,3748,0.298
495,3986,0.245
495,4221,0.219
496,520,0.201
496,635,0.219
496,922,0.371
496,1140,0.274
496,1337,0.218
496,1373,0.23
496,1839,0.22
496,1874,0.243
496,1999,0.235
496,2093,0.242
496,2140,0.201
496,2278,0.298
496,2724,0.281
496,2940,0.206
496,3070,0.216
496,3085,0.201
496,3094,0.291
496,3228,0.226
496,3325,0.367
496,3478,0.27
496,3629,0.216
496,3719,0.217
496,3734,0.303
496,4117,0.212
496,4152,0.209
496,4395,0.241
498,928,0.235
498,1576,0.22
498,4334,0.385
500,717,0.216
500,1602,0.203
501,2375,0.246
503,1170,0.325
503,1190,0.207
503,1559,0.24
503,1938,0.236
503,1970,0.244
503,2275,0.232
503,2394,0.223
503,2672,0.213
503,2936,0.258
503,3088,0.291
503,3328,0.23
503,3799,0.294
505,2498,0.227
506,526,0.215
506,535,0.396
506,1228,0.243
506,1687,0.241
506,3759,0.213
508,1051,0.247
508,1103,0.216
508,4401,0.217
509,820,0.212
509,921,0.242
509,1117,0.31
509,1190,0.273
509,1431,0.298
509,1617,0.251
509,1944,0.229
509,2213,0.313
509,2936,0.219
509,3003,0.222
509,3328,0.28
509,3343,0.207
509,3360,0.219
509,3638,0.25
509,3952,0.206
510,601,0.201
510,1018,0.227
510,3017,0.203
510,3369,0.202
510,4119,0.224
511,885,0.296
511,1035,0.271
511,1389,0.555
511,1407,0.203
511,1516,0.207
511,1951,0.596
511,2600,0.408
511,2667,0.542
511,2839,0.538
511,3601,0.559
511,3651,0.254
511,3677,0.35
511,4364,0.585
512,862,0.206
512,3588,0.217
515,2106,0.21
515,2187,0.206
515,2345,0.216
515,3244,0.22
515,4262,0.201
517,1362,0.244
519,576,0.292
519,868,0.209
519,1876,0.213
519,1962,0.249
519,2242,0.307
519,2621,0.209
519,2676,0.239
519,2775,0.27
519,2779,0.326
519,3050,0.259
519,3078,0.253
519,3608,0.342
519,3773,0.276
519,3918,0.301
519,4098,0.263
519,4205,0.273
520,536,0.22
520,610,0.224
520,732,0.203
520,1118,0.253
520,1137,0.272
520,1369,0.272
520,1373,0.218
520,1660,0.248
520,1959,0.239
520,2008,0.328
520,2088,0.213
520,2169,0.289
520,2278,0.269
520,2449,0.208
520,2516,0.226
520,2531,0.229
520,2609,0.264
520,2660,0.211
520,2809,0.237
520,3199,0.216
520,3244,0.221
520,3290,0.236
520,3454,0.285
520,3531,0.205
520,3719,0.207
520,3734,0.225
520,3787,0.246
520,3792,0.223
520,3895,0.309
520,4076,0.267
520,4152,0.231
520,4218,0.217
520,4262,0.21
520,4362,0.218
521,576,0.236
521,578,0.201
521,1526,0.312
521,1809,0.225
521,1962,0.246
521,2242,0.228
521,2676,0.218
521,2779,0.209
521,3304,0.219
521,3608,0.204
521,3773,0.216
521,3918,0.216
521,4205,0.205
522,1008,0.237
522,3630,0.203
522,4103,0.249
522,4414,0.222
524,540,0.378
524,565,0.205
524,640,0.318
524,1259,0.347
524,1796,0.382
524,1917,0.534
524,2185,0.383
524,3029,0.302
525,3020,0.366
526,535,0.365
526,994,0.252
526,1228,0.271
526,1322,0.213
526,1639,0.31
526,1687,0.321
526,3836,0.202
527,3734,0.213
529,663,0.217
529,1180,0.211
529,2784,0.344
529,4038,0.203
530,1751,0.263
530,1794,0.246
530,3819,0.237
530,4381,0.358
531,978,0.27
531,1235,0.207
531,1452,0.49
531,1502,0.35
531,1608,0.207
531,1642,0.344
531,2124,0.227
531,2327,0.242
531,2552,0.29
531,2641,0.345
531,2800,0.236
531,3490,0.234
531,3553,0.241
531,3703,0.219
531,3808,0.259
531,4305,0.345
532,1452,0.233
533,4365,0.323
534,3955,0.311
535,1639,0.212
535,1899,0.234
535,3815,0.23
536,1126,0.203
536,1443,0.229
536,1929,0.205
536,2430,0.239
536,2530,0.233
536,2847,0.201
536,2864,0.292
536,2952,0.212
536,3230,0.353
536,3325,0.218
536,3599,0.214
536,3685,0.214
537,2912,0.22
540,640,0.314
540,1796,0.31
540,1917,0.358
540,2185,0.379
541,667,0.325
541,776,0.228
541,819,0.661
541,851,0.378
541,1047,0.721
541,1265,0.216
541,1320,0.251
541,1406,0.384
541,1537,0.285
541,1728,0.212
541,1782,0.224
541,2018,0.402
541,2021,0.256
541,2192,0.224
541,2236,0.214
541,2322,0.662
541,2432,0.234
541,2765,0.388
541,3227,0.266
541,3452,0.33
541,3618,0.256
541,3691,0.346
541,3752,0.291
541,3798,0.202
541,3930,0.342
541,4146,0.233
541,4191,0.242
542,1933,0.393
544,553,0.302
544,642,0.207
544,748,0.23
544,919,0.298
544,947,0.358
544,1062,0.36
544,1225,0.211
544,1264,0.312
544,1638,0.599
544,2124,0.263
544,2208,0.403
544,2232,0.258
544,2441,0.222
544,2579,0.296
544,2584,0.228
544,2700,0.256
544,2768,0.208
544,3191,0.261
544,3335,0.252
544,3830,0.333
544,3989,0.285
544,4351,0.427
545,681,0.201
545,883,0.381
545,1713,0.287
545,2982,0.254
545,4182,0.244
546,688,0.202
546,1183,0.305
546,2804,0.235
546,4142,0.413
546,4351,0.227
547,1474,0.215
547,2085,0.271
550,2553,0.388
551,1647,0.23
551,3546,0.247
552,1634,0.22
552,2086,0.235
552,2198,0.279
552,3770,0.211
552,3839,0.264
552,3963,0.217
552,4061,0.236
553,642,0.268
553,653,0.261
553,947,0.432
553,1062,0.41
553,1342,0.203
553,1638,0.387
553,1952,0.277
553,2011,0.205
553,2124,0.302
553,2208,0.336
553,2232,0.429
553,2700,0.204
553,2773,0.217
553,3191,0.233
553,3335,0.403
553,4158,0.206
553,4351,0.398
554,1210,0.316
554,4067,0.368
554,4407,0.208
555,615,0.224
555,737,0.315
555,900,0.211
555,1297,0.242
555,1530,0.219
555,1858,0.211
555,1966,0.248
555,2267,0.211
555,2290,0.217
555,2365,0.228
555,3675,0.214
555,4136,0.28
555,4368,0.22
556,576,0.334
556,1011,0.248
556,1962,0.27
556,2242,0.258
556,2676,0.229
556,2701,0.257
556,2775,0.447
556,2779,0.422
556,3050,0.21
556,3078,0.205
556,3302,0.275
556,3608,0.297
556,3773,0.224
556,3918,0.208
556,4098,0.214
556,4205,0.266
557,667,0.245
557,776,0.23
557,786,0.264
557,1047,0.218
557,1220,0.28
557,1284,0.254
557,1320,0.243
557,1404,0.228
557,1416,0.246
557,1537,0.344
557,1728,0.208
557,1782,0.338
557,2018,0.222
557,2021,0.298
557,2082,0.372
557,2115,0.232
557,2322,0.203
557,2328,0.294
557,3227,0.338
557,3322,0.227
557,3348,0.265
557,3452,0.441
557,3618,0.289
557,3752,0.284
557,4191,0.386
558,691,0.499
558,703,0.397
558,741,0.474
558,1215,0.511
558,1602,0.395
558,1634,0.437
558,1714,0.276
558,1750,0.232
558,2168,0.219
558,2369,0.426
558,2505,0.479
558,2667,0.211
558,2742,0.32
558,2839,0.207
558,3362,0.201
558,3468,0.482
558,3963,0.44
558,4013,0.411
559,845,0.293
559,1948,0.23
559,2002,0.204
559,2233,0.21
559,3048,0.234
559,3099,0.223
559,3584,0.275
559,3631,0.396
559,4071,0.223
559,4151,0.254
559,4170,0.254
561,562,0.239
561,1889,0.201
561,2601,0.214
561,3698,0.242
562,3267,0.233
562,3698,0.236
562,4148,0.243
563,1934,0.21
564,688,0.355
564,837,0.285
564,1302,0.207
564,2804,0.28
564,3277,0.21
564,3359,0.202
564,4294,0.324
565,640,0.226
565,1291,0.23
565,1399,0.412
565,1831,0.346
565,1917,0.21
565,1942,0.259
565,2185,0.259
565,2894,0.217
565,3399,0.21
565,3441,0.212
565,3605,0.236
565,3867,0.347
565,4136,0.233
566,606,0.409
566,919,0.203
566,1023,0.287
566,1277,0.208
566,1783,0.664
566,1793,0.595
566,1823,0.21
566,2036,0.208
566,2135,0.657
566,2181,0.695
566,2441,0.264
566,2537,0.263
566,2662,0.58
566,2846,0.686
566,3450,0.232
566,3993,0.688
568,638,0.239
568,729,0.348
568,785,0.422
568,792,0.22
568,1115,0.428
568,1702,0.256
568,2713,0.226
568,2872,0.293
568,3051,0.399
568,3249,0.209
568,3992,0.351
568,4374,0.31
569,3652,0.221
570,2106,0.237
570,4218,0.282
571,2974,0.213
572,903,0.392
572,2150,0.202
572,2514,0.393
572,2586,0.258
572,2726,0.37
572,4242,0.331
574,1641,0.209
575,2083,0.265
575,2138,0.248
575,2231,0.286
575,2540,0.287
575,2784,0.214
575,2977,0.204
575,3103,0.205
575,3523,0.325
575,3772,0.289
575,4038,0.206
576,578,0.217
576,636,0.221
576,868,0.235
576,1011,0.279
576,1734,0.361
576,1876,0.236
576,1962,0.255
576,2242,0.339
576,2676,0.243
576,2701,0.299
576,2775,0.258
576,2779,0.33
576,3018,0.254
576,3050,0.339
576,3078,0.233
576,3327,0.229
576,3608,0.317
576,3620,0.211
576,3773,0.285
576,3918,0.433
576,4098,0.268
576,4205,0.29
576,4221,0.27
577,723,0.226
577,1011,0.219
577,2775,0.207
577,3018,0.211
577,3327,0.213
578,705,0.204
578,723,0.45
578,1313,0.222
578,1734,0.249
578,1962,0.248
578,2330,0.204
578,2676,0.222
578,3018,0.237
578,3505,0.213
578,3608,0.237
578,4205,0.245
579,612,0.286
579,1777,0.252
579,2218,0.226
579,2464,0.241
579,2981,0.299
579,3079,0.293
579,3096,0.202
580,3147,0.23
580,3969,0.24
581,1734,0.215
581,3018,0.221
581,3327,0.25
582,1297,0.228
582,1966,0.216
582,2290,0.277
582,3675,0.223
582,4136,0.206
583,1821,0.217
585,1423,0.212
585,1691,0.23
585,2577,0.201
585,2802,0.223
585,3178,0.212
585,3371,0.221
585,3734,0.232
585,3769,0.239
585,4152,0.245
585,4166,0.236
585,4406,0.265
585,4415,0.236
586,943,0.208
586,3717,0.217
589,1939,0.455
589,3434,0.215
591,742,0.249
591,1140,0.222
591,1489,0.243
591,1654,0.412
591,1688,0.337
591,1839,0.271
591,2177,0.295
591,2962,0.312
591,3553,0.206
591,3629,0.211
591,3719,0.202
591,3734,0.223
591,3895,0.23
591,3966,0.344
591,4064,0.352
591,4152,0.209
591,4362,0.212
592,2432,0.265
592,2540,0.209
592,2899,0.213
592,3706,0.213
592,4228,0.211
593,1581,0.223
594,4002,0.339
594,4362,0.302
596,1931,0.225
596,2103,0.37
596,2187,0.237
598,981,0.244
598,3155,0.202
598,3402,0.257
598,3454,0.236
598,3858,0.235
598,4262,0.226
598,4419,0.203
599,612,0.291
599,1161,0.316
599,1451,0.344
599,1777,0.277
599,1912,0.358
599,1940,0.394
599,2286,0.205
599,2383,0.349
599,2588,0.289
599,3026,0.235
599,4049,0.351
600,614,0.35
600,630,0.3
600,845,0.391
600,1049,0.335
600,1455,0.322
600,1885,0.381
600,1948,0.269
600,2233,0.223
600,2281,0.262
600,2306,0.331
600,2329,0.278
600,2632,0.217
600,3019,0.282
600,3472,0.381
600,4071,0.412
600,4151,0.423
600,4170,0.405
600,4307,0.3
601,628,0.252
601,737,0.25
601,1128,0.295
601,1313,0.313
601,1594,0.206
601,1858,0.201
601,1914,0.306
601,1966,0.234
601,2294,0.265
601,2410,0.223
601,2506,0.381
601,2572,0.225
601,2677,0.256
601,3338,0.371
601,3404,0.343
601,3438,0.25
601,3588,0.218
601,3594,0.24
601,3644,0.306
601,3891,0.279
601,3898,0.346
601,3908,0.266
601,4199,0.433
601,4265,0.239
602,748,0.244
602,1239,0.232
602,2579,0.293
602,2584,0.271
602,2666,0.334
602,3064,0.305
602,3549,0.212
602,3990,0.205
603,609,0.208
603,1091,0.21
603,1774,0.27
603,2578,0.316
603,3281,0.285
603,3552,0.291
604,1319,0.24
604,1357,0.383
604,1385,0.281
604,1626,0.208
604,2156,0.221
604,2345,0.203
604,2866,0.234
604,3244,0.226
604,3454,0.226
605,2011,0.228
605,2491,0.215
605,2569,0.429
605,2842,0.242
605,2847,0.379
605,2852,0.301
605,2945,0.253
605,3469,0.222
605,3978,0.274
605,4328,0.243
606,929,0.213
606,1023,0.303
606,1677,0.208
606,1783,0.364
606,1793,0.369
606,1952,0.267
606,2135,0.347
606,2181,0.458
606,2441,0.214
606,2537,0.258
606,2662,0.281
606,2846,0.398
606,3009,0.201
606,3295,0.222
606,3993,0.392
607,3344,0.572
607,3951,0.513
607,4241,0.345
608,1157,0.215
608,3531,0.253
608,4152,0.201
609,952,0.251
609,1847,0.23
609,3334,0.256
610,981,0.206
610,1660,0.202
610,1816,0.354
610,2008,0.201
610,2169,0.203
610,2187,0.231
610,2345,0.233
610,3454,0.291
610,4052,0.265
610,4152,0.201
610,4224,0.384
610,4262,0.25
611,856,0.201
611,1963,0.224
611,2222,0.254
611,2350,0.229
611,2488,0.223
611,2878,0.224
611,3354,0.221
612,891,0.23
612,896,0.219
612,1167,0.219
612,1451,0.278
612,1761,0.202
612,1777,0.586
612,1912,0.31
612,1940,0.288
612,2286,0.31
612,2383,0.502
612,2464,0.3
612,2981,0.234
612,3026,0.359
612,3079,0.259
612,3259,0.201
612,4049,0.446
613,697,0.269
613,880,0.236
613,1083,0.325
613,1208,0.294
613,1355,0.289
613,1679,0.202
613,1702,0.215
613,2014,0.238
613,2120,0.292
613,2154,0.283
613,2873,0.275
613,3422,0.372
613,3813,0.396
613,4042,0.282
613,4108,0.206
614,630,0.242
614,845,0.243
614,1049,0.319
614,1455,0.295
614,1885,0.359
614,2233,0.261
614,2281,0.205
614,2329,0.258
614,2732,0.219
614,3019,0.299
614,3099,0.252
614,3472,0.385
614,4071,0.352
614,4151,0.337
614,4170,0.373
614,4307,0.289
615,987,0.509
615,1530,0.304
615,2860,0.235
616,778,0.375
616,915,0.223
616,1050,0.224
616,1180,0.274
616,1238,0.291
616,1445,0.367
616,1886,0.225
616,2083,0.22
616,2119,0.286
616,2138,0.217
616,2148,0.224
616,2223,0.232
616,2231,0.274
616,2260,0.319
616,2462,0.222
616,2484,0.237
616,2740,0.416
616,2780,0.35
616,2784,0.267
616,2977,0.286
616,3056,0.287
616,3103,0.285
616,3144,0.383
616,3313,0.274
616,3354,0.222
616,3772,0.222
616,3831,0.22
616,4038,0.283
616,4048,0.316
616,4272,0.277
616,4405,0.414
617,823,0.3
617,1132,0.237
617,1545,0.218
617,2326,0.209
617,3719,0.254
617,4152,0.227
619,3348,0.232
620,3688,0.25
623,1686,0.352
624,838,0.213
624,2272,0.243
624,2516,0.221
624,3789,0.214
627,1781,0.594
627,2623,0.629
627,2823,0.253
627,3611,0.266
628,1594,0.21
628,1914,0.214
628,4143,0.241
628,4199,0.244
629,3359,0.203
630,845,0.359
630,1049,0.294
630,1885,0.206
630,2306,0.228
630,2632,0.219
630,3472,0.302
630,4071,0.256
630,4151,0.394
630,4170,0.285
631,1131,0.209
632,698,0.213
632,1052,0.214
632,1576,0.201
632,3115,0.224
632,3288,0.218
632,3920,0.216
632,4165,0.21
633,2006,0.205
634,922,0.216
634,1100,0.304
634,1314,0.206
636,1734,0.284
636,2822,0.31
636,3416,0.201
636,3608,0.204
636,3764,0.273
636,3918,0.229
636,4116,0.212
636,4205,0.247
638,729,0.578
638,785,0.216
638,792,0.42
638,879,0.292
638,963,0.241
638,1074,0.253
638,1409,0.225
638,1864,0.236
638,2713,0.205
638,2717,0.203
638,3724,0.232
638,3767,0.275
639,653,0.275
639,951,0.283
639,1277,0.221
639,2248,0.353
639,2452,0.438
639,2679,0.41
639,2855,0.431
639,2989,0.21
639,3190,0.271
639,3309,0.331
639,3438,0.386
639,3777,0.404
640,817,0.209
640,1259,0.324
640,1796,0.331
640,1917,0.337
640,2185,0.538
640,2424,0.206
640,2578,0.202
640,3029,0.302
640,4010,0.205
641,2279,0.275
642,711,0.213
642,947,0.344
642,1062,0.333
642,1310,0.221
642,1342,0.248
642,1931,0.207
642,1952,0.33
642,2163,0.31
642,2232,0.374
642,3129,0.296
642,3179,0.535
642,3335,0.277
642,3549,0.206
642,4351,0.34
644,753,0.21
644,1064,0.201
644,1908,0.211
644,2788,0.202
644,2981,0.204
644,3186,0.209
644,3920,0.231
644,3921,0.249
645,953,0.24
645,1277,0.206
645,1484,0.604
645,2036,0.207
645,2472,0.314
645,2548,0.247
645,2595,0.206
645,2699,0.232
645,3190,0.224
645,3767,0.238
645,3777,0.23
648,1284,0.216
648,1722,0.224
648,1877,0.231
648,1963,0.311
648,2228,0.22
648,2385,0.242
648,2655,0.274
648,3218,0.206
648,3354,0.229
648,4252,0.203
649,1505,0.216
649,4392,0.218
651,934,0.291
651,1251,0.232
651,1870,0.279
651,2263,0.242
651,2951,0.234
652,2882,0.202
652,3047,0.276
652,3470,0.223
653,929,0.278
653,947,0.339
653,951,0.218
653,1062,0.386
653,1277,0.239
653,1638,0.233
653,2232,0.241
653,2248,0.238
653,2452,0.303
653,2679,0.344
653,2717,0.499
653,2855,0.353
653,3190,0.235
653,3309,0.307
653,3335,0.227
653,3438,0.226
653,3623,0.353
653,3724,0.246
653,3777,0.357
653,4351,0.265
654,869,0.233
654,1138,0.204
654,2633,0.225
654,2965,0.275
654,3119,0.223
654,3936,0.208
654,4356,0.221
660,793,0.231
660,2638,0.246
660,3288,0.209
660,3680,0.233
661,889,0.248
661,1098,0.224
661,1670,0.258
661,2075,0.263
661,3159,0.292
662,1688,0.225
662,2357,0.217
662,2962,0.214
662,3895,0.214
663,997,0.225
663,3860,0.245
663,3922,0.216
663,4228,0.251
664,3288,0.235
665,1498,0.219
665,4383,0.221
667,776,0.452
667,819,0.348
667,851,0.22
667,1047,0.33
667,1233,0.342
667,1320,0.261
667,1537,0.271
667,1728,0.301
667,1782,0.4
667,2018,0.281
667,2021,0.385
667,2082,0.304
667,2266,0.222
667,2322,0.309
667,3322,0.231
667,3348,0.204
667,3452,0.363
667,3618,0.624
667,3752,0.533
667,4146,0.205
668,1680,0.212
670,1159,0.256
670,1238,0.252
670,1470,0.505
670,2227,0.249
670,2260,0.255
670,2616,0.229
670,2780,0.339
670,2832,0.334
670,3313,0.249
670,4206,0.289
670,4272,0.298
671,1750,0.244
672,2786,0.284
672,3411,0.213
672,4214,0.261
673,812,0.375
673,4047,0.339
674,1115,0.213
674,1401,0.218
674,2503,0.211
674,2852,0.236
674,2865,0.256
674,3415,0.254
674,3653,0.327
674,4347,0.379
675,1920,0.202
675,3073,0.225
675,3364,0.301
676,2211,0.206
676,3851,0.307
677,1056,0.235
677,1123,0.314
677,1619,0.3
677,2168,0.213
677,2309,0.27
677,3897,0.266
677,4317,0.334
678,813,0.212
681,2002,0.256
682,707,0.42
682,1818,0.236
685,1004,0.226
685,1188,0.358
685,1221,0.292
685,2540,0.268
685,2620,0.221
685,3943,0.241
685,4361,0.207
686,1149,0.275
688,759,0.225
688,837,0.402
688,991,0.245
688,1868,0.205
688,2560,0.236
688,2804,0.374
688,3359,0.323
688,4294,0.343
689,1750,0.213
689,3827,0.222
691,703,0.316
691,741,0.36
691,872,0.22
691,1215,0.331
691,1602,0.324
691,1634,0.271
691,2369,0.315
691,2505,0.466
691,2742,0.21
691,3468,0.367
691,3563,0.213
691,3963,0.392
691,4013,0.321
692,915,0.308
692,1101,0.246
692,1180,0.282
692,1445,0.249
692,1722,0.208
692,1749,0.355
692,2228,0.201
692,2385,0.219
692,2729,0.255
692,2784,0.282
692,3884,0.204
694,1263,0.213
694,4337,0.205
695,729,0.217
695,751,0.33
695,2982,0.225
695,4182,0.289
695,4240,0.216
695,4332,0.222
696,1210,0.241
696,1334,0.252
696,1662,0.222
696,1825,0.31
696,1899,0.242
696,4119,0.207
696,4268,0.264
696,4407,0.329
697,1073,0.247
697,1083,0.229
697,1208,0.241
697,1355,0.287
697,2120,0.273
697,2843,0.223
697,2873,0.272
697,3265,0.213
697,3422,0.326
697,3813,0.357
697,4042,0.228
697,4108,0.253
697,4366,0.299
698,1487,0.249
698,1833,0.227
698,1889,0.207
698,2439,0.203
698,2521,0.211
698,3033,0.214
698,3393,0.225
699,782,0.289
699,972,0.211
699,1066,0.205
699,1119,0.254
699,1582,0.307
699,1814,0.259
699,1872,0.245
699,2712,0.213
699,2871,0.363
699,3066,0.231
699,3495,0.22
699,3534,0.301
700,2343,0.237
700,2985,0.21
700,3860,0.242
700,3922,0.205
700,4228,0.25
702,2806,0.208
702,3651,0.592
702,3666,0.23
703,741,0.391
703,1215,0.357
703,1602,0.35
703,1634,0.293
703,2369,0.336
703,2505,0.394
703,2742,0.359
703,3468,0.395
703,3963,0.355
703,4013,0.275
704,1474,0.229
704,2085,0.214
704,2875,0.238
705,1011,0.295
705,1876,0.227
705,1962,0.309
705,2242,0.229
705,2621,0.235
705,2676,0.266
705,2775,0.391
705,2779,0.321
705,3078,0.273
705,3608,0.265
705,3918,0.212
705,4098,0.235
705,4205,0.329
708,821,0.245
708,3217,0.28
709,1739,0.203
709,2062,0.217
711,2134,0.241
711,2139,0.253
711,2526,0.241
711,2757,0.216
711,2936,0.214
711,3054,0.249
711,4417,0.208
712,935,0.229
713,1473,0.219
713,1668,0.241
713,3515,0.211
714,1969,0.325
715,1047,0.218
715,1179,0.225
715,1233,0.222
715,1404,0.316
715,1568,0.208
715,1808,0.215
715,2055,0.232
715,2115,0.202
715,2236,0.21
715,2322,0.203
715,2687,0.362
715,3218,0.222
718,1902,0.218
719,2112,0.261
720,1445,0.228
720,2148,0.226
720,2952,0.204
720,3047,0.236
720,3470,0.209
720,3860,0.268
720,4228,0.266
721,2470,0.258
722,1003,0.446
722,2077,0.293
722,2296,0.416
722,2653,0.493
722,2766,0.36
722,2876,0.285
722,3012,0.493
722,3252,0.312
722,3547,0.454
722,4057,0.294
723,1011,0.281
723,1697,0.21
723,2676,0.257
723,2779,0.223
723,4205,0.23
724,2758,0.233
724,3817,0.206
726,782,0.258
726,1251,0.309
726,1848,0.215
726,2270,0.27
726,2456,0.221
726,3020,0.213
726,3167,0.205
726,3543,0.239
727,2311,0.211
727,3838,0.221
728,1427,0.219
728,2090,0.215
728,2429,0.264
728,2678,0.225
728,2750,0.254
728,2801,0.269
728,3005,0.301
728,3434,0.245
728,3859,0.228
728,4258,0.209
729,785,0.376
729,792,0.441
729,879,0.246
729,2713,0.207
729,2872,0.35
729,3724,0.209
730,1694,0.239
732,1904,0.215
732,2076,0.217
733,1497,0.247
733,1915,0.264
733,2580,0.362
734,3477,0.215
737,900,0.22
737,1055,0.227
737,1128,0.218
737,1297,0.262
737,1313,0.318
737,1697,0.259
737,1858,0.281
737,1914,0.238
737,1966,0.332
737,2089,0.253
737,2160,0.263
737,2267,0.317
737,2287,0.274
737,2294,0.228
737,2365,0.287
737,2452,0.208
737,2506,0.357
737,2572,0.213
737,2644,0.317
737,2677,0.268
737,3438,0.244
737,3471,0.243
737,3594,0.354
737,3740,0.228
737,3898,0.214
737,4085,0.362
737,4136,0.225
737,4199,0.238
737,4368,0.256
739,1207,0.202
739,1243,0.201
740,1857,0.264
740,2001,0.205
741,1215,0.374
741,1602,0.329
741,1634,0.372
741,1714,0.237
741,2369,0.607
741,2505,0.41
741,2742,0.335
741,2899,0.204
741,3468,0.489
741,3963,0.398
741,4013,0.351
742,958,0.213
742,1083,0.232
742,1118,0.256
742,1136,0.245
742,1140,0.51
742,1373,0.258
742,1489,0.263
742,1492,0.29
742,1517,0.208
742,1572,0.254
742,1578,0.376
742,1628,0.314
742,1654,0.313
742,1688,0.203
742,1691,0.258
742,1839,0.339
742,1874,0.219
742,1892,0.21
742,1953,0.259
742,2008,0.255
742,2045,0.315
742,2093,0.211
742,2177,0.369
742,2278,0.246
742,2357,0.369
742,2407,0.228
742,2660,0.326
742,2962,0.286
742,2968,0.246
742,3085,0.241
742,3178,0.281
742,3212,0.213
742,3228,0.295
742,3314,0.22
742,3325,0.226
742,3371,0.207
742,3447,0.237
742,3629,0.332
742,3689,0.23
742,3719,0.41
742,3734,0.31
742,3742,0.206
742,3895,0.278
742,3966,0.411
742,4018,0.206
742,4064,0.328
742,4076,0.218
742,4152,0.371
742,4362,0.229
742,4395,0.203
742,4406,0.237
743,2334,0.235
744,909,0.216
744,1419,0.261
744,1643,0.261
744,1788,0.214
744,1871,0.253
744,2333,0.239
744,2349,0.233
744,2451,0.226
744,2552,0.203
744,2779,0.206
744,2937,0.267
744,3198,0.236
744,4167,0.208
745,1882,0.234
745,3458,0.217
746,1373,0.215
746,3085,0.206
746,3734,0.222
748,919,0.234
748,947,0.261
748,1062,0.286
748,2208,0.325
748,2579,0.552
748,2584,0.358
748,4351,0.305
749,1125,0.335
749,3033,0.274
750,906,0.291
750,1172,0.253
750,1195,0.317
750,1604,0.29
750,1898,0.22
750,3329,0.228
751,2982,0.217
751,4182,0.292
753,1064,0.211
753,2922,0.22
755,1145,0.211
755,1197,0.205
755,1398,0.258
755,1401,0.201
755,1431,0.211
755,2139,0.233
755,2367,0.21
755,2526,0.203
755,2719,0.3
755,3465,0.206
755,3566,0.243
755,4135,0.236
755,4203,0.22
755,4303,0.249
755,4353,0.248
757,1500,0.201
757,3665,0.226
759,991,0.205
761,4072,0.221
763,3121,0.253
763,3474,0.208
763,3572,0.218
765,1677,0.274
765,1952,0.227
765,2232,0.264
765,2700,0.207
765,3009,0.287
765,3135,0.215
765,3207,0.202
765,3295,0.29
765,3335,0.262
767,3470,0.218
767,3655,0.213
768,776,0.22
768,786,0.463
768,834,0.205
768,920,0.452
768,1220,0.267
768,1537,0.225
768,1651,0.354
768,1877,0.213
768,1972,0.285
768,1978,0.276
768,2093,0.243
768,2115,0.24
768,2328,0.265
768,3552,0.303
768,4204,0.21
769,1043,0.208
769,2180,0.23
769,2291,0.235
769,2602,0.217
769,2811,0.201
769,3329,0.276
769,3331,0.254
769,3733,0.287
769,4302,0.33
771,2124,0.244
771,2457,0.478
771,2852,0.245
771,3332,0.569
771,3415,0.276
771,3838,0.236
771,4091,0.204
773,1694,0.35
773,1877,0.219
774,1918,0.232
774,2485,0.201
776,786,0.246
776,819,0.294
776,1047,0.349
776,1220,0.23
776,1233,0.222
776,1320,0.275
776,1406,0.215
776,1537,0.331
776,1651,0.234
776,1728,0.324
776,1782,0.402
776,1972,0.317
776,2018,0.279
776,2021,0.275
776,2295,0.216
776,2322,0.282
776,2620,0.302
776,2739,0.231
776,2765,0.375
776,2860,0.228
776,3452,0.323
776,3507,0.239
776,3618,0.385
776,3752,0.28
776,3798,0.236
776,3930,0.274
777,865,0.212
777,4356,0.237
778,1180,0.239
778,1238,0.319
778,1329,0.204
778,1392,0.287
778,1445,0.479
778,1963,0.303
778,1983,0.213
778,2151,0.253
778,2260,0.348
778,2381,0.29
778,2387,0.279
778,2627,0.201
778,2740,0.504
778,2784,0.27
778,3056,0.349
778,3144,0.252
778,3313,0.378
778,3354,0.363
778,3943,0.221
780,2184,0.271
780,2434,0.245
780,2657,0.487
780,2773,0.274
780,2967,0.312
780,3476,0.439
780,4323,0.27
782,1582,0.245
782,1814,0.422
782,2871,0.304
782,3534,0.207
783,1418,0.326
785,792,0.338
785,1115,0.605
785,2654,0.21
785,2872,0.315
785,3051,0.585
785,3249,0.229
785,3992,0.324
785,4131,0.237
785,4282,0.21
785,4374,0.267
786,791,0.276
786,920,0.415
786,1220,0.295
786,1352,0.283
786,1537,0.229
786,1651,0.474
786,1782,0.257
786,1877,0.232
786,1972,0.394
786,1978,0.254
786,2021,0.217
786,2093,0.219
786,2328,0.238
786,2463,0.27
786,2547,0.205
786,2720,0.223
786,2765,0.218
786,3452,0.212
786,3507,0.335
786,3552,0.311
786,3651,0.253
786,4008,0.26
786,4204,0.214
787,2498,0.242
790,3345,0.263
791,920,0.275
791,1047,0.255
791,1220,0.22
791,1651,0.259
791,1972,0.212
791,2049,0.208
791,2765,0.324
791,3351,0.363
791,3507,0.618
791,3651,0.212
791,3881,0.22
791,3930,0.348
792,801,0.21
792,1115,0.271
792,3051,0.212
792,4182,0.278
793,1487,0.225
793,1605,0.202
793,1869,0.225
793,2503,0.203
793,2755,0.204
793,2771,0.261
793,3004,0.205
795,1942,0.207
795,2493,0.213
795,2905,0.21
795,3851,0.215
797,2018,0.212
799,3689,0.329
799,3853,0.228
801,963,0.214
801,1409,0.21
803,981,0.206
803,1816,0.24
805,1695,0.218
806,1201,0.248
806,1549,0.244
806,2346,0.282
806,2411,0.219
806,2673,0.308
806,2819,0.218
806,2970,0.221
806,3897,0.226
807,959,0.201
808,1677,0.201
809,887,0.254
809,999,0.418
809,1188,0.21
809,1238,0.333
809,1329,0.372
809,1445,0.247
809,1963,0.334
809,2010,0.378
809,2227,0.275
809,2343,0.259
809,2381,0.252
809,2627,0.276
809,2740,0.212
809,2899,0.259
809,2964,0.326
809,3313,0.301
809,3354,0.36
809,3687,0.209
809,3860,0.225
810,887,0.225
810,999,0.202
810,1903,0.44
810,2210,0.204
810,2754,0.279
810,2899,0.253
810,3116,0.207
810,3318,0.206
810,3728,0.211
810,3860,0.244
810,3919,0.202
810,4228,0.202
812,1620,0.214
812,4047,0.224
813,996,0.202
813,1823,0.292
813,2497,0.213
813,2579,0.216
813,2618,0.326
813,3109,0.28
813,3191,0.233
813,4212,0.201
813,4351,0.209
815,1297,0.246
815,2290,0.228
815,4019,0.297
815,4136,0.239
817,993,0.518
817,1489,0.32
817,1493,0.318
817,1602,0.202
817,1608,0.411
817,1796,0.237
817,1942,0.468
817,3441,0.297
817,3494,0.412
817,3910,0.45
818,2162,0.223
819,851,0.355
819,1047,0.707
819,1265,0.255
819,1320,0.247
819,1406,0.378
819,1537,0.305
819,1728,0.253
819,1745,0.307
819,1782,0.296
819,2018,0.416
819,2021,0.259
819,2236,0.217
819,2322,0.655
819,2633,0.271
819,2765,0.366
819,2860,0.239
819,3227,0.28
819,3452,0.425
819,3507,0.226
819,3618,0.305
819,3691,0.31
819,3752,0.321
819,3798,0.227
819,3881,0.212
819,3930,0.351
819,4146,0.24
819,4191,0.251
819,4404,0.206
820,1117,0.34
820,1170,0.211
820,1265,0.249
820,1431,0.261
820,1524,0.207
820,1944,0.255
820,1970,0.226
820,2213,0.239
820,2604,0.246
820,2626,0.256
820,2869,0.213
820,3003,0.307
820,3088,0.209
820,3100,0.245
820,3328,0.297
820,3638,0.27
821,1142,0.201
821,1496,0.204
823,1034,0.277
823,1132,0.244
823,1185,0.244
823,1333,0.24
823,1480,0.251
824,3853,0.201
825,1434,0.222
826,1439,0.272
826,1938,0.224
826,2401,0.308
826,2728,0.243
826,3349,0.287
826,3623,0.202
829,904,0.36
829,1216,0.317
829,1247,0.324
829,2079,0.261
829,2266,0.286
829,2507,0.336
829,2508,0.242
829,4352,0.37
830,3337,0.215
832,1417,0.301
832,1584,0.271
833,3921,0.218
834,920,0.232
834,1133,0.304
834,1220,0.422
834,1352,0.235
834,1537,0.219
834,1651,0.212
834,1728,0.246
834,1782,0.205
834,1978,0.331
834,2018,0.296
834,2021,0.297
834,2860,0.59
834,3243,0.234
834,3298,0.206
834,3322,0.22
834,3452,0.229
834,3552,0.314
834,3752,0.202
834,4008,0.328
834,4191,0.243
835,1112,0.311
835,2465,0.245
835,2627,0.205
835,3348,0.22
837,2804,0.44
837,3359,0.222
837,3916,0.35
837,4294,0.298
838,4124,0.223
845,1049,0.401
845,1885,0.232
845,2233,0.317
845,3472,0.354
845,4071,0.254
845,4151,0.424
845,4170,0.307
846,2177,0.202
847,2739,0.247
847,3047,0.224
847,3635,0.24
848,2096,0.212
849,2549,0.22
850,3933,0.294
851,1047,0.427
851,1133,0.207
851,1265,0.547
851,1406,0.304
851,1537,0.269
851,2018,0.205
851,2322,0.354
851,2382,0.315
851,2464,0.212
851,2765,0.363
851,3227,0.213
851,3691,0.336
851,3752,0.243
851,3930,0.366
851,4191,0.266
853,3531,0.221
855,2898,0.231
855,3675,0.216
856,1026,0.263
856,1230,0.228
856,1235,0.236
856,2222,0.298
856,2347,0.251
856,2908,0.212
856,3808,0.214
857,1681,0.222
857,2614,0.224
858,3592,0.242
858,4396,0.447
861,2004,0.211
861,2616,0.222
861,2769,0.202
861,3020,0.276
861,3922,0.215
862,1018,0.275
862,1662,0.202
862,1727,0.212
862,1937,0.238
862,3588,0.284
865,3434,0.232
865,4356,0.308
865,4412,0.226
866,2384,0.203
866,3119,0.215
867,3551,0.209
868,1011,0.214
868,1666,0.261
868,1734,0.232
868,1876,0.218
868,1962,0.207
868,2242,0.223
868,2779,0.215
868,3018,0.245
868,3050,0.204
868,3608,0.253
868,3620,0.252
868,3773,0.305
868,3918,0.211
868,4098,0.226
869,1680,0.246
869,1843,0.286
869,2497,0.204
869,2739,0.241
869,2748,0.231
871,1938,0.297
871,2724,0.254
871,2968,0.382
871,3101,0.209
871,3196,0.227
871,3730,0.237
871,3952,0.205
871,4099,0.228
872,1565,0.255
872,2168,0.269
872,2590,0.355
872,2657,0.328
872,3521,0.214
872,4399,0.38
873,891,0.239
873,966,0.307
873,997,0.347
873,1637,0.244
873,2148,0.435
873,2511,0.212
873,2652,0.21
873,2698,0.204
873,2769,0.298
873,2839,0.204
873,2899,0.209
873,3056,0.248
873,3060,0.24
873,3706,0.244
873,3751,0.205
873,3860,0.27
873,3922,0.268
873,4228,0.289
873,4279,0.354
875,1811,0.213
875,2123,0.244
875,3542,0.204
875,3623,0.235
876,1228,0.226
876,3759,0.267
877,887,0.204
877,1109,0.212
877,2210,0.248
877,2398,0.291
877,2971,0.288
877,3501,0.296
877,3919,0.224
877,4361,0.335
879,1864,0.204
879,1966,0.203
879,4316,0.287
880,1083,0.293
880,1105,0.208
880,1208,0.221
880,2591,0.205
880,4353,0.271
881,1620,0.284
881,2278,0.221
881,3719,0.203
881,3762,0.22
883,963,0.222
883,1713,0.302
883,2318,0.212
883,2628,0.214
883,3296,0.262
883,3767,0.206
883,4182,0.204
883,4278,0.328
885,1035,0.453
885,1389,0.316
885,1951,0.332
885,2600,0.516
885,2667,0.301
885,2839,0.28
885,3601,0.326
885,3677,0.454
885,4364,0.341
886,3412,0.212
886,3420,0.239
887,915,0.279
887,999,0.243
887,1101,0.282
887,1180,0.306
887,1238,0.308
887,1445,0.233
887,1469,0.282
887,1749,0.219
887,2010,0.205
887,2210,0.235
887,2337,0.203
887,2343,0.222
887,2627,0.211
887,2784,0.209
887,2899,0.272
887,3227,0.242
887,3354,0.202
887,3832,0.204
887,3860,0.232
887,3903,0.207
887,4191,0.228
887,4228,0.227
888,3127,0.212
889,904,0.232
889,1216,0.306
889,1247,0.213
889,2079,0.25
889,2266,0.205
889,2508,0.208
889,4352,0.271
890,4419,0.213
891,1003,0.242
891,1238,0.217
891,1452,0.242
891,2286,0.205
891,2296,0.254
891,2343,0.212
891,2398,0.202
891,2653,0.256
891,3026,0.202
891,3230,0.265
891,3470,0.22
891,3547,0.216
891,3599,0.207
891,3860,0.372
891,4228,0.342
896,1567,0.228
896,2383,0.245
896,2753,0.201
896,2911,0.222
896,3026,0.217
896,3259,0.293
896,3905,0.21
896,4049,0.208
896,4154,0.201
898,1952,0.207
898,2773,0.391
900,1163,0.256
900,1858,0.386
900,1914,0.293
900,1966,0.433
900,2290,0.479
900,2294,0.335
900,3311,0.255
900,3594,0.402
900,3898,0.242
900,3907,0.296
900,4136,0.335
903,2427,0.234
903,2514,0.221
903,2726,0.688
903,3022,0.213
903,4242,0.376
904,952,0.269
904,1216,0.376
904,1247,0.258
904,2079,0.363
904,2266,0.386
904,2507,0.326
904,4352,0.369
906,962,0.238
906,1109,0.231
906,1238,0.238
906,1604,0.215
906,2210,0.267
906,2343,0.246
906,3354,0.238
906,3600,0.226
906,3860,0.261
906,3865,0.27
906,3919,0.209
906,4001,0.223
906,4228,0.295
907,2585,0.249
907,2640,0.379
907,3007,0.353
910,1055,0.239
910,1743,0.263
910,2267,0.293
912,1425,0.507
912,1452,0.266
912,1642,0.208
912,1674,0.202
912,1961,0.234
912,4368,0.215
913,3135,0.206
913,4299,0.214
915,1050,0.358
915,1101,0.592
915,1180,0.696
915,1238,0.344
915,1329,0.344
915,1445,0.329
915,1465,0.38
915,1722,0.37
915,1749,0.484
915,1877,0.202
915,1963,0.201
915,2010,0.283
915,2119,0.34
915,2228,0.345
915,2385,0.349
915,2729,0.644
915,2780,0.225
915,2784,0.604
915,2899,0.211
915,3313,0.237
915,3354,0.203
915,3884,0.581
916,994,0.236
916,1126,0.46
916,2915,0.344
916,2952,0.395
916,4188,0.377
918,1666,0.201
918,2096,0.221
918,2503,0.205
918,2757,0.288
918,3363,0.236
918,4061,0.228
919,947,0.225
919,1062,0.27
919,1637,0.217
919,1638,0.238
919,1815,0.254
919,2181,0.297
919,2208,0.266
919,2232,0.204
919,2441,0.455
919,2579,0.232
919,2700,0.214
919,3335,0.212
919,3784,0.232
919,4351,0.408
920,967,0.244
920,973,0.23
920,1220,0.289
920,1338,0.227
920,1352,0.224
920,1523,0.217
920,1537,0.244
920,1651,0.344
920,1877,0.213
920,1972,0.249
920,1978,0.241
920,2093,0.279
920,2328,0.238
920,2463,0.231
920,2765,0.251
920,3507,0.238
920,3552,0.332
920,3798,0.214
920,3930,0.24
920,4008,0.257
920,4191,0.221
920,4204,0.27
921,1537,0.211
921,1579,0.204
921,2505,0.203
921,2604,0.208
921,3345,0.342
921,3476,0.216
921,3802,0.209
921,3823,0.239
922,1072,0.214
922,1766,0.277
922,2807,0.277
922,2878,0.238
922,3070,0.441
922,3595,0.326
922,3900,0.202
923,985,0.297
923,1375,0.238
923,2183,0.218
923,2941,0.207
925,2106,0.209
925,3617,0.215
925,4262,0.239
926,1622,0.324
926,2286,0.21
926,2817,0.49
926,2819,0.476
926,2839,0.202
926,3263,0.26
926,4320,0.437
927,937,0.213
927,4350,0.209
928,4334,0.288
929,947,0.26
929,1277,0.309
929,1638,0.29
929,1952,0.231
929,2036,0.219
929,2181,0.218
929,2232,0.297
929,2700,0.256
929,3295,0.207
929,3335,0.253
929,4327,0.308
930,2890,0.208
931,3916,0.336
932,1552,0.228
932,2499,0.276
932,3409,0.226
932,3417,0.239
932,3457,0.297
932,3674,0.235
933,1385,0.281
933,2088,0.456
933,2498,0.21
933,3155,0.233
933,3651,0.262
933,4080,0.498
934,1779,0.226
934,1870,0.357
934,1890,0.265
934,2277,0.281
934,2651,0.297
934,2695,0.34
934,2882,0.207
935,1987,0.22
935,2934,0.22
935,3578,0.262
936,1572,0.202
936,1631,0.219
936,4030,0.214
937,2828,0.212
937,4350,0.206
938,2280,0.343
938,2797,0.221
938,3059,0.522
938,3201,0.207
938,3959,0.59
939,2111,0.205
940,1052,0.255
940,2430,0.205
940,2991,0.201
940,3738,0.235
941,1834,0.203
941,2945,0.228
941,3528,0.212
942,1483,0.214
942,2565,0.205
942,3769,0.245
947,1062,0.548
947,1277,0.255
947,1931,0.247
947,1952,0.259
947,2208,0.323
947,2232,0.424
947,2441,0.201
947,2579,0.255
947,2717,0.204
947,3179,0.212
947,3191,0.224
947,3335,0.404
947,3724,0.246
947,3989,0.237
947,4351,0.594
948,1382,0.256
950,2440,0.204
951,1277,0.224
951,2248,0.461
951,2452,0.311
951,2679,0.382
951,2855,0.262
951,2989,0.261
951,3309,0.55
951,3777,0.305
952,2781,0.211
952,4190,0.223
953,1277,0.256
953,1405,0.641
953,1484,0.25
953,1553,0.289
953,1815,0.259
953,1914,0.315
953,2036,0.222
953,2441,0.255
953,2472,0.719
953,2548,0.688
953,2595,0.641
953,2699,0.728
953,3131,0.244
958,1271,0.262
958,1373,0.218
958,1628,0.24
958,2177,0.227
958,2202,0.295
958,2459,0.219
958,3085,0.209
958,3719,0.26
958,4152,0.245
959,1598,0.205
959,3702,0.204
961,3296,0.261
962,1238,0.207
962,1469,0.26
962,2210,0.534
962,2343,0.244
962,2627,0.312
962,2750,0.215
962,3289,0.321
962,3860,0.249
962,3865,0.279
962,4228,0.304
963,1074,0.213
963,1409,0.347
963,1713,0.204
963,1899,0.204
963,1911,0.236
963,2628,0.218
963,3767,0.255
963,4182,0.209
963,4278,0.538
965,2117,0.252
965,3359,0.282
966,997,0.255
966,2698,0.221
966,2769,0.206
966,3860,0.303
966,3883,0.249
966,3922,0.664
966,4164,0.273
966,4279,0.255
967,1407,0.201
967,1877,0.278
967,2093,0.209
967,2099,0.283
967,2177,0.249
967,2620,0.211
968,1808,0.207
968,2318,0.241
969,1276,0.216
969,1417,0.265
969,1443,0.215
969,1455,0.254
969,1750,0.213
969,2256,0.246
969,2281,0.379
969,2329,0.24
969,2718,0.24
969,2941,0.203
969,3674,0.261
969,4061,0.208
969,4071,0.334
969,4151,0.22
969,4170,0.239
969,4307,0.266
970,1877,0.206
972,1066,0.263
972,2065,0.23
972,2284,0.228
972,2334,0.201
972,2934,0.334
972,3470,0.211
973,1220,0.206
973,1284,0.269
973,1407,0.299
973,1537,0.211
973,1651,0.256
973,1877,0.275
973,1978,0.21
973,2463,0.248
973,2620,0.324
973,3348,0.244
973,3452,0.204
973,3752,0.22
975,3880,0.241
976,992,0.225
976,993,0.224
976,1395,0.21
976,1514,0.223
976,1834,0.251
976,2193,0.37
976,2909,0.226
976,3598,0.258
976,3606,0.25
976,4296,0.312
978,1284,0.221
978,1407,0.211
978,1410,0.21
978,1452,0.268
978,1718,0.317
978,1751,0.354
978,1877,0.242
978,2620,0.208
978,2900,0.36
978,3348,0.214
978,3845,0.216
979,1955,0.207
979,3325,0.211
981,1816,0.306
981,2074,0.21
981,2187,0.235
981,2345,0.253
981,3402,0.245
981,3454,0.236
981,4026,0.201
981,4034,0.221
981,4224,0.227
981,4262,0.245
985,1750,0.268
985,2215,0.228
985,2336,0.217
985,2941,0.283
985,2984,0.272
985,3119,0.206
985,3701,0.267
985,4192,0.202
987,1530,0.225
988,996,0.358
988,1242,0.276
988,2152,0.226
988,2382,0.288
988,2497,0.202
988,2618,0.338
988,2739,0.329
989,1256,0.208
989,1474,0.209
989,2271,0.23
989,4417,0.214
991,1922,0.28
991,2400,0.319
991,2560,0.266
991,2835,0.291
991,3367,0.283
991,4294,0.204
992,1623,0.205
992,2193,0.308
992,2909,0.264
992,3430,0.237
992,3598,0.208
992,4296,0.263
993,1489,0.397
993,1493,0.361
993,1608,0.441
993,1796,0.233
993,1942,0.675
993,2295,0.203
993,2424,0.231
993,2624,0.232
993,3441,0.338
993,3494,0.423
993,3577,0.221
993,3910,0.513
994,1126,0.301
994,1153,0.25
994,1322,0.203
994,1639,0.201
994,1989,0.254
994,2952,0.207
994,2953,0.266
994,3836,0.212
994,3857,0.226
995,1158,0.467
995,3032,0.247
996,1242,0.359
996,1934,0.203
996,2618,0.231
997,2148,0.348
997,2698,0.202
997,3056,0.26
997,3060,0.228
997,3860,0.235
997,3919,0.234
997,3922,0.252
997,4164,0.211
997,4228,0.246
997,4279,0.342
999,1238,0.285
999,1329,0.261
999,1445,0.229
999,1963,0.217
999,2010,0.265
999,2227,0.221
999,2343,0.203
999,2385,0.204
999,2627,0.21
999,2899,0.243
999,3227,0.203
999,3313,0.249
999,3354,0.223
999,4191,0.266
1001,1002,0.232
1001,3590,0.343
1002,1473,0.202
1002,3788,0.207
1003,1452,0.278
1003,1642,0.208
1003,2077,0.282
1003,2090,0.209
1003,2296,0.542
1003,2653,0.542
1003,2766,0.369
1003,2876,0.41
1003,3012,0.51
1003,3252,0.361
1003,3547,0.535
1003,4057,0.256
1004,1221,0.504
1004,1239,0.206
1004,1903,0.352
1004,2231,0.264
1004,3523,0.202
1004,3772,0.224
1005,4327,0.366
1006,1672,0.217
1006,2719,0.248
1006,2914,0.204
1008,3685,0.233
1009,4391,0.232
1011,1962,0.297
1011,2676,0.291
1011,2775,0.296
1011,2779,0.298
1011,3018,0.252
1011,3327,0.218
1011,3608,0.211
1011,3918,0.202
1012,1650,0.244
1012,2118,0.268
1014,1259,0.209
1014,2982,0.234
1014,3793,0.238
1015,2291,0.205
1015,2602,0.215
1017,1699,0.202
1018,1334,0.21
1018,3017,0.216
1018,3122,0.258
1018,3588,0.239
1018,4119,0.209
1019,1474,0.27
1019,2085,0.241
1020,3138,0.202
1020,3646,0.26
1021,1327,0.253
1021,1376,0.233
1021,1377,0.202
1021,1643,0.208
1021,2178,0.22
1021,2641,0.201
1021,2817,0.211
1021,2911,0.21
1022,1245,0.425
1022,4147,0.209
1023,1783,0.307
1023,1793,0.269
1023,2135,0.236
1023,2181,0.311
1023,2441,0.207
1023,2537,0.228
1023,2846,0.258
1023,3993,0.271
1026,1235,0.288
1026,2222,0.261
1026,2347,0.233
1026,2957,0.201
1026,3808,0.269
1027,1787,0.234
1027,2360,0.275
1027,2845,0.222
1027,3711,0.273
1029,1206,0.209
1029,1488,0.322
1029,1880,0.24
1029,2129,0.262
1029,2259,0.213
1029,3471,0.285
1029,3712,0.246
1029,3740,0.254
1029,4270,0.243
1031,1051,0.246
1031,1478,0.271
1033,3003,0.21
1033,3638,0.213
1034,1132,0.255
1034,1519,0.216
1034,2012,0.201
1035,1951,0.295
1035,2600,0.572
1035,2667,0.328
1035,2839,0.318
1035,3601,0.345
1035,3677,0.544
1035,4364,0.352
1036,3588,0.209
1038,1738,0.224
1039,1273,0.243
1039,1500,0.214
1039,2811,0.252
1039,3126,0.217
1040,2085,0.203
1041,3212,0.223
1042,4262,0.238
1043,1845,0.242
1043,2001,0.213
1043,2180,0.223
1043,2920,0.249
1043,3331,0.224
1043,3672,0.29
1045,1373,0.265
1045,1572,0.205
1045,1628,0.226
1045,1691,0.207
1045,1835,0.246
1045,1839,0.224
1045,1953,0.225
1045,2008,0.21
1045,2302,0.249
1045,2357,0.21
1045,2660,0.227
1045,3001,0.248
1045,3085,0.214
1045,3212,0.264
1045,3604,0.207
1045,3734,0.226
1045,4032,0.202
1046,1818,0.226
1047,1133,0.217
1047,1220,0.223
1047,1265,0.289
1047,1320,0.322
1047,1406,0.395
1047,1537,0.387
1047,1728,0.328
1047,1745,0.261
1047,1782,0.293
1047,2018,0.484
1047,2021,0.333
1047,2192,0.202
1047,2236,0.26
1047,2322,0.701
1047,2432,0.248
1047,2464,0.233
1047,2687,0.226
1047,2720,0.203
1047,2765,0.392
1047,2860,0.259
1047,3227,0.322
1047,3322,0.259
1047,3452,0.457
1047,3507,0.323
1047,3552,0.203
1047,3618,0.299
1047,3691,0.347
1047,3752,0.353
1047,3798,0.285
1047,3819,0.243
1047,3881,0.244
1047,3930,0.377
1047,4146,0.26
1047,4191,0.32
1047,4372,0.205
1049,1455,0.289
1049,2233,0.237
1049,2281,0.217
1049,2329,0.243
1049,3019,0.211
1049,3472,0.317
1049,4071,0.324
1049,4151,0.363
1049,4170,0.35
1049,4307,0.328
1050,1101,0.29
1050,1154,0.258
1050,1180,0.43
1050,1214,0.265
1050,1238,0.278
1050,1329,0.203
1050,1465,0.23
1050,1722,0.433
1050,1749,0.279
1050,1926,0.217
1050,2090,0.226
1050,2119,0.319
1050,2228,0.416
1050,2385,0.313
1050,2484,0.231
1050,2729,0.272
1050,2784,0.27
1050,3643,0.242
1050,3884,0.262
1050,4113,0.262
1051,1478,0.221
1051,4401,0.332
1052,2937,0.234
1052,3758,0.217
1052,3890,0.201
1053,2732,0.212
1053,2984,0.296
1053,3208,0.244
1053,3769,0.223
1053,4071,0.229
1053,4151,0.225
1053,4170,0.204
1055,1163,0.21
1055,1294,0.243
1055,1488,0.209
1055,1530,0.21
1055,2267,0.489
1055,3471,0.235
1055,3594,0.203
1058,1848,0.202
1058,3702,0.384
1058,4244,0.224
1058,4317,0.263
1059,3441,0.208
1059,3562,0.213
1059,4145,0.236
1061,1383,0.202
1061,3332,0.212
1062,1074,0.203
1062,1931,0.292
1062,1952,0.233
1062,2208,0.384
1062,2232,0.423
1062,2579,0.332
1062,2584,0.244
1062,2700,0.207
1062,2717,0.25
1062,3335,0.399
1062,3724,0.235
1062,4351,0.531
1063,3702,0.202
1064,2503,0.225
1065,1502,0.39
1065,2298,0.492
1065,3252,0.209
1065,3819,0.255
1066,1214,0.24
1066,2284,0.255
1066,2934,0.261
1066,3122,0.221
1067,1755,0.243
1069,1165,0.303
1069,1884,0.315
1069,2306,0.24
1071,1840,0.246
1073,1254,0.201
1073,1355,0.37
1073,1501,0.256
1073,1702,0.217
1073,4108,0.262
1074,1088,0.245
1074,1488,0.212
1074,2036,0.216
1074,3087,0.351
1074,3767,0.476
1074,3908,0.204
1074,4351,0.208
1083,1105,0.22
1083,1208,0.25
1083,1355,0.278
1083,1578,0.245
1083,2120,0.209
1083,2873,0.211
1083,3422,0.254
1083,3813,0.224
1083,4042,0.244
1083,4064,0.201
1083,4366,0.243
1085,1089,0.223
1088,3087,0.417
1088,3767,0.38
1090,1838,0.248
1090,3212,0.229
1090,3325,0.202
1091,4117,0.221
1092,1629,0.204
1093,1142,0.554
1093,1512,0.327
1093,1747,0.208
1093,1803,0.27
1093,1830,0.353
1093,1931,0.424
1093,2054,0.206
1093,2208,0.368
1093,3989,0.244
1094,1646,0.226
1097,4280,0.23
1098,1133,0.449
1098,2018,0.21
1098,3566,0.203
1099,1141,0.232
1099,1750,0.252
1099,2174,0.231
1099,2256,0.254
1099,3674,0.268
1099,3701,0.236
1101,1180,0.553
1101,1238,0.284
1101,1329,0.235
1101,1465,0.265
1101,1722,0.237
1101,1749,0.387
1101,1877,0.202
1101,2119,0.276
1101,2228,0.241
1101,2385,0.215
1101,2484,0.252
1101,2729,0.561
1101,2784,0.462
1101,3884,0.542
1102,2685,0.213
1105,1334,0.247
1105,2873,0.219
1105,3588,0.236
1105,4119,0.279
1106,4370,0.21
1109,1120,0.263
1109,1467,0.225
1109,1469,0.243
1109,2090,0.406
1109,2124,0.228
1109,2190,0.341
1109,2343,0.235
1109,2511,0.218
1109,3056,0.26
1109,3340,0.273
1109,3600,0.322
1109,3703,0.228
1109,3860,0.214
1109,3919,0.678
1109,4228,0.287
1112,1751,0.231
1112,2010,0.215
1112,3129,0.215
1112,3248,0.252
1112,3714,0.263
1113,1642,0.266
1113,2900,0.202
1114,1354,0.507
1115,3051,0.561
1115,3249,0.264
1115,3992,0.214
1115,4131,0.32
1115,4282,0.337
1115,4374,0.265
1116,1536,0.219
1116,1620,0.358
1117,1145,0.252
1117,1170,0.228
1117,1190,0.261
1117,1197,0.225
1117,1232,0.236
1117,1431,0.373
1117,1453,0.277
1117,1524,0.262
1117,1617,0.322
1117,1944,0.253
1117,2213,0.286
1117,2275,0.291
1117,2367,0.209
1117,2576,0.248
1117,2604,0.238
1117,2626,0.241
1117,2672,0.223
1117,2869,0.28
1117,3003,0.29
1117,3100,0.304
1117,3343,0.276
1117,3360,0.222
1117,3638,0.372
1117,3952,0.244
1118,1140,0.207
1118,1207,0.206
1118,1373,0.241
1118,1492,0.232
1118,1628,0.318
1118,1691,0.254
1118,1839,0.285
1118,2008,0.297
1118,2169,0.219
1118,2278,0.242
1118,2357,0.214
1118,2660,0.352
1118,2896,0.222
1118,3178,0.239
1118,3199,0.222
1118,3232,0.225
1118,3325,0.206
1118,3477,0.262
1118,3629,0.27
1118,3719,0.275
1118,3734,0.292
1118,3966,0.284
1118,4018,0.217
1118,4076,0.238
1118,4089,0.242
1118,4152,0.217
1119,3534,0.308
1120,2090,0.201
1120,2190,0.283
1120,2511,0.289
1120,3919,0.243
1121,1747,0.28
1121,1902,0.21
1123,2168,0.304
1123,2797,0.343
1123,3201,0.249
1123,4317,0.324
1125,2080,0.223
1125,2387,0.206
1125,3033,0.251
1125,4232,0.215
1125,4333,0.244
1126,2864,0.202
1126,2915,0.342
1126,2952,0.475
1126,4188,0.428
1127,3349,0.217
1127,3891,0.254
1128,1163,0.276
1128,1313,0.261
1128,1484,0.229
1128,1858,0.304
1128,1914,0.537
1128,1966,0.252
1128,2089,0.226
1128,2506,0.212
1128,2572,0.226
1128,3190,0.257
1128,3338,0.241
1128,3404,0.229
1128,3438,0.25
1128,3594,0.457
1128,3644,0.202
1128,3898,0.227
1128,4199,0.281
1130,2351,0.241
1130,2756,0.256
1130,3761,0.23
1130,3958,0.243
1130,4058,0.204
1131,1827,0.242
1131,2151,0.209
1131,2381,0.215
1131,2501,0.216
1132,1185,0.254
1132,1333,0.222
1132,2059,0.204
1133,1320,0.287
1133,1728,0.233
1133,1782,0.307
1133,2018,0.374
1133,2021,0.247
1133,2332,0.217
1133,2860,0.318
1133,3322,0.227
1135,2222,0.221
1136,1637,0.256
1136,2045,0.283
1136,3540,0.305
1136,3966,0.249
1136,4064,0.258
1137,2008,0.258
1137,2114,0.21
1137,3290,0.218
1137,3324,0.263
1137,3371,0.216
1137,3734,0.265
1137,3768,0.208
1137,4152,0.201
1137,4337,0.211
1138,3936,0.256
1140,1207,0.208
1140,1373,0.24
1140,1492,0.27
1140,1578,0.333
1140,1628,0.233
1140,1654,0.323
1140,1688,0.205
1140,1691,0.214
1140,1830,0.26
1140,1835,0.201
1140,1839,0.271
1140,1906,0.219
1140,1931,0.21
1140,1953,0.221
1140,2008,0.372
1140,2045,0.29
1140,2054,0.265
1140,2060,0.206
1140,2093,0.279
1140,2177,0.285
1140,2278,0.241
1140,2357,0.368
1140,2407,0.218
1140,2660,0.282
1140,2962,0.228
1140,2968,0.205
1140,3085,0.222
1140,3178,0.332
1140,3228,0.243
1140,3325,0.253
1140,3371,0.207
1140,3451,0.229
1140,3629,0.316
1140,3689,0.213
1140,3719,0.291
1140,3734,0.315
1140,3742,0.203
1140,3895,0.364
1140,3966,0.355
1140,4064,0.314
1140,4152,0.275
1140,4362,0.266
1140,4395,0.235
1141,2174,0.26
1142,1512,0.21
1142,1830,0.261
1142,1931,0.365
1142,2054,0.215
1142,2208,0.273
1142,3830,0.216
1142,3989,0.237
1143,1700,0.427
1143,2504,0.426
1143,2803,0.246
1143,2912,0.307
1145,1170,0.231
1145,1190,0.224
1145,1197,0.249
1145,1431,0.251
1145,1617,0.249
1145,1653,0.246
1145,2001,0.233
1145,2213,0.223
1145,2275,0.248
1145,2367,0.322
1145,2604,0.305
1145,2626,0.224
1145,2672,0.309
1145,2869,0.294
1145,3088,0.212
1145,3100,0.251
1145,3343,0.295
1145,3638,0.229
1146,3564,0.228
1149,1904,0.213
1149,2712,0.312
1149,3004,0.215
1151,2268,0.21
1151,3458,0.243
1151,4001,0.263
1153,1639,0.216
1153,1743,0.23
1153,2760,0.228
1153,2870,0.239
1153,3470,0.224
1153,3836,0.25
1153,3857,0.308
1154,1508,0.217
1154,1564,0.367
1154,1583,0.276
1154,1926,0.65
1154,2484,0.228
1154,3814,0.352
1156,2238,0.327
1156,2528,0.252
1157,4152,0.205
1158,1934,0.234
1158,3032,0.309
1159,1470,0.232
1159,2484,0.279
1159,2780,0.448
1159,3298,0.217
1159,4038,0.253
1159,4048,0.216
1159,4272,0.544
1159,4405,0.206
1161,1451,0.418
1161,1912,0.217
1161,2588,0.561
1163,1530,0.203
1163,1858,0.286
1163,1914,0.304
1163,1966,0.265
1163,2267,0.277
1163,3311,0.357
1163,3594,0.319
1163,3907,0.352
1164,1509,0.233
1164,2861,0.224
1164,3241,0.226
1165,1443,0.205
1165,1884,0.335
1165,2281,0.326
1165,2306,0.275
1165,3099,0.238
1165,3472,0.212
1165,4071,0.245
1165,4170,0.203
1166,2772,0.242
1166,3378,0.346
1166,3414,0.34
1167,1761,0.225
1167,1777,0.223
1167,2383,0.205
1167,4049,0.203
1170,1197,0.281
1170,1970,0.249
1170,2001,0.269
1170,2275,0.324
1170,2367,0.323
1170,2604,0.292
1170,2626,0.21
1170,2672,0.284
1170,2869,0.211
1170,3088,0.307
1170,3190,0.222
1170,3343,0.288
1172,2194,0.21
1172,3062,0.293
1172,3336,0.214
1172,3396,0.21
1175,2076,0.204
1175,3212,0.223
1177,3169,0.208
1179,1261,0.203
1179,1284,0.205
1179,1404,0.227
1179,1512,0.231
1179,1568,0.454
1179,1830,0.205
1179,2055,0.408
1179,2210,0.255
1179,2227,0.218
1179,3218,0.441
1179,3825,0.215
1180,1238,0.428
1180,1329,0.362
1180,1445,0.393
1180,1465,0.377
1180,1485,0.216
1180,1508,0.289
1180,1722,0.24
1180,1749,0.535
1180,1886,0.245
1180,1963,0.243
1180,2010,0.241
1180,2083,0.309
1180,2119,0.35
1180,2138,0.265
1180,2228,0.388
1180,2337,0.24
1180,2385,0.357
1180,2398,0.212
1180,2484,0.221
1180,2729,0.629
1180,2740,0.25
1180,2780,0.289
1180,2784,0.533
1180,2832,0.205
1180,3103,0.236
1180,3298,0.223
1180,3313,0.276
1180,3354,0.303
1180,3523,0.268
1180,3772,0.235
1180,3884,0.622
1180,4038,0.226
1180,4361,0.228
1180,4405,0.294
1182,1337,0.241
1182,2071,0.233
1183,2208,0.209
1183,4142,0.358
1184,2006,0.215
1184,2925,0.225
1184,3702,0.34
1188,2260,0.288
1188,2381,0.248
1188,2899,0.263
1188,3682,0.26
1189,1317,0.218
1189,1686,0.21
1190,1431,0.278
1190,1617,0.254
1190,1944,0.211
1190,2213,0.213
1190,2604,0.236
1190,2672,0.247
1190,2757,0.204
1190,3003,0.205
1190,3328,0.263
1190,3360,0.231
1190,3801,0.253
1192,3262,0.254
1195,1604,0.296
1195,3383,0.228
1197,1431,0.299
1197,1453,0.278
1197,1479,0.215
1197,1617,0.232
1197,1653,0.207
1197,1970,0.229
1197,2001,0.282
1197,2275,0.383
1197,2367,0.282
1197,2459,0.205
1197,2576,0.283
1197,2604,0.357
1197,2626,0.22
1197,2672,0.344
1197,2869,0.29
1197,3088,0.307
1197,3221,0.225
1197,3343,0.325
1197,3476,0.235
1197,3638,0.239
1197,3952,0.207
1197,4353,0.208
1199,1766,0.28
1201,1383,0.239
1201,1436,0.242
1201,2346,0.207
1201,2673,0.355
1201,4233,0.224
1202,4010,0.489
1203,1608,0.263
1203,1942,0.271
1205,2081,0.203
1205,2241,0.208
1205,3570,0.304
1206,1831,0.234
1206,2531,0.226
1206,2800,0.497
1206,3377,0.236
1206,3856,0.392
1206,3867,0.213
1206,4270,0.454
1207,1373,0.26
1207,1422,0.233
1207,1628,0.222
1207,1691,0.201
1207,1692,0.22
1207,1835,0.233
1207,1839,0.261
1207,1874,0.259
1207,1892,0.239
1207,1904,0.216
1207,2008,0.214
1207,2093,0.206
1207,2278,0.205
1207,3337,0.261
1207,3633,0.214
1207,3719,0.242
1207,3734,0.308
1207,3966,0.215
1207,4064,0.236
1207,4395,0.255
1208,1355,0.202
1208,2120,0.253
1208,2873,0.249
1208,2881,0.247
1208,3243,0.238
1208,3813,0.215
1208,4042,0.241
1208,4108,0.339
1208,4366,0.305
1209,3895,0.201
1210,1228,0.212
1210,1825,0.221
1210,1899,0.25
1210,4067,0.248
1210,4268,0.347
1210,4407,0.569
1212,1937,0.202
1212,3370,0.222
1212,3588,0.212
1212,4119,0.246
1212,4367,0.243
1214,1826,0.307
1214,2934,0.384
1214,4229,0.362
1214,4258,0.215
1215,1602,0.511
1215,1634,0.459
1215,1714,0.229
1215,2369,0.372
1215,2505,0.44
1215,2742,0.322
1215,3468,0.429
1215,3963,0.452
1215,4013,0.33
1215,4060,0.247
1216,1247,0.458
1216,2079,0.414
1216,2266,0.413
1216,2507,0.353
1216,2508,0.404
1216,4352,0.518
1217,1779,0.278
1217,3653,0.369
1218,1223,0.236
1218,2227,0.206
1219,3820,0.23
1220,1352,0.438
1220,1407,0.208
1220,1537,0.31
1220,1651,0.298
1220,1782,0.257
1220,1877,0.212
1220,1972,0.205
1220,1978,0.518
1220,2021,0.233
1220,2082,0.213
1220,2463,0.231
1220,2620,0.248
1220,2765,0.206
1220,2860,0.307
1220,3322,0.21
1220,3452,0.286
1220,3507,0.255
1220,3552,0.543
1220,3618,0.201
1220,3752,0.214
1220,3847,0.208
1220,4008,0.528
1220,4191,0.214
1221,1239,0.223
1221,1800,0.225
1221,2231,0.339
1221,2260,0.206
1221,2540,0.216
1221,3523,0.282
1221,3682,0.225
1221,3772,0.228
1223,1636,0.249
1223,3822,0.221
1224,2515,0.353
1224,3001,0.293
1225,2027,0.201
1225,2063,0.24
1225,2700,0.236
1225,4113,0.212
1225,4282,0.255
1228,1374,0.221
1228,1639,0.258
1228,1703,0.208
1228,1743,0.229
1228,2345,0.309
1228,2391,0.201
1228,2651,0.284
1228,2816,0.224
1228,2849,0.255
1228,3629,0.243
1228,3759,0.355
1228,4024,0.22
1232,1431,0.214
1232,1840,0.222
1232,2505,0.204
1232,3328,0.24
1232,3799,0.26
1233,1694,0.206
1233,1877,0.303
1233,2018,0.255
1233,2620,0.214
1233,3452,0.224
1233,3618,0.263
1233,3752,0.25
1233,3831,0.275
1235,2222,0.235
1235,2347,0.204
1235,2350,0.228
1235,2488,0.237
1235,2908,0.201
1235,2948,0.226
1235,3203,0.224
1235,3390,0.261
1235,3735,0.225
1235,3808,0.384
1235,4305,0.234
1236,1361,0.291
1236,1404,0.328
1236,1867,0.227
1236,2006,0.279
1236,2047,0.255
1236,2660,0.365
1236,3196,0.233
1236,3702,0.212
1238,1329,0.22
1238,1445,0.384
1238,1467,0.202
1238,1722,0.286
1238,1963,0.514
1238,2010,0.22
1238,2151,0.228
1238,2210,0.207
1238,2223,0.242
1238,2227,0.215
1238,2228,0.243
1238,2260,0.281
1238,2381,0.225
1238,2385,0.242
1238,2398,0.238
1238,2627,0.214
1238,2729,0.232
1238,2740,0.322
1238,2780,0.326
1238,2784,0.348
1238,2899,0.279
1238,3056,0.307
1238,3313,0.67
1238,3354,0.462
1238,3479,0.201
1238,3860,0.212
1238,3884,0.261
1238,4272,0.229
1238,4361,0.23
1239,2163,0.472
1239,2579,0.295
1239,2584,0.363
1239,2666,0.473
1239,3129,0.262
1239,3380,0.213
1239,3549,0.533
1239,3590,0.214
1239,3990,0.311
1241,1243,0.626
1241,1356,0.604
1241,1680,0.202
1241,1719,0.609
1241,1909,0.205
1241,3009,0.209
1241,3207,0.618
1241,4060,0.296
1241,4346,0.219
1242,1934,0.221
1242,2618,0.261
1243,1356,0.741
1243,1719,0.696
1243,1909,0.245
1243,3009,0.204
1243,3207,0.698
1243,3605,0.218
1243,3789,0.221
1244,1363,0.208
1244,2801,0.21
1244,3448,0.218
1244,4258,0.228
1245,3147,0.213
1245,4143,0.248
1245,4147,0.28
1247,2079,0.368
1247,2266,0.426
1247,2507,0.37
1247,2508,0.329
1247,4352,0.497
1248,2680,0.207
1250,1716,0.218
1251,1672,0.238
1251,1752,0.216
1251,1870,0.258
1251,2695,0.273
1251,4051,0.206
1257,1443,0.252
1257,1521,0.248
1257,4202,0.381
1259,1796,0.383
1259,1917,0.369
1259,2185,0.35
1259,3029,0.313
1259,4010,0.22
1261,1521,0.346
1261,4202,0.262
1264,1626,0.209
1264,1638,0.267
1264,2208,0.293
1264,3191,0.206
1264,3989,0.434
1264,4186,0.207
1265,1347,0.211
1265,1537,0.267
1265,2144,0.227
1265,2322,0.233
1265,2382,0.349
1265,2765,0.23
1265,3881,0.274
1265,3930,0.354
1265,4191,0.218
1268,3955,0.236
1269,2449,0.242
1271,2202,0.352
1271,2459,0.312
1271,3979,0.203
1273,2153,0.283
1275,2516,0.223
1276,2947,0.251
1276,3584,0.217
1277,1484,0.226
1277,1553,0.237
1277,1638,0.233
1277,1783,0.234
1277,1815,0.451
1277,1952,0.259
1277,2036,0.224
1277,2124,0.214
1277,2181,0.294
1277,2232,0.233
1277,2248,0.308
1277,2441,0.245
1277,2452,0.281
1277,2472,0.274
1277,2548,0.26
1277,2595,0.22
1277,2679,0.274
1277,2846,0.224
1277,2855,0.224
1277,2989,0.251
1277,3309,0.319
1277,3335,0.217
1277,3438,0.258
1277,3532,0.211
1277,3777,0.235
1277,3993,0.205
1277,4030,0.221
1277,4351,0.251
1280,3161,0.215
1280,3359,0.223
1281,3850,0.246
1282,4129,0.23
1284,1407,0.331
1284,1410,0.349
1284,1877,0.58
1284,2021,0.246
1284,2082,0.208
1284,2115,0.318
1284,2620,0.456
1284,2827,0.209
1284,3227,0.201
1284,3348,0.511
1284,3452,0.322
1284,3618,0.208
1284,3752,0.268
1284,3819,0.224
1284,3823,0.215
1284,4191,0.28
1291,1831,0.296
1291,2694,0.202
1291,2888,0.27
1291,3505,0.252
1291,3867,0.291
1294,2267,0.206
1297,1858,0.226
1297,1966,0.31
1297,2110,0.243
1297,2290,0.261
1297,2365,0.274
1297,4085,0.209
1297,4136,0.245
1298,2993,0.279
1302,2804,0.229
1303,1505,0.32
1303,3020,0.201
1305,2983,0.204
1306,2044,0.246
1306,2838,0.223
1306,3057,0.467
1308,1776,0.216
1310,3129,0.401
1310,3179,0.207
1310,4079,0.249
1311,2356,0.216
1311,4303,0.211
1313,1697,0.638
1313,1858,0.319
1313,1914,0.26
1313,1966,0.226
1313,2089,0.469
1313,2160,0.406
1313,2294,0.206
1313,2348,0.204
1313,2452,0.235
1313,2506,0.563
1313,2572,0.371
1313,2677,0.481
1313,3180,0.261
1313,3338,0.202
1313,3404,0.204
1313,3438,0.201
1313,3471,0.241
1313,3594,0.342
1313,3644,0.204
1313,3712,0.219
1313,3740,0.206
1313,3818,0.229
1313,3898,0.234
1313,4085,0.224
1313,4199,0.298
1315,3328,0.255
1315,3769,0.212
1315,4179,0.208
1317,3057,0.218
1320,1651,0.252
1320,1728,0.248
1320,1782,0.285
1320,1972,0.322
1320,2018,0.409
1320,2021,0.229
1320,2322,0.227
1320,2328,0.209
1320,2432,0.228
1320,2462,0.225
1320,3322,0.265
1320,3452,0.421
1320,3618,0.209
1320,3819,0.255
1320,4048,0.205
1320,4191,0.209
1320,4361,0.202
1321,1650,0.331
1321,1750,0.245
1322,1515,0.202
1322,1639,0.251
1322,1687,0.249
1322,1743,0.383
1322,1748,0.223
1322,1989,0.254
1322,2391,0.234
1322,2637,0.257
1322,3566,0.277
1322,3629,0.225
1322,3656,0.216
1324,1816,0.205
1324,3454,0.206
1324,3933,0.293
1325,3346,0.203
1325,4132,0.201
1326,2673,0.209
1326,4196,0.258
1327,1567,0.22
1327,2479,0.221
1327,3318,0.299
1328,2344,0.203
1329,1445,0.279
1329,1465,0.204
1329,1722,0.214
1329,1749,0.235
1329,2010,0.359
1329,2228,0.213
1329,2385,0.224
1329,2627,0.243
1329,2784,0.358
1329,2899,0.213
1329,3289,0.215
1329,3313,0.219
1329,3354,0.206
1329,3884,0.205
1330,3135,0.234
1332,1863,0.216
1334,1825,0.226
1334,2332,0.219
1334,3122,0.201
1334,4119,0.216
1336,1946,0.229
1337,1748,0.237
1337,2071,0.229
1337,2615,0.201
1337,2853,0.203
1338,1904,0.243
1341,1401,0.211
1341,1948,0.209
1341,3972,0.337
1342,1952,0.31
1342,2011,0.43
1342,2232,0.251
1342,2569,0.262
1342,2842,0.316
1342,2852,0.257
1342,3179,0.203
1342,3335,0.218
1342,3840,0.203
1342,4328,0.245
1342,4351,0.241
1343,1577,0.223
1345,1566,0.534
1345,2581,0.203
1346,1679,0.208
1346,1913,0.233
1346,2718,0.211
1346,3246,0.209
1347,2231,0.237
1347,2938,0.214
1347,3298,0.206
1347,3691,0.204
1347,3890,0.208
1349,3005,0.265
1349,4212,0.205
1350,3248,0.216
1351,1958,0.204
1351,2813,0.246
1351,3818,0.205
1352,1632,0.234
1352,1651,0.257
1352,1978,0.335
1352,2093,0.209
1352,3552,0.363
1352,4008,0.342
1352,4249,0.214
1354,4244,0.215
1355,2120,0.237
1355,2154,0.248
1355,2843,0.222
1355,2873,0.301
1355,3422,0.316
1355,3813,0.32
1355,4042,0.321
1355,4108,0.308
1355,4366,0.24
1356,1542,0.271
1356,1680,0.251
1356,1719,0.626
1356,1909,0.228
1356,2330,0.255
1356,2454,0.233
1356,2930,0.207
1356,3009,0.293
1356,3207,0.602
1356,3295,0.249
1356,3399,0.259
1356,3552,0.22
1356,3738,0.253
1356,3789,0.204
1356,3911,0.486
1357,1373,0.213
1357,1521,0.453
1357,1688,0.24
1357,2278,0.217
1357,2477,0.231
1357,3101,0.208
1357,4202,0.294
1359,2724,0.284
1359,4152,0.238
1359,4224,0.206
1361,2006,0.225
1361,2937,0.274
1364,2848,0.238
1367,3221,0.208
1369,1521,0.204
1369,3085,0.235
1369,4202,0.373
1372,3065,0.216
1373,1422,0.262
1373,1492,0.206
1373,1503,0.241
1373,1572,0.225
1373,1628,0.273
1373,1654,0.278
1373,1691,0.213
1373,1692,0.225
1373,1756,0.219
1373,1804,0.232
1373,1835,0.267
1373,1839,0.277
1373,1874,0.3
1373,1892,0.334
1373,1955,0.213
1373,1999,0.204
1373,2008,0.259
1373,2093,0.227
1373,2114,0.228
1373,2221,0.214
1373,2246,0.223
1373,2278,0.323
1373,2660,0.247
1373,2724,0.21
1373,2853,0.216
1373,3085,0.229
1373,3212,0.224
1373,3228,0.221
1373,3232,0.291
1373,3325,0.29
1373,3509,0.215
1373,3568,0.225
1373,3629,0.254
1373,3719,0.287
1373,3734,0.304
1373,3762,0.256
1373,3895,0.208
1373,3966,0.264
1373,4014,0.221
1373,4018,0.237
1373,4064,0.27
1373,4152,0.283
1373,4395,0.221
1375,2183,0.323
1375,2306,0.312
1375,2904,0.27
1375,3208,0.477
1376,1567,0.294
1376,1877,0.219
1376,4090,0.201
1377,1402,0.239
1377,1715,0.235
1378,2584,0.213
1378,2815,0.281
1378,3682,0.208
1382,1798,0.203
1382,1916,0.236
1382,3691,0.255
1383,2673,0.302
1384,2609,0.202
1385,2088,0.233
1385,4080,0.255
1386,1978,0.234
1386,2432,0.291
1386,3552,0.203
1388,2768,0.274
1389,1951,0.591
1389,2600,0.383
1389,2667,0.532
1389,3601,0.55
1392,2203,0.311
1392,2387,0.201
1392,2398,0.219
1392,2401,0.218
1392,2954,0.214
1392,4361,0.21
1394,1680,0.253
1395,2193,0.251
1395,3339,0.237
1395,3598,0.217
1395,3606,0.268
1395,3831,0.21
1395,4296,0.347
1398,2356,0.204
1398,2719,0.261
1398,3566,0.211
1398,3655,0.204
1398,4024,0.205
1398,4203,0.204
1398,4353,0.264
1399,1567,0.206
1399,1810,0.229
1399,1831,0.353
1399,1909,0.235
1399,2397,0.319
1399,2881,0.209
1399,3214,0.216
1399,3578,0.23
1399,3605,0.311
1399,3867,0.334
1399,4043,0.219
1400,1741,0.237
1401,1779,0.201
1401,2598,0.205
1401,2852,0.262
1401,2945,0.238
1401,2949,0.283
1401,3332,0.237
1401,3415,0.332
1401,3653,0.305
1401,3715,0.236
1401,4347,0.394
1402,1788,0.209
1402,3921,0.202
1404,2006,0.241
1404,2660,0.249
1404,2687,0.409
1404,3452,0.248
1405,2472,0.674
1405,2548,0.617
1405,2595,0.713
1405,2598,0.221
1405,2699,0.545
1406,1537,0.34
1406,2322,0.362
1406,2687,0.238
1406,2765,0.376
1406,3227,0.302
1406,3881,0.324
1406,3930,0.362
1406,4191,0.296
1407,1410,0.208
1407,1537,0.273
1407,1718,0.296
1407,1877,0.37
1407,2115,0.249
1407,2552,0.273
1407,2620,0.592
1407,2641,0.228
1407,2765,0.211
1407,2802,0.223
1407,2900,0.273
1407,2940,0.22
1407,3227,0.263
1407,3348,0.293
1407,3497,0.256
1407,3508,0.225
1407,3823,0.22
1407,3881,0.205
1407,4204,0.226
1408,1427,0.204
1408,1826,0.346
1408,2541,0.219
1408,3923,0.209
1408,4229,0.29
1408,4258,0.267
1408,4403,0.238
1409,1713,0.251
1409,2036,0.286
1409,2628,0.241
1409,2812,0.212
1409,3908,0.203
1409,4278,0.343
1410,1751,0.202
1410,1877,0.282
1410,2115,0.233
1410,3348,0.323
1410,3819,0.219
1415,1535,0.229
1415,2886,0.271
1415,2944,0.312
1416,2082,0.228
1416,4231,0.329
1417,1584,0.329
1419,2937,0.202
1419,3307,0.201
1419,4053,0.23
1420,2191,0.24
1421,2253,0.374
1421,3862,0.334
1422,1503,0.229
1422,1628,0.223
1422,1692,0.253
1422,1874,0.219
1422,1892,0.226
1422,3085,0.201
1422,3154,0.244
1422,3325,0.24
1422,3734,0.274
1423,1704,0.235
1423,3914,0.228
1423,3927,0.254
1423,4023,0.205
1423,4261,0.202
1424,3219,0.264
1424,4396,0.204
1425,1961,0.211
1425,4368,0.209
1426,3270,0.543
1426,4106,0.277
1427,2259,0.215
1427,2750,0.241
1427,3005,0.331
1427,4104,0.229
1428,2875,0.204
1428,3953,0.226
1428,4139,0.216
1430,1620,0.261
1431,1453,0.292
1431,1524,0.262
1431,1617,0.354
1431,1672,0.276
1431,1944,0.269
1431,2001,0.245
1431,2213,0.282
1431,2275,0.278
1431,2279,0.214
1431,2511,0.204
1431,2576,0.212
1431,2604,0.263
1431,2626,0.249
1431,2672,0.255
1431,2719,0.243
1431,3003,0.213
1431,3100,0.305
1431,3343,0.333
1431,3360,0.214
1431,3638,0.359
1431,3773,0.21
1431,3842,0.23
1431,4347,0.221
1436,2673,0.328
1436,4196,0.247
1439,2401,0.383
1439,2954,0.241
1439,3623,0.227
1441,2641,0.304
1441,3490,0.414
1443,1604,0.213
1443,1754,0.223
1443,1948,0.256
1443,2281,0.234
1443,2947,0.241
1443,3584,0.218
1443,3945,0.239
1443,4017,0.239
1445,1722,0.39
1445,1749,0.337
1445,1963,0.372
1445,2010,0.29
1445,2119,0.245
1445,2148,0.211
1445,2151,0.214
1445,2223,0.241
1445,2228,0.399
1445,2260,0.307
1445,2337,0.216
1445,2381,0.261
1445,2385,0.409
1445,2387,0.205
1445,2398,0.205
1445,2627,0.254
1445,2729,0.203
1445,2740,0.483
1445,2784,0.338
1445,2899,0.253
1445,3056,0.256
1445,3313,0.387
1445,3354,0.447
1447,1716,0.233
1447,2245,0.227
1448,3631,0.212
1449,2289,0.206
1449,3593,0.225
1450,1650,0.375
1450,1866,0.213
1450,1981,0.254
1450,2081,0.234
1450,3899,0.205
1451,1777,0.274
1451,1912,0.32
1451,1940,0.499
1451,2286,0.256
1451,2383,0.355
1451,2588,0.606
1451,3026,0.268
1451,4049,0.292
1451,4191,0.207
1452,1502,0.383
1452,1642,0.389
1452,2327,0.221
1452,2552,0.202
1452,2641,0.277
1452,2653,0.265
1452,2737,0.234
1452,2800,0.229
1452,3012,0.226
1452,3200,0.241
1452,3553,0.241
1452,3808,0.207
1452,4305,0.352
1453,1617,0.316
1453,1944,0.205
1453,1979,0.24
1453,2001,0.246
1453,2604,0.371
1453,2672,0.245
1453,3003,0.213
1453,3221,0.258
1453,3638,0.263
1453,3952,0.22
1455,1885,0.296
1455,2233,0.225
1455,2329,0.445
1455,2632,0.211
1455,3472,0.265
1455,4071,0.326
1455,4151,0.235
1455,4170,0.258
1455,4307,0.474
1457,1472,0.297
1457,1909,0.263
1457,2969,0.252
1458,4392,0.222
1459,2671,0.203
1460,3253,0.21
1463,2882,0.21
1465,1749,0.319
1465,2228,0.204
1465,2385,0.213
1465,2729,0.316
1465,2784,0.28
1465,3884,0.302
1466,1477,0.276
1466,1798,0.317
1466,1916,0.332
1466,2415,0.33
1466,2442,0.239
1466,2555,0.383
1466,3048,0.281
1466,4277,0.437
1467,2210,0.238
1467,2298,0.201
1467,2381,0.291
1467,2971,0.224
1467,3479,0.281
1467,3919,0.27
1467,4279,0.206
1468,1637,0.363
1468,2061,0.202
1468,4001,0.218
1469,1903,0.205
1469,2090,0.262
1469,2210,0.263
1469,2343,0.286
1469,2659,0.225
1469,3501,0.212
1469,3860,0.243
1469,3865,0.213
1469,3919,0.253
1469,4190,0.214
1469,4228,0.288
1470,2780,0.213
1470,2832,0.275
1470,4206,0.224
1470,4272,0.203
1472,2969,0.335
1472,3789,0.202
1473,1639,0.222
1473,1648,0.214
1473,1743,0.245
1474,2085,0.279
1476,2479,0.216
1476,3040,0.334
1476,3624,0.232
1476,3995,0.362
1477,1798,0.355
1477,1916,0.315
1477,2415,0.287
1477,2555,0.219
1477,3048,0.252
1477,4277,0.293
1478,4401,0.202
1479,1970,0.268
1479,2275,0.211
1479,2604,0.233
1479,3088,0.216
1479,3221,0.206
1479,3343,0.301
1480,1543,0.233
1480,3353,0.226
1481,2451,0.249
1484,1858,0.221
1484,2036,0.206
1484,2472,0.293
1484,2548,0.233
1484,2595,0.219
1484,2699,0.242
1484,3190,0.263
1484,3632,0.224
1484,3767,0.216
1487,2503,0.221
1487,3462,0.209
1487,3921,0.22
1488,1880,0.383
1488,1976,0.221
1488,2129,0.344
1488,2259,0.361
1488,2348,0.242
1488,3080,0.219
1488,3471,0.378
1488,3517,0.21
1488,3712,0.226
1488,3740,0.304
1489,1493,0.262
1489,1608,0.293
1489,1688,0.276
1489,1691,0.212
1489,1831,0.203
1489,1879,0.201
1489,1942,0.436
1489,2177,0.237
1489,2424,0.202
1489,2806,0.225
1489,2940,0.202
1489,3441,0.578
1489,3494,0.259
1489,3641,0.217
1489,3910,0.341
1489,3966,0.213
1489,4064,0.232
1489,4152,0.211
1490,3163,0.28
1492,1572,0.212
1492,1578,0.204
1492,1628,0.227
1492,1654,0.237
1492,1660,0.204
1492,1839,0.203
1492,2008,0.236
1492,2045,0.241
1492,2278,0.217
1492,2357,0.248
1492,2660,0.275
1492,2968,0.218
1492,3085,0.282
1492,3178,0.259
1492,3629,0.257
1492,3768,0.228
1492,3895,0.301
1492,3952,0.213
1492,3966,0.257
1492,4064,0.261
1492,4152,0.285
1493,1608,0.363
1493,1942,0.446
1493,3441,0.341
1493,3494,0.331
1495,1833,0.208
1495,1987,0.214
1495,2967,0.21
1495,3074,0.21
1495,3535,0.208
1496,1737,0.218
1496,1887,0.316
1496,2173,0.206
1496,2493,0.437
1496,3001,0.3
1496,3303,0.225
1496,3980,0.223
1496,4305,0.203
1496,4372,0.265
1499,1958,0.218
1499,3421,0.224
1500,1908,0.214
1500,2811,0.233
1501,2112,0.218
1502,2077,0.21
1502,2124,0.242
1502,2298,0.344
1502,2766,0.264
1502,2876,0.282
1502,3001,0.211
1502,3252,0.345
1502,3553,0.212
1502,3819,0.279
1502,3900,0.228
1502,4060,0.241
1502,4296,0.203
1502,4381,0.215
1503,1628,0.207
1503,1955,0.228
1503,2008,0.205
1503,2093,0.208
1503,3734,0.26
1505,2656,0.254
1505,3089,0.34
1505,3946,0.412
1506,3255,0.344
1506,3305,0.217
1506,3686,0.201
1506,4388,0.204
1508,1886,0.266
1508,2462,0.251
1508,2784,0.27
1508,3523,0.241
1508,3772,0.224
1508,4405,0.237
1509,3056,0.27
1512,1568,0.208
1512,1747,0.416
1512,1794,0.215
1512,1803,0.389
1512,1830,0.364
1512,1931,0.284
1512,4381,0.283
1513,2531,0.269
1513,3377,0.267
1514,2380,0.238
1514,2770,0.251
1514,2810,0.338
1514,2940,0.207
1514,3333,0.22
1514,3508,0.402
1514,3668,0.332
1514,3717,0.275
1515,1989,0.218
1515,3629,0.237
1515,3759,0.208
1515,4407,0.222
1516,2839,0.238
1516,2916,0.233
1516,3601,0.21
1516,4364,0.237
1518,2479,0.252
1519,3214,0.247
1519,4217,0.256
1520,2127,0.232
1520,3213,0.241
1521,1554,0.263
1521,2811,0.209
1521,3728,0.211
1521,3927,0.241
1521,4202,0.288
1523,1651,0.329
1523,1877,0.235
1523,2620,0.283
1523,2765,0.221
1523,3259,0.262
1523,3507,0.214
1523,3798,0.243
1524,1617,0.227
1524,1979,0.277
1524,2604,0.204
1524,2626,0.214
1524,3100,0.22
1524,3328,0.25
1526,2640,0.217
1526,2741,0.205
1526,3304,0.231
1528,1948,0.208
1528,3067,0.228
1528,3368,0.21
1528,3436,0.207
1529,4041,0.211
1530,1966,0.246
1530,2267,0.229
1530,2290,0.223
1530,3311,0.203
1531,4251,0.209
1532,3728,0.201
1535,2886,0.23
1535,2944,0.212
1537,1651,0.253
1537,1728,0.266
1537,1782,0.274
1537,1877,0.201
1537,1972,0.237
1537,1978,0.212
1537,2018,0.205
1537,2021,0.32
1537,2082,0.217
1537,2322,0.334
1537,2432,0.21
1537,2463,0.237
1537,2547,0.202
1537,2620,0.293
1537,2720,0.241
1537,2765,0.305
1537,2860,0.224
1537,3227,0.348
1537,3259,0.209
1537,3322,0.294
1537,3452,0.367
1537,3552,0.356
1537,3618,0.276
1537,3651,0.217
1537,3752,0.263
1537,3769,0.222
1537,3798,0.245
1537,3819,0.215
1537,3881,0.211
1537,3930,0.239
1537,4008,0.247
1537,4104,0.226
1537,4191,0.436
1537,4204,0.216
1542,1719,0.226
1542,2330,0.445
1542,2493,0.216
1542,2930,0.207
1542,3207,0.209
1543,4047,0.24
1544,2934,0.218
1544,3578,0.217
1546,3271,0.238
1546,3721,0.215
1547,2734,0.226
1549,2346,0.34
1549,2673,0.201
1549,2813,0.283
1551,3503,0.227
1552,1916,0.246
1552,2415,0.254
1552,2555,0.306
1552,3157,0.215
1552,4277,0.211
1553,2124,0.252
1553,2472,0.306
1553,2548,0.352
1553,2595,0.263
1553,2679,0.205
1553,2691,0.21
1553,2699,0.214
1553,2738,0.24
1553,2855,0.208
1553,3309,0.214
1554,1648,0.208
1554,3020,0.246
1554,3126,0.225
1554,3635,0.219
1554,3728,0.227
1554,3943,0.21
1556,1788,0.264
1556,4109,0.236
1559,2936,0.221
1559,3328,0.209
1559,4354,0.223
1560,1761,0.225
1560,2410,0.208
1560,2900,0.216
1561,1870,0.22
1561,1922,0.277
1561,3233,0.343
1561,3793,0.25
1561,3906,0.252
1561,4006,0.235
1562,2838,0.223
1562,3105,0.272
1562,3760,0.21
1562,3773,0.235
1564,1926,0.371
1564,2119,0.214
1564,2484,0.223
1565,2168,0.204
1565,2590,0.228
1565,2657,0.231
1567,1877,0.237
1567,2552,0.269
1567,3698,0.204
1568,2055,0.431
1568,2687,0.203
1568,3218,0.283
1568,4206,0.221
1569,4154,0.353
1570,2114,0.215
1572,1691,0.261
1572,1839,0.22
1572,1999,0.214
1572,2093,0.211
1572,2177,0.215
1572,2278,0.229
1572,2357,0.211
1572,2968,0.201
1572,3325,0.24
1572,3477,0.219
1572,3719,0.214
1572,3734,0.241
1572,3768,0.232
1572,3952,0.207
1572,4018,0.214
1572,4152,0.277
1576,2162,0.203
1576,4334,0.317
1577,3955,0.349
1578,2045,0.224
1578,2177,0.277
1578,2357,0.201
1578,2710,0.337
1578,3966,0.284
1578,4064,0.213
1579,3345,0.229
1579,3493,0.206
1579,4298,0.311
1581,1976,0.375
1581,2259,0.203
1581,3029,0.269
1581,3471,0.209
1582,1814,0.287
1582,2871,0.317
1582,3495,0.228
1582,3534,0.232
1583,1869,0.202
1583,1926,0.229
1583,3211,0.201
1584,2181,0.204
1584,2662,0.237
1584,2984,0.207
1584,3067,0.223
1584,3584,0.273
1584,3993,0.249
1586,2322,0.217
1586,2484,0.219
1586,3798,0.231
1586,3847,0.449
1586,4272,0.224
1590,1704,0.373
1590,1754,0.294
1590,3407,0.399
1590,3585,0.296
1590,3927,0.327
1590,4261,0.285
1593,2060,0.231
1594,1914,0.251
1594,3318,0.262
1594,3898,0.249
1595,3125,0.234
1602,1634,0.406
1602,1942,0.201
1602,2369,0.297
1602,2505,0.404
1602,2742,0.296
1602,3468,0.388
1602,3963,0.433
1602,4013,0.299
1603,2555,0.212
1603,3048,0.213
1605,2503,0.224
1605,3665,0.203
1606,4371,0.209
1607,1616,0.201
1608,1942,0.591
1608,2226,0.22
1608,2420,0.201
1608,2424,0.213
1608,3415,0.229
1608,3441,0.279
1608,3494,0.333
1608,3910,0.311
1616,2594,0.205
1616,2899,0.411
1617,1944,0.205
1617,2001,0.228
1617,2213,0.304
1617,2275,0.232
1617,2367,0.284
1617,2604,0.315
1617,2626,0.247
1617,2672,0.335
1617,3088,0.202
1617,3100,0.295
1617,3343,0.248
1617,3638,0.24
1619,4317,0.301
1622,2817,0.261
1622,2819,0.343
1622,3263,0.315
1622,4320,0.28
1623,1834,0.22
1623,2193,0.312
1623,3190,0.254
1623,3606,0.245
1623,3962,0.29
1623,4296,0.209
1625,3309,0.231
1628,1691,0.249
1628,1839,0.288
1628,1874,0.225
1628,1892,0.278
1628,1904,0.219
1628,1923,0.21
1628,2008,0.29
1628,2140,0.208
1628,2278,0.263
1628,2302,0.203
1628,2660,0.35
1628,2968,0.209
1628,3044,0.205
1628,3085,0.262
1628,3178,0.272
1628,3232,0.274
1628,3314,0.242
1628,3325,0.27
1628,3477,0.249
1628,3509,0.213
1628,3629,0.31
1628,3675,0.21
1628,3719,0.31
1628,3734,0.38
1628,3762,0.232
1628,3952,0.202
1628,3966,0.306
1628,4018,0.251
1628,4064,0.209
1628,4152,0.282
1628,4308,0.212
1628,4362,0.215
1628,4395,0.226
1631,1807,0.226
1631,2611,0.251
1633,2080,0.246
1633,2218,0.208
1633,3156,0.21
1633,3637,0.369
1634,1750,0.22
1634,2369,0.354
1634,2505,0.356
1634,2742,0.318
1634,3230,0.25
1634,3362,0.212
1634,3456,0.212
1634,3468,0.412
1634,3470,0.24
1634,3815,0.214
1634,3827,0.218
1634,3857,0.237
1634,3963,0.505
1634,4013,0.283
1635,2002,0.257
1635,2457,0.242
1635,3265,0.201
1636,2247,0.243
1637,1963,0.228
1637,1983,0.264
1637,2148,0.216
1637,2387,0.201
1637,2511,0.204
1637,2652,0.235
1637,2777,0.201
1637,2839,0.211
1637,2938,0.368
1637,3056,0.232
1637,4267,0.201
1637,4279,0.204
1638,1952,0.238
1638,2036,0.239
1638,2208,0.423
1638,2232,0.331
1638,2441,0.303
1638,2700,0.274
1638,2768,0.216
1638,3191,0.275
1638,3335,0.319
1638,3830,0.229
1638,3989,0.269
1639,1668,0.21
1639,1687,0.212
1639,1743,0.301
1639,1989,0.266
1639,3164,0.201
1639,4024,0.271
1639,4199,0.214
1641,3660,0.267
1642,2022,0.229
1642,2641,0.218
1642,4305,0.391
1643,1788,0.221
1643,1810,0.215
1643,1871,0.207
1643,2333,0.217
1643,2349,0.291
1643,3198,0.253
1643,3583,0.211
1644,3584,0.218
1646,3029,0.21
1646,3506,0.232
1648,1709,0.212
1650,1866,0.281
1650,3115,0.205
1651,1972,0.447
1651,2463,0.221
1651,2484,0.226
1651,2720,0.376
1651,2765,0.255
1651,3259,0.203
1651,3507,0.317
1651,3552,0.268
1651,3798,0.344
1651,3930,0.247
1651,4008,0.279
1651,4187,0.317
1651,4204,0.212
1653,2001,0.232
1653,2275,0.212
1653,2604,0.235
1653,3342,0.204
1653,3842,0.208
1654,1688,0.364
1654,1691,0.21
1654,1692,0.215
1654,1839,0.253
1654,1874,0.21
1654,2045,0.218
1654,2177,0.25
1654,2278,0.228
1654,2357,0.226
1654,2951,0.206
1654,2962,0.221
1654,3085,0.232
1654,3371,0.222
1654,3477,0.202
1654,3719,0.264
1654,3734,0.24
1654,3895,0.214
1654,3966,0.389
1654,4064,0.382
1654,4152,0.272
1654,4362,0.265
1654,4406,0.218
1658,1997,0.21
1658,3396,0.219
1660,2065,0.236
1660,2326,0.227
1660,2809,0.242
1660,3244,0.277
1660,3454,0.251
1660,3858,0.203
1660,4262,0.226
1662,1825,0.227
1662,2332,0.24
1662,2584,0.273
1662,2754,0.203
1662,3990,0.268
1662,4119,0.249
1662,4407,0.215
1663,3136,0.279
1666,3056,0.207
1666,3773,0.413
1666,4061,0.267
1670,2258,0.239
1670,3159,0.399
1672,2134,0.272
1672,2289,0.201
1672,2719,0.225
1672,3638,0.214
1674,2160,0.228
1674,2805,0.461
1674,3440,0.319
1674,4186,0.248
1676,1921,0.311
1676,3099,0.214
1676,3472,0.213
1676,3619,0.274
1676,3987,0.212
1676,4071,0.248
1677,2181,0.237
1677,2700,0.251
1677,3009,0.328
1677,3130,0.209
1677,3295,0.358
1677,3738,0.228
1677,4113,0.275
1679,2154,0.338
1679,3093,0.216
1680,2255,0.206
1680,2497,0.327
1680,2522,0.23
1680,2699,0.254
1680,2737,0.272
1680,2739,0.352
1680,3623,0.253
1680,4246,0.218
1680,4412,0.4
1681,2244,0.288
1681,2691,0.341
1681,2912,0.226
1681,3309,0.214
1681,3632,0.218
1682,2332,0.288
1682,2842,0.214
1682,4328,0.365
1683,3392,0.223
1686,2393,0.219
1687,1743,0.252
1687,1989,0.244
1688,1839,0.221
1688,2045,0.232
1688,2177,0.313
1688,2278,0.238
1688,2962,0.317
1688,3044,0.223
1688,3244,0.228
1688,3895,0.295
1688,3966,0.28
1688,4064,0.305
1688,4152,0.229
1688,4362,0.227
1689,1702,0.231
1689,1997,0.332
1689,2455,0.204
1689,3265,0.201
1689,3728,0.236
1689,4378,0.202
1691,1835,0.234
1691,1839,0.249
1691,2008,0.235
1691,2177,0.208
1691,2221,0.216
1691,2278,0.201
1691,2660,0.29
1691,2724,0.249
1691,3044,0.226
1691,3178,0.225
1691,3212,0.213
1691,3325,0.252
1691,3477,0.226
1691,3629,0.284
1691,3675,0.221
1691,3719,0.253
1691,3734,0.238
1691,3952,0.224
1691,4152,0.254
1691,4362,0.216
1691,4406,0.265
1692,1839,0.227
1692,1874,0.332
1692,1892,0.218
1692,1999,0.241
1692,2093,0.253
1692,2114,0.212
1692,2140,0.241
1692,2853,0.31
1692,3085,0.299
1692,3325,0.207
1692,3477,0.21
1692,3629,0.227
1692,3719,0.225
1692,3734,0.299
1693,1701,0.225
1693,3868,0.221
1693,3968,0.205
1694,2610,0.207
1694,3110,0.312
1694,4060,0.525
1697,1858,0.351
1697,1914,0.254
1697,1966,0.255
1697,2089,0.706
1697,2160,0.334
1697,2267,0.29
1697,2348,0.333
1697,2506,0.605
1697,2571,0.228
1697,2572,0.408
1697,3064,0.224
1697,3080,0.225
1697,3180,0.234
1697,3471,0.259
1697,3517,0.315
1697,3594,0.285
1697,3712,0.246
1697,4085,0.203
1699,2065,0.232
1699,2702,0.215
1700,2504,0.49
1700,2912,0.571
1700,3155,0.206
1700,3548,0.241
1700,3632,0.206
1701,2464,0.275
1701,3477,0.267
1701,3868,0.255
1701,4241,0.297
1702,2002,0.418
1702,2455,0.216
1702,2990,0.211
1702,3265,0.23
1702,3953,0.205
1702,4042,0.208
1703,1750,0.214
1703,1882,0.21
1703,1925,0.266
1703,3428,0.22
1703,3801,0.261
1704,1754,0.34
1704,1974,0.207
1704,2590,0.214
1704,3407,0.334
1704,3585,0.358
1704,3927,0.313
1704,4261,0.335
1707,4145,0.217
1708,1714,0.242
1708,1881,0.223
1708,2881,0.382
1708,3192,0.231
1708,3243,0.223
1708,3291,0.415
1708,4108,0.28
1709,1847,0.43
1711,2123,0.254
1711,3017,0.209
1711,4356,0.207
1712,2428,0.215
1713,2036,0.231
1713,4278,0.292
1714,1777,0.208
1714,1974,0.243
1714,2505,0.336
1714,3413,0.274
1714,3468,0.252
1715,4234,0.202
1716,2124,0.246
1718,1751,0.248
1718,1794,0.208
1718,1877,0.201
1718,2620,0.324
1718,2900,0.302
1718,3668,0.204
1718,3915,0.214
1719,1831,0.24
1719,1909,0.256
1719,2002,0.216
1719,2330,0.236
1719,2454,0.222
1719,3009,0.26
1719,3207,0.645
1719,3295,0.227
1719,3399,0.293
1719,3738,0.259
1719,3789,0.21
1719,3807,0.228
1719,3867,0.22
1719,3911,0.515
1720,3119,0.207
1720,3135,0.21
1721,2947,0.22
1721,3047,0.205
1721,3836,0.237
1722,1749,0.516
1722,1886,0.347
1722,2010,0.234
1722,2083,0.221
1722,2119,0.239
1722,2223,0.206
1722,2228,0.857
1722,2231,0.234
1722,2385,0.795
1722,2727,0.21
1722,2729,0.274
1722,2899,0.246
1722,3298,0.233
1722,3313,0.226
1722,3354,0.288
1722,3523,0.215
1722,3884,0.259
1724,4212,0.24
1728,1782,0.277
1728,2018,0.316
1728,2021,0.397
1728,2322,0.259
1728,2462,0.222
1728,2860,0.24
1728,3322,0.313
1728,3452,0.324
1728,3618,0.265
1728,3752,0.276
1728,4191,0.26
1730,2803,0.201
1730,4136,0.213
1731,2885,0.211
1734,1809,0.257
1734,1876,0.265
1734,1962,0.253
1734,2242,0.281
1734,2621,0.264
1734,2676,0.302
1734,2775,0.245
1734,2779,0.308
1734,3018,0.204
1734,3050,0.292
1734,3078,0.252
1734,3327,0.252
1734,3608,0.29
1734,3773,0.259
1734,3918,0.384
1734,4098,0.243
1734,4205,0.423
1734,4221,0.249
1735,4228,0.255
1736,1750,0.206
1736,4160,0.248
1737,3001,0.234
1737,3303,0.359
1737,3470,0.212
1740,2080,0.327
1740,2897,0.211
1740,3156,0.365
1740,3314,0.206
1743,1754,0.206
1743,1851,0.205
1743,1989,0.232
1743,2637,0.266
1743,3164,0.224
1743,3656,0.232
1743,4024,0.203
1743,4208,0.212
1744,2152,0.23
1744,2619,0.432
1744,2998,0.292
1744,3109,0.218
1744,3673,0.399
1744,4402,0.368
1745,1827,0.287
1745,2288,0.326
1745,2322,0.306
1746,3599,0.215
1747,1794,0.228
1747,1803,0.409
1747,1830,0.345
1747,1931,0.257
1747,2901,0.204
1748,4163,0.203
1749,2228,0.508
1749,2385,0.52
1749,2729,0.445
1749,2784,0.376
1749,2832,0.207
1749,3354,0.206
1749,3884,0.427
1750,2057,0.203
1750,2174,0.341
1750,2215,0.21
1750,2256,0.252
1750,2435,0.259
1750,2499,0.233
1750,2718,0.485
1750,2941,0.382
1750,2984,0.235
1750,3022,0.278
1750,3362,0.347
1750,3428,0.295
1750,3674,0.338
1750,3701,0.23
1750,4061,0.271
1751,3819,0.206
1751,4381,0.275
1752,2953,0.206
1754,3407,0.293
1754,3585,0.368
1754,3927,0.266
1754,4261,0.282
1755,3005,0.206
1755,3498,0.21
1757,3328,0.287
1757,4060,0.226
1758,3734,0.208
1759,4120,0.218
1761,1777,0.302
1761,1893,0.371
1761,2218,0.319
1761,2286,0.204
1761,2704,0.232
1761,2814,0.309
1761,2817,0.223
1761,3079,0.309
1761,3504,0.238
1762,1953,0.217
1762,2081,0.218
1762,3570,0.201
1762,4253,0.223
1763,3531,0.213
1764,4334,0.345
1765,2550,0.312
1766,2040,0.308
1766,2239,0.218
1766,3595,0.248
1766,3835,0.212
1766,3851,0.281
1769,2147,0.225
1769,2288,0.312
1769,2909,0.246
1769,3227,0.206
1769,3257,0.22
1769,3823,0.224
1769,3831,0.342
1769,4191,0.25
1772,3230,0.241
1773,3769,0.253
1773,3988,0.214
1774,3281,0.26
1775,3556,0.286
1777,1893,0.258
1777,1912,0.231
1777,1940,0.28
1777,2218,0.209
1777,2286,0.3
1777,2383,0.459
1777,2464,0.314
1777,2495,0.227
1777,3026,0.27
1777,3079,0.326
1777,4049,0.426
1778,3879,0.201
1779,2569,0.229
1779,2949,0.22
1779,3081,0.263
1779,3653,0.241
1779,3715,0.218
1779,4328,0.218
1779,4347,0.257
1781,2623,0.471
1781,2823,0.223
1781,3611,0.263
1782,2018,0.275
1782,2021,0.402
1782,2082,0.268
1782,2322,0.236
1782,2328,0.327
1782,3227,0.205
1782,3322,0.306
1782,3452,0.42
1782,3618,0.302
1782,3752,0.32
1782,4146,0.204
1783,1793,0.607
1783,1815,0.232
1783,2036,0.248
1783,2135,0.619
1783,2181,0.68
1783,2441,0.281
1783,2503,0.223
1783,2537,0.32
1783,2662,0.543
1783,2846,0.632
1783,3993,0.649
1785,2131,0.204
1786,4391,0.223
1787,2360,0.303
1787,2845,0.278
1788,3860,0.207
1788,4109,0.351
1788,4228,0.204
1790,3853,0.23
1793,2135,0.568
1793,2181,0.643
1793,2441,0.252
1793,2537,0.357
1793,2662,0.502
1793,2846,0.59
1793,3993,0.615
1794,4381,0.304
1796,1917,0.456
1796,2185,0.363
1796,3428,0.203
1796,3494,0.215
1798,1916,0.343
1798,2415,0.349
1798,2555,0.308
1798,3048,0.346
1798,4277,0.318
1800,1899,0.204
1800,2462,0.35
1801,3593,0.23
1802,2832,0.203
1802,3426,0.22
1802,3496,0.258
1803,1830,0.417
1803,1931,0.265
1804,2008,0.214
1804,2278,0.227
1804,3085,0.234
1807,3486,0.208
1809,2621,0.203
1809,3018,0.272
1810,1831,0.545
1810,2397,0.484
1810,2466,0.201
1810,2894,0.225
1810,2922,0.207
1810,3605,0.438
1810,3867,0.559
1813,3279,0.233
1814,2871,0.33
1815,2036,0.262
1815,2181,0.301
1815,2441,0.283
1815,2472,0.285
1815,2548,0.256
1815,2595,0.213
1815,2699,0.202
1815,2846,0.212
1815,3532,0.209
1815,3993,0.208
1816,2187,0.305
1816,2345,0.269
1816,3402,0.208
1816,3454,0.227
1816,3729,0.218
1816,4034,0.294
1816,4052,0.263
1816,4112,0.241
1816,4224,0.311
1816,4262,0.249
1818,2106,0.338
1821,4327,0.203
1822,2004,0.217
1823,1910,0.486
1823,2846,0.215
1823,3993,0.213
1823,4379,0.523
1824,2347,0.219
1825,1899,0.28
1825,2754,0.235
1825,3038,0.22
1825,3682,0.207
1825,4119,0.209
1825,4407,0.271
1826,1973,0.208
1826,1982,0.204
1826,2801,0.273
1826,3923,0.232
1826,4229,0.394
1826,4258,0.245
1827,2025,0.216
1827,2288,0.268
1827,2633,0.27
1827,3086,0.269
1829,3764,0.203
1830,1931,0.341
1830,2054,0.21
1830,2357,0.212
1831,1887,0.209
1831,1909,0.282
1831,1917,0.225
1831,1952,0.218
1831,2397,0.533
1831,2894,0.351
1831,3605,0.579
1831,3789,0.283
1831,3867,0.814
1833,3393,0.208
1834,2193,0.253
1834,2584,0.249
1834,2909,0.4
1834,3717,0.221
1834,3823,0.317
1834,3831,0.248
1835,1839,0.214
1835,2221,0.21
1835,2278,0.249
1835,2724,0.258
1835,2968,0.246
1835,3212,0.209
1835,3325,0.213
1835,3371,0.201
1835,3719,0.202
1835,3734,0.239
1835,4032,0.25
1835,4152,0.203
1835,4397,0.201
1837,2337,0.221
1839,1874,0.202
1839,1892,0.209
1839,1904,0.21
1839,1931,0.202
1839,1999,0.214
1839,2008,0.282
1839,2045,0.206
1839,2093,0.224
1839,2116,0.251
1839,2140,0.21
1839,2177,0.311
1839,2221,0.225
1839,2278,0.275
1839,2357,0.244
1839,2565,0.216
1839,2577,0.272
1839,2660,0.308
1839,2724,0.22
1839,2968,0.27
1839,3044,0.208
1839,3085,0.215
1839,3178,0.262
1839,3228,0.261
1839,3232,0.214
1839,3314,0.202
1839,3325,0.223
1839,3371,0.262
1839,3451,0.216
1839,3477,0.214
1839,3509,0.201
1839,3629,0.346
1839,3689,0.209
1839,3719,0.302
1839,3734,0.324
1839,3895,0.203
1839,3914,0.24
1839,3952,0.266
1839,3966,0.397
1839,4018,0.204
1839,4064,0.295
1839,4076,0.22
1839,4152,0.332
1839,4362,0.207
1839,4406,0.237
1840,2505,0.22
1841,1849,0.267
1841,2819,0.204
1841,3043,0.439
1841,3981,0.375
1841,4059,0.218
1843,4142,0.21
1846,2229,0.202
1847,2015,0.268
1847,2152,0.237
1847,3789,0.218
1848,3304,0.233
1848,3543,0.318
1848,3578,0.287
1849,2525,0.209
1849,3043,0.262
1849,3077,0.221
1849,3981,0.286
1850,3296,0.234
1852,3274,0.252
1856,4406,0.295
1857,3952,0.264
1858,1914,0.313
1858,1966,0.475
1858,1976,0.232
1858,2089,0.255
1858,2160,0.294
1858,2267,0.207
1858,2290,0.401
1858,2294,0.423
1858,2506,0.294
1858,2572,0.332
1858,3311,0.236
1858,3338,0.216
1858,3404,0.242
1858,3471,0.256
1858,3594,0.535
1858,3644,0.204
1858,3898,0.288
1858,3907,0.414
1858,4085,0.267
1858,4136,0.274
1858,4199,0.244
1858,4368,0.223
1860,2697,0.26
1864,2864,0.208
1864,2952,0.206
1864,3230,0.213
1864,3857,0.257
1869,1926,0.235
1870,2882,0.203
1870,3233,0.386
1870,4006,0.235
1871,2333,0.206
1871,2349,0.228
1871,4167,0.204
1872,2871,0.212
1873,2022,0.223
1873,2935,0.205
1874,1892,0.306
1874,2093,0.24
1874,2114,0.209
1874,2130,0.215
1874,2140,0.241
1874,2278,0.227
1874,2660,0.219
1874,2853,0.201
1874,2968,0.22
1874,3085,0.312
1874,3325,0.211
1874,3337,0.23
1874,3719,0.277
1874,3734,0.286
1874,3895,0.203
1874,4064,0.206
1874,4152,0.209
1874,4395,0.252
1876,2676,0.203
1876,2701,0.225
1876,2779,0.234
1876,3050,0.258
1876,3078,0.303
1876,3608,0.297
1876,3918,0.261
1876,4098,0.253
1876,4205,0.222
1877,2115,0.403
1877,2547,0.202
1877,2620,0.434
1877,3227,0.255
1877,3348,0.625
1877,3410,0.23
1877,3823,0.202
1877,3824,0.212
1877,3881,0.245
1877,4191,0.286
1879,1934,0.209
1879,2424,0.236
1880,2129,0.291
1880,2259,0.284
1880,3471,0.29
1880,3740,0.309
1881,4108,0.232
1881,4183,0.409
1882,2049,0.203
1882,2156,0.211
1882,3305,0.205
1882,3555,0.202
1884,2306,0.487
1885,2233,0.217
1885,2281,0.241
1885,2329,0.274
1885,2632,0.242
1885,3099,0.239
1885,3373,0.213
1885,3472,0.357
1885,4071,0.443
1885,4151,0.319
1885,4170,0.335
1885,4307,0.277
1886,2083,0.492
1886,2138,0.414
1886,2231,0.367
1886,2784,0.329
1886,3523,0.412
1886,3772,0.358
1886,4405,0.307
1887,1937,0.245
1887,2424,0.214
1887,2493,0.429
1887,2959,0.202
1887,3303,0.209
1887,3852,0.295
1891,3081,0.26
1892,1955,0.251
1892,2114,0.222
1892,2278,0.213
1892,3085,0.227
1892,3325,0.245
1892,3719,0.205
1892,3734,0.298
1892,4018,0.208
1892,4064,0.213
1893,2286,0.254
1896,2813,0.21
1899,2120,0.231
1899,2234,0.229
1899,2754,0.261
1899,2899,0.203
1899,3706,0.215
1899,4164,0.22
1899,4268,0.287
1899,4407,0.232
1900,2332,0.266
1903,3860,0.229
1904,2278,0.223
1904,2609,0.214
1904,2724,0.205
1904,2968,0.201
1904,3719,0.241
1904,3734,0.208
1904,3952,0.246
1905,4269,0.248
1906,3295,0.373
1908,2167,0.213
1908,3920,0.223
1908,4029,0.26
1908,4149,0.223
1909,2256,0.217
1909,2397,0.286
1909,2969,0.229
1909,3207,0.259
1909,3605,0.29
1909,3789,0.632
1909,3839,0.212
1909,3867,0.3
1909,3992,0.222
1909,4000,0.208
1910,4379,0.646
1911,2588,0.236
1911,3038,0.27
1911,4278,0.222
1912,1940,0.386
1912,2383,0.223
1912,2588,0.3
1912,3026,0.215
1912,4049,0.276
1913,1935,0.26
1914,1966,0.339
1914,2089,0.236
1914,2160,0.201
1914,2290,0.204
1914,2334,0.216
1914,2348,0.235
1914,2472,0.268
1914,2548,0.265
1914,2572,0.254
1914,2595,0.24
1914,2699,0.201
1914,3155,0.21
1914,3190,0.246
1914,3311,0.245
1914,3338,0.262
1914,3404,0.215
1914,3438,0.244
1914,3594,0.591
1914,3898,0.305
1914,4080,0.207
1914,4199,0.289
1915,3271,0.201
1916,2075,0.223
1916,2415,0.418
1916,2555,0.41
1916,3048,0.43
1916,4277,0.371
1917,2185,0.42
1917,3867,0.226
1918,2428,0.211
1920,3073,0.23
1921,3099,0.259
1922,2400,0.224
1922,2835,0.613
1922,3233,0.294
1922,3906,0.233
1923,3314,0.204
1923,3719,0.202
1923,3734,0.224
1924,2781,0.202
1924,4190,0.218
1925,2106,0.21
1925,2596,0.327
1926,2119,0.203
1926,2484,0.233
1926,2982,0.241
1926,3814,0.322
1926,4309,0.214
1931,2208,0.253
1931,2323,0.209
1931,2579,0.265
1931,4351,0.361
1933,2038,0.287
1933,2559,0.241
1933,2587,0.216
1933,2897,0.35
1933,3168,0.272
1933,4019,0.216
1936,2104,0.214
1936,2455,0.292
1937,2075,0.21
1937,2332,0.22
1937,3682,0.207
1937,4119,0.252
1937,4367,0.213
1938,2213,0.212
1938,2728,0.243
1938,3196,0.326
1938,3328,0.241
1938,3730,0.363
1939,1982,0.205
1940,2286,0.309
1940,2383,0.256
1940,2588,0.54
1940,2901,0.216
1940,3026,0.292
1940,3040,0.311
1940,3624,0.315
1940,3995,0.368
1940,4049,0.281
1940,4114,0.225
1941,3348,0.209
1942,2114,0.222
1942,3399,0.228
1942,3441,0.448
1942,3494,0.426
1943,4224,0.226
1944,2213,0.265
1944,2869,0.228
1944,3100,0.257
1944,3343,0.235
1944,3638,0.233
1948,2233,0.212
1948,2281,0.397
1948,3424,0.208
1948,3584,0.201
1948,4071,0.327
1948,4151,0.222
1948,4170,0.287
1948,4404,0.245
1949,4300,0.349
1951,2600,0.397
1951,2667,0.553
1951,2839,0.505
1951,3601,0.536
1951,3677,0.249
1951,4364,0.467
1952,2124,0.344
1952,2181,0.266
1952,2232,0.443
1952,2700,0.262
1952,3009,0.21
1952,3130,0.201
1952,3179,0.308
1952,3295,0.265
1952,3335,0.408
1952,3867,0.206
1952,4351,0.239
1953,2177,0.204
1953,2357,0.218
1953,3228,0.209
1953,4032,0.221
1953,4253,0.245
1955,3232,0.209
1955,3734,0.201
1955,4152,0.248
1957,2634,0.216
1958,2628,0.208
1958,3421,0.241
1962,2242,0.24
1962,2676,0.209
1962,2775,0.28
1962,2779,0.279
1962,3018,0.34
1962,3608,0.273
1962,4098,0.282
1962,4205,0.276
1963,1989,0.253
1963,2010,0.238
1963,2151,0.267
1963,2223,0.273
1963,2227,0.248
1963,2228,0.248
1963,2231,0.217
1963,2381,0.249
1963,2385,0.264
1963,2387,0.205
1963,2740,0.311
1963,2780,0.201
1963,3298,0.364
1963,3313,0.367
1963,3354,0.58
1963,3772,0.219
1963,3860,0.219
1963,4228,0.221
1963,4405,0.215
1966,2089,0.212
1966,2160,0.236
1966,2267,0.263
1966,2290,0.456
1966,2294,0.447
1966,2506,0.252
1966,2572,0.253
1966,3265,0.237
1966,3311,0.26
1966,3338,0.223
1966,3404,0.238
1966,3594,0.427
1966,3644,0.216
1966,3675,0.227
1966,3898,0.396
1966,3907,0.396
1966,4136,0.366
1966,4199,0.261
1967,2287,0.206
1967,2365,0.282
1967,4085,0.273
1968,2086,0.685
1968,4066,0.271
1968,4128,0.253
1970,2275,0.221
1970,2526,0.21
1970,2604,0.3
1970,2672,0.218
1970,2869,0.277
1970,2936,0.299
1970,3088,0.304
1970,3221,0.271
1970,3328,0.225
1970,3343,0.309
1970,3345,0.213
1970,3799,0.275
1970,3955,0.205
1970,4054,0.227
1972,2152,0.228
1972,2484,0.208
1972,2720,0.235
1972,2765,0.29
1972,3507,0.263
1972,3651,0.232
1972,3798,0.209
1972,3832,0.208
1972,3881,0.229
1972,3930,0.249
1972,4187,0.225
1974,2461,0.211
1974,3086,0.21
1974,3413,0.228
1974,3414,0.214
1974,3416,0.217
1974,3764,0.238
1974,3927,0.202
1974,4116,0.516
1974,4261,0.206
1976,2290,0.218
1976,3594,0.239
1976,4136,0.264
1976,4149,0.202
1977,2272,0.207
1977,2497,0.22
1977,3987,0.214
1978,2432,0.21
1978,3552,0.476
1978,4008,0.511
1979,2275,0.217
1979,2604,0.312
1979,2672,0.213
1979,2800,0.213
1979,3088,0.225
1979,3952,0.247
1979,4406,0.21
1980,2216,0.264
1982,3674,0.228
1983,2148,0.21
1983,2381,0.211
1983,2769,0.208
1983,2938,0.316
1983,3751,0.204
1983,4279,0.218
1983,4376,0.291
1985,2061,0.204
1987,2135,0.203
1987,3834,0.208
1987,4137,0.203
1987,4149,0.219
1989,2227,0.22
1989,2780,0.201
1989,3354,0.223
1989,3857,0.227
1990,4228,0.201
1991,3325,0.228
1995,2947,0.234
1996,4317,0.224
1997,2043,0.277
1997,3779,0.213
1997,4378,0.432
1998,4135,0.21
1999,2008,0.204
1999,2093,0.242
1999,2140,0.219
1999,2278,0.227
1999,3228,0.204
1999,3314,0.222
1999,3325,0.266
1999,3629,0.282
1999,3734,0.32
2001,2275,0.318
2001,2367,0.249
2001,2459,0.213
2001,2604,0.325
2001,2626,0.243
2001,2672,0.267
2001,2869,0.343
2001,3088,0.214
2001,3221,0.219
2001,3343,0.311
2001,3476,0.217
2001,3638,0.221
2001,4054,0.226
2002,2455,0.282
2002,3265,0.313
2002,3415,0.204
2002,3477,0.234
2002,4042,0.21
2002,4104,0.215
2002,4270,0.231
2003,2008,0.227
2004,2455,0.215
2004,3020,0.224
2006,2660,0.291
2006,3304,0.212
2008,2060,0.217
2008,2093,0.26
2008,2221,0.217
2008,2278,0.331
2008,2477,0.204
2008,2609,0.231
2008,2724,0.278
2008,2940,0.202
2008,2968,0.248
2008,3085,0.273
2008,3154,0.204
2008,3178,0.242
2008,3199,0.201
2008,3212,0.204
2008,3325,0.328
2008,3371,0.206
2008,3454,0.286
2008,3477,0.216
2008,3509,0.207
2008,3719,0.285
2008,3734,0.333
2008,3742,0.235
2008,3787,0.223
2008,3792,0.234
2008,3966,0.242
2008,3992,0.217
2008,4002,0.208
2008,4023,0.222
2008,4032,0.205
2008,4064,0.221
2008,4076,0.218
2008,4152,0.297
2008,4163,0.219
2008,4362,0.218
2008,4395,0.202
2008,4406,0.225
2010,2228,0.225
2010,2385,0.236
2010,2627,0.332
2010,2899,0.256
2010,3313,0.245
2010,3354,0.256
2010,3860,0.218
2011,2493,0.208
2011,2569,0.245
2011,2842,0.383
2011,2852,0.375
2011,2945,0.209
2011,3840,0.43
2011,3978,0.232
2011,4328,0.212
2014,2158,0.208
2014,2799,0.234
2014,3163,0.207
2014,3339,0.24
2015,4327,0.231
2016,2988,0.231
2018,2021,0.342
2018,2322,0.353
2018,2860,0.311
2018,3322,0.246
2018,3452,0.429
2018,3618,0.233
2018,3752,0.271
2018,3819,0.255
2018,4146,0.209
2019,2345,0.207
2020,3800,0.219
2021,2082,0.25
2021,2322,0.298
2021,2328,0.215
2021,2860,0.306
2021,3227,0.232
2021,3322,0.497
2021,3348,0.284
2021,3452,0.367
2021,3618,0.312
2021,3752,0.352
2021,3819,0.217
2021,3836,0.222
2021,4191,0.394
2022,4382,0.211
2025,2254,0.249
2025,2758,0.207
2025,2975,0.221
2025,3817,0.252
2025,4145,0.382
2026,3682,0.202
2027,3659,0.289
2028,2364,0.478
2028,2453,0.237
2031,3306,0.204
2031,3578,0.225
2033,2708,0.204
2034,2529,0.224
2036,2181,0.227
2036,2472,0.234
2036,2699,0.203
2036,2846,0.205
2036,3017,0.21
2036,3767,0.222
2042,2589,0.249
2043,3370,0.264
2043,4378,0.249
2045,2177,0.261
2045,2357,0.247
2045,2962,0.284
2045,3629,0.205
2045,3895,0.272
2045,3966,0.321
2045,4064,0.303
2045,4362,0.207
2048,4419,0.339
2053,2213,0.212
2053,3328,0.263
2054,2177,0.206
2054,4007,0.339
2054,4064,0.213
2055,3218,0.374
2055,4206,0.239
2057,2165,0.256
2057,3406,0.231
2057,4117,0.294
2057,4216,0.292
2058,4099,0.214
2059,3349,0.204
2059,3478,0.202
2059,3719,0.21
2059,3734,0.208
2060,2169,0.233
2060,3325,0.229
2060,3531,0.227
2060,3742,0.211
2060,4152,0.236
2062,2140,0.208
2062,3085,0.21
2062,3824,0.285
2064,3074,0.217
2065,2702,0.238
2067,3904,0.221
2069,3357,0.223
2071,2615,0.234
2071,2853,0.237
2073,3241,0.211
2074,2809,0.218
2074,3858,0.221
2074,4224,0.216
2075,2424,0.216
2075,2959,0.234
2075,4119,0.21
2076,4032,0.211
2077,2298,0.204
2077,2653,0.317
2077,2766,0.532
2077,2876,0.451
2077,3252,0.506
2077,3547,0.308
2077,4057,0.377
2078,4179,0.207
2079,2266,0.267
2079,2507,0.258
2079,2508,0.421
2079,4352,0.4
2080,2897,0.362
2080,3156,0.308
2080,3314,0.245
2080,3637,0.201
2081,2199,0.312
2081,2241,0.201
2081,3899,0.299
2082,2115,0.201
2082,2328,0.247
2082,3348,0.204
2082,3452,0.34
2082,3618,0.301
2082,3752,0.277
2082,4191,0.206
2083,2138,0.551
2083,2231,0.545
2083,2540,0.253
2083,2784,0.322
2083,3103,0.205
2083,3523,0.661
2083,3772,0.494
2083,4038,0.242
2083,4405,0.288
2084,3146,0.209
2086,2222,0.208
2086,2431,0.222
2088,2498,0.271
2088,3155,0.268
2088,3915,0.216
2088,4080,0.454
2089,2160,0.315
2089,2348,0.25
2089,2506,0.475
2089,2571,0.222
2089,2572,0.279
2089,2677,0.322
2089,3180,0.237
2089,3517,0.213
2089,3594,0.258
2089,3712,0.246
2089,3898,0.229
2089,4368,0.204
2090,2190,0.396
2090,2319,0.223
2090,2339,0.329
2090,2343,0.22
2090,2540,0.252
2090,2678,0.202
2090,3021,0.283
2090,3056,0.235
2090,3429,0.296
2090,3479,0.208
2090,3600,0.33
2090,3643,0.346
2090,3919,0.348
2090,3943,0.238
2090,4113,0.28
2090,4228,0.22
2093,2140,0.225
2093,2177,0.215
2093,2278,0.258
2093,2328,0.336
2093,2487,0.208
2093,2531,0.237
2093,2660,0.214
2093,2724,0.219
2093,2968,0.212
2093,3085,0.211
2093,3325,0.282
2093,3629,0.265
2093,3719,0.242
2093,3734,0.312
2093,4032,0.201
2093,4064,0.211
2093,4406,0.216
2094,4145,0.209
2095,2559,0.205
2095,2854,0.338
2095,2934,0.203
2096,2757,0.224
2097,2304,0.205
2099,2222,0.202
2103,2522,0.216
2103,3242,0.201
2104,2457,0.456
2104,2491,0.486
2104,2886,0.24
2106,2187,0.207
2106,2598,0.24
2106,3580,0.22
2106,3792,0.202
2106,4218,0.24
2107,3125,0.244
2108,2399,0.215
2108,2753,0.235
2108,2911,0.372
2108,3423,0.276
2108,3905,0.311
2110,2287,0.225
2110,3318,0.323
2110,4085,0.52
2114,2636,0.277
2114,3324,0.207
2114,3371,0.227
2114,3441,0.248
2114,3568,0.211
2114,3734,0.288
2114,3914,0.202
2114,4152,0.211
2114,4395,0.209
2115,2620,0.421
2115,2687,0.241
2115,2765,0.212
2115,3348,0.292
2115,3452,0.221
2115,4191,0.289
2116,3477,0.234
2116,3629,0.281
2116,3675,0.253
2116,3734,0.236
2118,2550,0.201
2118,3115,0.425
2119,2228,0.255
2119,2484,0.279
2119,2729,0.256
2119,2784,0.277
2119,3144,0.205
2119,3313,0.213
2119,4048,0.287
2120,2873,0.319
2120,3767,0.205
2123,3017,0.205
2124,2208,0.279
2124,2232,0.41
2124,2457,0.223
2124,3335,0.303
2124,3919,0.242
2124,3976,0.248
2124,3989,0.214
2124,4001,0.208
2124,4248,0.204
2124,4279,0.21
2126,2601,0.231
2126,3286,0.216
2126,3698,0.282
2126,4148,0.217
2127,3213,0.313
2129,2259,0.218
2129,3471,0.302
2129,3740,0.228
2130,2140,0.239
2130,2910,0.247
2130,3085,0.263
2132,2535,0.281
2134,3227,0.268
2134,3373,0.273
2135,2181,0.716
2135,2441,0.203
2135,2537,0.265
2135,2662,0.546
2135,2846,0.635
2135,3450,0.234
2135,3993,0.728
2138,2231,0.4
2138,2540,0.216
2138,2784,0.282
2138,3523,0.484
2138,3772,0.418
2138,4038,0.25
2138,4405,0.241
2139,2526,0.202
2139,2684,0.253
2139,2719,0.205
2139,2914,0.22
2139,4135,0.292
2140,2968,0.205
2140,3085,0.275
2140,3154,0.211
2140,3629,0.29
2140,3719,0.247
2140,3734,0.284
2140,4362,0.227
2142,3850,0.377
2144,2382,0.205
2147,2724,0.217
2147,3798,0.216
2148,2260,0.229
2148,2381,0.207
2148,2769,0.216
2148,3056,0.318
2148,3751,0.212
2148,3860,0.211
2148,3919,0.214
2148,4179,0.216
2148,4228,0.26
2148,4279,0.259
2150,2786,0.206
2150,4278,0.25
2151,3298,0.242
2151,3313,0.216
2151,3354,0.352
2151,3772,0.207
2152,2382,0.37
2152,2619,0.225
2152,3109,0.215
2152,3673,0.245
2152,4187,0.228
2154,3422,0.209
2154,3813,0.207
2160,2506,0.42
2160,2572,0.547
2160,3471,0.228
2160,3594,0.303
2162,2167,0.205
2162,2545,0.204
2162,3695,0.205
2163,2666,0.482
2163,3129,0.385
2163,3204,0.294
2163,3380,0.23
2163,3549,0.554
2163,3590,0.202
2163,3990,0.215
2163,4079,0.209
2165,2336,0.246
2165,2473,0.217
2165,2984,0.205
2165,3550,0.71
2165,3701,0.203
2165,4216,0.235
2167,2503,0.201
2167,3921,0.205
2167,4149,0.243
2168,2309,0.246
2168,2590,0.276
2168,2657,0.219
2168,2797,0.268
2168,3201,0.22
2168,3521,0.252
2168,4317,0.307
2168,4399,0.293
2169,2326,0.214
2169,2609,0.207
2169,3454,0.202
2169,3531,0.24
2169,3952,0.225
2169,4152,0.25
2170,4258,0.275
2173,2493,0.269
2173,3505,0.243
2173,3852,0.218
2173,4270,0.213
2174,2256,0.232
2174,2499,0.227
2175,2453,0.211
2175,2498,0.229
2177,2221,0.228
2177,2357,0.274
2177,2565,0.211
2177,2660,0.241
2177,2724,0.214
2177,2962,0.27
2177,3178,0.258
2177,3228,0.243
2177,3371,0.224
2177,3629,0.311
2177,3689,0.26
2177,3719,0.204
2177,3734,0.215
2177,3895,0.219
2177,3966,0.345
2177,4064,0.309
2177,4152,0.233
2178,3079,0.206
2178,4090,0.217
2178,4190,0.204
2180,2279,0.203
2180,2397,0.203
2180,2531,0.215
2180,2602,0.241
2180,2920,0.349
2180,3107,0.245
2180,3672,0.216
2181,2441,0.324
2181,2537,0.292
2181,2662,0.568
2181,2846,0.701
2181,3993,0.856
2183,2207,0.273
2183,3208,0.334
2183,3759,0.285
2185,2959,0.233
2185,3029,0.321
2187,2327,0.257
2187,3580,0.252
2187,3729,0.227
2187,4034,0.228
2187,4052,0.275
2187,4112,0.242
2187,4224,0.329
2187,4243,0.228
2187,4262,0.274
2188,3698,0.259
2189,3662,0.203
2190,2339,0.255
2190,2343,0.257
2190,2398,0.215
2190,2690,0.238
2190,3479,0.263
2190,3600,0.332
2190,3643,0.247
2190,3703,0.258
2190,3919,0.333
2190,4361,0.227
2193,2909,0.211
2193,3598,0.237
2193,3606,0.301
2193,3962,0.215
2193,4296,0.442
2195,3220,0.233
2196,2445,0.316
2198,3099,0.226
2201,4028,0.226
2202,2459,0.335
2203,2954,0.233
2206,2432,0.207
2207,2956,0.23
2207,3208,0.227
2207,3362,0.213
2207,3417,0.23
2207,3702,0.204
2208,2232,0.237
2208,2579,0.354
2208,2584,0.22
2208,2700,0.202
2208,2768,0.271
2208,3191,0.202
2208,3335,0.302
2208,3830,0.355
2208,3919,0.236
2208,3989,0.256
2208,4351,0.432
2210,2319,0.203
2210,2343,0.203
2210,2627,0.284
2210,2698,0.234
2210,2750,0.221
2210,2899,0.205
2210,3056,0.202
2210,3289,0.364
2210,3501,0.253
2210,3860,0.285
2210,3865,0.274
2210,4228,0.293
2213,2604,0.226
2213,2626,0.289
2213,2672,0.21
2213,2869,0.222
2213,3003,0.244
2213,3100,0.276
2213,3328,0.288
2213,3343,0.203
2213,3638,0.324
2213,4349,0.202
2215,2281,0.23
2215,3733,0.211
2215,3818,0.28
2216,2319,0.22
2216,3323,0.297
2218,2981,0.209
2218,3079,0.273
2219,2688,0.23
2221,2705,0.234
2221,2724,0.22
2221,2736,0.243
2221,3325,0.21
2221,3689,0.225
2221,3719,0.212
2222,2347,0.228
2222,2948,0.216
2222,3808,0.25
2223,2246,0.204
2223,2385,0.201
2223,2971,0.21
2223,3144,0.216
2223,3354,0.276
2227,3354,0.216
2227,3881,0.214
2227,4206,0.22
2228,2385,0.793
2228,2729,0.266
2228,2784,0.299
2228,2899,0.236
2228,3354,0.269
2228,3884,0.238
2230,2965,0.245
2230,3016,0.212
2230,3343,0.241
2230,3751,0.329
2230,4060,0.26
2231,2260,0.285
2231,2462,0.239
2231,2540,0.336
2231,2784,0.212
2231,2899,0.201
2231,3094,0.31
2231,3103,0.214
2231,3523,0.601
2231,3772,0.602
2231,4038,0.307
2231,4405,0.282
2232,2700,0.334
2232,3130,0.227
2232,3179,0.234
2232,3295,0.276
2232,3335,0.6
2232,3830,0.21
2232,4113,0.228
2232,4158,0.208
2232,4351,0.399
2233,2281,0.264
2233,2329,0.234
2233,3472,0.294
2233,3584,0.214
2233,4071,0.333
2233,4151,0.363
2233,4170,0.324
2233,4307,0.251
2234,2274,0.222
2236,2322,0.245
2236,2765,0.276
2236,3507,0.215
2236,3930,0.25
2238,4217,0.253
2240,3354,0.206
2241,2547,0.206
2241,3985,0.221
2242,2775,0.257
2242,2779,0.298
2242,3018,0.226
2242,3050,0.278
2242,3608,0.361
2242,3773,0.222
2242,3918,0.341
2242,4098,0.285
2242,4205,0.283
2244,2912,0.229
2245,3775,0.203
2245,3952,0.234
2246,3244,0.215
2246,3719,0.23
2248,2452,0.357
2248,2679,0.399
2248,2855,0.345
2248,2989,0.254
2248,3309,0.562
2248,3438,0.227
2248,3777,0.335
2252,3762,0.209
2253,3862,0.294
2254,2309,0.256
2254,2758,0.259
2254,2975,0.273
2254,3582,0.339
2254,3776,0.203
2254,3817,0.232
2254,4145,0.244
2256,2499,0.241
2256,2516,0.227
2256,2718,0.215
2256,3351,0.236
2256,3674,0.22
2256,3701,0.205
2256,3789,0.22
2256,4061,0.363
2258,2403,0.445
2259,2287,0.264
2259,2348,0.31
2259,2677,0.234
2259,2750,0.206
2259,3005,0.318
2259,3080,0.318
2259,3125,0.202
2259,3180,0.272
2259,3471,0.446
2259,3517,0.342
2259,3740,0.494
2260,2740,0.27
2260,2780,0.31
2260,2938,0.206
2260,2977,0.25
2260,3019,0.217
2260,3056,0.232
2260,3103,0.254
2260,3144,0.239
2260,3298,0.283
2260,3313,0.233
2260,3354,0.227
2260,3464,0.201
2260,3523,0.276
2260,3772,0.218
2260,3863,0.216
2260,4038,0.333
2260,4272,0.221
2260,4405,0.304
2265,3660,0.219
2266,2507,0.345
2266,2508,0.227
2266,3752,0.225
2266,4352,0.393
2267,2287,0.201
2267,2348,0.237
2267,2506,0.237
2267,3471,0.241
2267,4085,0.319
2267,4368,0.25
2268,3952,0.211
2270,3020,0.274
2270,4149,0.221
2270,4300,0.203
2271,4417,0.227
2272,2536,0.368
2272,2771,0.214
2272,2806,0.238
2272,3099,0.222
2272,3987,0.233
2272,4262,0.232
2273,3982,0.202
2274,3081,0.209
2275,2363,0.208
2275,2367,0.324
2275,2576,0.221
2275,2604,0.39
2275,2626,0.258
2275,2672,0.336
2275,2869,0.253
2275,3003,0.22
2275,3088,0.252
2275,3100,0.218
2275,3221,0.229
2275,3343,0.299
2275,3476,0.263
2275,3638,0.367
2275,3952,0.284
2278,2357,0.226
2278,2359,0.221
2278,2660,0.235
2278,2724,0.222
2278,2968,0.22
2278,3085,0.21
2278,3199,0.206
2278,3324,0.201
2278,3325,0.318
2278,3451,0.214
2278,3509,0.214
2278,3629,0.255
2278,3719,0.271
2278,3734,0.301
2278,3762,0.225
2278,3768,0.22
2278,4018,0.243
2278,4023,0.277
2278,4064,0.206
2278,4152,0.28
2278,4362,0.204
2278,4395,0.209
2280,2494,0.205
2280,3059,0.341
2280,3959,0.428
2281,2632,0.368
2281,3472,0.251
2281,3584,0.202
2281,4071,0.311
2281,4170,0.212
2281,4404,0.211
2282,4391,0.226
2284,2934,0.32
2284,3279,0.202
2284,3376,0.236
2286,2383,0.362
2286,2588,0.221
2286,2817,0.203
2286,3026,0.569
2286,4049,0.361
2287,2348,0.243
2287,2365,0.27
2287,2506,0.201
2287,2644,0.264
2287,3080,0.209
2287,3471,0.234
2287,3740,0.239
2287,4085,0.475
2288,2909,0.218
2288,3086,0.202
2288,3257,0.283
2288,3414,0.313
2288,3831,0.272
2290,3594,0.335
2290,3675,0.222
2290,4136,0.386
2292,2976,0.207
2294,3311,0.224
2294,3338,0.216
2294,3404,0.245
2294,3594,0.261
2294,3898,0.242
2294,3907,0.419
2294,4199,0.282
2295,2410,0.202
2295,2945,0.22
2295,3978,0.212
2295,4068,0.216
2295,4128,0.245
2296,2403,0.216
2296,2653,0.594
2296,3012,0.464
2296,3547,0.535
2298,2766,0.236
2298,2876,0.264
2298,3252,0.25
2298,3819,0.252
2301,3731,0.205
2302,4152,0.203
2303,4280,0.322
2307,2548,0.203
2309,2758,0.253
2309,4145,0.22
2309,4317,0.439
2313,2333,0.263
2316,2387,0.262
2319,2370,0.253
2319,2462,0.209
2319,2740,0.218
2319,2971,0.206
2319,3501,0.241
2319,3600,0.205
2319,3943,0.276
2322,2765,0.369
2322,3227,0.3
2322,3452,0.362
2322,3507,0.221
2322,3618,0.299
2322,3691,0.317
2322,3752,0.333
2322,3798,0.274
2322,3881,0.231
2322,3930,0.318
2322,4191,0.259
2322,4224,0.206
2323,4130,0.273
2327,3390,0.207
2327,3808,0.27
2328,2432,0.234
2328,3452,0.342
2328,3552,0.218
2328,3618,0.204
2328,3631,0.22
2328,4352,0.202
2329,4071,0.291
2329,4170,0.217
2329,4307,0.397
2330,2375,0.209
2330,2930,0.217
2330,3207,0.224
2332,3322,0.266
2332,3493,0.205
2332,3631,0.23
2332,3986,0.235
2332,4193,0.241
2332,4249,0.257
2333,3198,0.212
2333,4222,0.211
2334,3365,0.201
2336,3067,0.211
2336,3550,0.309
2336,3701,0.436
2337,2381,0.208
2337,2398,0.232
2337,2740,0.239
2339,2750,0.215
2339,3479,0.211
2339,3831,0.219
2342,2358,0.208
2342,2771,0.225
2342,3672,0.205
2342,3839,0.223
2342,3987,0.227
2342,4061,0.239
2343,2501,0.206
2343,2627,0.298
2343,2750,0.258
2343,3056,0.232
2343,3289,0.221
2343,3600,0.233
2343,3860,0.341
2343,3919,0.249
2343,4228,0.369
2345,2809,0.247
2345,3157,0.215
2345,3244,0.203
2345,3454,0.277
2345,3580,0.219
2345,3858,0.201
2345,4052,0.245
2345,4152,0.206
2345,4224,0.211
2345,4262,0.362
2346,2411,0.23
2348,2677,0.21
2348,3080,0.479
2348,3180,0.397
2348,3471,0.386
2348,3517,0.351
2348,3712,0.408
2348,3740,0.29
2348,4085,0.204
2350,3808,0.203
2350,3931,0.23
2351,2756,0.394
2351,2852,0.319
2351,2906,0.257
2351,3278,0.396
2351,3415,0.305
2351,3653,0.271
2351,3761,0.271
2351,3885,0.234
2351,3888,0.299
2351,3958,0.526
2351,4058,0.44
2351,4347,0.207
2353,3332,0.25
2356,2591,0.21
2356,2719,0.245
2356,3842,0.281
2356,4303,0.312
2357,2660,0.252
2357,2962,0.226
2357,3085,0.21
2357,3228,0.212
2357,3321,0.222
2357,3451,0.205
2357,3477,0.202
2357,3629,0.212
2357,3689,0.202
2357,3734,0.249
2357,3895,0.239
2357,3966,0.27
2357,4064,0.261
2358,4061,0.202
2360,2531,0.241
2360,2608,0.218
2360,2845,0.21
2360,2920,0.215
2364,2453,0.223
2365,2644,0.27
2365,2677,0.216
2365,3675,0.286
2365,4085,0.354
2367,2576,0.217
2367,2604,0.311
2367,2672,0.332
2367,2869,0.291
2367,3088,0.262
2367,3221,0.205
2367,3343,0.339
2369,2505,0.379
2369,2742,0.373
2369,3468,0.429
2369,3831,0.203
2369,3963,0.383
2369,4013,0.324
2370,2540,0.281
2371,2446,0.228
2371,3073,0.212
2371,3562,0.245
2373,4234,0.208
2375,2536,0.204
2375,3619,0.217
2375,3839,0.258
2376,2785,0.224
2378,3470,0.226
2380,2770,0.235
2380,3333,0.227
2380,3497,0.201
2380,3508,0.265
2380,3668,0.326
2380,3717,0.249
2381,2398,0.224
2381,2627,0.219
2381,2740,0.253
2381,2899,0.238
2381,3056,0.245
2381,3231,0.228
2381,3354,0.248
2381,4361,0.21
2383,2551,0.201
2383,2588,0.249
2383,3026,0.389
2383,3259,0.265
2383,4049,0.688
2384,4334,0.231
2385,2729,0.228
2385,2784,0.269
2385,3354,0.275
2387,2740,0.243
2387,3056,0.22
2387,3144,0.218
2388,2596,0.205
2391,3955,0.237
2397,2894,0.293
2397,3605,0.538
2397,3789,0.256
2397,3867,0.545
2397,3992,0.216
2398,2540,0.223
2398,2769,0.222
2398,2938,0.205
2398,3943,0.251
2398,4361,0.698
2399,3423,0.304
2400,2560,0.229
2400,2618,0.217
2400,2835,0.243
2400,2888,0.207
2400,3367,0.3
2400,3530,0.208
2404,3818,0.279
2407,3629,0.21
2407,3719,0.207
2408,3957,0.239
2410,3891,0.221
2410,3911,0.211
2411,4196,0.203
2413,2960,0.206
2415,2555,0.51
2415,3048,0.562
2415,4277,0.402
2417,3265,0.233
2420,4309,0.205
2422,4122,0.202
2423,4306,0.238
2424,2493,0.226
2424,2568,0.281
2424,2852,0.255
2424,2959,0.555
2424,3291,0.367
2424,3370,0.242
2424,3840,0.315
2424,3869,0.21
2425,3391,0.222
2427,2433,0.202
2427,2726,0.233
2430,3489,0.235
2432,3552,0.275
2432,4187,0.217
2433,2541,0.24
2433,4221,0.229
2434,4312,0.201
2434,4323,0.226
2441,2472,0.236
2441,2548,0.241
2441,2846,0.25
2441,3009,0.212
2441,3295,0.229
2441,3335,0.223
2441,3993,0.227
2444,3704,0.202
2446,4130,0.253
2449,3853,0.257
2451,2636,0.23
2451,2701,0.219
2451,3662,0.215
2451,3765,0.227
2452,2506,0.275
2452,2677,0.238
2452,2679,0.523
2452,2717,0.217
2452,2855,0.6
2452,2989,0.221
2452,3190,0.401
2452,3309,0.396
2452,3438,0.661
2452,3777,0.683
2453,2498,0.252
2453,2616,0.213
2453,3486,0.231
2453,4206,0.214
2454,2482,0.313
2454,2930,0.428
2454,3207,0.21
2454,3399,0.606
2454,3910,0.275
2455,3477,0.232
2455,3728,0.275
2455,3958,0.251
2456,2601,0.224
2456,4300,0.304
2457,2491,0.447
2457,3332,0.341
2457,3838,0.383
2461,3416,0.468
2461,3764,0.429
2462,2540,0.217
2462,2977,0.203
2462,3103,0.286
2462,3772,0.203
2463,2720,0.206
2463,3259,0.207
2463,3930,0.228
2464,2495,0.22
2464,2981,0.232
2464,3079,0.205
2466,2498,0.237
2466,3155,0.226
2466,3486,0.201
2466,3560,0.283
2466,3654,0.213
2466,4366,0.223
2467,4267,0.233
2468,4019,0.204
2469,3496,0.251
2469,3844,0.219
2469,4163,0.269
2472,2548,0.73
2472,2595,0.685
2472,2699,0.753
2472,3131,0.241
2473,3550,0.207
2473,4060,0.219
2478,4284,0.221
2479,2758,0.215
2479,3708,0.217
2482,2516,0.201
2482,2930,0.429
2482,3399,0.427
2482,3477,0.215
2482,3851,0.209
2482,4372,0.215
2482,4406,0.208
2484,2720,0.225
2484,2729,0.214
2484,3046,0.274
2484,3798,0.26
2484,4048,0.369
2484,4187,0.353
2484,4272,0.398
2491,3978,0.212
2493,3303,0.229
2493,3852,0.321
2493,3978,0.201
2493,4270,0.212
2497,2618,0.39
2497,2633,0.224
2497,2739,0.377
2497,2900,0.255
2497,3623,0.301
2497,4412,0.379
2498,2616,0.233
2498,3035,0.245
2498,3155,0.299
2498,3654,0.208
2498,4206,0.24
2499,2531,0.208
2499,2718,0.224
2499,3357,0.218
2499,3674,0.31
2499,4061,0.204
2501,2964,0.201
2501,4001,0.336
2503,3186,0.249
2503,3500,0.214
2503,3920,0.213
2504,2912,0.491
2504,3632,0.236
2505,2742,0.299
2505,3362,0.201
2505,3413,0.254
2505,3468,0.46
2505,3827,0.204
2505,3963,0.427
2505,4013,0.365
2506,2572,0.312
2506,2677,0.491
2506,3080,0.202
2506,3180,0.221
2506,3338,0.21
2506,3404,0.23
2506,3438,0.241
2506,3471,0.22
2506,3517,0.202
2506,3594,0.3
2506,3644,0.21
2506,3740,0.204
2506,3898,0.324
2506,4085,0.253
2506,4199,0.236
2506,4368,0.243
2507,2508,0.267
2507,4352,0.407
2508,4352,0.491
2511,2652,0.263
2511,3919,0.261
2514,2586,0.286
2515,2672,0.202
2515,3001,0.209
2516,3454,0.208
2516,3808,0.229
2516,3839,0.245
2516,4061,0.317
2518,3681,0.208
2520,4060,0.201
2526,2936,0.333
2526,3799,0.244
2528,3758,0.249
2531,3377,0.253
2531,3734,0.211
2531,3844,0.22
2531,4323,0.222
2531,4331,0.319
2535,3445,0.25
2536,3839,0.259
2536,3987,0.319
2536,4061,0.21
2537,2662,0.208
2537,2846,0.25
2537,3993,0.311
2538,3158,0.202
2538,3814,0.203
2540,2971,0.212
2540,3155,0.205
2540,3523,0.315
2540,3752,0.263
2540,3772,0.346
2540,3832,0.203
2540,3943,0.259
2540,4361,0.229
2543,3124,0.402
2545,3635,0.261
2546,3510,0.33
2546,4263,0.343
2547,3930,0.219
2547,4191,0.219
2548,2595,0.663
2548,2699,0.741
2548,3131,0.21
2550,2908,0.222
2550,2979,0.213
2550,3044,0.391
2550,3115,0.233
2550,3573,0.362
2552,2641,0.253
2552,3070,0.213
2552,3072,0.221
2552,3680,0.233
2555,3048,0.502
2555,3717,0.202
2555,4277,0.426
2556,2638,0.205
2556,3988,0.204
2558,2856,0.222
2559,2854,0.342
2559,3047,0.209
2560,3530,0.245
2560,3635,0.205
2560,4019,0.231
2560,4380,0.22
2565,3371,0.201
2565,3629,0.236
2568,2959,0.221
2568,3291,0.321
2569,2842,0.28
2569,2847,0.246
2569,2852,0.261
2569,2945,0.306
2569,3469,0.211
2569,3978,0.292
2569,4328,0.411
2570,3374,0.215
2571,2866,0.207
2571,3064,0.204
2572,2677,0.209
2572,3311,0.236
2572,3594,0.354
2572,3779,0.213
2572,4085,0.229
2572,4199,0.212
2574,3276,0.242
2574,3786,0.331
2574,4421,0.317
2576,2604,0.227
2576,2672,0.265
2576,3476,0.219
2576,3638,0.24
2577,3629,0.245
2577,3734,0.243
2578,2657,0.211
2578,3673,0.208
2578,4192,0.214
2578,4262,0.204
2579,2584,0.422
2579,2768,0.216
2579,3549,0.215
2579,4351,0.333
2583,3292,0.205
2583,4000,0.224
2584,2754,0.249
2584,2815,0.205
2584,3706,0.249
2584,4268,0.271
2584,4351,0.274
2585,2640,0.245
2585,3007,0.233
2585,3769,0.231
2588,4049,0.27
2588,4191,0.203
2590,2657,0.258
2590,3485,0.206
2590,3521,0.222
2590,4399,0.377
2591,2719,0.266
2591,3842,0.209
2591,4303,0.224
2594,2938,0.269
2594,3543,0.324
2594,4376,0.229
2595,2598,0.201
2595,2699,0.711
2595,3131,0.253
2595,3986,0.259
2598,2940,0.209
2598,3003,0.237
2598,3769,0.253
2598,4186,0.265
2598,4406,0.221
2600,2667,0.393
2600,2839,0.472
2600,3601,0.398
2600,3677,0.51
2600,4187,0.225
2600,4364,0.494
2601,4148,0.217
2602,2920,0.278
2602,3331,0.204
2602,3667,0.223
2604,2626,0.22
2604,2672,0.368
2604,2869,0.382
2604,3088,0.401
2604,3100,0.218
2604,3221,0.221
2604,3343,0.345
2604,3476,0.213
2604,3638,0.234
2604,3952,0.299
2604,4054,0.203
2607,3543,0.225
2609,2660,0.215
2609,3719,0.211
2609,3952,0.246
2609,4089,0.203
2609,4152,0.223
2609,4218,0.25
2614,2643,0.348
2616,2769,0.227
2616,3035,0.202
2616,3155,0.235
2616,4206,0.301
2618,2709,0.221
2618,3109,0.221
2618,3191,0.302
2619,2998,0.308
2619,3109,0.214
2619,3673,0.421
2619,4402,0.312
2620,2641,0.284
2620,2802,0.202
2620,2900,0.324
2620,3227,0.262
2620,3348,0.396
2620,3798,0.21
2620,3823,0.247
2620,3881,0.244
2620,4191,0.243
2621,2779,0.209
2621,3608,0.222
2621,3918,0.201
2621,4205,0.21
2622,4375,0.226
2623,2823,0.3
2623,3611,0.268
2624,4106,0.216
2626,2869,0.201
2626,3003,0.228
2626,3088,0.229
2626,3100,0.314
2626,3638,0.233
2627,2740,0.205
2627,2750,0.215
2627,2899,0.261
2627,3354,0.225
2627,3600,0.206
2627,3860,0.284
2627,3943,0.225
2627,4228,0.254
2628,2654,0.249
2628,2812,0.272
2628,2955,0.28
2628,3289,0.223
2628,3922,0.221
2628,4164,0.237
2628,4278,0.261
2629,3480,0.213
2631,2847,0.218
2631,3153,0.232
2631,3583,0.309
2632,3472,0.217
2632,4071,0.239
2632,4170,0.255
2633,2749,0.206
2633,4324,0.225
2633,4356,0.236
2633,4412,0.208
2636,3371,0.21
2636,3734,0.224
2640,3007,0.463
2641,2646,0.314
2641,2800,0.217
2641,2900,0.228
2641,3490,0.34
2641,3823,0.221
2641,4305,0.206
2643,3728,0.213
2644,3471,0.24
2644,3740,0.204
2644,4085,0.285
2647,4378,0.202
2649,2935,0.27
2652,2698,0.21
2653,2766,0.36
2653,2876,0.325
2653,3012,0.447
2653,3252,0.331
2653,3547,0.536
2653,4057,0.266
2654,2955,0.233
2654,4164,0.274
2655,2709,0.231
2657,2967,0.261
2657,3476,0.367
2657,4323,0.27
2657,4399,0.311
2659,4190,0.412
2660,2724,0.22
2660,2968,0.207
2660,3085,0.228
2660,3178,0.226
2660,3228,0.208
2660,3325,0.249
2660,3477,0.266
2660,3677,0.201
2660,3719,0.273
2660,3734,0.227
2660,3762,0.229
2660,3952,0.209
2660,3966,0.301
2660,4064,0.242
2660,4152,0.223
2660,4362,0.222
2660,4406,0.215
2662,2846,0.577
2662,3450,0.218
2662,3993,0.636
2665,2701,0.211
2665,3681,0.231
2666,3129,0.311
2666,3204,0.215
2666,3380,0.261
2666,3549,0.55
2666,3990,0.346
2667,2839,0.606
2667,2916,0.214
2667,3601,0.532
2667,3677,0.339
2667,4364,0.574
2672,2719,0.207
2672,2800,0.203
2672,2869,0.273
2672,3088,0.28
2672,3100,0.249
2672,3343,0.32
2672,3476,0.218
2672,3638,0.244
2674,3901,0.216
2676,2779,0.299
2676,2937,0.211
2676,3018,0.271
2676,3050,0.205
2676,3078,0.242
2676,3327,0.268
2676,3773,0.268
2676,4098,0.207
2676,4205,0.248
2676,4221,0.246
2677,3080,0.252
2677,3180,0.266
2677,3438,0.215
2677,3898,0.248
2679,2717,0.227
2679,2855,0.575
2679,3190,0.289
2679,3309,0.384
2679,3438,0.446
2679,3777,0.556
2682,2689,0.242
2682,2845,0.27
2683,3486,0.241
2684,3566,0.225
2684,3655,0.201
2684,4135,0.345
2687,2765,0.228
2687,3930,0.243
2687,4191,0.241
2689,2866,0.212
2689,4308,0.202
2690,3703,0.556
2690,3919,0.206
2692,4047,0.211
2693,2888,0.203
2695,2934,0.214
2698,3860,0.249
2698,3922,0.206
2698,4228,0.278
2700,3009,0.235
2700,3130,0.221
2700,3295,0.29
2700,3335,0.323
2700,4113,0.231
2700,4351,0.207
2701,2775,0.298
2701,2779,0.267
2701,3050,0.321
2701,3608,0.271
2701,3918,0.26
2701,4098,0.201
2701,4221,0.215
2704,2814,0.231
2708,4165,0.213
2709,3191,0.293
2710,3388,0.374
2710,3528,0.221
2717,2855,0.237
2717,3777,0.284
2718,2941,0.288
2718,3022,0.235
2718,3362,0.274
2718,3428,0.205
2718,3674,0.422
2718,3827,0.241
2718,4136,0.204
2719,2833,0.201
2719,2914,0.338
2719,3566,0.224
2719,3655,0.206
2719,3799,0.223
2719,3842,0.268
2719,4024,0.204
2719,4135,0.264
2719,4303,0.251
2719,4353,0.222
2720,3552,0.217
2720,3798,0.289
2720,4187,0.307
2721,3019,0.29
2721,3594,0.235
2722,2781,0.213
2724,2968,0.241
2724,3178,0.247
2724,3325,0.287
2724,3629,0.272
2724,3719,0.277
2724,3734,0.244
2724,3844,0.208
2724,3966,0.207
2724,4152,0.236
2724,4238,0.221
2726,4236,0.202
2726,4242,0.392
2727,3680,0.221
2728,3349,0.288
2728,3621,0.203
2729,2784,0.503
2729,3884,0.623
2737,3600,0.268
2737,4060,0.249
2738,4368,0.249
2739,3075,0.215
2739,3367,0.223
2739,3623,0.232
2739,3852,0.291
2739,4412,0.391
2740,2784,0.267
2740,3056,0.387
2740,3144,0.204
2740,3183,0.208
2740,3313,0.323
2740,3354,0.337
2740,3943,0.209
2740,4228,0.203
2740,4331,0.251
2742,3468,0.358
2742,3963,0.393
2742,4013,0.267
2748,3120,0.222
2749,4162,0.241
2750,2947,0.218
2750,3005,0.273
2750,3859,0.215
2750,4104,0.244
2752,3333,0.208
2753,2911,0.292
2753,3259,0.306
2753,3423,0.219
2753,3905,0.227
2754,3706,0.308
2754,4164,0.218
2756,3278,0.207
2756,3358,0.235
2756,3761,0.304
2756,3885,0.243
2756,3958,0.423
2756,4058,0.225
2757,3054,0.274
2758,2943,0.219
2758,2975,0.239
2758,3241,0.204
2758,3776,0.259
2758,3817,0.307
2758,4145,0.257
2760,3636,0.203
2764,3590,0.42
2765,3227,0.381
2765,3259,0.231
2765,3507,0.361
2765,3691,0.265
2765,3798,0.262
2765,3881,0.493
2765,3930,0.759
2765,4191,0.333
2765,4204,0.28
2766,2876,0.631
2766,3252,0.578
2766,3547,0.387
2766,4057,0.373
2768,3830,0.374
2768,4351,0.245
2769,2938,0.243
2769,3200,0.216
2769,3860,0.244
2769,3922,0.28
2769,4268,0.211
2769,4279,0.234
2770,2940,0.274
2770,3288,0.246
2770,3333,0.27
2770,3668,0.202
2770,3717,0.235
2770,4288,0.202
2771,3006,0.366
2771,3648,0.201
2772,3378,0.268
2772,3414,0.262
2773,3126,0.365
2773,3476,0.209
2775,2779,0.383
2775,3018,0.284
2775,3078,0.231
2775,3321,0.215
2775,3608,0.288
2775,3918,0.218
2775,4098,0.27
2775,4205,0.263
2779,3018,0.334
2779,3050,0.266
2779,3078,0.286
2779,3608,0.389
2779,3773,0.252
2779,3918,0.263
2779,4098,0.283
2779,4205,0.337
2780,2832,0.212
2780,3313,0.292
2780,3884,0.221
2780,4048,0.227
2780,4206,0.204
2780,4272,0.588
2782,3729,0.205
2784,3103,0.229
2784,3313,0.23
2784,3354,0.296
2784,3523,0.24
2784,3772,0.238
2784,3884,0.512
2784,4038,0.323
2784,4405,0.334
2786,2801,0.279
2786,2828,0.294
2788,3727,0.213
2790,4327,0.243
2797,3201,0.277
2800,3415,0.208
2800,3457,0.244
2800,3856,0.386
2800,4270,0.425
2800,4296,0.202
2801,3005,0.327
2801,3411,0.247
2801,3434,0.206
2801,4214,0.217
2801,4215,0.227
2801,4229,0.276
2801,4258,0.323
2801,4403,0.312
2802,3769,0.244
2804,3359,0.267
2805,3440,0.247
2806,3651,0.253
2807,2878,0.23
2809,3244,0.205
2809,3454,0.22
2809,3580,0.202
2809,4224,0.201
2810,3497,0.227
2810,3508,0.292
2811,3126,0.273
2812,2955,0.232
2812,4278,0.233
2813,2831,0.302
2813,2849,0.284
2813,3536,0.222
2817,2819,0.359
2817,3263,0.202
2817,4320,0.354
2819,3263,0.346
2819,4320,0.554
2821,3061,0.277
2821,3461,0.221
2821,3577,0.203
2825,3155,0.213
2828,3411,0.212
2831,3952,0.211
2833,3588,0.292
2833,4024,0.203
2835,3552,0.209
2839,2916,0.228
2839,3601,0.515
2839,3677,0.358
2839,4364,0.516
2841,4377,0.215
2842,2852,0.43
2842,2945,0.262
2842,3840,0.31
2842,3978,0.36
2842,4068,0.231
2842,4328,0.319
2844,2932,0.327
2846,3450,0.208
2846,3993,0.698
2847,2952,0.206
2847,3047,0.287
2847,3230,0.206
2847,3418,0.235
2847,3469,0.334
2847,3470,0.246
2850,3789,0.209
2852,2945,0.225
2852,3278,0.222
2852,3332,0.285
2852,3415,0.71
2852,3653,0.33
2852,3840,0.287
2852,3885,0.22
2852,3978,0.266
2852,4058,0.232
2852,4328,0.278
2852,4347,0.342
2853,3085,0.237
2853,3325,0.223
2853,3719,0.237
2855,3190,0.332
2855,3309,0.354
2855,3438,0.526
2855,3777,0.668
2859,3817,0.242
2860,3322,0.267
2860,3452,0.274
2860,4090,0.239
2860,4191,0.218
2861,3224,0.207
2861,3817,0.223
2864,2952,0.251
2864,3230,0.263
2864,3418,0.21
2864,3599,0.218
2864,4188,0.219
2865,3653,0.341
2869,2936,0.225
2869,3088,0.242
2869,3221,0.228
2869,3328,0.238
2869,3343,0.317
2869,3476,0.209
2869,3638,0.267
2869,3952,0.313
2869,4054,0.216
2870,2947,0.259
2870,3857,0.205
2870,3945,0.218
2871,3495,0.234
2871,3534,0.233
2873,2990,0.261
2873,3137,0.253
2873,3449,0.219
2873,4108,0.318
2875,3367,0.272
2875,3473,0.21
2876,3252,0.562
2876,3547,0.366
2876,4057,0.332
2879,3998,0.232
2880,3731,0.218
2881,3243,0.245
2881,3291,0.441
2881,3605,0.244
2881,4108,0.244
2882,2947,0.44
2882,3047,0.354
2882,3418,0.203
2882,3470,0.269
2882,3815,0.325
2886,2944,0.203
2886,4069,0.212
2886,4344,0.209
2888,2967,0.238
2888,3006,0.216
2888,4377,0.209
2890,2991,0.203
2894,3399,0.213
2894,3605,0.317
2894,3867,0.322
2895,3776,0.246
2896,3629,0.219
2896,3734,0.212
2896,4406,0.203
2897,3156,0.398
2897,3314,0.224
2898,4023,0.203
2899,2976,0.24
2899,3298,0.208
2899,3313,0.248
2899,3318,0.236
2899,3706,0.254
2899,3860,0.285
2899,3943,0.216
2899,4228,0.259
2904,3133,0.331
2904,3839,0.262
2905,3891,0.218
2906,3278,0.295
2906,3888,0.282
2906,3958,0.21
2906,4058,0.305
2909,3257,0.276
2909,3598,0.224
2909,3823,0.386
2909,3831,0.323
2909,4296,0.207
2910,3085,0.274
2911,3423,0.222
2911,3905,0.339
2912,3155,0.264
2913,3124,0.201
2913,3853,0.225
2914,2936,0.289
2914,3088,0.215
2914,3638,0.226
2914,3842,0.26
2914,4135,0.273
2914,4303,0.297
2914,4353,0.201
2915,2952,0.443
2915,3418,0.212
2915,4188,0.427
2916,4364,0.233
2919,4330,0.235
2920,3107,0.225
2920,3331,0.211
2920,3667,0.208
2920,3708,0.22
2920,4019,0.218
2925,3702,0.243
2930,3399,0.442
2931,3115,0.216
2932,4203,0.206
2934,3122,0.207
2934,3470,0.215
2935,4382,0.255
2936,3088,0.345
2936,3343,0.229
2936,3848,0.208
2937,3251,0.203
2938,4376,0.275
2939,3263,0.209
2939,3637,0.327
2940,3325,0.241
2940,3333,0.234
2940,3668,0.254
2940,3719,0.223
2940,4406,0.249
2941,2984,0.216
2941,3022,0.269
2941,3351,0.218
2941,3362,0.266
2941,3428,0.276
2941,3674,0.224
2941,3701,0.211
2941,4061,0.215
2943,2975,0.209
2943,3917,0.231
2943,4145,0.238
2944,2947,0.204
2945,3415,0.215
2945,3978,0.306
2945,4328,0.33
2947,3047,0.387
2947,3470,0.284
2947,3815,0.215
2948,3390,0.268
2948,3808,0.223
2949,3715,0.549
2950,3269,0.375
2951,3167,0.221
2952,3047,0.201
2952,3230,0.268
2952,3418,0.243
2952,3470,0.23
2952,3599,0.237
2952,4188,0.531
2957,3940,0.443
2959,3291,0.376
2959,3505,0.201
2959,3840,0.251
2961,3119,0.25
2962,3966,0.368
2962,4064,0.278
2964,3354,0.224
2964,3687,0.22
2964,4001,0.256
2966,3274,0.278
2966,4136,0.249
2967,2998,0.209
2967,4323,0.202
2968,3629,0.255
2968,3719,0.286
2968,3734,0.223
2968,3844,0.209
2968,4152,0.211
2971,3501,0.256
2971,3574,0.205
2971,3832,0.209
2971,4248,0.258
2975,3582,0.25
2975,3776,0.211
2975,3817,0.242
2975,3982,0.21
2975,4145,0.21
2975,4206,0.21
2975,4295,0.218
2976,3559,0.216
2977,3103,0.364
2977,4038,0.298
2977,4405,0.267
2979,3314,0.212
2979,4099,0.208
2981,3079,0.337
2981,3637,0.241
2982,3051,0.273
2983,3246,0.212
2983,3389,0.284
2984,3550,0.21
2987,3464,0.452
2987,3986,0.266
2987,4295,0.214
2988,3645,0.223
2988,4219,0.208
2989,3309,0.308
2990,4108,0.231
2998,3673,0.236
2998,3796,0.215
2998,4402,0.282
3000,3538,0.219
3001,3101,0.229
3001,3303,0.257
3001,3581,0.212
3001,4274,0.224
3001,4372,0.341
3003,3100,0.271
3003,3415,0.213
3003,3638,0.289
3004,3118,0.202
3004,3352,0.218
3004,4019,0.219
3004,4137,0.242
3005,3342,0.261
3005,3434,0.32
3005,3678,0.245
3005,3859,0.283
3005,3923,0.239
3005,4104,0.303
3005,4212,0.286
3005,4258,0.251
3005,4403,0.236
3007,3661,0.214
3007,3839,0.214
3009,3207,0.205
3009,3295,0.262
3009,3335,0.255
3009,3738,0.273
3009,4113,0.23
3012,3547,0.475
3015,3310,0.231
3017,3759,0.243
3017,3890,0.218
3018,3050,0.22
3018,3327,0.259
3018,3608,0.242
3018,3773,0.248
3018,3918,0.258
3018,4098,0.22
3018,4205,0.351
3018,4221,0.253
3019,3472,0.284
3020,3728,0.229
3022,3362,0.203
3022,3428,0.246
3022,3831,0.224
3022,4142,0.202
3026,4049,0.395
3028,4136,0.217
3033,3393,0.207
3035,3155,0.321
3035,4206,0.223
3038,3411,0.201
3038,4268,0.221
3040,3624,0.298
3040,3995,0.32
3043,3981,0.403
3044,3325,0.213
3044,3734,0.214
3044,4152,0.201
3046,3707,0.231
3047,3230,0.248
3047,3277,0.257
3047,3418,0.285
3047,3452,0.208
3047,3469,0.235
3047,3470,0.291
3047,4183,0.233
3047,4188,0.201
3048,4277,0.488
3049,3230,0.243
3049,4208,0.211
3050,3078,0.254
3050,3608,0.308
3050,3717,0.202
3050,3773,0.226
3050,3918,0.334
3050,4098,0.215
3050,4205,0.218
3051,3249,0.207
3051,4131,0.221
3051,4282,0.276
3051,4374,0.236
3056,3354,0.255
3056,3501,0.215
3056,3832,0.227
3056,3860,0.31
3056,3919,0.284
3056,3943,0.205
3056,4179,0.201
3056,4228,0.348
3060,3860,0.212
3060,4228,0.212
3062,3396,0.25
3063,4191,0.216
3067,3550,0.206
3068,3773,0.207
3070,3094,0.223
3070,3595,0.207
3075,3501,0.252
3078,3608,0.239
3078,3918,0.289
3078,4098,0.223
3078,4205,0.235
3080,3180,0.437
3080,3471,0.363
3080,3517,0.386
3080,3712,0.394
3080,3740,0.298
3080,4085,0.206
3081,3245,0.25
3081,4201,0.254
3085,3325,0.255
3085,3477,0.222
3085,3629,0.262
3085,3719,0.271
3085,3734,0.261
3085,3895,0.223
3085,4032,0.227
3085,4064,0.205
3085,4152,0.223
3085,4362,0.222
3085,4395,0.23
3086,3134,0.236
3087,3767,0.56
3087,4184,0.237
3088,3328,0.27
3088,3343,0.231
3088,3655,0.201
3088,3799,0.284
3088,3952,0.231
3093,3562,0.209
3094,3588,0.234
3099,3472,0.27
3099,3619,0.301
3099,4071,0.264
3099,4170,0.235
3099,4307,0.208
3100,3328,0.21
3100,3638,0.349
3101,3768,0.204
3103,3523,0.216
3103,3772,0.211
3103,4038,0.31
3103,4405,0.395
3107,4302,0.223
3110,4060,0.329
3111,3274,0.202
3111,3629,0.252
3111,3734,0.236
3111,3775,0.226
3115,3120,0.214
3115,3822,0.229
3119,4340,0.202
3120,3483,0.214
3121,3474,0.341
3121,3572,0.208
3122,3126,0.235
3122,3588,0.261
3124,3207,0.209
3127,4163,0.203
3129,3179,0.294
3129,3204,0.261
3129,3380,0.225
3129,3549,0.344
3129,3990,0.203
3129,4079,0.251
3130,3207,0.245
3130,3295,0.266
3130,3335,0.201
3131,3476,0.202
3137,3857,0.247
3137,4096,0.226
3140,3734,0.205
3141,4061,0.214
3142,3332,0.216
3144,4048,0.22
3144,4272,0.203
3146,3626,0.246
3147,3631,0.291
3147,3969,0.542
3148,4035,0.205
3153,3972,0.259
3154,3629,0.236
3154,3719,0.203
3154,3734,0.295
3155,3199,0.221
3155,3270,0.217
3155,3486,0.243
3155,3548,0.255
3155,3605,0.206
3155,4080,0.219
3156,3314,0.293
3158,3227,0.236
3158,3814,0.201
3158,4191,0.251
3164,3857,0.239
3166,4154,0.304
3170,3376,0.206
3170,4419,0.289
3178,3314,0.233
3178,3325,0.21
3178,3371,0.237
3178,3451,0.27
3178,3477,0.244
3178,3629,0.359
3178,3719,0.252
3178,3734,0.306
3178,3895,0.227
3178,3952,0.252
3178,3966,0.311
3178,4064,0.275
3178,4152,0.343
3178,4406,0.213
3180,3471,0.3
3180,3517,0.34
3180,3594,0.218
3180,3712,0.477
3180,3740,0.293
3184,3508,0.231
3189,4132,0.217
3190,3438,0.344
3190,3777,0.339
3190,4351,0.21
3191,3830,0.218
3191,4212,0.25
3191,4351,0.233
3196,3730,0.248
3197,4023,0.227
3198,3765,0.224
3198,4167,0.257
3199,3509,0.222
3199,3652,0.202
3200,4279,0.207
3201,4013,0.219
3204,3549,0.229
3207,3399,0.277
3207,3807,0.224
3207,3911,0.472
3207,4323,0.21
3214,3231,0.212
3214,4217,0.364
3218,3825,0.233
3221,3343,0.272
3227,3452,0.264
3227,3691,0.413
3227,3752,0.222
3227,3819,0.261
3227,3881,0.235
3227,3930,0.354
3227,4191,0.379
3228,3325,0.254
3228,3447,0.207
3228,3629,0.235
3228,3719,0.268
3228,3734,0.259
3230,3418,0.284
3230,3599,0.269
3231,4217,0.338
3232,3734,0.246
3232,3762,0.206
3232,4152,0.243
3232,4417,0.203
3233,3793,0.364
3233,4006,0.322
3240,3919,0.206
3243,3291,0.257
3243,3840,0.262
3243,4066,0.207
3243,4108,0.215
3244,3308,0.229
3244,3454,0.241
3244,3742,0.217
3244,4152,0.226
3244,4262,0.203
3246,3389,0.325
3252,3547,0.385
3252,3900,0.214
3252,4057,0.387
3257,3823,0.226
3257,3831,0.258
3257,3852,0.206
3259,3930,0.252
3259,4049,0.22
3259,4191,0.254
3263,3959,0.231
3263,3981,0.423
3263,4320,0.32
3264,4369,0.21
3265,3422,0.223
3265,3813,0.201
3265,4042,0.361
3267,4148,0.224
3274,3746,0.228
3276,3786,0.356
3276,4421,0.255
3278,3888,0.423
3278,3958,0.463
3278,4058,0.445
3284,3607,0.205
3286,3698,0.253
3288,4165,0.228
3289,3865,0.224
3289,4001,0.205
3290,3742,0.204
3291,3605,0.201
3291,3840,0.313
3291,4043,0.22
3291,4066,0.243
3291,4108,0.296
3291,4128,0.228
3295,3335,0.304
3295,4113,0.208
3298,3313,0.393
3298,4405,0.242
3300,3729,0.223
3305,4388,0.343
3309,3335,0.221
3309,3438,0.208
3309,3777,0.355
3311,3594,0.29
3311,3907,0.228
3313,3354,0.428
3313,4405,0.273
3314,3325,0.201
3314,3477,0.203
3314,3719,0.275
3314,3734,0.275
3314,4152,0.252
3315,3580,0.203
3319,4366,0.212
3321,4102,0.238
3322,3452,0.323
3322,3618,0.228
3322,3752,0.216
3322,3819,0.216
3322,4191,0.267
3322,4328,0.201
3324,3371,0.202
3324,3734,0.239
3325,3477,0.277
3325,3509,0.234
3325,3629,0.29
3325,3675,0.231
3325,3719,0.252
3325,3734,0.318
3325,4032,0.201
3325,4064,0.209
3325,4152,0.259
3325,4395,0.243
3325,4406,0.241
3327,4221,0.301
3328,4349,0.267
3332,3415,0.273
3332,3838,0.229
3335,4113,0.219
3335,4351,0.356
3337,3858,0.216
3338,3404,0.404
3338,3594,0.259
3338,3644,0.392
3338,3908,0.203
3338,4199,0.426
3338,4265,0.229
3339,3606,0.254
3339,4296,0.26
3343,3476,0.226
3343,3638,0.215
3343,3848,0.21
3343,3952,0.251
3344,3951,0.525
3344,4241,0.352
3345,3476,0.247
3348,3452,0.228
3348,3618,0.239
3348,3752,0.257
3348,3819,0.29
3348,3823,0.225
3348,4191,0.217
3349,3989,0.218
3351,3507,0.436
3351,3701,0.232
3354,3860,0.213
3354,4001,0.286
3356,4019,0.318
3357,3457,0.249
3357,3744,0.356
3357,3886,0.439
3358,3958,0.254
3359,4294,0.299
3360,3571,0.225
3361,3382,0.213
3362,3428,0.267
3362,3827,0.21
3362,4061,0.243
3363,4070,0.202
3364,4419,0.21
3367,3673,0.216
3370,3840,0.205
3370,4010,0.256
3371,3447,0.203
3371,3451,0.219
3371,3629,0.254
3371,3734,0.28
3371,3895,0.227
3371,3952,0.249
3371,3966,0.209
3371,4064,0.248
3371,4152,0.287
3371,4362,0.207
3376,4294,0.203
3378,3414,0.416
3380,3549,0.291
3380,3990,0.311
3385,4266,0.22
3386,3502,0.225
3388,4262,0.234
3390,3808,0.263
3391,4102,0.225
3393,4333,0.244
3394,3696,0.251
3396,3607,0.219
3402,3454,0.23
3404,3594,0.26
3404,3644,0.349
3404,3908,0.225
3404,4199,0.421
3404,4265,0.256
3406,4117,0.214
3406,4216,0.277
3407,3585,0.335
3407,3927,0.311
3407,4261,0.334
3409,3457,0.454
3412,3612,0.294
3412,4139,0.346
3415,3583,0.211
3415,3653,0.276
3415,3885,0.296
3415,4058,0.207
3415,4347,0.335
3416,3764,0.26
3416,3959,0.201
3416,4116,0.233
3418,3599,0.256
3418,3614,0.209
3418,3714,0.201
3418,3857,0.255
3418,4183,0.205
3418,4188,0.206
3421,3880,0.256
3422,3813,0.541
3423,3905,0.232
3428,4061,0.201
3429,3643,0.245
3430,4298,0.242
3432,3750,0.224
3436,4391,0.228
3438,3777,0.544
3438,3908,0.218
3438,4199,0.212
3438,4351,0.223
3440,3943,0.264
3441,3494,0.235
3441,3528,0.202
3441,3867,0.214
3442,4073,0.264
3447,3719,0.217
3447,3734,0.225
3448,3787,0.204
3449,4017,0.222
3450,3993,0.284
3451,3629,0.203
3451,3734,0.221
3451,4152,0.245
3452,3618,0.42
3452,3752,0.401
3452,3819,0.205
3452,4146,0.204
3452,4191,0.37
3452,4352,0.214
3454,3729,0.203
3454,3742,0.243
3454,3787,0.285
3454,3895,0.201
3454,4034,0.202
3454,4052,0.241
3454,4076,0.206
3454,4152,0.223
3454,4224,0.258
3454,4262,0.29
3456,3605,0.224
3457,4262,0.226
3458,4001,0.203
3462,3921,0.23
3468,3963,0.395
3468,4013,0.388
3469,3978,0.229
3470,3599,0.234
3470,3815,0.224
3470,3857,0.257
3470,4188,0.222
3471,3517,0.327
3471,3594,0.31
3471,3712,0.371
3471,3740,0.435
3471,4085,0.309
3472,4071,0.471
3472,4151,0.456
3472,4170,0.402
3472,4307,0.237
3473,3635,0.215
3476,3952,0.247
3477,3629,0.312
3477,3675,0.23
3477,3734,0.249
3477,3768,0.213
3477,3775,0.207
3477,3952,0.206
3477,4241,0.271
3477,4362,0.21
3477,4406,0.237
3478,4372,0.203
3479,3919,0.208
3494,3910,0.593
3495,3534,0.307
3497,3593,0.201
3501,3832,0.204
3501,4228,0.203
3505,3773,0.296
3506,4114,0.379
3507,3651,0.226
3507,3881,0.224
3507,3930,0.377
3507,4008,0.207
3508,3668,0.27
3508,4193,0.237
3509,3719,0.213
3509,3734,0.232
3510,4263,0.316
3513,3880,0.204
3513,3916,0.268
3514,4089,0.222
3515,4208,0.336
3516,3660,0.203
3516,3817,0.215
3516,4145,0.242
3517,3712,0.409
3517,3740,0.269
3517,4085,0.307
3518,4061,0.205
3521,3963,0.201
3521,4399,0.207
3523,3691,0.204
3523,3772,0.567
3523,4038,0.237
3523,4405,0.26
3528,4179,0.222
3530,3558,0.205
3531,4152,0.213
3533,4356,0.206
3536,3955,0.23
3538,3950,0.251
3542,4314,0.211
3543,3578,0.267
3547,4057,0.25
3548,3887,0.238
3549,3990,0.356
3550,3701,0.223
3552,3847,0.202
3552,4008,0.417
3552,4249,0.227
3553,3950,0.222
3553,4358,0.212
3555,4309,0.203
3558,3786,0.261
3566,4024,0.244
3566,4135,0.259
3566,4203,0.213
3566,4417,0.201
3568,4308,0.259
3570,3707,0.216
3574,4248,0.304
3577,4418,0.201
3578,4128,0.218
3580,4262,0.242
3582,3817,0.236
3583,4309,0.216
3585,3927,0.347
3585,4261,0.308
3588,4119,0.274
3592,4396,0.469
3594,3644,0.202
3594,3712,0.202
3594,3811,0.236
3594,3898,0.206
3594,3907,0.266
3594,4085,0.215
3594,4147,0.209
3594,4199,0.351
3594,4265,0.267
3594,4368,0.232
3598,4296,0.256
3598,4298,0.223
3599,3714,0.221
3599,3857,0.308
3600,3919,0.277
3601,3677,0.321
3601,4364,0.543
3605,3789,0.227
3605,3867,0.572
3605,4182,0.229
3606,3962,0.218
3606,4296,0.325
3608,3918,0.297
3608,4098,0.334
3608,4205,0.297
3612,3635,0.23
3612,4139,0.252
3618,3752,0.53
3618,4191,0.224
3619,3839,0.21
3623,4412,0.276
3624,3995,0.331
3624,4114,0.297
3629,3675,0.234
3629,3719,0.323
3629,3734,0.345
3629,3759,0.244
3629,3952,0.261
3629,3966,0.336
3629,4018,0.278
3629,4076,0.224
3629,4152,0.359
3629,4287,0.203
3629,4362,0.253
3629,4395,0.201
3629,4406,0.242
3631,3827,0.205
3631,3969,0.243
3631,4040,0.28
3633,4395,0.201
3635,4139,0.296
3635,4203,0.22
3636,3727,0.237
3637,4320,0.208
3638,3952,0.255
3641,4011,0.442
3642,4284,0.232
3643,4113,0.236
3644,4199,0.372
3644,4265,0.264
3645,4219,0.23
3648,4172,0.271
3649,3991,0.201
3653,4347,0.451
3654,3843,0.228
3655,4135,0.256
3656,3785,0.302
3659,3895,0.229
3662,3763,0.207
3663,4101,0.214
3667,4302,0.22
3668,3717,0.277
3671,3873,0.262
3673,4402,0.334
3675,3734,0.251
3675,3952,0.218
3675,4136,0.258
3675,4263,0.219
3677,4364,0.327
3680,3700,0.227
3680,3706,0.23
3691,3752,0.28
3691,3772,0.21
3691,3819,0.291
3691,3930,0.305
3691,4191,0.25
3695,3984,0.207
3698,4148,0.245
3701,4061,0.212
3702,4154,0.203
3703,3919,0.258
3706,3860,0.301
3706,4228,0.303
3706,4279,0.241
3712,4085,0.226
3716,4315,0.21
3717,3918,0.234
3717,4196,0.21
3719,3734,0.347
3719,3895,0.224
3719,3966,0.29
3719,4002,0.202
3719,4018,0.25
3719,4064,0.281
3719,4076,0.216
3719,4152,0.349
3719,4287,0.224
3719,4362,0.267
3719,4395,0.231
3724,4351,0.24
3729,4224,0.241
3734,3768,0.237
3734,3825,0.203
3734,3895,0.271
3734,3952,0.21
3734,3966,0.249
3734,4018,0.207
3734,4023,0.252
3734,4064,0.228
3734,4152,0.337
3734,4218,0.218
3734,4263,0.245
3734,4287,0.25
3734,4362,0.243
3734,4372,0.202
3734,4395,0.256
3734,4406,0.257
3735,3808,0.227
3736,4358,0.205
3742,4152,0.31
3744,3886,0.325
3745,4085,0.219
3751,4279,0.269
3752,4191,0.326
3761,3958,0.276
3764,4116,0.218
3767,3777,0.203
3767,3908,0.201
3767,4184,0.215
3768,4152,0.226
3769,3798,0.211
3770,4396,0.47
3772,4038,0.261
3772,4405,0.266
3773,4205,0.283
3776,3817,0.263
3777,4351,0.209
3779,4378,0.254
3781,4062,0.208
3786,4421,0.38
3789,3867,0.293
3789,4166,0.307
3793,3955,0.241
3793,4006,0.257
3798,3823,0.205
3798,3831,0.233
3798,3881,0.21
3798,3930,0.25
3798,4187,0.353
3808,4305,0.28
3812,4413,0.238
3813,4366,0.219
3815,4407,0.243
3817,4145,0.248
3819,4191,0.284
3819,4381,0.248
3823,3831,0.254
3825,3881,0.205
3825,4191,0.205
3830,3989,0.243
3830,4142,0.205
3835,3851,0.206
3839,3862,0.221
3839,3910,0.236
3839,3987,0.241
3839,4061,0.332
3840,3978,0.212
3842,3952,0.205
3842,4303,0.248
3842,4353,0.221
3844,3952,0.222
3844,4163,0.204
3847,4118,0.239
3856,4270,0.455
3858,4224,0.209
3860,3865,0.214
3860,3922,0.309
3860,4164,0.273
3860,4228,0.664
3861,4148,0.204
3862,4061,0.205
3865,4228,0.243
3867,3992,0.201
3872,4005,0.245
3876,4064,0.218
3881,3930,0.244
3881,4191,0.216
3883,3922,0.315
3885,3958,0.222
3885,4058,0.22
3888,3958,0.372
3888,4058,0.458
3892,4379,0.202
3895,3966,0.254
3895,4064,0.338
3895,4076,0.208
3895,4152,0.307
3895,4362,0.259
3897,4317,0.291
3898,3907,0.256
3908,4147,0.202
3917,4145,0.263
3918,4098,0.235
3918,4205,0.334
3919,4179,0.227
3919,4228,0.221
3919,4279,0.211
3921,4149,0.212
3922,4164,0.289
3922,4228,0.231
3922,4279,0.256
3923,4258,0.227
3923,4360,0.212
3927,4202,0.39
3927,4261,0.308
3930,4191,0.294
3930,4204,0.257
3930,4272,0.248
3936,4356,0.204
3939,3966,0.201
3943,4361,0.212
3946,4166,0.213
3951,4241,0.319
3952,3966,0.227
3952,4152,0.248
3952,4406,0.216
3956,4152,0.279
3958,4058,0.487
3962,4296,0.244
3963,4013,0.295
3965,4145,0.206
3966,4064,0.394
3966,4152,0.294
3966,4406,0.203
3968,4377,0.266
3978,4068,0.427
3978,4328,0.277
3986,4193,0.305
3986,4249,0.268
3989,4186,0.239
3989,4351,0.277
4002,4362,0.477
4007,4305,0.217
4010,4417,0.21
4011,4066,0.241
4017,4024,0.221
4038,4405,0.431
4041,4170,0.247
4042,4366,0.206
4046,4412,0.201
4048,4187,0.203
4048,4272,0.319
4052,4224,0.329
4052,4262,0.205
4061,4263,0.213
4064,4152,0.282
4064,4362,0.23
4066,4108,0.224
4066,4128,0.248
4071,4151,0.369
4071,4170,0.394
4071,4307,0.306
4076,4152,0.241
4080,4336,0.226
4096,4201,0.215
4098,4205,0.276
4104,4258,0.291
4117,4216,0.23
4136,4388,0.201
4143,4147,0.33
4151,4170,0.374
4151,4307,0.234
4152,4224,0.219
4152,4287,0.217
4152,4362,0.202
4152,4406,0.233
4164,4228,0.234
4170,4307,0.274
4193,4196,0.221
4199,4265,0.265
4206,4272,0.24
4215,4229,0.222
4215,4258,0.285
4224,4262,0.251
4228,4279,0.233
4229,4258,0.29
4256,4391,0.283
4268,4407,0.464
4404,4407,0.206
