node,x,y
2408,791.210000,-955.514000
3130,14.976000,686.410000
4741,81.454000,-1094.733000
3389,-950.181000,-871.457000
2845,520.697000,1160.061000
5290,1122.146000,-466.672000
436,-131.190000,895.855000
921,-992.150000,-588.693000
3172,504.555000,-452.884000
2754,-421.805000,1495.842000
1550,439.948000,1119.528000
5406,-1125.432000,85.122000
3290,-4.001000,-1236.768000
2164,614.555000,138.262000
2120,50.718000,774.382000
3433,75.204000,874.910000
3599,1018.341000,945.862000
553,-995.946000,-5.432000
4948,544.049000,614.990000
4949,1360.493000,20.899000
1971,1558.415000,-231.916000
5395,233.539000,-762.086000
3484,27.654000,1039.081000
907,-1175.101000,808.316000
2933,1071.909000,-1164.760000
2025,49.650000,1438.255000
5535,457.916000,183.248000
4622,282.283000,1449.438000
3303,304.689000,382.424000
143,-279.131000,1515.190000
1263,-437.952000,727.317000
2583,-327.884000,1481.195000
3041,-1478.361000,614.183000
2049,-978.930000,1210.484000
2062,940.174000,-787.719000
3370,-531.911000,-1397.218000
5553,-341.608000,-516.927000
1294,-246.846000,-1734.504000
2441,781.275000,-1504.559000
2648,-459.892000,-1319.163000
2179,611.937000,-1623.843000
3821,-1169.780000,995.765000
988,-320.480000,1383.236000
5592,-719.514000,732.220000
1851,179.009000,-1458.922000
1145,1540.721000,107.575000
1718,-1256.527000,-574.600000
4945,570.764000,-15.683000
3955,-291.667000,-471.543000
1468,8.245000,738.354000
3810,70.174000,-585.415000
9,959.843000,-1137.133000
1612,-1130.603000,-758.632000
2368,-990.164000,-1164.205000
5266,-660.693000,-634.482000
1043,-707.443000,-879.617000
5098,503.430000,-1322.823000
3202,-1543.287000,-21.316000
256,1026.939000,-435.504000
5277,-591.538000,606.845000
2211,-842.261000,-2.095000
3454,-290.189000,-1746.232000
2110,-397.051000,1324.720000
742,243.294000,-1440.666000
4232,1527.717000,-66.164000
549,-1571.169000,-206.701000
3348,1535.525000,31.278000
3432,-119.643000,-1100.742000
2494,884.709000,1005.370000
3926,-1123.665000,629.273000
1677,-1168.760000,171.033000
4857,1013.123000,-504.131000
1715,-487.620000,243.819000
2262,562.397000,-399.526000
3238,1338.327000,353.438000
1224,1433.987000,-97.693000
4576,246.557000,960.883000
2854,64.314000,-1015.242000
3828,813.092000,1101.529000
1436,-1534.403000,21.615000
836,966.016000,-507.288000
132,1027.603000,-1015.612000
3500,569.064000,251.088000
3782,-986.282000,174.079000
1500,-1062.828000,-563.156000
1950,800.475000,-1157.788000
1170,957.004000,-1315.889000
4423,-1131.579000,278.480000
5272,-892.603000,-1153.937000
3480,-977.862000,-841.968000
2752,-274.144000,1075.355000
456,742.462000,329.084000
4837,409.501000,-1360.978000
1465,-1499.595000,-770.259000
4158,-1294.792000,599.644000
2554,-1187.376000,-497.180000
4860,-1055.725000,-517.067000
574,-1249.701000,-1234.240000
441,-593.617000,-578.139000
1511,1075.422000,-591.136000
5618,542.370000,112.189000
1629,-1295.533000,-909.736000
3019,-943.374000,-1016.325000
1560,639.622000,-137.484000
2621,-110.760000,818.182000
2809,-55.998000,464.652000
1816,-971.615000,-981.332000
4771,-948.116000,-763.069000
3815,901.119000,1010.177000
987,307.140000,49.419000
1136,88.793000,-1387.412000
2521,-73.991000,436.089000
385,704.014000,251.382000
2908,926.132000,979.695000
161,-326.455000,-1351.784000
5611,-936.231000,313.326000
1520,-634.383000,-920.439000
3792,941.738000,133.695000
247,572.365000,257.462000
3736,-529.112000,-1470.380000
3795,-684.274000,122.689000
4959,1002.679000,-694.102000
3913,-1205.310000,-937.017000
3028,1459.045000,460.220000
1595,759.758000,1148.590000
1280,232.530000,-1665.634000
5157,-1138.547000,-79.293000
29,-158.335000,1147.211000
3016,397.551000,912.737000
3083,853.438000,-196.515000
511,-804.420000,-1491.186000
65,-257.036000,-311.897000
1236,-142.065000,-373.968000
1073,-999.646000,-57.901000
4569,1249.015000,-457.771000
4811,1331.288000,-968.394000
4624,-158.590000,1355.148000
5621,726.714000,212.053000
3313,-1478.872000,-496.058000
3616,-1416.430000,432.869000
4000,-701.168000,1127.152000
2350,-1135.513000,-762.093000
5014,1149.848000,892.221000
4597,143.979000,1446.421000
2974,13.327000,1161.108000
129,-635.371000,740.726000
361,1022.183000,815.185000
4151,177.523000,1455.756000
2831,-1555.680000,577.583000
3127,-817.416000,1355.154000
4177,401.613000,122.991000
3746,-1666.882000,235.983000
5251,749.646000,-1068.969000
3352,1478.614000,-377.819000
4363,46.268000,-209.972000
1342,-533.806000,595.064000
366,-174.893000,742.451000
5413,361.507000,-433.181000
1516,1106.249000,-1070.248000
3285,-736.151000,14.700000
2773,-1176.145000,-507.583000
2978,614.039000,157.394000
795,-1399.106000,302.729000
806,124.789000,755.270000
5397,-1100.662000,-481.749000
2828,-601.751000,783.634000
3833,-208.240000,-433.678000
4300,-901.673000,-803.387000
141,-423.180000,286.663000
1450,841.711000,-663.119000
5565,612.826000,234.878000
4406,-644.545000,965.427000
3518,-1057.370000,-713.593000
4548,-515.824000,-1190.775000
107,-1254.069000,302.267000
1995,818.870000,-977.703000
663,-52.746000,-416.648000
4963,304.259000,896.325000
3957,278.951000,783.707000
668,-697.876000,501.714000
374,1514.576000,263.830000
1449,546.708000,-1055.280000
2016,1379.601000,-9.154000
5314,-223.225000,-554.618000
328,932.540000,1162.657000
3270,287.994000,-1737.258000
3488,-657.677000,1316.575000
1923,669.870000,243.642000
5415,-832.498000,1132.183000
1467,-479.544000,154.308000
2682,83.387000,92.617000
2670,-831.593000,1026.040000
910,558.697000,20.628000
2208,-10.083000,1449.292000
2448,-1525.778000,-874.469000
3084,649.200000,522.028000
4289,316.943000,786.590000
1992,-1015.149000,-491.013000
2534,360.608000,-1641.697000
2961,1206.041000,752.702000
356,452.404000,-1121.599000
442,-661.922000,-1461.805000
856,-145.304000,1217.653000
2748,-598.545000,1219.264000
3190,375.178000,1015.067000
209,-1707.531000,76.995000
3048,1196.261000,231.429000
2848,-521.062000,-1651.009000
877,570.933000,188.495000
1197,-595.659000,717.850000
1921,1562.791000,-338.917000
2245,-1067.686000,372.181000
5208,-141.467000,938.811000
4015,-642.674000,740.770000
3100,585.232000,375.472000
5426,-729.207000,995.055000
3931,-1112.438000,-504.905000
2743,419.394000,-896.005000
4021,-1180.254000,222.964000
1395,1555.379000,-343.556000
423,-1357.836000,-866.197000
3513,-1511.030000,-535.769000
339,726.847000,81.960000
4251,-1249.769000,-1134.539000
4495,-861.103000,-26.939000
5059,-1555.510000,7.290000
4803,-1156.938000,-608.302000
1753,-1530.539000,583.751000
5180,-62.603000,-499.787000
626,-753.409000,-1171.762000
737,-461.151000,-1392.233000
2632,-512.808000,-1699.049000
2069,-1301.857000,868.139000
4285,-1058.847000,-869.648000
2939,193.189000,-1670.295000
2563,-940.034000,-1469.228000
380,-672.243000,-866.639000
2677,-1522.040000,-611.927000
3732,-1143.809000,89.100000
3286,-439.074000,-1720.796000
2846,-677.557000,432.398000
4119,-58.044000,-736.432000
1091,-882.703000,1039.374000
2616,-320.325000,-1067.801000
2453,1044.851000,395.423000
607,375.940000,581.730000
1566,256.652000,-1375.597000
1793,-361.605000,37.844000
4586,-448.426000,-467.820000
5221,-1292.833000,90.982000
4161,789.291000,-810.506000
5424,-97.938000,716.413000
3099,1174.673000,-1080.571000
2931,248.319000,-1152.222000
1324,-1219.695000,-532.421000
5520,213.358000,682.400000
1652,790.809000,-903.358000
591,1095.745000,-376.249000
486,76.123000,1421.588000
2275,1262.095000,-25.002000
1694,150.238000,-415.015000
3168,-1292.589000,-157.372000
5542,-862.879000,1303.695000
3832,-364.270000,-998.364000
2581,221.071000,-184.358000
112,-1251.332000,807.746000
4412,-72.657000,958.365000
4897,-416.163000,-222.094000
1241,-222.919000,-1252.985000
4053,-1559.693000,-91.146000
2657,1344.397000,-721.828000
2618,89.986000,-1262.290000
251,-686.567000,-1361.737000
1201,301.794000,607.216000
4669,-1299.562000,-1045.519000
4682,959.691000,-505.189000
3638,1117.577000,-896.488000
755,-636.354000,804.496000
231,-1348.443000,-30.149000
2497,594.334000,132.848000
4896,863.175000,-615.596000
106,-641.737000,-385.410000
2904,-889.340000,-1031.878000
5169,790.508000,1291.991000
4318,811.537000,234.380000
2251,-370.033000,969.598000
3597,-33.405000,1528.214000
2726,1357.923000,527.359000
1862,1414.279000,-619.546000
3320,1023.006000,405.431000
3138,147.486000,1042.397000
4735,-1264.832000,-1085.409000
2784,66.510000,-1503.379000
5396,917.865000,-844.264000
4252,372.384000,-1552.705000
4881,232.674000,-1285.545000
5540,1450.316000,-229.924000
1513,-543.265000,365.555000
2024,938.085000,-628.653000
3901,-1625.870000,-545.299000
177,-11.103000,-636.086000
1611,-791.336000,212.183000
1204,-1031.362000,-1088.575000
35,-124.273000,-1469.605000
2602,1316.080000,148.083000
4951,401.199000,604.588000
3474,1090.196000,-720.758000
2075,-552.903000,-71.659000
4692,-932.271000,-895.978000
68,-1350.562000,-426.953000
25,-398.297000,-1533.019000
3952,790.477000,-1213.323000
3921,662.575000,-1594.736000
2988,-543.417000,-969.482000
1231,1056.651000,-1019.944000
1961,962.789000,-639.768000
3376,250.701000,-1752.787000
3996,-1026.168000,1042.516000
1551,-931.599000,-905.105000
2099,140.204000,-1711.275000
1041,1191.734000,-1064.881000
3591,43.278000,987.771000
2244,-76.026000,993.209000
2238,511.313000,-1019.825000
2139,-423.271000,152.898000
5454,-119.830000,-10.599000
2760,-201.803000,1297.891000
3110,444.917000,1424.310000
4847,120.990000,-694.659000
1405,-1558.813000,-511.921000
2586,687.709000,365.789000
2821,-1004.149000,1185.905000
104,440.106000,-1010.962000
3422,-1332.689000,312.035000
5488,-344.062000,-565.685000
242,-690.965000,728.850000
4827,382.883000,-499.510000
2688,306.396000,1099.145000
2378,13.178000,1537.372000
3023,886.531000,-1260.879000
4402,191.098000,-506.387000
3546,-279.250000,-429.661000
1199,-1516.612000,491.934000
2461,744.269000,-246.354000
2006,531.771000,424.857000
2115,-1290.426000,902.832000
4804,88.612000,-305.108000
1297,1425.718000,198.807000
2960,-979.912000,-915.139000
1035,1224.778000,761.469000
116,187.379000,557.928000
1075,280.247000,847.028000
2490,-1256.773000,-141.753000
2080,154.239000,997.510000
1212,-224.522000,-1761.262000
70,504.544000,-1642.399000
5490,-1109.900000,-1421.065000
4433,1122.270000,-535.178000
263,664.832000,1333.082000
5477,-344.521000,-1002.759000
3987,564.393000,-1517.211000
3923,1063.245000,-558.490000
1986,-290.460000,-1676.755000
5368,188.441000,-560.869000
624,-826.185000,-913.232000
5364,-89.172000,-1697.822000
2216,-1487.344000,674.892000
2799,651.700000,486.928000
172,161.563000,1234.198000
5147,-1180.158000,38.812000
3022,-1185.359000,198.657000
796,-659.802000,-1129.901000
2757,977.320000,-941.859000
4517,123.064000,805.919000
2972,777.704000,-1223.349000
452,1541.070000,-180.660000
2524,-324.767000,182.351000
597,-1261.294000,-401.702000
3690,449.749000,-1568.104000
396,-511.720000,1000.773000
3180,126.908000,-1079.206000
2480,-941.807000,544.759000
2112,1523.297000,318.912000
3015,-572.074000,-1063.737000
5115,-869.674000,371.250000
2370,-841.247000,136.204000
2479,1208.728000,90.595000
3116,1238.454000,-1096.813000
637,-712.265000,-1526.933000
2676,-589.790000,541.628000
518,-1210.199000,704.079000
5422,1202.379000,836.413000
3196,1067.711000,803.679000
2884,177.602000,-1147.639000
5369,-819.964000,1228.230000
874,518.331000,-590.602000
2885,903.798000,415.667000
92,-344.920000,-1509.464000
2318,293.588000,-1561.630000
522,624.111000,122.906000
658,-1397.358000,895.408000
485,-990.506000,-1544.101000
634,175.805000,1512.340000
1607,164.571000,1255.011000
4513,147.707000,1123.515000
2673,1480.467000,-689.026000
3698,-168.593000,-1172.698000
888,126.991000,-1633.382000
5523,1196.672000,-580.128000
5061,-391.244000,-1642.019000
2239,-203.687000,-1749.036000
249,146.478000,810.320000
1512,-931.591000,584.137000
5015,1060.540000,-232.470000
5394,-123.842000,-49.514000
2147,-11.450000,-1301.012000
4220,-923.256000,-1152.996000
1190,218.752000,-988.606000
934,520.099000,-79.874000
852,291.193000,-444.150000
3843,1167.089000,620.787000
5391,-1016.302000,-1044.607000
1989,-754.509000,874.969000
5186,-1114.646000,-661.013000
2964,1102.725000,982.519000
2738,-554.982000,525.383000
2416,-620.577000,515.824000
3688,126.129000,-1224.333000
5448,-227.785000,-258.460000
2613,-847.720000,1352.545000
1482,-691.511000,1238.889000
2530,-320.920000,-1785.269000
5095,19.983000,-1448.213000
2609,521.827000,195.346000
1130,1.609000,-178.013000
4498,8.406000,230.104000
1151,780.960000,-1378.381000
4455,889.964000,-1388.280000
2772,-406.761000,-1092.102000
3609,209.151000,-1250.033000
4180,627.213000,112.278000
827,443.421000,491.629000
2814,-816.768000,-372.088000
2118,497.284000,-916.234000
4790,-1711.224000,-293.586000
379,442.910000,644.177000
5405,689.612000,-374.720000
4508,-1515.393000,65.805000
2439,-1072.096000,-807.689000
2674,909.451000,1157.300000
1988,723.776000,439.746000
903,385.484000,476.643000
1848,-1201.003000,82.008000
3870,-1234.980000,210.888000
1088,946.229000,1004.484000
2671,1152.154000,-542.252000
891,540.038000,234.858000
165,358.111000,-1731.317000
2806,1084.092000,-514.224000
4566,461.340000,-803.041000
4340,1018.628000,-1330.662000
397,1535.837000,-344.410000
2097,-982.608000,1050.289000
481,-800.372000,705.117000
33,-938.923000,948.298000
2375,1507.238000,382.294000
5302,369.765000,1038.013000
28,-945.894000,-978.529000
1464,742.184000,1292.370000
5437,0.456000,1327.052000
2979,-667.174000,-1099.912000
403,-1647.702000,13.054000
2426,-1047.698000,799.239000
3153,853.509000,1048.397000
1535,-204.004000,-1552.675000
2096,242.584000,772.746000
5575,-1018.769000,-669.699000
3522,-1485.774000,-256.799000
2655,-1085.271000,-443.809000
4505,-439.440000,1123.497000
1754,-986.750000,-849.562000
4083,101.774000,1413.954000
108,410.434000,437.363000
716,1554.790000,-7.183000
897,-168.269000,-1066.145000
3756,-1537.511000,-465.537000
1899,95.160000,862.463000
1583,-175.683000,-1229.796000
904,252.846000,-152.662000
3124,291.321000,167.163000
516,-1583.649000,-686.307000
4853,327.903000,-1693.412000
4002,-489.157000,-797.434000
422,-1282.629000,-1013.786000
4687,-1647.357000,-251.315000
2020,-459.250000,704.177000
1247,-552.715000,1460.010000
5643,811.575000,238.692000
3171,543.252000,103.264000
2907,226.221000,1417.769000
5512,-490.172000,1239.822000
2125,-347.708000,258.775000
3193,-260.246000,121.042000
2052,-362.640000,-1454.206000
4234,723.557000,139.780000
3066,695.393000,-508.678000
4468,143.207000,50.049000
2940,1225.188000,-533.846000
4802,886.282000,890.149000
2150,-547.711000,-228.831000
2664,742.432000,431.145000
2805,313.551000,-95.991000
4446,-420.770000,-1300.522000
3211,-575.134000,-801.749000
166,83.227000,-1037.492000
532,490.536000,493.296000
4429,71.580000,-1503.359000
4319,-915.083000,-762.848000
2667,-452.682000,1436.438000
1445,215.857000,238.889000
2446,629.737000,262.843000
4454,-367.373000,200.854000
3410,800.144000,350.722000
265,-1353.964000,110.273000
4775,873.886000,1217.956000
2458,-544.482000,438.209000
2035,1365.679000,-445.824000
3324,1004.541000,1116.390000
2721,-1204.550000,186.389000
3165,-234.196000,67.887000
130,-1290.285000,-18.543000
617,-1079.951000,-627.426000
4541,-1321.189000,-1004.542000
3287,-1147.745000,-981.547000
529,-1728.076000,-30.673000
4797,525.169000,-79.308000
5256,-84.281000,-764.706000
1304,-770.324000,-1077.117000
1237,-530.206000,445.908000
3234,-869.494000,-1207.911000
5518,1119.486000,168.863000
4626,-581.474000,1329.959000
5077,-1483.671000,131.529000
4018,267.690000,-1745.533000
5319,-873.952000,-955.013000
5211,1068.525000,-829.785000
1093,135.258000,1347.639000
1379,26.034000,-1784.584000
3226,-1311.033000,-570.656000
470,683.870000,269.905000
1865,-0.035000,1351.028000
1096,-1019.365000,-556.511000
559,-450.666000,596.689000
4525,745.716000,229.867000
4425,846.522000,-1408.194000
881,268.598000,-812.213000
4064,-1066.262000,-624.139000
5332,621.448000,529.686000
1361,-1133.961000,-728.737000
5213,447.907000,-926.740000
3715,-366.821000,-540.186000
1649,1346.511000,-605.109000
1735,87.479000,464.844000
4469,-71.949000,343.144000
5267,-79.299000,-652.706000
3622,1136.926000,-1129.609000
5356,-1011.586000,341.627000
4756,1060.609000,-721.737000
4672,-623.819000,439.982000
4435,-1119.460000,161.311000
3755,-781.226000,1329.526000
2781,278.270000,-1561.936000
1441,-5.037000,1432.115000
4438,-224.739000,-1141.585000
1767,-155.317000,-1050.133000
4922,279.771000,-197.577000
4644,168.446000,-1427.175000
1011,794.745000,826.335000
1202,349.165000,-1625.696000
285,382.756000,-1388.223000
4159,1122.487000,811.672000
1025,-1406.250000,607.457000
4944,-1126.570000,-1319.463000
1679,1575.263000,-93.661000
2776,222.937000,389.951000
792,-522.288000,-730.784000
4593,514.746000,1162.874000
5334,584.055000,81.080000
5320,1451.507000,21.125000
2464,-191.566000,-1775.361000
3429,-1092.127000,445.766000
4492,546.873000,340.150000
641,956.716000,904.484000
274,-464.228000,-413.828000
1495,-16.406000,1267.748000
814,-1304.925000,605.314000
2079,1136.415000,-848.006000
3055,-20.593000,-1104.310000
350,875.471000,-1382.497000
2807,981.516000,-189.549000
2336,136.105000,-374.312000
2093,1017.321000,-462.869000
4759,-1007.851000,542.733000
1132,-1007.221000,288.364000
3527,247.089000,350.762000
2391,542.017000,303.192000
1974,-92.295000,1012.128000
612,-591.403000,-785.083000
5198,219.020000,806.299000
2455,-83.339000,1074.221000
886,-191.069000,-10.513000
820,1239.053000,-995.367000
1704,214.345000,757.143000
1692,549.669000,187.143000
3089,827.823000,818.161000
1936,616.473000,-282.434000
1784,-1085.370000,-283.600000
1987,760.607000,1008.405000
3893,-390.426000,-547.421000
3824,-117.044000,-360.527000
2268,-482.193000,1091.502000
5276,622.488000,-649.351000
5121,1357.052000,-943.902000
4878,-194.091000,-967.750000
4485,247.649000,1222.071000
4999,-35.047000,-1030.246000
3142,114.364000,961.902000
593,-487.390000,-1121.051000
4630,730.361000,586.344000
731,1095.878000,1050.930000
3586,583.552000,514.876000
208,-873.345000,-811.221000
4207,-492.415000,615.821000
332,1326.375000,649.026000
31,-317.764000,410.928000
2508,-51.953000,-1335.010000
5116,-438.532000,-88.532000
4900,126.011000,1023.592000
2604,-344.898000,-1350.169000
2445,-1538.368000,-47.688000
3452,847.789000,340.617000
4589,174.303000,-167.996000
3735,1218.703000,-142.715000
2034,-1292.979000,929.042000
3029,698.720000,-262.822000
1928,1250.653000,544.621000
3137,-1109.671000,-824.919000
2920,-164.908000,1218.248000
434,585.144000,1030.036000
4408,465.639000,1406.129000
3508,119.290000,1491.378000
4098,1168.219000,-542.929000
4046,-545.826000,-1027.541000
3245,-316.548000,-1495.713000
1530,-362.299000,1213.222000
2702,-376.088000,220.188000
671,1525.938000,-48.683000
2076,-1041.777000,-935.479000
3548,-957.390000,-1245.470000
1208,1257.154000,256.264000
1269,-790.521000,-992.906000
3346,-1715.810000,-215.179000
1171,541.246000,-741.089000
75,-1398.857000,-189.119000
1074,-1393.002000,-79.256000
1181,-791.411000,-289.293000
3687,1246.102000,836.236000
1710,-1521.881000,-705.441000
4711,24.061000,1501.977000
577,588.528000,448.816000
498,-1041.432000,-805.769000
3657,1302.994000,312.961000
61,-877.008000,-262.760000
3573,599.600000,-1432.408000
5385,108.319000,820.439000
918,-1174.226000,-718.797000
1301,-1040.027000,-910.798000
3532,79.220000,-1076.729000
5260,631.945000,1136.057000
5545,-485.537000,-758.975000
2299,374.936000,-1315.442000
880,-636.795000,-559.662000
3504,-635.751000,-947.908000
757,944.635000,-671.353000
3151,-358.648000,13.808000
3877,485.322000,1088.718000
5472,-675.430000,-629.890000
1524,-1506.259000,115.021000
3526,-266.817000,-426.673000
5591,-878.242000,-8.719000
5230,1198.900000,-455.562000
325,-1323.493000,-1221.476000
2085,253.952000,852.914000
2325,-1091.786000,-385.712000
990,1330.104000,-422.663000
4547,-558.303000,1166.743000
4800,-1103.628000,894.551000
5606,-1571.202000,-668.935000
228,565.793000,1312.313000
1940,1.626000,1234.530000
1572,-44.487000,789.765000
1139,-1291.836000,236.919000
1097,715.618000,-1209.146000
1719,271.194000,814.434000
5225,-939.077000,885.281000
144,-921.820000,1246.248000
1048,690.574000,-1148.223000
837,-491.512000,-1284.867000
570,-631.904000,-955.442000
2938,-754.016000,-33.220000
997,-1159.551000,501.066000
4610,-1126.391000,-1408.605000
2762,-788.365000,1222.140000
4254,-319.144000,845.626000
215,1129.612000,-1159.946000
4027,167.431000,-1370.170000
3265,-964.418000,-756.217000
1273,897.674000,-883.872000
1148,-1424.148000,-484.724000
5557,732.879000,313.696000
5037,458.959000,-432.813000
1965,54.115000,1526.987000
2071,1375.610000,350.593000
276,273.953000,-1349.847000
4511,1250.726000,-1048.062000
5244,1190.484000,-747.846000
1017,131.382000,366.904000
154,-233.605000,121.555000
1828,936.188000,-1316.241000
1296,-1122.507000,319.338000
1833,1252.481000,779.329000
4601,-217.716000,1053.815000
4488,-1572.245000,-202.396000
5013,-681.358000,919.048000
4590,-1042.166000,-644.824000
1179,-1505.592000,-589.953000
1117,-714.946000,-1469.235000
176,480.768000,-740.096000
540,-1416.035000,-903.977000
579,31.554000,-1440.439000
3812,-682.273000,555.543000
3844,715.918000,1090.307000
2335,-1303.310000,-543.317000
5440,-817.075000,-493.211000
2913,-1171.433000,-665.693000
4087,-234.796000,1414.173000
308,473.232000,235.861000
929,679.790000,-1372.917000
1722,532.759000,-1507.332000
1517,1067.491000,-581.852000
5507,-520.573000,-1715.972000
5374,196.015000,-1731.534000
4691,817.319000,-588.806000
453,440.971000,1433.124000
2344,133.414000,-317.329000
3499,788.782000,694.066000
3277,1256.996000,-779.076000
4482,514.683000,-482.076000
4231,1498.865000,-464.538000
4578,1319.163000,-351.864000
600,-439.388000,-580.733000
712,-523.388000,1459.458000
2008,1375.073000,658.943000
373,-703.755000,-1039.892000
1956,702.904000,1328.553000
5069,-941.439000,1253.020000
3257,1494.949000,260.726000
5229,-1675.480000,-173.251000
3336,-1073.152000,-789.970000
3092,1248.072000,865.855000
4663,-524.057000,1044.875000
677,-633.997000,372.474000
3768,798.497000,1222.087000
5502,-909.420000,-1439.677000
1081,-756.703000,1146.473000
508,-1705.929000,-469.603000
1106,-53.849000,-975.745000
3956,-638.436000,1198.036000
4269,661.892000,-1561.162000
1552,-1264.907000,-1323.164000
3358,-1546.934000,-967.951000
4592,-799.497000,1233.361000
3642,53.592000,-266.943000
4293,426.699000,-571.360000
5388,-1645.814000,-278.964000
1396,-178.067000,-358.916000
238,-1086.948000,-875.402000
3304,-19.000000,1235.819000
2516,-986.460000,193.651000
4131,-1571.683000,-259.475000
255,-283.148000,359.105000
5278,-1346.147000,-313.758000
4459,556.282000,-236.716000
5628,-44.993000,-774.954000
1902,84.936000,666.451000
3215,307.362000,66.128000
3408,-350.757000,-116.121000
2198,-926.720000,231.282000
843,1087.696000,661.985000
2519,-710.717000,-1571.519000
188,-257.157000,203.360000
5145,-144.002000,94.987000
2157,-439.809000,-850.990000
4281,-491.561000,872.887000
1630,1118.643000,405.616000
2061,-108.839000,-490.964000
3940,-321.246000,1208.353000
5343,740.009000,738.031000
2747,733.670000,413.057000
3681,291.243000,817.882000
1860,913.612000,344.045000
2155,-1129.495000,-881.242000
1567,-841.024000,-560.658000
1688,-571.148000,-1102.880000
2531,-1231.976000,363.267000
1625,510.190000,-1421.537000
4306,1281.942000,-432.755000
2716,-153.919000,1370.766000
4233,-913.273000,-1008.832000
1402,693.102000,1000.113000
4494,1520.240000,274.681000
3633,-937.016000,-1280.343000
3660,-1185.254000,-528.935000
1346,1017.501000,-617.100000
2362,-15.471000,599.581000
437,1062.384000,625.710000
773,552.658000,-1466.730000
5600,1485.411000,64.516000
4799,235.218000,1016.016000
3748,614.968000,1383.555000
1004,-575.307000,759.504000
3129,399.091000,-509.315000
2685,-237.299000,-870.324000
5373,-748.712000,1128.556000
5289,988.001000,-1373.992000
382,-1395.198000,369.329000
1739,621.363000,368.017000
2669,150.421000,-256.517000
3506,358.634000,-207.251000
1359,738.076000,993.233000
135,195.572000,-1169.005000
1743,-1392.113000,591.184000
3610,-1359.270000,879.706000
2230,22.761000,951.121000
3592,248.960000,686.551000
2236,-1065.279000,551.536000
4643,194.510000,-1480.136000
2004,-1104.418000,-837.309000
5449,-1035.308000,-480.901000
4934,-134.627000,-616.274000
4564,-585.368000,-898.651000
1913,1307.588000,-1004.231000
5283,-691.942000,605.270000
1157,1364.349000,-59.652000
2818,-471.229000,-838.852000
3147,-1325.446000,752.998000
2684,367.137000,-1082.673000
5495,-498.579000,-1069.262000
4467,-1334.336000,-27.838000
3992,1000.956000,-387.750000
3905,-719.038000,503.464000
3314,-124.701000,-1482.015000
5051,265.699000,-258.361000
1267,-349.980000,-478.016000
4901,-479.720000,744.474000
4500,-1512.331000,678.670000
4001,-212.743000,-976.782000
4676,873.623000,-335.327000
4128,-113.302000,1174.034000
4282,-198.004000,869.044000
2038,765.137000,-1339.373000
317,-132.332000,-194.587000
5172,772.022000,-1075.847000
4864,-1026.976000,-854.432000
2337,1085.860000,835.165000
3738,-467.790000,1108.361000
1047,-189.086000,886.168000
900,172.897000,-947.946000
4674,1425.398000,342.536000
3212,-577.315000,-842.698000
4925,-358.006000,-1745.852000
3331,1045.321000,-744.943000
345,-921.677000,115.008000
2608,511.369000,-1188.698000
899,991.824000,-404.031000
5366,-1224.676000,984.880000
4795,769.279000,-1254.227000
2218,1259.204000,-615.736000
2354,1202.639000,6.310000
1059,-1275.235000,576.691000
2053,4.477000,-1509.261000
4684,-999.105000,-888.369000
4529,-444.718000,343.175000
1575,962.622000,-578.041000
2954,318.158000,-1717.562000
3001,363.544000,-1289.327000
3343,274.368000,991.611000
2253,-525.686000,-691.615000
173,-76.037000,-1760.941000
4308,-1044.311000,-583.964000
142,-334.369000,82.692000
714,-1314.481000,953.959000
1522,-1584.713000,444.317000
4189,1060.854000,-202.930000
598,402.241000,-1624.889000
2288,-1123.229000,1118.697000
2993,-575.846000,573.448000
5316,531.867000,-7.435000
1314,829.859000,600.017000
1084,-205.757000,-1616.866000
2304,1225.645000,871.359000
2266,461.166000,-388.840000
1519,-926.804000,-806.617000
5088,-1051.204000,-549.236000
5090,964.216000,-83.373000
4437,-94.858000,-1754.244000
4035,1436.327000,275.501000
702,164.483000,-41.056000
3944,894.517000,-1390.374000
4918,-1064.467000,-591.887000
1186,-530.577000,1429.556000
2824,8.948000,477.747000
4265,-982.552000,1252.983000
587,1423.684000,79.649000
2980,501.191000,-1623.746000
4313,-1021.372000,802.941000
2510,20.208000,747.197000
681,568.078000,829.670000
39,468.521000,-66.541000
1603,504.149000,147.529000
2220,773.179000,-329.961000
1808,83.069000,1329.949000
709,-935.854000,-1081.276000
655,784.075000,-1492.640000
3372,661.516000,-19.607000
5249,-1134.949000,376.888000
4473,-1623.707000,450.027000
186,-1007.219000,-1257.206000
358,270.862000,1046.802000
3005,1437.260000,504.461000
1775,-1622.315000,159.011000
3868,-1281.534000,941.074000
623,-1154.365000,-514.822000
2943,713.875000,-137.404000
3538,-671.694000,-1192.977000
3895,1509.261000,-422.068000
3510,-1006.592000,-984.528000
3515,-820.737000,-372.591000
5399,568.934000,410.509000
2843,612.126000,361.250000
4042,-198.850000,-284.812000
748,614.527000,98.733000
4874,-1048.210000,1082.951000
720,86.969000,949.313000
4641,-1251.547000,260.731000
3531,-166.136000,-1353.383000
200,-71.920000,-1354.659000
1115,-996.344000,-904.988000
431,-411.844000,-1732.600000
1037,1261.374000,794.936000
3096,-470.183000,-1461.858000
2291,549.630000,404.039000
1501,999.895000,937.234000
1734,-972.510000,1158.542000
1112,-876.670000,-523.613000
4706,-669.502000,707.723000
2346,266.863000,687.408000
5401,-1735.273000,165.736000
4966,-1728.969000,-295.707000
4110,1406.467000,-354.267000
4076,1350.573000,667.297000
1937,-1647.073000,79.468000
5231,1457.680000,20.231000
3543,-540.919000,1163.141000
974,1365.007000,-931.880000
3018,-1110.160000,-1014.871000
1562,-82.370000,-186.796000
5217,-1420.698000,-981.677000
4809,-1233.516000,121.496000
1915,829.573000,-1488.286000
2741,-292.535000,-1142.349000
4347,473.364000,1045.732000
1761,-991.870000,-526.831000
915,1206.100000,900.046000
5281,1517.633000,221.415000
1419,-406.244000,351.104000
3164,1393.231000,167.135000
3439,-749.899000,-816.406000
1880,84.965000,732.793000
1471,-632.714000,1410.719000
1674,1480.837000,-508.539000
4483,-133.619000,-210.794000
1245,-1060.486000,-1221.631000
3247,609.276000,1365.893000
3949,-1058.268000,314.139000
3496,-1416.557000,311.795000
2180,1193.984000,868.988000
2750,800.205000,310.057000
1841,-627.852000,1391.389000
3273,-355.513000,197.457000
3917,-172.360000,-1315.878000
1609,1006.980000,511.303000
1137,-158.711000,-844.684000
5259,-1031.563000,-973.047000
1353,-1138.177000,-626.770000
4385,-974.677000,-1296.843000
222,-1241.239000,-292.013000
3371,884.454000,-1266.850000
692,-404.322000,1494.824000
5375,-140.694000,1462.037000
3670,961.422000,841.445000
3804,-1176.831000,440.667000
408,942.078000,-1069.352000
4441,-836.788000,-1167.618000
2055,-643.688000,-1032.024000
3316,134.293000,-1633.495000
4665,116.723000,-1519.987000
3872,342.019000,642.412000
2686,-1560.576000,-425.190000
4679,152.951000,-519.454000
4321,-157.608000,-1541.569000
3236,388.200000,-951.779000
3530,-868.664000,-677.750000
2545,-1347.975000,598.359000
2706,-930.378000,633.868000
4805,387.083000,360.264000
1693,-1124.543000,738.925000
4734,230.449000,-1082.366000
3553,1078.053000,-1069.449000
5189,-19.869000,-1497.579000
873,-754.218000,-541.388000
647,-536.121000,-741.489000
2714,-338.033000,715.790000
3605,-1309.263000,5.919000
869,-969.451000,929.194000
2887,-517.969000,-1710.797000
4969,795.792000,936.322000
1432,601.880000,-980.298000
3827,1091.735000,-462.502000
1142,-228.198000,-1716.792000
5035,923.411000,-1275.331000
1637,316.387000,-1377.847000
3294,1559.721000,-225.299000
316,1232.394000,-717.040000
1380,-1540.983000,657.256000
1486,-1180.229000,139.545000
4798,-1490.825000,-909.102000
4144,-253.150000,152.924000
4534,761.831000,-1449.141000
1653,313.033000,-551.673000
2718,359.941000,-814.504000
1834,1001.356000,-439.328000
2466,1099.915000,426.134000
584,-287.106000,1430.080000
5124,-921.759000,-873.530000
2435,1129.639000,-850.004000
4762,-1089.471000,-222.398000
5627,-54.885000,730.097000
3186,569.125000,-1181.582000
3498,-88.417000,-1550.798000
3477,-374.698000,1015.092000
4226,1075.457000,-466.318000
3436,1185.638000,-950.082000
4368,1315.350000,-722.509000
2364,-1424.702000,-825.856000
892,53.446000,419.903000
2485,-1542.935000,-927.836000
4703,106.033000,-75.402000
3612,1008.199000,-329.187000
1972,-304.760000,1487.341000
1503,143.340000,-871.820000
4333,412.336000,398.069000
5206,756.638000,-1499.891000
1664,-1011.308000,-897.612000
619,1435.743000,-731.833000
3550,309.183000,779.297000
1523,275.464000,-1631.343000
2925,-832.727000,-945.309000
239,568.130000,-1137.930000
2363,-674.518000,-1072.996000
1272,-789.228000,-1103.674000
4173,138.562000,-1166.266000
5188,-788.098000,-659.931000
427,1466.162000,171.189000
3487,1190.766000,909.207000
3465,-307.856000,-134.073000
1365,-46.534000,-1518.203000
1052,1070.729000,667.763000
4096,-578.256000,-929.875000
1717,-873.173000,-632.938000
1695,-166.011000,1513.691000
1783,-1615.749000,-383.657000
3745,-1512.688000,264.635000
5008,1113.298000,-1171.392000
3883,1024.552000,347.934000
287,-204.870000,1479.502000
542,-152.502000,-1235.795000
4205,-1350.883000,135.905000
1581,-630.708000,-212.848000
2153,311.390000,676.763000
3989,-294.191000,-1190.146000
5444,-793.286000,-447.428000
2633,-1674.983000,-170.563000
4203,-272.669000,-1776.066000
1417,773.868000,456.479000
4733,1394.585000,-386.396000
2595,211.278000,969.404000
4581,-615.052000,2.111000
1334,-1514.312000,725.938000
2990,605.634000,353.971000
4040,284.928000,-1458.440000
1221,51.743000,-795.553000
4097,776.590000,324.161000
410,633.130000,602.419000
314,-149.659000,-1504.146000
2201,-729.699000,-847.102000
3224,-524.237000,1140.010000
2019,-1279.960000,91.925000
3754,-689.252000,-1162.816000
5184,57.436000,-323.147000
1669,-63.269000,935.476000
4025,682.274000,-1546.178000
1164,-651.193000,1246.644000
1599,-958.176000,-1337.906000
2106,-345.355000,-1326.828000
383,-1638.909000,29.380000
4852,114.958000,-1275.165000
1642,91.528000,-828.165000
1016,-122.366000,-1275.141000
2722,-631.298000,718.413000
2431,1405.322000,577.456000
3924,-844.031000,960.359000
1010,194.084000,1475.269000
3332,176.723000,863.550000
5631,-1053.564000,-893.960000
4136,276.083000,-1709.655000
3807,-346.892000,872.736000
2235,-88.325000,-1052.000000
4458,-1462.182000,239.054000
548,-522.339000,-962.431000
5150,719.572000,-745.122000
3396,-1086.364000,1116.853000
5040,-1425.672000,656.053000
3363,856.838000,-1453.331000
2398,-618.857000,-1381.977000
1018,293.083000,-1474.962000
1654,1006.841000,1099.738000
4267,-952.685000,368.209000
1846,-638.811000,562.881000
789,1074.894000,312.755000
4600,-615.880000,-943.966000
3539,-569.200000,-235.994000
2768,200.623000,-656.844000
4188,1133.848000,600.216000
3241,-410.198000,949.242000
2620,130.247000,-1367.576000
3299,-490.254000,59.573000
526,379.977000,-418.342000
289,-1348.090000,836.242000
1404,-79.831000,1338.407000
2683,731.171000,458.759000
3335,-48.650000,-1773.136000
2819,-150.810000,-234.929000
1505,-158.305000,1510.768000
216,-682.135000,-1580.592000
1656,-1158.327000,-822.387000
1213,-975.315000,403.217000
3219,842.518000,347.646000
5300,-289.786000,180.313000
5238,-976.531000,931.716000
4213,633.433000,-112.893000
3200,-722.519000,-680.575000
4767,-976.325000,-867.126000
4982,-1721.914000,-131.137000
484,-772.690000,-1108.857000
1357,204.805000,1054.854000
5372,484.522000,-1549.802000
2646,927.383000,-294.332000
1703,224.729000,485.278000
887,-1325.830000,66.929000
121,493.997000,214.795000
2594,757.657000,-741.475000
2715,-558.590000,1299.772000
5551,727.827000,288.744000
426,1240.533000,-1178.477000
1830,-1313.470000,405.408000
4690,-1247.559000,-666.555000
4250,91.658000,69.060000
2753,1303.782000,688.866000
3244,772.387000,421.858000
2590,-451.548000,931.208000
3239,-756.781000,-253.482000
1192,-1464.891000,288.447000
3216,-1611.825000,536.346000
3512,1084.873000,-1168.919000
1574,331.025000,-1110.270000
721,-363.217000,-984.102000
5167,398.459000,790.194000
3250,587.397000,356.589000
1265,-1688.557000,274.431000
1447,-789.741000,882.875000
5554,839.819000,-1420.721000
4957,545.532000,57.746000
5633,909.990000,-513.863000
2091,-110.972000,-58.312000
1487,-832.332000,904.190000
4814,520.576000,-1351.110000
389,450.566000,616.032000
1444,-118.729000,-50.139000
4639,-540.230000,-1599.159000
5548,-8.859000,-1148.378000
5183,-549.662000,919.142000
1138,740.575000,-672.172000
4980,543.731000,-486.877000
1393,-360.305000,1469.417000
2955,-120.222000,-1340.841000
3948,-706.520000,-1469.174000
2507,801.626000,854.960000
4065,293.014000,939.997000
4476,1543.619000,-152.851000
3628,1189.618000,-846.860000
2259,-642.719000,-884.810000
596,521.701000,-391.425000
1796,1160.720000,970.247000
5253,-144.549000,239.939000
187,-642.644000,688.107000
2270,711.154000,338.597000
1452,1553.990000,-116.865000
4272,883.405000,-1310.997000
51,-639.260000,-155.738000
4331,-719.982000,1090.909000
363,-1370.314000,137.642000
2145,-857.508000,-1285.954000
813,97.029000,-1552.392000
82,-304.048000,-1411.681000
5464,-1048.302000,1021.839000
514,-880.337000,710.619000
5005,-1031.219000,1065.885000
4356,419.479000,-396.948000
2229,1368.723000,248.709000
660,931.895000,361.516000
601,-1156.436000,-112.097000
1946,-41.608000,1532.873000
34,307.960000,-1251.977000
4765,-82.056000,-1558.799000
4090,-1376.527000,30.897000
4973,-401.649000,-1699.532000
3960,-880.410000,1075.370000
131,-395.230000,-1445.746000
404,25.503000,-952.125000
3695,-10.357000,-1019.853000
4424,-423.781000,612.968000
3131,-504.989000,-998.132000
4204,-619.326000,1217.854000
4835,-1388.504000,-965.395000
3658,629.105000,-1164.717000
550,-1202.616000,546.535000
2313,-490.629000,-1536.970000
3364,421.757000,-751.532000
790,803.828000,-1442.745000
2423,-1111.099000,-117.366000
5398,-1612.561000,-289.288000
2552,-1144.824000,-1091.865000
359,494.091000,-236.292000
1180,1304.456000,-899.406000
213,412.861000,34.063000
551,-634.383000,118.682000
563,172.653000,1164.340000
392,409.526000,252.852000
2194,-138.945000,1008.915000
5568,-764.178000,-935.415000
3737,724.347000,276.866000
2264,-1118.491000,-1390.783000
4134,740.738000,959.566000
3888,815.211000,-1469.986000
5483,330.359000,-1554.423000
3144,833.955000,231.552000
5243,1060.302000,-514.027000
3185,505.110000,1412.598000
2246,-1367.704000,94.679000
691,-621.751000,-316.020000
3438,-1004.357000,-916.864000
2279,570.695000,-1349.966000
785,1284.979000,742.537000
5168,1049.928000,-51.978000
4379,156.991000,1264.383000
1326,494.575000,-303.410000
1934,464.364000,-1561.213000
1819,1056.040000,-686.279000
3451,-297.579000,-328.769000
2681,637.639000,-1222.820000
1031,-775.869000,149.893000
4939,787.734000,254.507000
1839,-854.424000,-1567.658000
4430,1275.728000,-217.897000
1844,-65.606000,-1773.363000
4551,194.926000,-1520.835000
2360,991.019000,-23.116000
1981,1101.237000,-657.950000
3576,790.944000,-1020.168000
2131,-114.847000,-1778.159000
632,691.049000,103.060000
5087,985.074000,-434.702000
2447,-504.123000,-434.898000
5270,965.533000,-735.408000
3964,-196.419000,-1763.161000
3243,325.460000,736.552000
2399,-1007.128000,307.349000
409,368.123000,1438.145000
4575,674.173000,-814.318000
4991,402.930000,59.701000
5562,-1262.806000,-923.944000
608,-600.813000,-717.601000
1668,62.577000,1372.875000
4122,-1011.193000,-384.776000
4983,972.633000,581.040000
3491,94.047000,-811.089000
4568,586.095000,-250.857000
5224,-216.977000,-1708.766000
5473,1142.587000,-643.896000
5057,-1152.213000,493.716000
1878,-518.021000,-1243.495000
2611,-590.833000,-1234.981000
3318,1040.342000,-552.235000
2258,1437.705000,-769.019000
2174,-667.180000,1044.483000
140,1245.776000,-757.246000
3097,231.807000,486.851000
2400,-977.692000,-899.475000
421,-879.599000,-1622.095000
3679,-330.079000,-11.729000
1540,465.965000,-1200.340000
3519,-1227.576000,-595.140000
5045,-217.145000,401.892000
3057,1183.889000,705.511000
4872,-787.034000,1313.271000
18,-1054.145000,381.742000
3993,504.763000,-1595.957000
4055,960.903000,-1344.477000
4039,970.446000,1018.776000
5583,-1061.421000,-610.028000
1998,-1060.714000,-940.849000
5599,327.308000,-937.558000
5370,-1556.846000,-179.645000
3033,452.035000,70.837000
3478,667.240000,-1585.245000
4414,1.212000,-319.388000
4917,341.638000,-1602.119000
4707,485.762000,99.781000
833,-382.880000,-1745.985000
1897,-1145.985000,-984.454000
5248,-172.316000,-42.611000
5009,-991.375000,-623.750000
1311,-853.789000,-85.901000
1101,1528.332000,336.875000
3841,-1378.407000,603.418000
819,-1231.687000,-298.739000
859,1192.029000,552.856000
4815,1188.428000,-1073.052000
1266,-487.676000,588.667000
3276,-620.116000,-759.585000
3620,-992.771000,947.717000
67,812.798000,476.423000
2592,-69.446000,53.821000
4413,982.494000,672.239000
935,-309.251000,364.323000
3421,235.423000,-748.265000
3339,711.426000,-128.443000
3534,510.969000,-27.699000
4466,-1526.895000,13.765000
301,1307.081000,-409.018000
561,-1227.973000,-538.766000
2525,545.165000,118.890000
2031,590.207000,500.659000
3780,31.320000,-1135.134000
5564,-24.033000,-1702.861000
5308,645.195000,214.711000
2433,624.348000,-843.595000
3991,1193.471000,162.158000
3415,-1017.906000,497.085000
4834,-1185.233000,765.393000
2087,-1034.878000,-869.497000
4856,181.207000,-1020.598000
676,1281.394000,122.780000
4697,454.812000,-1165.742000
775,-492.797000,-1186.261000
3613,-678.063000,627.695000
1249,-1145.674000,318.896000
2906,958.632000,-778.832000
3141,628.886000,-1054.929000
4449,318.916000,-1127.569000
753,1514.499000,194.890000
4176,978.063000,-869.028000
4913,1571.595000,54.081000
1282,-917.950000,-772.510000
1271,951.981000,-93.248000
5491,-148.589000,-836.168000
4638,-1040.492000,-940.750000
2740,1032.445000,734.433000
5549,-468.369000,186.190000
1826,1543.848000,-213.433000
5524,82.770000,-116.154000
267,154.419000,537.029000
631,718.032000,-1544.374000
1815,670.538000,-1355.800000
4850,-850.215000,-814.532000
3052,609.497000,192.525000
1153,-40.183000,774.020000
2977,770.464000,223.157000
3516,64.675000,509.852000
1275,-1248.872000,113.091000
949,496.821000,1400.909000
4404,976.569000,-947.835000
727,1193.957000,-486.983000
5082,1409.878000,372.893000
320,-1128.633000,443.419000
1702,504.014000,165.767000
3282,1403.960000,-625.265000
622,-1479.043000,-948.166000
5242,-86.812000,-86.111000
211,-283.893000,52.812000
999,1295.804000,155.994000
3984,645.967000,-1517.871000
4384,-772.562000,-1421.775000
1990,825.040000,-152.577000
2252,-222.192000,1454.324000
3260,-7.754000,628.558000
1477,774.988000,341.532000
3501,-298.564000,404.187000
2574,44.995000,-1617.697000
2668,-961.346000,-817.528000
4132,964.399000,-205.481000
2900,-973.475000,-1281.861000
4427,-1372.207000,827.482000
743,-323.772000,782.403000
2159,-673.161000,803.535000
243,716.178000,163.697000
3119,-571.231000,-845.039000
4997,-1475.699000,-778.188000
2644,-1736.667000,-55.509000
3802,-408.295000,-1094.517000
1646,1021.862000,-340.222000
2434,-1438.008000,-187.816000
1394,-496.729000,1083.842000
372,66.673000,-275.656000
1386,721.540000,153.974000
2320,89.256000,-883.055000
3338,235.691000,960.182000
546,-484.265000,-1378.936000
4680,-1524.903000,188.334000
2971,378.273000,-100.796000
127,-1169.661000,-577.313000
1260,576.367000,118.897000
1509,538.000000,435.274000
4366,-1103.941000,138.319000
2503,-610.332000,1412.183000
1837,-625.543000,-56.239000
776,-616.919000,736.857000
931,385.281000,-1457.266000
2196,453.808000,-1614.915000
1684,1160.824000,-293.967000
2869,785.672000,202.844000
2823,-515.083000,976.014000
2462,-860.317000,328.793000
2,-493.050000,635.739000
1481,-858.711000,-971.304000
2409,-1275.079000,-1144.254000
595,-445.288000,1231.552000
1617,-798.258000,1375.636000
3925,397.625000,-1516.948000
2511,930.694000,-50.963000
5612,-877.189000,-1412.350000
2468,-1255.894000,-534.734000
1099,100.142000,-549.960000
5588,-1263.554000,420.308000
3708,720.420000,241.887000
2555,-647.965000,-1363.515000
2349,763.875000,255.472000
4349,160.622000,1164.871000
3248,-1091.312000,417.794000
1453,-1117.441000,-589.977000
2533,-1192.506000,419.525000
4396,-114.475000,-1721.072000
4382,1074.722000,-372.454000
3694,-466.694000,-752.724000
2775,-97.553000,696.487000
1429,-976.524000,-520.044000
2470,562.992000,279.817000
3721,-285.553000,1039.053000
5392,-1077.605000,-572.191000
49,-1651.876000,385.983000
863,-1016.561000,-1240.069000
864,235.464000,578.934000
700,-444.393000,1387.175000
2638,61.234000,-1452.372000
2567,1345.295000,-2.281000
501,-609.801000,-429.434000
4071,1334.976000,-885.037000
942,-140.268000,1118.332000
4535,-1362.703000,-1041.058000
4491,903.856000,228.620000
4398,1572.464000,-1.354000
690,20.238000,-1008.162000
510,1210.319000,47.755000
4889,685.702000,484.727000
2861,-717.430000,-885.579000
1678,-599.492000,566.170000
2109,686.399000,-1343.126000
3379,-19.497000,55.447000
1474,193.430000,130.728000
2499,737.128000,-821.406000
337,-1719.635000,-352.267000
4514,-885.068000,-492.398000
5497,-106.076000,-1243.940000
2804,1517.401000,-143.916000
1963,484.579000,-89.577000
4609,-1688.704000,-207.661000
729,-1570.305000,-84.923000
3412,-528.661000,-1296.016000
1223,1106.858000,446.863000
5526,-859.956000,-834.803000
3337,360.274000,238.662000
3161,-1002.356000,-802.549000
5112,1081.290000,-1288.476000
260,-582.383000,-1329.467000
4544,1445.388000,483.039000
5280,448.660000,922.420000
2410,-540.986000,-1088.559000
5458,271.412000,-532.537000
2687,10.295000,776.866000
298,-960.661000,1082.698000
1795,-58.182000,-1431.630000
4493,-356.435000,-1604.640000
4824,890.259000,1154.848000
3198,-1482.724000,511.372000
4555,-628.269000,143.209000
675,1139.363000,-882.583000
980,-1199.131000,215.192000
1479,698.546000,534.641000
5360,-1458.862000,767.237000
5341,-414.416000,-1546.538000
2124,-1684.116000,-444.061000
27,1392.948000,399.690000
5349,-274.496000,-102.000000
2872,739.302000,1274.840000
476,-989.018000,-1412.353000
2498,-993.085000,846.656000
3194,-665.159000,83.581000
4019,-1095.042000,-332.287000
4998,851.239000,1150.075000
1302,-696.981000,1118.933000
4841,-116.896000,-1346.502000
478,1283.737000,-515.888000
1577,767.787000,1245.192000
30,893.038000,-1198.302000
4074,-612.667000,618.566000
3490,-537.627000,41.039000
4713,-1156.502000,64.395000
3152,-336.902000,131.458000
5450,1388.458000,263.698000
2895,-389.296000,-1684.531000
4774,329.986000,-363.474000
4302,705.484000,369.154000
3076,-544.795000,-966.523000
5097,-858.955000,718.321000
698,-1538.554000,-983.375000
1128,1513.858000,-573.290000
4554,508.789000,455.356000
4316,-460.504000,1039.105000
2691,1007.811000,1114.257000
3307,-684.561000,1421.802000
85,334.642000,-26.282000
1284,936.029000,-14.115000
2122,1128.926000,476.002000
818,384.613000,-218.393000
1579,-1290.423000,-235.291000
4357,-242.070000,1260.162000
4105,-972.156000,24.741000
368,-1212.166000,145.740000
1227,-1641.273000,289.565000
1383,-967.711000,-763.769000
5528,86.537000,-96.269000
3322,1387.031000,556.267000
1262,468.699000,207.439000
1838,957.663000,-1177.881000
4550,437.848000,182.539000
3774,1395.356000,-921.333000
5220,1174.817000,-961.793000
2593,1033.708000,-727.394000
2536,-1527.712000,689.875000
5030,-1741.004000,13.695000
3305,-231.920000,-1258.012000
5193,672.804000,-553.065000
1701,379.458000,663.880000
2376,728.994000,1312.713000
882,615.246000,1291.554000
941,1050.212000,1072.730000
4073,1169.836000,-1143.891000
3781,1354.887000,-965.423000
1813,-632.519000,251.843000
2165,594.197000,364.296000
5173,282.162000,517.869000
2092,-321.069000,-1712.694000
1618,-209.012000,127.790000
226,741.017000,-1524.331000
5041,-707.307000,1259.748000
3497,516.143000,176.137000
2787,-1693.905000,5.190000
1691,-1623.751000,423.812000
2852,330.551000,982.205000
475,-720.940000,-1072.979000
1510,-586.290000,-941.280000
5499,955.181000,-1377.535000
4632,125.041000,-890.808000
4710,-778.030000,479.925000
733,913.059000,885.072000
113,1118.895000,-637.398000
1126,-352.889000,-61.614000
4915,1250.471000,816.560000
2140,-609.229000,-1561.404000
3296,-1305.044000,194.845000
3104,218.812000,-22.079000
5604,-272.501000,-235.760000
2303,-1047.094000,-105.765000
4440,545.116000,-92.124000
4714,-1011.268000,-1067.989000
4030,-1394.888000,592.982000
348,640.916000,322.254000
3278,886.026000,912.403000
2662,689.728000,390.836000
1108,957.902000,1033.674000
4645,-1552.245000,-174.217000
1749,550.564000,-1595.937000
2225,-891.330000,-1305.461000
2744,32.749000,-1383.538000
875,422.665000,1058.342000
4270,170.670000,766.595000
3004,334.742000,248.167000
169,-913.124000,-877.795000
948,-571.185000,-638.662000
4460,-413.627000,-818.851000
1843,-611.315000,-940.119000
3112,-1294.996000,-803.123000
2241,-1061.435000,984.590000
4361,1100.437000,-660.772000
5091,-591.641000,687.147000
5593,-484.085000,499.388000
3150,201.802000,-244.990000
4536,1541.093000,-161.528000
4577,559.192000,80.061000
14,-1525.118000,-731.060000
3876,-542.804000,1456.734000
2603,1476.371000,251.100000
2585,386.178000,685.822000
23,-1261.799000,547.116000
1966,-126.481000,1283.650000
4415,1298.397000,654.471000
2190,-604.165000,1374.244000
2037,-885.519000,-85.675000
586,-129.846000,1099.300000
3123,-867.277000,233.260000
4719,368.025000,1122.111000
2451,1178.920000,-379.010000
2212,-1407.362000,141.806000
927,594.659000,-323.686000
680,-677.992000,-1320.095000
2860,1033.756000,-53.986000
5419,-641.116000,-250.063000
3467,-1616.463000,253.418000
4034,-1565.432000,-185.588000
5517,-326.094000,-1220.644000
2899,-236.212000,116.376000
2966,-564.977000,607.570000
3551,-1460.091000,743.094000
3183,-860.213000,971.736000
4613,-1107.315000,-634.974000
3170,-264.172000,-1623.598000
1028,-336.801000,1425.531000
768,558.586000,-148.766000
1932,-296.629000,-1008.723000
1162,447.762000,1159.497000
3863,1188.762000,-7.106000
1448,128.918000,775.214000
3407,-965.391000,846.008000
4920,-1145.052000,-154.600000
4698,-703.143000,692.294000
2314,506.783000,941.841000
4296,1307.609000,637.872000
594,647.833000,-77.619000
1644,-1253.131000,-754.848000
3975,168.748000,-1337.664000
2527,716.414000,-850.705000
2568,1093.490000,-602.343000
5379,-756.158000,-928.210000
3067,-1119.163000,-637.098000
5080,1082.037000,970.402000
1220,-198.149000,-1665.236000
3775,-237.456000,52.551000
69,1290.158000,-770.484000
5531,1012.937000,211.275000
1013,-1042.558000,-977.403000
3691,1108.589000,-1128.895000
5018,983.147000,-1189.876000
3704,-998.362000,436.377000
989,-1441.651000,-162.510000
341,-1345.363000,-544.612000
565,1466.268000,-639.745000
2492,-195.045000,-1042.326000
803,839.825000,-473.538000
4560,-904.849000,743.402000
4876,577.561000,128.022000
1900,-19.892000,-780.099000
3030,554.086000,1312.024000
416,-518.575000,1379.994000
4013,-1031.036000,397.327000
571,-343.365000,-1084.057000
5617,925.163000,-680.951000
5263,1046.958000,-637.316000
5614,-851.076000,-1082.015000
1198,-1109.105000,720.392000
2506,1511.441000,-359.205000
2082,1451.921000,-4.877000
5067,-1348.271000,911.948000
2017,-1089.509000,1012.383000
866,-397.490000,1258.408000
1207,413.360000,763.988000
1257,508.750000,104.162000
223,427.731000,-491.343000
5215,-1302.133000,-575.123000
4378,153.457000,973.751000
4063,-814.536000,-1118.926000
1287,-52.614000,998.882000
5020,29.212000,-810.946000
2985,-367.205000,-957.763000
2176,611.346000,1303.244000
5246,549.765000,1011.584000
952,-920.124000,-1379.885000
3258,-286.128000,17.808000
2901,-652.639000,-324.399000
4436,-1241.668000,646.423000
4465,-1456.687000,-256.808000
1555,-876.271000,-56.722000
5219,-1057.071000,-1055.650000
1525,-471.739000,-997.363000
5291,-1405.953000,-1076.887000
4139,18.962000,879.539000
3000,1098.315000,680.245000
5350,-1301.343000,797.152000
4346,578.945000,150.366000
3021,837.764000,-1142.609000
3842,-601.456000,946.279000
1050,479.223000,1342.479000
1933,-422.240000,-426.623000
2339,1334.828000,-855.400000
3914,739.550000,-545.661000
509,-488.046000,-916.552000
4372,130.038000,-1752.531000
2707,-1226.934000,138.799000
4228,391.462000,296.905000
5079,-41.642000,-1741.332000
3722,-429.446000,-1232.526000
633,-579.582000,-21.356000
3368,-1573.950000,-717.497000
5500,-469.957000,989.399000
2569,477.462000,-94.493000
4689,-848.378000,1071.750000
460,-376.023000,683.439000
1255,1468.250000,-181.666000
1641,-1026.246000,39.586000
1812,-405.721000,633.296000
5155,-538.978000,653.070000
1666,482.597000,132.206000
835,187.758000,-775.805000
1124,1408.610000,600.609000
2844,1068.882000,-503.350000
5435,-1157.172000,234.978000
958,495.649000,1239.917000
279,597.668000,-1495.047000
2929,33.359000,-793.205000
2090,-624.281000,-25.004000
771,1587.375000,-160.667000
3420,278.814000,737.140000
3672,-723.778000,1059.266000
2209,1435.083000,-689.449000
1442,-1084.631000,-614.077000
3231,-94.592000,1414.320000
1680,1229.301000,-1054.162000
2488,-71.289000,1355.951000
1205,-147.363000,1127.062000
4993,-523.254000,-289.891000
3800,755.487000,-1145.454000
1927,-1017.860000,-1068.278000
3963,-238.956000,63.071000
977,67.747000,-819.823000
3014,144.874000,-310.589000
3249,451.315000,-1136.540000
1944,-275.645000,-717.329000
300,-457.388000,-764.984000
4823,1244.154000,902.716000
1333,680.740000,1353.606000
1378,-359.447000,-1650.459000
4334,72.483000,1106.092000
5629,708.570000,400.842000
54,990.157000,1022.184000
3181,119.338000,-0.021000
2871,151.533000,-648.587000
613,63.350000,-1370.293000
5423,161.963000,1287.743000
4649,94.900000,932.143000
1591,1287.933000,-354.508000
1021,-756.387000,-1108.020000
1935,-452.251000,1449.198000
4916,-1717.225000,48.868000
206,817.825000,-912.878000
1716,451.516000,1444.241000
3583,-977.224000,-547.624000
4910,643.534000,305.254000
3466,-1612.427000,358.632000
5216,1564.651000,-192.817000
3779,-665.622000,-795.363000
3669,-1081.024000,188.812000
5609,150.473000,996.091000
2050,685.219000,1031.108000
1143,-514.145000,291.658000
2560,-557.623000,-905.091000
2260,-1355.980000,133.156000
5506,-438.942000,1271.648000
340,1174.616000,302.328000
237,-363.339000,-1195.028000
5510,-1125.965000,115.052000
3547,-1107.071000,-1390.466000
4656,-684.136000,-124.681000
4224,-891.130000,-1205.142000
1884,857.500000,1194.488000
3614,-1091.025000,875.125000
1291,44.928000,-1749.177000
2596,-791.490000,1353.923000
1531,514.698000,1258.675000
4599,557.055000,550.856000
322,-824.752000,-1558.047000
3568,-290.576000,493.553000
3458,658.504000,-1011.578000
4746,399.351000,96.599000
1318,1186.768000,-487.207000
347,1014.857000,-539.832000
4685,188.720000,-962.165000
3806,1254.258000,830.867000
1090,-155.603000,-454.638000
1376,1044.119000,-915.887000
636,-1546.982000,-533.080000
1778,-572.156000,202.810000
471,25.902000,970.466000
1904,1078.328000,-1155.620000
411,1493.665000,35.521000
2126,526.715000,-1523.241000
5274,-1095.274000,529.058000
1771,1386.252000,-198.263000
2948,544.086000,-1342.284000
1622,1469.129000,201.881000
953,933.890000,221.870000
5463,-526.864000,-1029.860000
562,1064.327000,681.796000
2361,974.531000,-636.348000
3199,-1127.446000,-1391.829000
4248,-587.705000,589.006000
4985,311.789000,-1716.932000
4038,-37.596000,-177.246000
1978,-1096.562000,-486.111000
1658,382.914000,6.274000
1768,1042.943000,-1284.775000
354,738.334000,-625.094000
1193,-77.863000,-1109.961000
1173,-177.954000,-601.372000
32,-869.304000,402.852000
965,-196.251000,993.859000
4894,423.885000,-341.604000
1628,699.130000,-776.362000
3259,-173.281000,-1460.321000
5066,24.415000,645.573000
4796,1207.957000,652.744000
4651,-1092.150000,-692.286000
2708,457.184000,127.896000
4740,-1165.627000,432.901000
2922,1073.113000,-644.309000
2916,-1234.456000,776.647000
393,1254.080000,539.799000
2356,-639.634000,-845.668000
2193,308.512000,-927.028000
2791,841.238000,-1018.323000
1214,1167.580000,101.784000
1970,-848.501000,-1260.628000
4217,1197.180000,-508.908000
711,-608.905000,516.214000
2287,-1121.532000,163.200000
2556,-1170.416000,-940.351000
1547,-1068.439000,-930.078000
2469,1389.009000,-450.720000
448,120.921000,-1231.797000
4197,-723.663000,-84.495000
1070,-38.177000,1449.858000
2837,-1632.906000,-448.601000
4813,787.063000,707.641000
3326,247.673000,-1131.394000
3766,-1461.752000,-701.765000
3560,153.387000,90.490000
3790,1585.547000,-240.378000
413,1439.735000,-392.332000
2661,602.690000,-1356.823000
3293,928.854000,-1435.089000
4301,-300.585000,978.486000
5072,1078.398000,-1236.250000
4029,147.297000,838.624000
1116,-181.502000,223.901000
3934,873.119000,413.373000
2297,583.768000,167.620000
3761,-1278.699000,210.273000
3292,874.939000,-1037.853000
3483,-1432.440000,-690.731000
406,-39.570000,227.173000
4615,-1063.118000,500.824000
342,-949.247000,-828.247000
3985,335.223000,74.637000
4681,-1649.984000,-555.264000
3626,295.739000,791.022000
3601,1389.157000,-301.320000
2739,-929.113000,1223.787000
4317,462.292000,-1061.336000
5118,-1034.309000,-764.667000
5255,1549.423000,48.149000
1215,1180.482000,349.755000
2868,-100.620000,995.087000
4521,1266.700000,-60.665000
1686,92.337000,1159.216000
4287,309.055000,-98.968000
3114,-311.490000,-1363.254000
1261,-179.822000,-145.477000
1176,696.570000,210.533000
4211,-1567.386000,74.849000
4376,-288.528000,-1495.207000
2836,-699.468000,1018.235000
982,-269.239000,-459.213000
2610,610.457000,1367.542000
3575,673.062000,1326.589000
4348,190.946000,-139.840000
4354,-1118.044000,-468.747000
246,-787.805000,-1495.291000
1893,-136.144000,-1212.338000
57,-626.781000,682.430000
2573,584.721000,-1117.588000
1498,293.301000,-150.321000
3892,-417.437000,-1771.669000
4085,400.737000,802.723000
2384,-1432.629000,866.486000
148,-815.158000,1366.494000
5010,-986.531000,1203.506000
1473,-319.109000,883.888000
3220,-797.633000,-1577.658000
2210,-1081.575000,-774.568000
5114,342.754000,1477.488000
805,1490.038000,-5.270000
1997,214.689000,-387.570000
722,296.347000,-1117.043000
5136,1362.295000,-607.304000
1102,-49.265000,582.575000
644,390.917000,-1673.612000
4647,4.367000,1389.716000
2647,-1251.645000,141.986000
1384,-639.982000,-1091.327000
5031,368.747000,-1443.297000
3848,178.118000,349.419000
2419,-1598.944000,247.712000
4024,-1132.639000,-390.018000
1959,-312.394000,1534.169000
1578,284.664000,-1231.457000
718,96.330000,-1286.920000
2712,649.836000,-947.753000
5486,-375.618000,1174.256000
1298,1384.928000,584.459000
3073,-410.669000,120.336000
2186,-965.196000,320.996000
99,-640.744000,-1441.806000
4510,-715.660000,-704.112000
4101,-114.750000,-1605.984000
4978,1518.806000,143.017000
4092,-56.174000,1098.021000
2898,-899.829000,-558.833000
1183,578.358000,-263.922000
4819,-998.042000,-646.891000
2812,464.666000,-342.448000
4262,-1696.516000,-243.199000
2281,-314.274000,-1754.709000
59,-1028.083000,-175.672000
5006,-1629.219000,470.857000
4730,1348.518000,357.372000
4725,957.366000,-1235.462000
715,-771.607000,-1596.489000
1597,989.928000,842.387000
3354,-404.995000,1161.441000
4351,-824.046000,-1536.797000
4990,793.598000,-626.707000
1476,1091.369000,972.417000
291,-543.973000,-1272.320000
1832,648.717000,822.655000
576,373.694000,34.186000
2765,-790.379000,1062.741000
657,-722.838000,256.671000
391,1103.263000,-168.029000
1288,-922.155000,-199.408000
3729,-190.010000,-293.400000
2358,1061.266000,-1295.998000
2169,-429.854000,-1529.901000
4341,-888.234000,905.321000
1720,-1066.910000,-902.402000
2703,542.616000,1263.917000
3664,-496.283000,844.576000
93,377.753000,-1521.418000
763,-1185.262000,-1314.388000
3385,-1042.747000,-832.635000
609,1161.629000,-1215.429000
760,210.465000,1445.951000
1485,-82.385000,231.215000
2833,-1599.428000,-453.168000
3051,-1511.388000,-302.298000
3829,289.103000,-1247.321000
5371,-69.689000,-101.370000
3184,-1058.617000,-850.379000
3492,-1697.507000,-430.961000
3091,287.096000,-687.768000
371,485.512000,921.786000
467,1423.316000,-622.730000
5105,-1014.338000,-954.514000
4792,-381.732000,1293.107000
1733,-892.434000,989.272000
504,1099.040000,978.093000
1908,-235.582000,-979.774000
4967,-197.900000,-1163.285000
4673,129.236000,-121.628000
1129,1215.879000,479.733000
2959,538.996000,186.850000
4873,814.309000,360.363000
4373,689.759000,425.451000
3919,1334.419000,-51.961000
5109,692.919000,1284.097000
3932,-865.259000,1153.866000
1911,-1410.024000,708.605000
36,1141.515000,837.363000
3393,-638.883000,555.517000
5252,-1093.110000,760.374000
3441,1566.946000,-239.287000
5384,-374.831000,340.525000
3359,-784.656000,1094.273000
2248,-149.372000,-1432.181000
1643,1356.328000,299.027000
2782,16.663000,-1433.974000
4311,242.730000,1484.509000
3230,-589.198000,-1553.584000
1292,-715.878000,761.118000
4842,-1311.080000,593.015000
739,1018.049000,-1230.229000
4198,-311.463000,-776.081000
3621,-1033.698000,-554.405000
2619,-500.360000,475.545000
1134,1170.014000,-537.496000
2870,-673.323000,-1394.568000
1232,-610.223000,-1096.327000
2763,498.736000,194.478000
939,50.652000,-981.589000
5626,-1539.211000,-581.517000
2418,393.403000,1099.296000
4946,-1029.734000,-781.093000
3007,-1125.093000,985.111000
3693,-1047.743000,544.401000
5441,1072.741000,-754.275000
2294,570.930000,-1347.289000
288,616.244000,-225.622000
2045,1249.603000,-584.842000
2921,1180.350000,885.286000
2614,455.356000,-467.600000
1420,-17.603000,-1435.356000
3696,257.964000,433.286000
778,-693.874000,-1641.449000
746,244.338000,115.556000
2355,-454.759000,1441.701000
1094,854.177000,-776.420000
3227,-1080.716000,-1327.631000
4778,-525.166000,-1682.026000
326,-930.316000,322.503000
4603,1501.485000,-435.240000
4537,1147.731000,-818.390000
2745,-1020.807000,-1442.165000
3854,-1507.662000,327.873000
2651,-169.295000,875.954000
1650,-950.398000,-953.381000
638,-1102.129000,-707.759000
1920,-49.973000,970.716000
4743,731.205000,-1443.541000
3145,459.693000,124.454000
2502,1055.429000,-541.393000
4742,-141.373000,-1586.660000
963,-61.455000,-466.664000
2660,-146.519000,1404.785000
2622,827.673000,197.137000
5187,-1349.749000,-1168.228000
670,-1284.804000,-861.951000
3739,103.497000,1351.705000
674,-269.897000,-1205.765000
2777,-1167.491000,-1300.871000
4182,1010.515000,-813.083000
2942,-1076.334000,313.437000
38,705.556000,-1024.207000
37,-409.942000,-474.273000
3915,159.655000,-1161.690000
5471,1290.046000,506.918000
3401,759.691000,327.494000
364,-708.387000,1104.928000
4806,396.654000,-1178.882000
355,-862.019000,198.920000
1823,-890.007000,-855.664000
447,157.645000,-1422.532000
717,1195.458000,758.244000
4218,-303.760000,-1001.820000
1155,208.270000,-1536.094000
282,132.032000,-626.862000
295,655.356000,340.303000
928,-741.559000,-876.092000
2643,-85.953000,-1148.297000
1053,949.852000,-1296.920000
1152,-1169.534000,1134.559000
4664,479.354000,-519.420000
5310,-723.938000,-875.138000
2166,-1248.992000,146.825000
180,-285.218000,719.260000
3159,1107.029000,-561.781000
1941,781.226000,212.696000
5304,1122.135000,-541.975000
83,-1323.543000,982.850000
971,-868.992000,706.819000
5365,-404.492000,-648.429000
876,319.940000,682.884000
7,-221.186000,-0.004000
3132,888.432000,-1296.633000
3596,1130.414000,-227.520000
4753,212.065000,-1435.021000
3192,-1123.237000,-539.043000
3618,119.079000,-1154.720000
458,-1052.902000,-916.250000
2856,-1472.921000,781.653000
1339,-718.478000,23.175000
2855,1388.446000,618.984000
218,-890.011000,-1189.240000
3540,-451.583000,-770.731000
812,669.911000,-1492.229000
1861,534.096000,993.735000
1919,-235.499000,987.846000
2214,350.803000,-1018.996000
469,1234.652000,301.090000
4935,-687.650000,270.769000
2486,-1122.237000,-636.894000
3545,-1201.884000,665.750000
2415,-106.327000,-1393.929000
2306,-1348.379000,704.592000
2424,-914.633000,1022.603000
1526,13.329000,1545.808000
2181,-770.182000,864.305000
3074,1290.681000,812.348000
969,-330.250000,-1604.407000
697,781.944000,373.771000
536,92.679000,567.103000
1029,-1195.349000,495.283000
3951,280.334000,1017.122000
3629,721.016000,-947.065000
4259,-1180.564000,1092.817000
1638,185.198000,-352.330000
2152,-335.800000,1499.249000
2243,408.594000,-1540.009000
5402,-1017.115000,-592.714000
2326,-927.850000,-351.552000
3386,-516.882000,1426.656000
3482,-1588.514000,-564.706000
3647,469.684000,1244.956000
2628,-305.650000,-464.349000
198,-1064.434000,-531.197000
1533,-507.891000,847.917000
3536,-811.403000,713.578000
1161,-706.122000,-1216.350000
1863,79.328000,951.328000
1554,356.787000,1137.810000
4195,-931.631000,-1575.490000
1325,-1632.883000,-406.726000
2285,-4.212000,1159.834000
840,-814.356000,966.690000
5493,-338.535000,-694.429000
2723,1417.681000,-321.724000
2359,1014.040000,-1084.633000
4989,-565.473000,916.533000
2021,-621.292000,1420.318000
4757,293.055000,-600.393000
73,358.277000,-556.717000
2192,37.260000,-1613.630000
956,1226.852000,775.083000
3095,1362.788000,377.795000
2562,-419.604000,1270.115000
4904,-712.221000,1335.753000
1323,111.003000,1506.382000
5271,-160.962000,1334.607000
303,236.654000,-684.226000
2992,-1118.754000,-233.961000
3961,1006.478000,-881.436000
3803,-354.591000,-333.609000
4936,-148.046000,-1642.153000
3594,1147.678000,-38.633000
2311,90.294000,-99.612000
2528,-716.750000,314.280000
4324,-1047.602000,-1224.298000
740,751.914000,-658.130000
648,-1560.531000,92.856000
759,-953.123000,-1200.118000
3283,462.522000,65.143000
3121,-1728.459000,-216.196000
1399,-999.764000,422.425000
3577,-611.510000,-881.580000
2357,107.117000,1222.142000
770,878.126000,327.373000
1494,-1076.997000,144.347000
2767,-938.274000,-889.682000
4192,-1073.242000,-1375.420000
353,153.140000,1231.562000
158,1000.558000,-541.270000
747,-1292.629000,-505.522000
1233,43.569000,-1372.190000
5025,-1045.061000,-507.477000
2946,-1101.446000,631.035000
5404,1288.596000,291.881000
4653,-1061.237000,-255.822000
986,-503.327000,-715.993000
4163,-1609.346000,-110.043000
5194,-1718.146000,-338.041000
4273,943.254000,-1274.457000
3533,272.523000,329.771000
5607,-1457.831000,186.592000
2493,555.132000,-55.978000
4885,-1527.762000,73.840000
5064,-13.356000,-373.189000
689,-990.321000,-493.335000
4059,1106.064000,-1161.837000
2968,-1163.868000,643.579000
122,-1412.443000,-251.404000
4887,1499.949000,-382.313000
1076,-665.866000,-976.782000
1881,-672.948000,73.839000
3937,626.606000,-798.358000
3718,-1270.656000,-92.790000
4394,-1161.459000,501.152000
12,-1129.808000,441.534000
3884,417.464000,126.645000
3723,1065.816000,-390.519000
4912,378.795000,-331.832000
2203,-223.220000,-1406.955000
5336,-97.451000,-334.075000
2007,-354.449000,171.687000
3301,-1166.332000,707.089000
2630,1518.821000,21.447000
1440,-851.018000,-1126.572000
3469,-291.215000,187.832000
994,-1375.799000,-616.512000
850,1465.553000,-37.326000
5002,-1116.099000,-972.307000
2449,518.302000,-486.004000
1274,-613.619000,-652.353000
4516,-244.972000,-448.641000
799,385.461000,154.546000
4606,732.356000,719.685000
3416,-767.382000,-36.424000
1217,1437.962000,493.189000
4553,-351.622000,-1051.536000
3011,-930.705000,-1329.339000
5227,509.239000,264.087000
4323,-126.077000,404.013000
3381,342.960000,660.423000
3308,-1510.930000,415.258000
3056,-1163.209000,-807.578000
1024,-1377.871000,712.916000
2627,-365.855000,365.570000
66,737.103000,-1314.092000
2078,-1038.136000,-1458.495000
2570,-810.760000,-1491.652000
3235,-601.173000,-115.909000
695,1172.137000,53.271000
4411,-1045.815000,-622.619000
4392,11.650000,184.876000
2580,639.044000,-1425.065000
4924,538.080000,-512.669000
3643,1338.117000,86.627000
630,-115.467000,636.877000
1631,1117.746000,-1013.994000
1451,769.154000,878.753000
48,-380.424000,1390.246000
4249,294.006000,-84.083000
2501,1104.238000,-100.958000
2951,-1034.179000,626.050000
4304,-1007.292000,102.817000
4062,301.818000,-1637.231000
5000,-371.663000,1452.751000
5128,579.132000,-1482.589000
1401,1470.548000,-617.210000
4294,416.310000,-1609.230000
3537,664.550000,-993.039000
4877,-721.763000,-1063.246000
914,-134.039000,-1013.731000
2222,831.753000,650.836000
1337,-726.012000,489.435000
807,-890.543000,-713.101000
4312,-794.045000,958.349000
4562,-695.709000,330.704000
2699,-458.077000,-1063.753000
1480,-499.148000,-748.649000
1490,770.763000,1294.890000
831,-978.094000,-1176.635000
344,995.733000,-1304.374000
3524,-1148.049000,-37.380000
1455,-1316.819000,264.790000
1034,-993.593000,111.787000
1195,320.106000,851.561000
3093,541.524000,-1343.103000
3999,-1120.833000,878.744000
1309,-735.006000,441.831000
3351,-24.228000,775.318000
2981,158.350000,-1537.146000
3891,-395.428000,-835.936000
955,-446.452000,-825.117000
3705,-1238.741000,-960.803000
262,767.070000,-1514.892000
2289,1157.582000,-189.063000
22,715.013000,-209.709000
2587,-640.241000,-1419.342000
3902,1300.628000,611.257000
1632,-1320.923000,-167.147000
1002,-897.734000,-875.693000
2234,-1384.148000,522.018000
2095,1333.773000,-989.617000
1066,-503.241000,-714.424000
1489,1161.697000,-971.774000
1121,-837.429000,-868.372000
1949,-976.549000,-825.760000
273,-965.549000,-924.979000
1671,656.224000,-640.619000
4103,-1502.944000,-236.004000
736,1019.887000,72.399000
3671,-1158.897000,364.521000
3880,1086.879000,-319.277000
97,201.084000,656.085000
628,546.509000,-1582.470000
2600,-999.456000,-346.109000
2129,-1003.020000,874.908000
1413,752.018000,305.797000
2892,789.593000,-1309.417000
2838,106.161000,925.115000
2388,-337.875000,1199.177000
531,1018.333000,-1059.370000
3107,1017.505000,-956.891000
1869,-789.842000,-319.479000
1461,-1253.661000,-1351.182000
2043,-804.097000,-1540.223000
4891,55.679000,985.906000
1852,330.117000,974.663000
377,-1391.493000,712.039000
572,-1031.471000,748.806000
3580,911.715000,1003.228000
2734,-456.305000,215.325000
4546,-494.729000,546.645000
2879,1211.856000,877.875000
3659,-1119.103000,881.165000
1196,781.276000,1257.407000
769,299.820000,452.610000
444,195.735000,-1679.753000
2475,-310.168000,-368.749000
3334,-283.419000,1204.392000
2917,707.575000,1180.622000
4344,-86.545000,653.704000
2206,-148.841000,-1749.420000
4522,-881.763000,1249.578000
4863,-288.706000,16.176000
3088,1118.049000,-1213.310000
3871,982.884000,987.495000
3631,-814.667000,-55.609000
2185,-1095.825000,-545.181000
5323,699.275000,-1442.057000
4060,-557.436000,707.301000
2269,1398.026000,552.015000
2086,-565.292000,-1204.827000
4258,-1127.782000,563.970000
2406,-553.872000,442.489000
3649,1570.468000,108.282000
4187,982.120000,-474.772000
1019,847.998000,360.148000
1757,423.897000,134.675000
162,-652.003000,-1624.306000
4184,-356.162000,917.464000
4401,-758.993000,1269.435000
5498,-1075.589000,-916.888000
3535,682.612000,1096.479000
924,-941.085000,-1128.224000
1049,715.747000,-670.266000
1626,-957.984000,989.233000
1085,-516.535000,-35.611000
1759,-342.198000,-1240.816000
707,-962.665000,1012.907000
898,396.789000,884.205000
3728,-300.883000,-348.646000
4768,407.067000,-531.899000
1140,880.783000,-1284.200000
602,-594.085000,1426.057000
1585,-1378.684000,-1127.469000
5250,-346.002000,980.187000
3367,1257.656000,852.757000
248,-1610.957000,498.813000
3400,270.953000,-989.217000
3954,-729.089000,511.592000
468,-732.057000,-791.016000
5386,-988.838000,639.884000
2282,-1040.621000,-446.611000
4507,1216.573000,196.640000
4616,1382.424000,-541.151000
2727,-820.076000,-1212.165000
21,-450.042000,-1154.844000
2538,414.373000,1348.107000
3744,629.944000,-174.559000
1624,306.424000,1321.845000
2822,1566.776000,-275.102000
5357,-141.470000,678.600000
5023,-933.410000,357.823000
920,-641.032000,-1436.366000
3034,1248.561000,-1028.359000
2984,359.339000,-915.430000
220,815.088000,262.954000
419,1395.743000,312.305000
701,658.090000,1324.005000
4179,-495.982000,388.549000
4911,-493.180000,136.675000
3967,1273.065000,-829.313000
3306,388.095000,1308.566000
4434,572.408000,-1571.972000
2283,1129.978000,1006.511000
3213,244.863000,-1412.511000
5489,-914.628000,-944.237000
1251,-393.534000,-634.184000
2513,872.441000,381.893000
2113,-1731.929000,-229.579000
5050,788.793000,1070.211000
3275,773.432000,-529.770000
1423,1288.053000,-977.563000
5202,1050.617000,972.404000
1866,-136.418000,-513.065000
3637,723.544000,349.072000
3106,-1525.983000,-960.617000
912,459.166000,-973.374000
588,-1129.674000,-698.896000
1872,-8.060000,1283.097000
3814,308.577000,602.378000
5311,-204.774000,1272.206000
1306,721.109000,-721.346000
3758,945.616000,652.090000
369,8.040000,-1348.305000
2383,1157.332000,-1175.336000
1120,399.507000,1102.299000
5642,-260.099000,1415.567000
3388,846.893000,-574.801000
492,-1126.172000,-601.145000
2463,-378.755000,-1643.120000
440,1279.218000,816.161000
4403,-973.549000,-440.301000
493,-301.028000,1291.217000
1036,777.431000,367.666000
512,-967.608000,899.351000
538,692.014000,533.519000
5570,-1012.491000,-936.797000
3811,-1522.297000,-827.101000
2240,1044.795000,-443.992000
3279,1319.206000,-748.225000
3770,-236.929000,1136.806000
2127,1256.840000,-1081.475000
4646,-1527.134000,434.794000
3225,702.047000,-343.491000
2066,961.723000,-499.540000
2873,-1584.058000,-785.655000
845,-1027.276000,278.451000
1434,183.908000,-1638.051000
4377,-298.603000,99.046000
1305,682.385000,-1413.658000
1545,-1334.652000,-161.987000
4388,376.014000,-26.468000
1051,-112.528000,1053.912000
1559,798.035000,-430.594000
2094,836.823000,345.676000
1600,-1471.928000,-628.880000
1147,-300.118000,-151.607000
5455,1223.689000,825.645000
5133,-187.222000,979.507000
3865,-1477.238000,-1084.384000
1098,-205.075000,1331.597000
2158,-1307.199000,202.605000
4237,-462.217000,126.185000
2284,-910.506000,-1196.705000
290,689.332000,1343.239000
2736,-396.346000,-1495.727000
1994,489.027000,71.759000
3651,-1673.831000,-71.391000
905,1169.837000,891.481000
2944,822.700000,1218.839000
4899,-539.817000,1131.890000
3323,780.764000,609.924000
3024,-1327.092000,119.788000
688,162.452000,614.474000
15,-1101.996000,-896.334000
269,-481.418000,-1627.934000
4277,-609.944000,318.247000
4443,-166.989000,-1660.585000
357,-105.563000,1297.117000
5560,-1671.421000,-537.949000
959,469.532000,-1309.900000
5515,560.187000,334.122000
5306,1209.686000,-1103.989000
4048,626.958000,1205.612000
4635,-241.534000,-1432.008000
4533,-905.684000,-822.801000
2690,-1051.489000,-429.910000
3753,339.448000,-1732.039000
3044,150.771000,1519.835000
3419,676.126000,-703.961000
2650,-279.831000,-269.799000
4069,439.035000,-526.080000
932,608.824000,357.914000
4210,-195.174000,916.097000
3697,1252.955000,679.920000
5293,-1443.732000,562.009000
5516,-734.557000,1357.856000
4041,-56.406000,-435.544000
4903,1021.355000,-673.734000
2576,1419.721000,-619.075000
1588,-771.673000,-992.512000
2473,939.724000,1152.567000
4532,-1727.115000,-347.274000
42,-848.273000,-766.001000
3572,93.828000,-453.288000
4140,-447.961000,786.214000
3607,-351.103000,1223.536000
2421,-1351.195000,-1074.032000
310,388.156000,174.959000
3158,-89.635000,-1356.838000
4668,-715.417000,-1619.416000
5492,636.232000,125.132000
3330,-461.562000,-1616.607000
1235,901.666000,658.420000
1095,887.840000,-1239.061000
684,405.887000,-1483.352000
749,-1674.365000,-283.747000
4709,-541.998000,-1711.692000
779,520.728000,1117.302000
4954,240.500000,-1346.314000
3544,-1042.815000,798.161000
292,-783.453000,-1160.720000
4820,396.857000,-1578.041000
686,520.877000,-1407.573000
1850,189.498000,1002.770000
4583,-340.521000,-1108.996000
3986,978.462000,-1166.444000
1286,557.650000,-1600.442000
5494,796.453000,1285.726000
5550,334.102000,1095.478000
2693,-1071.872000,-859.768000
3010,1139.512000,-994.699000
3625,-1653.202000,-101.551000
1428,1285.329000,250.868000
3727,-634.172000,588.418000
1877,982.403000,-1335.239000
399,-1273.533000,-281.036000
4539,-31.260000,1298.499000
5073,-929.130000,1210.987000
2909,-566.574000,-1407.243000
296,-366.661000,-789.436000
4353,115.853000,1188.797000
1849,-573.526000,1445.677000
5519,-1036.797000,-531.464000
1802,-1652.151000,-667.184000
3847,-552.362000,649.479000
4782,1019.546000,-658.759000
1687,-51.777000,1525.548000
3256,925.469000,-752.765000
321,-1027.432000,-829.407000
3656,-530.496000,-742.981000
4591,-785.476000,-1206.567000
5127,1517.998000,224.583000
1374,-1581.434000,-855.906000
3563,1126.104000,440.089000
2290,18.944000,822.120000
3897,-993.631000,-1130.909000
1159,-1363.042000,-217.666000
750,-96.034000,-260.339000
1556,792.162000,-492.802000
5574,137.762000,-545.812000
4157,-1227.877000,-1147.660000
2656,701.170000,1099.312000
1563,588.157000,-7.942000
1281,784.408000,-1358.993000
2351,-1154.261000,-492.597000
3886,-446.984000,-604.864000
3204,-1134.136000,-549.375000
3676,-157.901000,419.295000
2371,-981.624000,410.006000
834,448.745000,1342.511000
3808,-170.815000,-708.212000
5344,-456.647000,-1727.971000
1740,947.434000,-1160.899000
4390,1058.758000,-1071.263000
1952,-796.590000,-750.124000
5135,-1692.604000,-58.461000
1178,376.303000,-757.761000
1460,330.466000,1492.363000
1529,84.395000,12.092000
5446,-796.938000,141.819000
1316,-1199.299000,733.769000
2219,1451.715000,-582.264000
569,457.217000,53.818000
2143,335.637000,1405.039000
1194,1426.990000,289.985000
1584,-14.147000,-1577.371000
1135,249.500000,311.205000
334,1409.625000,558.499000
3950,-975.535000,1088.061000
923,1418.099000,445.095000
1338,442.808000,95.189000
5359,-57.608000,1134.595000
3418,-1062.504000,-820.106000
44,-802.573000,464.140000
4960,-1281.100000,1017.811000
5411,1012.693000,-1153.308000
4825,-1293.706000,-1225.893000
4926,-1029.232000,604.287000
1565,-567.947000,-1171.188000
2867,-1056.874000,-503.223000
191,-863.089000,-971.460000
3909,-768.154000,-338.285000
5043,612.754000,401.418000
851,1169.567000,-46.651000
2033,-1202.755000,142.205000
2276,-1176.746000,-404.164000
3542,1541.886000,17.269000
5210,1416.764000,-569.818000
60,483.602000,-430.970000
1882,-403.630000,-219.027000
319,-1037.532000,-962.815000
2719,-757.069000,-1062.485000
1975,-1196.104000,470.927000
4133,579.914000,388.474000
578,443.300000,291.161000
376,934.942000,-819.296000
1177,-1094.984000,5.147000
2672,-746.148000,-989.988000
855,-1156.685000,-1345.431000
1003,453.493000,-19.657000
5558,436.861000,-742.378000
1426,938.743000,1066.386000
5171,-1611.143000,245.363000
3269,-875.974000,-1357.245000
4360,-845.662000,297.583000
1064,1436.357000,-228.063000
102,1488.982000,414.977000
2735,-1254.222000,-298.097000
2191,-912.145000,-653.068000
352,-650.976000,1079.441000
4829,76.597000,502.439000
1764,-237.503000,-249.624000
1063,-84.408000,-1542.903000
5056,609.763000,403.703000
1871,340.963000,-480.335000
4421,-1029.854000,-679.399000
3784,-531.010000,-1099.059000
4487,-588.354000,-1505.174000
3489,1060.909000,645.876000
2301,1495.064000,238.823000
4908,49.590000,-919.008000
4456,1436.034000,-266.445000
1496,-1240.616000,647.914000
2834,-1417.857000,673.070000
5427,-952.505000,1091.563000
4005,-193.384000,572.764000
4327,-1409.616000,-865.189000
3402,804.071000,326.037000
2065,-1201.882000,737.077000
2918,-530.350000,-1473.451000
2232,-968.499000,584.064000
496,-1142.845000,-580.683000
349,1151.827000,-1043.833000
2003,-1170.696000,575.492000
3064,548.913000,1211.861000
3188,-899.817000,-582.114000
5337,522.121000,1380.260000
5262,1413.904000,-659.243000
5594,180.786000,1340.817000
828,-839.969000,-1025.893000
2577,1207.224000,539.841000
1616,943.755000,-1319.670000
5134,820.688000,-674.298000
56,1562.201000,-256.816000
4515,1239.648000,737.880000
1789,-1621.705000,108.658000
2205,445.145000,1378.508000
3417,-493.271000,-261.998000
2724,1174.240000,-1150.763000
1729,-639.111000,-974.522000
3315,-1295.003000,-207.454000
2286,-570.208000,713.731000
2495,224.770000,543.863000
916,461.455000,1397.441000
3154,1057.077000,-753.823000
3240,-536.312000,-1409.251000
4450,-753.944000,-1458.987000
3769,-926.659000,656.241000
2476,-143.805000,-790.080000
2912,-710.997000,-1371.747000
5149,-721.466000,-922.302000
5442,504.156000,-511.859000
91,-417.430000,204.857000
3476,885.641000,-1429.036000
2312,-1091.160000,165.939000
1328,-26.069000,-1498.940000
3838,-1149.456000,-566.354000
1655,-740.017000,-1174.897000
3102,-375.445000,313.407000
1315,-871.106000,1145.779000
1831,789.107000,509.093000
1957,-1069.302000,1200.574000
4484,397.930000,102.238000
4784,-873.375000,-1269.687000
1014,619.537000,323.299000
4695,-734.122000,742.401000
5117,-1081.874000,94.232000
2137,-76.634000,-1046.026000
857,567.586000,-1384.095000
555,-256.488000,708.627000
4117,-433.622000,-1324.175000
4543,-1219.493000,76.633000
3387,836.596000,426.697000
2932,1398.896000,-211.782000
3840,945.597000,-1441.146000
2864,-427.791000,542.955000
5566,-1568.464000,-523.448000
125,-1003.487000,-871.246000
3349,-1086.663000,-560.856000
170,1001.501000,-1310.195000
1424,-1382.915000,-322.295000
894,616.332000,84.510000
3345,1133.654000,-797.114000
4828,227.349000,-121.918000
3223,-551.038000,708.875000
1234,562.810000,-1516.797000
445,-170.455000,-81.139000
756,-4.410000,-1602.839000
4364,-563.299000,-162.846000
3447,-1106.599000,-617.386000
507,-773.049000,221.639000
4932,-77.248000,361.679000
5466,-572.009000,-1719.616000
477,-429.450000,499.581000
1240,437.880000,1133.619000
3835,-38.668000,406.239000
2199,748.861000,351.498000
1154,-1006.460000,188.692000
147,-222.005000,1423.661000
2390,-228.028000,-794.516000
110,444.300000,-41.138000
336,844.734000,320.805000
2905,-1355.230000,-809.021000
2857,-1209.812000,820.684000
4325,67.535000,816.707000
3904,1146.098000,-413.828000
2450,-1481.636000,636.105000
193,1433.744000,-780.040000
732,-193.442000,772.630000
4489,-819.200000,-362.884000
2128,-1424.506000,144.612000
666,-1183.967000,-741.338000
4178,173.351000,-1640.216000
629,233.816000,-881.245000
4958,-770.464000,574.964000
2859,-1694.843000,-492.901000
1943,997.887000,-581.315000
1264,-187.048000,-1083.936000
1006,1109.904000,351.837000
4104,-515.097000,-602.877000
1110,-622.916000,-1241.785000
2295,1151.541000,879.955000
1321,-91.970000,-40.598000
3699,447.843000,1218.947000
4137,1549.444000,-106.423000
5634,-1628.982000,298.379000
2200,346.166000,-508.416000
3325,-1404.244000,261.787000
1873,590.732000,188.871000
2761,-1671.785000,-10.792000
1948,-25.107000,-1463.614000
862,-630.553000,1242.820000
5355,1438.261000,177.462000
995,-468.799000,-1572.135000
2160,982.799000,-300.793000
1163,-1125.640000,449.869000
2976,-1316.218000,858.135000
4776,613.447000,143.087000
3077,-1226.229000,-1280.165000
1785,838.140000,-595.435000
1939,-1127.323000,-680.555000
16,-1219.225000,1082.322000
3079,243.370000,736.514000
4970,788.775000,627.627000
4326,-817.620000,-997.163000
155,1415.262000,69.040000
1209,-1426.023000,-711.782000
3861,727.314000,601.252000
3571,553.135000,1308.637000
3065,-1648.543000,109.519000
3682,-0.798000,893.965000
2874,-209.916000,-1275.980000
1387,1173.108000,921.261000
4118,-213.821000,1172.134000
3665,-1084.391000,-922.949000
3602,1239.247000,-597.457000
2057,1440.727000,37.840000
1614,1210.874000,-768.226000
3920,-724.313000,1089.218000
272,420.029000,1443.401000
4061,227.070000,-1371.868000
2404,443.582000,487.285000
1542,-882.002000,152.393000
2373,618.857000,153.989000
4208,-67.367000,-1677.006000
3232,393.658000,439.737000
1681,-733.646000,-1190.013000
4093,271.459000,-1631.462000
1167,127.776000,-1701.685000
5346,-656.115000,1088.632000
3521,326.821000,1401.406000
4141,851.958000,-1470.130000
3111,919.240000,1143.574000
2377,987.344000,-763.304000
1506,550.919000,8.002000
2891,-1419.730000,-283.113000
3378,1490.905000,338.406000
2970,-894.985000,-150.423000
2329,1115.653000,59.300000
4314,-378.820000,-1357.720000
725,565.628000,309.315000
2328,118.518000,-979.788000
2195,-728.576000,-1151.256000
2953,376.883000,509.519000
3627,1480.325000,60.979000
1430,27.706000,-1257.256000
1786,980.292000,-231.482000
235,506.051000,575.949000
5226,7.162000,1515.086000
5619,861.793000,-83.014000
4620,-1302.590000,-643.415000
1026,1099.299000,-694.419000
2272,294.496000,1031.750000
1289,-1080.939000,-850.469000
4004,375.848000,-223.769000
128,138.892000,-1237.249000
4442,-1629.300000,-398.581000
178,-74.710000,-1542.856000
4528,-396.122000,431.138000
3098,-668.520000,468.747000
1634,206.683000,1327.260000
4200,-1718.712000,219.265000
2148,-9.327000,416.157000
2382,1208.459000,191.276000
5312,-1025.576000,-895.332000
1427,-929.359000,-92.487000
5567,-510.344000,689.073000
194,-696.669000,-1096.274000
4869,324.574000,467.495000
1175,876.812000,1002.065000
3981,-571.291000,122.144000
4952,-1337.879000,197.179000
4770,-16.077000,-238.619000
1847,131.070000,791.973000
4206,562.299000,-1590.623000
1459,1256.348000,-897.398000
4241,-1160.848000,759.021000
1507,-190.964000,-385.999000
3485,-664.146000,-828.727000
4451,-977.629000,449.323000
642,773.358000,61.536000
1967,1305.609000,-374.272000
4464,-569.699000,-969.344000
2403,408.082000,1306.985000
5102,1470.076000,-377.154000
3459,29.803000,814.608000
5019,848.553000,-1053.864000
3026,-1407.052000,-597.494000
1777,686.160000,-104.265000
5434,-391.817000,829.401000
4890,-1546.526000,55.935000
2599,958.671000,1044.650000
885,996.094000,-1073.636000
5101,-62.424000,1092.032000
86,1443.460000,-513.293000
418,822.640000,395.462000
2088,-991.441000,300.106000
1239,-6.526000,-187.158000
4383,514.851000,130.187000
500,1102.440000,-1125.985000
4732,326.626000,37.748000
5482,828.011000,1047.529000
457,552.547000,544.041000
5596,81.451000,930.489000
2645,1243.838000,-240.726000
2817,-648.391000,656.190000
5181,401.777000,-1491.968000
744,999.125000,1006.018000
3162,-1666.247000,327.725000
5011,-694.494000,1039.261000
4286,-795.166000,921.231000
4718,212.879000,898.626000
157,-1422.520000,-542.789000
4789,-653.279000,-1509.916000
3928,-68.314000,-1090.318000
1991,-889.814000,1253.871000
480,1377.030000,-249.001000
2105,-1358.183000,-174.296000
6,-535.366000,-1596.701000
1747,-900.659000,-1053.671000
3468,1186.112000,-785.256000
3890,1547.858000,-446.626000
4290,1555.031000,-303.048000
5163,-638.285000,800.478000
4542,-360.910000,1362.906000
3611,472.113000,-315.533000
1744,-761.990000,-864.183000
3786,873.984000,-722.021000
5447,-418.886000,-1470.054000
2365,-1706.765000,-184.432000
1377,-644.779000,-769.890000
1945,789.808000,613.425000
5431,422.628000,279.706000
76,-1141.736000,387.047000
2064,1206.631000,-721.736000
2293,78.608000,-1586.413000
390,-1415.194000,-548.868000
103,-46.295000,1078.756000
4808,0.078000,1325.736000
2224,-422.619000,1365.244000
1891,977.245000,-726.315000
5616,378.904000,431.965000
3013,484.681000,-1411.914000
2565,-263.035000,1410.720000
1252,-108.996000,-401.847000
4584,-1205.765000,692.956000
4580,653.271000,-1363.939000
2471,180.091000,-1463.453000
544,-881.948000,16.146000
1504,372.038000,1356.848000
752,679.859000,1208.270000
2802,-315.663000,-1438.709000
2047,463.423000,-535.605000
947,-132.070000,-1101.774000
922,1365.052000,353.343000
3361,-1562.390000,18.360000
4342,362.120000,550.801000
2663,-158.472000,-1512.903000
1615,-230.801000,830.447000
1382,1136.303000,-240.010000
2029,857.749000,1222.711000
2886,-1288.607000,274.022000
5414,122.098000,1197.134000
3878,-109.514000,-961.104000
2875,-937.934000,-651.014000
2012,908.451000,-125.682000
1222,-794.657000,1215.578000
524,-1063.777000,-1040.424000
2484,808.414000,-977.145000
3311,-824.775000,821.646000
3272,519.327000,94.175000
4965,-544.902000,-763.408000
1836,-1189.641000,1050.501000
2073,-797.786000,-1213.968000
1705,352.477000,706.761000
4374,-1511.924000,-368.512000
5367,-1545.034000,-310.890000
425,-1683.799000,-38.803000
3714,350.213000,24.019000
1056,467.073000,-620.736000
3726,-1080.337000,871.097000
3855,-1002.337000,-740.230000
1942,-13.260000,1182.602000
1483,564.923000,-1488.589000
2254,-509.872000,-1696.809000
5139,-1358.571000,658.312000
552,547.996000,-81.090000
1411,-864.588000,-905.641000
3641,-1532.349000,-967.247000
1773,-695.562000,573.051000
5597,72.182000,801.758000
1060,337.592000,1452.531000
4868,-1422.726000,596.466000
152,306.851000,1442.667000
4859,-1051.357000,408.796000
4350,-1468.921000,-492.365000
2380,-1092.136000,-892.205000
1168,-568.108000,699.761000
4712,190.424000,-1662.575000
1976,5.461000,699.986000
2104,-162.446000,-1736.091000
5640,428.828000,702.268000
1855,64.071000,-1798.485000
2947,1090.839000,-1139.683000
450,232.485000,1294.195000
5055,-1542.041000,616.670000
1593,-538.953000,-1451.471000
4832,-813.364000,-1499.129000
1623,123.829000,819.340000
3321,-1231.219000,-437.077000
145,-482.039000,492.757000
3988,-347.179000,1237.496000
2811,1030.235000,-1275.681000
4497,-1209.591000,-167.235000
1818,1294.781000,676.724000
618,734.896000,321.289000
2440,-240.270000,145.005000
1746,-622.260000,505.511000
3773,596.984000,-299.565000
2237,226.141000,411.488000
71,838.960000,-583.182000
4947,-132.776000,540.310000
5209,-450.882000,-155.030000
3062,337.491000,339.131000
3894,-1196.011000,-948.465000
94,-136.302000,190.097000
153,30.616000,1154.793000
43,-508.800000,179.011000
1082,-1723.653000,-32.802000
954,-527.040000,1292.403000
4371,318.687000,1479.093000
694,-616.682000,-1006.758000
4094,-1289.962000,-329.873000
2815,1341.323000,-969.463000
2623,-1336.279000,904.664000
5317,-834.377000,-986.435000
184,-1255.871000,264.692000
4655,-275.419000,1423.628000
1329,1027.835000,-546.810000
861,843.832000,-902.158000
1907,11.175000,-1502.719000
1238,459.792000,-498.148000
1431,-612.303000,-944.134000
5438,-1619.979000,430.522000
362,928.928000,-363.380000
240,349.037000,-336.167000
2626,7.568000,-1376.167000
5004,-518.860000,1373.433000
2829,-1197.606000,-216.573000
2882,-1365.942000,-620.361000
4345,-388.346000,-1227.494000
136,-137.834000,-313.223000
5113,896.670000,546.235000
1343,1259.084000,-1000.518000
212,832.307000,449.770000
3262,1395.100000,-837.702000
4652,765.373000,879.712000
2701,-661.271000,-240.444000
2472,1400.490000,117.449000
2187,1259.308000,642.620000
1804,524.530000,153.694000
800,1363.487000,-884.322000
3678,207.226000,-89.647000
4739,-175.824000,-1728.202000
710,-302.522000,993.959000
4849,746.651000,-1190.280000
4127,-533.942000,-1015.867000
3108,1116.151000,163.934000
2407,-131.472000,-1650.014000
5297,-506.497000,-929.985000
1149,1008.020000,1123.683000
4160,1299.893000,726.971000
3606,896.218000,1120.906000
3205,-1438.742000,106.658000
3118,1452.809000,316.460000
945,-1334.553000,-838.881000
2995,1252.228000,845.469000
3589,1112.424000,1035.438000
454,-445.610000,-856.531000
5461,498.904000,1292.773000
1958,56.092000,-1366.125000
4130,789.953000,399.266000
2888,1541.435000,93.470000
2333,-316.118000,740.427000
1859,-518.178000,-694.510000
4642,915.174000,-1314.892000
1787,-609.808000,566.244000
3251,-1249.736000,-661.955000
3122,-1060.282000,-1476.754000
846,616.718000,-1144.796000
1534,453.132000,-588.917000
101,756.905000,-1026.839000
2481,-278.829000,-1607.095000
2584,97.522000,612.779000
5571,-963.722000,-909.582000
3456,902.214000,841.597000
5338,1009.133000,107.423000
2865,-1083.401000,277.031000
181,1023.527000,-567.799000
3009,461.542000,-1556.177000
3881,-935.016000,790.148000
3268,-1634.866000,228.466000
302,498.953000,-1219.373000
925,-557.398000,177.372000
3776,735.048000,-1549.829000
253,66.607000,-1069.724000
830,1380.392000,602.777000
5028,-1435.364000,-346.198000
1435,-1187.965000,174.335000
1887,223.159000,1449.335000
4893,1428.064000,476.822000
2189,906.796000,756.230000
3173,314.539000,464.884000
5484,-1085.098000,977.587000
4271,454.884000,-736.897000
4057,636.266000,-986.941000
2420,216.051000,-1093.276000
1392,37.248000,681.366000
3003,246.390000,-13.283000
2395,-558.674000,700.066000
4284,-1671.688000,197.453000
2540,-543.910000,-1052.248000
117,-1090.703000,-467.925000
3365,286.948000,-450.615000
4307,1207.536000,287.533000
3453,-32.837000,-1432.020000
2100,865.802000,-96.490000
3050,-988.977000,-929.657000
2825,1095.334000,526.550000
605,605.428000,-1072.056000
2413,900.870000,724.471000
5204,210.261000,443.208000
109,-123.701000,749.372000
4840,-333.809000,-186.110000
204,-645.584000,588.090000
1894,516.470000,-1330.345000
3006,434.041000,40.360000
4191,212.122000,1150.253000
3853,1343.890000,278.563000
2559,-728.524000,1201.435000
1800,-1143.261000,-190.721000
3427,53.781000,-1731.056000
3750,524.322000,-137.985000
5017,20.040000,-509.509000
3045,-755.019000,-72.497000
2598,154.250000,39.602000
1327,560.458000,-672.669000
4861,-1433.917000,-687.031000
2300,-510.304000,-786.522000
306,-1101.126000,946.468000
4512,-239.255000,562.198000
2009,104.376000,985.734000
3340,1058.225000,-576.909000
1078,-402.385000,1495.600000
280,82.037000,371.250000
5257,-1237.554000,717.123000
2941,764.154000,242.412000
120,-2.130000,1190.300000
5467,-882.030000,-97.634000
3598,-1215.372000,916.089000
3309,691.534000,-42.142000
3394,833.038000,-460.382000
3600,-1087.868000,-883.838000
3650,3.621000,556.790000
2315,628.358000,-693.086000
1675,-286.210000,1487.509000
338,-1204.518000,547.205000
2227,4.076000,-905.222000
2146,-980.137000,-965.557000
4056,-1201.550000,1076.023000
3528,-1694.015000,23.778000
2397,-1172.179000,719.844000
5511,-1376.976000,210.136000
5333,-613.160000,298.356000
2170,-594.777000,750.373000
2411,439.357000,-297.949000
2054,-672.260000,2.348000
3032,311.233000,-1052.485000
4750,1077.539000,-862.790000
4715,-1052.833000,-800.709000
2175,-1199.402000,-817.931000
1755,1394.076000,-614.080000
3783,-944.276000,-802.580000
5052,-1186.767000,-1258.378000
1079,551.404000,-1585.582000
4988,900.792000,-645.901000
3191,1132.465000,-380.279000
327,725.027000,-1057.191000
4156,-981.506000,347.335000
2010,-44.758000,536.991000
1228,-883.234000,-775.532000
786,-590.979000,-915.458000
4400,-1134.274000,-935.358000
5460,-1414.692000,-1052.569000
2048,907.348000,1167.169000
530,341.398000,281.438000
4077,-332.583000,590.418000
4634,-913.288000,558.111000
1454,-625.775000,-1638.166000
4261,-947.749000,-9.441000
4175,475.086000,-1637.196000
1475,601.168000,1104.226000
5156,14.709000,-779.895000
4135,-1647.763000,336.864000
1914,-1018.943000,585.585000
1330,1331.702000,346.771000
4503,-867.585000,583.535000
483,-992.647000,-337.682000
3063,-1106.139000,-1242.732000
2629,60.035000,755.190000
4502,-595.278000,885.539000
3373,-531.127000,-1068.428000
4447,-683.176000,513.677000
1363,-9.924000,1537.321000
1,419.109000,-921.992000
1087,-166.062000,1085.434000
2998,-1523.226000,462.736000
1032,658.119000,145.393000
5538,1406.912000,-799.914000
4472,1451.917000,297.518000
5152,-835.025000,1076.509000
4426,-713.615000,-942.789000
4961,-580.616000,304.880000
2387,-294.332000,911.882000
4419,212.914000,418.302000
268,1227.270000,599.573000
3413,1543.802000,38.385000
3929,1519.445000,-521.451000
543,1102.864000,-691.261000
430,810.283000,233.225000
5318,-1025.236000,-936.000000
1317,275.006000,-1715.500000
847,196.221000,823.461000
497,-284.355000,-1086.817000
167,952.773000,582.029000
4257,-944.648000,690.703000
3182,-660.784000,453.060000
313,-182.755000,-486.806000
461,20.284000,-1570.221000
1706,391.295000,419.382000
1955,-1626.453000,-645.716000
2881,-100.815000,1479.621000
5261,85.927000,-1711.508000
4216,-963.970000,740.939000
4292,-948.025000,815.556000
5232,317.339000,1270.350000
5130,74.768000,-443.673000
996,-1670.436000,-198.905000
2334,-1340.704000,-631.161000
1250,-1293.779000,208.335000
3710,-872.114000,-1074.479000
893,514.464000,701.673000
738,656.688000,1235.830000
3392,-1377.599000,99.010000
3702,469.013000,460.641000
2081,-1447.244000,-44.703000
225,141.227000,311.254000
64,508.484000,990.982000
3938,-797.539000,-166.820000
1319,-492.124000,-1263.471000
713,-611.047000,1070.822000
1633,-182.428000,376.394000
809,987.255000,-181.178000
3731,-260.009000,187.045000
772,-1048.829000,1122.885000
650,-1177.310000,488.389000
560,423.854000,384.473000
2550,-1130.572000,-62.160000
1985,-629.675000,1183.393000
5532,-82.070000,-615.184000
1299,247.907000,-523.527000
1322,-717.803000,-1214.469000
3778,1471.397000,-210.202000
3038,-1165.488000,-1248.403000
387,984.733000,-1392.013000
991,62.018000,-1714.927000
333,254.261000,812.078000
3801,-1204.309000,-661.797000
3267,-1612.351000,-4.409000
2369,-1035.134000,-119.402000
1160,-1062.125000,1067.232000
1714,510.932000,62.897000
5362,836.721000,309.427000
973,276.167000,-684.036000
2652,-1506.148000,506.046000
4016,-633.005000,316.455000
517,625.742000,-1621.781000
683,-965.528000,397.864000
2665,475.133000,-446.474000
5470,-1125.296000,-855.010000
5162,-426.815000,-1182.884000
4906,-209.103000,1176.593000
4701,231.772000,-481.755000
1571,-1402.592000,579.777000
1707,1290.162000,-647.591000
3444,-797.297000,-313.702000
3426,-1520.366000,-373.884000
2443,1113.774000,-965.147000
1854,-931.314000,1234.355000
4540,225.884000,-1612.089000
1922,-1387.530000,-223.871000
5584,-23.972000,894.963000
5377,-839.100000,-1264.707000
126,-1495.425000,-704.997000
1312,-493.837000,1457.252000
4167,1533.971000,-327.414000
798,-308.582000,-1181.291000
1592,382.115000,-474.448000
3673,1303.713000,-36.841000
3772,-31.177000,-1295.617000
3916,-1147.346000,907.281000
4279,-956.232000,-834.734000
4229,161.164000,-485.896000
2178,-1638.665000,-277.161000
4971,-268.570000,-349.979000
2032,-3.323000,-871.078000
13,1099.869000,-373.197000
2641,461.138000,-232.812000
902,1383.036000,-338.738000
79,1566.385000,-120.803000
324,-738.925000,-156.534000
4588,-1057.065000,-610.231000
5387,1382.013000,503.083000
4335,281.670000,-1067.453000
1794,99.314000,-813.681000
3927,1555.825000,-396.550000
1390,1214.357000,-343.956000
1457,-818.103000,507.089000
139,749.941000,556.926000
815,238.499000,-1063.018000
4938,24.536000,-161.054000
1890,-1468.075000,-498.604000
4428,919.980000,-751.753000
4365,-911.633000,-1019.661000
1055,-51.051000,-1465.612000
3918,125.857000,678.803000
5630,-1189.431000,940.222000
1403,496.227000,171.029000
4526,229.300000,-314.966000
1598,-251.026000,344.000000
3295,-689.861000,-341.474000
4108,-160.122000,451.468000
318,616.103000,-1320.344000
4393,-1221.459000,938.341000
1879,-583.748000,-1300.483000
438,-834.083000,-1409.308000
2089,234.043000,1497.273000
1657,-461.353000,240.064000
2393,814.894000,-891.745000
3555,-591.622000,-1539.542000
5555,-685.808000,1287.019000
3757,-786.867000,666.796000
5383,-890.101000,414.577000
3558,-130.496000,-1188.955000
1158,332.677000,-1044.455000
1960,-854.610000,-977.487000
1355,1103.806000,-763.489000
3291,610.499000,131.919000
1774,1150.144000,28.497000
3502,1507.816000,-449.321000
5301,142.231000,-256.428000
1358,-373.982000,1089.228000
5164,212.062000,1080.900000
261,528.358000,-1626.344000
1351,317.545000,410.085000
4705,-522.315000,42.505000
4129,-639.912000,-206.031000
2732,1083.016000,-552.380000
5154,-302.915000,-654.452000
1077,1290.408000,-807.079000
2816,-1265.454000,-783.267000
2374,348.425000,-1071.510000
908,-597.533000,-488.045000
523,1489.480000,453.484000
1216,705.947000,1301.090000
5381,-1190.068000,610.347000
5340,-876.303000,1175.137000
3058,-555.484000,665.957000
5146,-378.336000,842.140000
4749,138.518000,900.800000
5453,-40.192000,-483.331000
1107,857.564000,1241.376000
1456,782.732000,886.285000
3298,977.129000,-730.927000
2396,-1547.711000,-781.918000
1856,-435.030000,217.437000
3959,342.766000,-12.417000
1360,489.446000,-905.923000
3425,-669.384000,-45.868000
4763,951.377000,-441.163000
2302,92.267000,1468.837000
1741,733.699000,178.571000
3080,1134.951000,-481.880000
4444,-674.755000,-1437.417000
2631,803.261000,-599.737000
5603,-996.745000,259.095000
3155,-1155.273000,629.690000
4395,161.797000,314.377000
590,-85.360000,-694.854000
3281,-931.327000,-928.986000
3730,-1101.874000,1056.786000
5572,-429.913000,-1087.524000
620,-154.535000,19.627000
4571,-572.821000,-1176.903000
2444,-173.342000,817.974000
3222,-715.589000,188.704000
3061,1113.631000,-882.078000
4791,-1126.004000,143.339000
4884,-1374.700000,270.911000
5182,1337.962000,486.548000
1187,-656.328000,-972.183000
299,835.734000,42.313000
4244,48.756000,-972.277000
2280,-500.792000,552.140000
2223,-852.830000,-1066.822000
5595,1437.958000,229.064000
3136,-1010.260000,-832.191000
1926,-135.483000,-329.315000
2101,-1696.965000,159.818000
2783,-240.663000,-875.687000
5315,669.484000,272.886000
765,-1718.144000,-243.716000
5197,1100.722000,957.986000
4125,1142.405000,912.814000
2956,-591.091000,659.542000
4422,1397.051000,-258.677000
4567,-999.797000,-866.698000
976,1443.374000,422.133000
3862,122.433000,1496.543000
1905,312.001000,527.840000
4336,1565.853000,-40.112000
4974,303.898000,1196.998000
2558,1017.614000,259.186000
4221,-1162.763000,-596.794000
4010,-998.910000,1247.715000
2535,539.560000,-1272.576000
2202,192.353000,1087.512000
3762,-1070.101000,766.425000
2394,-747.777000,317.292000
2607,216.001000,-1398.815000
793,61.836000,-953.109000
1407,1053.033000,920.136000
429,383.675000,-359.385000
4617,1092.592000,-836.672000
5305,-968.801000,-786.314000
4481,1472.457000,-722.065000
1408,114.332000,-1102.849000
2801,1017.782000,-597.437000
5481,1414.945000,-897.456000
490,-1459.686000,385.373000
5269,-992.542000,-1335.435000
606,-194.012000,-398.990000
4256,-1061.912000,367.843000
4964,-852.755000,-1352.400000
1472,391.983000,368.632000
4212,771.500000,-346.725000
5144,516.947000,-1473.085000
1105,-120.408000,565.170000
4984,298.918000,799.187000
5327,234.031000,-1703.190000
506,-167.432000,276.039000
3289,-1214.843000,702.530000
3203,-1047.669000,674.155000
134,-701.107000,1194.473000
3449,-981.154000,-184.939000
1999,-1627.061000,-188.773000
867,-720.490000,-1274.180000
1661,-1460.658000,599.527000
1549,428.049000,127.338000
2680,707.778000,-884.569000
3146,-968.191000,1091.840000
236,502.751000,1413.833000
3685,-527.041000,605.756000
4017,1118.254000,597.300000
2547,-157.068000,1194.831000
2228,-397.502000,458.762000
4309,-589.448000,631.931000
2026,-922.466000,1022.525000
3450,1075.400000,-529.193000
884,-564.548000,811.471000
2788,-1387.835000,489.713000
868,430.227000,-526.168000
1067,1212.557000,-281.309000
3391,-1613.076000,-609.797000
1270,843.160000,513.638000
762,836.463000,-1491.381000
1310,380.531000,-809.111000
1736,419.324000,701.091000
346,-991.474000,724.124000
4608,-657.611000,41.249000
3105,1229.728000,335.900000
3793,-107.847000,-800.369000
568,-740.578000,923.548000
1613,-895.069000,704.162000
3973,663.160000,-632.044000
4657,-914.095000,-1113.791000
3082,93.549000,442.927000
829,-1494.216000,4.557000
3178,-1592.401000,104.378000
2797,1137.896000,-199.193000
2549,633.611000,-269.278000
3860,-504.986000,-244.458000
451,1031.440000,-577.347000
1737,-615.623000,482.361000
1876,995.088000,535.275000
1150,573.670000,797.455000
19,1118.753000,-1243.481000
1916,-868.513000,-1033.330000
4417,344.014000,847.575000
764,-651.539000,-511.005000
482,-834.445000,-731.082000
646,-1630.166000,-431.115000
4146,305.646000,300.852000
3366,-688.857000,-831.309000
2044,1138.946000,-976.342000
4671,372.222000,-1258.038000
3703,961.732000,299.517000
2261,665.082000,1277.705000
2292,-1326.331000,388.999000
4844,-1414.540000,-365.717000
1699,-247.493000,-1528.574000
11,-569.939000,-885.691000
378,1489.767000,-339.776000
797,-203.611000,-743.923000
2659,-1148.124000,1027.109000
1619,-444.189000,35.864000
4995,-1186.963000,965.293000
3799,-339.057000,-1188.839000
4812,-642.869000,-807.159000
277,-307.031000,1518.082000
5165,-1532.755000,-537.815000
1335,361.427000,-856.711000
3455,-65.699000,-1279.239000
395,358.724000,-1686.030000
4794,1068.292000,-637.335000
5054,-1716.313000,-133.419000
1983,829.250000,-1256.355000
3404,-1527.008000,386.412000
2422,1008.060000,33.788000
4976,1104.042000,949.344000
2197,1551.336000,-425.536000
5462,-651.030000,356.979000
5321,-221.149000,-282.058000
5348,-119.400000,-565.608000
3297,174.918000,1131.990000
487,-55.649000,264.130000
2437,810.947000,1239.335000
2601,-185.526000,1000.704000
1347,-1492.373000,256.321000
842,-783.261000,587.536000
4942,-717.011000,-18.049000
2849,-1249.516000,170.354000
1141,515.555000,-1125.294000
1001,543.027000,727.837000
1723,-151.779000,959.391000
3329,-231.051000,808.024000
474,122.469000,-1738.398000
2330,-179.267000,1176.791000
3431,-348.180000,1032.554000
4636,249.247000,1446.664000
2051,1282.859000,-962.197000
1385,-617.663000,-819.668000
1660,-544.202000,-904.747000
3229,-691.073000,637.688000
4171,-712.175000,1387.240000
4855,-67.070000,-1223.697000
3907,-841.613000,-1048.702000
3143,1223.058000,-787.829000
5205,1419.924000,389.725000
2689,-1694.276000,225.677000
257,196.020000,1084.741000
5400,632.442000,1300.039000
1218,1064.221000,-59.571000
3475,1493.843000,210.910000
5475,1514.470000,-111.045000
3564,59.175000,-19.835000
1824,-1095.611000,571.180000
2642,-1292.994000,754.184000
84,349.555000,1339.761000
1728,-419.764000,-39.101000
4245,-1108.153000,-595.855000
547,718.604000,-1436.780000
2233,278.122000,427.463000
2103,851.668000,-1131.023000
527,-292.196000,-588.348000
81,-358.983000,12.567000
4923,-244.170000,-1655.156000
703,-1379.201000,-29.227000
2341,457.714000,1424.151000
5421,1272.306000,-1041.771000
4461,-1612.808000,378.121000
682,860.949000,1210.321000
1244,-1360.980000,-355.222000
2896,496.948000,406.961000
266,-560.294000,134.133000
4981,1059.283000,-904.022000
360,-28.871000,943.951000
2996,67.575000,529.481000
133,406.873000,397.605000
4570,876.103000,935.200000
304,-877.390000,409.151000
1290,1067.115000,-292.683000
723,1452.898000,-348.008000
724,-1.590000,-1381.425000
5236,1382.404000,403.512000
123,1170.768000,-337.632000
4047,-1092.922000,-480.159000
1027,-347.790000,-1638.083000
3031,652.439000,-1549.743000
465,779.579000,1096.890000
111,1296.326000,-780.365000
5185,-1400.052000,622.504000
4975,1496.705000,-695.817000
4201,1119.405000,113.675000
5106,97.773000,-1713.960000
1810,-251.231000,1328.902000
2858,510.075000,140.813000
488,-1155.614000,466.101000
2927,537.509000,-910.640000
5465,1281.102000,-960.781000
4556,404.623000,-379.483000
3448,756.640000,295.012000
4362,-862.573000,-1546.128000
4518,271.164000,-1387.115000
3562,-1390.017000,-937.835000
3875,680.864000,-1597.125000
5,307.409000,-60.765000
2711,379.972000,1327.886000
3347,-673.421000,676.039000
2840,119.264000,940.665000
1791,-1026.064000,-922.420000
4474,735.385000,742.063000
4972,-1067.931000,379.045000
575,132.980000,-1770.223000
870,869.178000,-1234.767000
3424,351.671000,322.409000
4214,1450.930000,134.065000
1285,-94.294000,-1310.307000
4785,-792.832000,-1156.681000
5089,-9.790000,-1170.150000
398,1266.674000,15.201000
1858,620.984000,962.514000
5345,689.541000,1325.871000
1968,1200.812000,6.917000
2367,-1048.539000,-587.839000
4480,-1756.952000,-221.770000
4623,-556.897000,912.294000
1068,-1085.558000,680.617000
1874,-152.792000,-1108.647000
4818,819.683000,-1423.764000
4462,818.042000,1114.172000
3887,258.651000,-1692.782000
4531,1603.670000,-172.267000
1954,-1689.916000,-357.293000
5174,795.580000,-553.583000
1421,600.256000,-1516.702000
1364,706.292000,-1335.667000
1409,1387.699000,-203.251000
1822,308.217000,272.306000
1366,1445.601000,-330.899000
1062,-319.462000,543.519000
2792,-1046.387000,-953.564000
4006,99.559000,-173.209000
1248,779.607000,-1200.679000
581,1359.611000,-203.700000
4888,-1205.237000,210.011000
5581,449.370000,955.382000
3645,-1700.796000,36.099000
621,783.022000,418.032000
5141,1040.475000,-598.466000
2163,844.617000,-1095.043000
3953,-669.781000,394.821000
541,-1070.282000,468.672000
5286,1319.415000,239.840000
3086,-24.841000,831.607000
2457,1115.486000,-606.832000
2332,-603.581000,-896.488000
4181,-460.925000,1100.002000
2526,14.032000,-1235.185000
5452,996.975000,523.758000
1061,868.469000,-276.161000
1870,-1436.853000,382.987000
4801,-634.975000,1088.252000
4439,414.509000,-1695.240000
4112,-108.579000,-1758.702000
1172,-1106.995000,-564.983000
2733,542.493000,-1128.012000
224,1368.295000,522.447000
5042,-215.179000,-678.992000
1258,-1040.676000,-678.194000
5559,-867.681000,1248.192000
2077,-69.191000,-1069.623000
5417,-476.943000,-1480.759000
2588,-55.863000,-468.136000
2700,549.094000,125.089000
1425,348.946000,-1127.122000
3823,173.470000,1397.714000
3406,-1689.182000,-311.974000
2546,-751.399000,1288.841000
978,-1013.941000,-63.296000
3126,-1444.104000,782.038000
4822,-1518.934000,453.773000
1766,664.697000,1157.225000
2015,-975.733000,741.543000
3252,1136.564000,-1.694000
3850,1412.970000,-140.269000
1065,-21.080000,1514.068000
5546,269.670000,-1001.295000
3514,-332.163000,1127.370000
2059,609.374000,1069.457000
3706,-1508.349000,287.453000
160,-1026.738000,428.322000
2851,-510.105000,1074.755000
3012,139.311000,-1428.572000
2460,1145.746000,-586.040000
3816,-997.798000,-792.356000
2156,868.408000,-1480.482000
4355,299.649000,565.894000
4848,1290.592000,353.745000
1226,-1702.047000,-387.951000
2084,1100.294000,-1105.319000
983,-101.844000,-1162.627000
4124,-784.926000,-1091.083000
3578,1068.760000,-653.045000
5432,788.825000,-92.670000
4067,-708.684000,467.729000
4080,143.911000,-802.594000
168,1154.693000,-1217.410000
3581,1370.464000,-48.034000
3135,1412.944000,-717.236000
1886,-162.416000,-1748.096000
2215,310.425000,497.054000
2379,-838.588000,437.918000
3906,-1391.719000,-945.903000
4381,-1499.219000,-590.052000
1586,-537.270000,571.835000
4604,-412.481000,469.999000
4066,1226.823000,-586.583000
1726,277.316000,151.748000
839,-375.639000,-1075.629000
4723,1483.061000,322.778000
4295,-1180.264000,-991.929000
2786,-680.325000,961.927000
5086,-1343.320000,-32.233000
2543,878.338000,-235.661000
1277,546.057000,469.619000
1039,-89.191000,1204.637000
841,-540.734000,407.228000
3328,376.523000,323.650000
2883,737.211000,-1005.560000
428,42.612000,-941.856000
1543,-439.617000,-1717.292000
3632,-949.690000,-913.112000
323,1542.653000,-377.675000
2345,870.878000,4.385000
3958,1132.422000,-1055.562000
4826,1290.688000,-589.965000
1951,1225.596000,-1118.218000
3053,-1436.028000,648.087000
2151,1554.650000,57.626000
589,-533.234000,425.242000
5047,-77.395000,-976.469000
1924,-637.414000,587.113000
3166,1390.327000,-306.151000
365,-59.023000,-1779.083000
1829,155.919000,1103.574000
1980,-404.750000,1483.890000
865,-1078.222000,-989.591000
4627,635.325000,346.399000
4225,-1068.797000,672.865000
1756,-193.986000,-996.687000
5239,-1408.070000,-994.610000
3556,-553.125000,-1581.626000
3933,-645.870000,1085.023000
4986,-1150.312000,-647.760000
2737,1013.781000,1064.120000
254,-62.455000,1417.855000
2305,493.187000,-529.981000
1621,-1432.544000,820.662000
3399,194.185000,843.737000
3743,-979.548000,405.376000
3701,481.328000,-405.338000
2728,583.741000,-831.608000
3978,-1399.745000,167.287000
87,-1308.182000,-436.294000
2144,-840.953000,1015.783000
5068,-532.659000,-877.330000
1697,-124.529000,-1179.900000
2309,609.214000,236.758000
5176,669.847000,-401.917000
1103,-1179.764000,809.417000
2949,-473.529000,795.300000
5436,783.806000,-1422.214000
611,-212.294000,-1507.727000
3857,1360.081000,175.602000
2903,982.541000,-783.565000
2327,440.010000,-315.535000
2491,163.460000,-430.888000
1742,-394.318000,-1575.048000
52,-527.354000,-1465.562000
5541,-826.664000,-97.235000
2278,-2.553000,-970.422000
1089,551.828000,169.742000
5100,561.072000,-1215.214000
2975,-909.868000,-1483.246000
1918,-344.938000,-1733.342000
3179,-1535.604000,365.198000
3873,-808.728000,-884.320000
1906,809.366000,377.243000
2520,827.632000,203.684000
4367,-96.197000,476.165000
4020,1438.303000,569.124000
5264,1292.737000,-927.229000
150,554.221000,820.180000
2582,1281.618000,-867.468000
2756,-906.194000,-902.437000
5409,311.633000,-559.433000
3604,608.792000,-1318.697000
3636,99.788000,-574.723000
275,-369.601000,-332.606000
1748,493.260000,-972.723000
1532,707.239000,1320.443000
5108,-1754.120000,-100.188000
3374,-1130.424000,-202.762000
1809,1296.860000,-1030.116000
2962,-1700.536000,23.677000
2876,-1666.498000,-52.279000
545,-1167.149000,104.608000
1000,-696.122000,451.474000
1188,357.596000,-577.686000
4202,797.398000,535.011000
1242,1515.503000,-525.312000
564,683.538000,-992.922000
2168,653.628000,-550.718000
1738,1321.624000,59.633000
3797,1556.630000,9.751000
3040,-1241.875000,-617.414000
3423,-773.761000,-115.268000
4761,389.925000,-38.436000
3233,-1040.567000,654.027000
407,-1727.435000,64.821000
2027,-1073.375000,-1099.949000
1875,-1721.836000,-421.795000
1712,-858.792000,607.048000
4082,-388.492000,1514.040000
1539,1543.365000,-135.426000
3209,-707.397000,-228.700000
782,-461.326000,696.868000
1930,529.387000,-879.503000
4598,-349.875000,1218.780000
1745,-1071.443000,-673.505000
3042,-211.171000,1236.653000
264,-1424.922000,-73.597000
4418,-1442.803000,87.156000
219,173.130000,-97.706000
4666,-815.400000,-1086.260000
5299,513.963000,487.643000
3712,1144.103000,-671.773000
5065,1397.865000,-462.958000
2751,-283.339000,-1290.935000
3939,-115.055000,-179.246000
3741,-548.055000,-940.441000
3839,-791.056000,-1050.534000
2820,-554.502000,-565.416000
217,-814.065000,1224.451000
4075,-517.623000,-242.324000
4126,-1188.744000,-523.224000
3885,867.056000,1185.485000
1576,614.120000,333.922000
1993,-1112.655000,-850.274000
2514,-1113.380000,-546.223000
2910,-1054.279000,-1401.481000
5354,1100.994000,-1160.360000
1415,840.702000,317.454000
1929,-777.227000,54.565000
2902,362.867000,-294.149000
4807,-1570.761000,186.406000
5547,926.320000,961.489000
1605,-658.229000,-1420.316000
4332,145.319000,-1070.104000
1038,-120.686000,441.873000
2541,322.533000,-1188.037000
4650,1588.977000,52.329000
4369,-353.314000,-540.254000
603,-1076.615000,890.899000
4905,-10.927000,145.610000
3910,603.334000,-1595.526000
370,213.357000,-1399.557000
1033,-210.340000,-1288.486000
3274,-1141.882000,-10.357000
5589,1049.497000,-821.563000
5140,-366.845000,-351.314000
2429,-27.636000,-1464.907000
2116,1002.135000,925.420000
2331,-339.480000,1037.367000
156,-1127.539000,-564.607000
1114,-974.216000,-595.653000
1133,430.450000,476.785000
5166,1429.703000,94.829000
705,-1177.963000,699.882000
5534,-1101.893000,764.501000
4240,-164.721000,738.338000
2914,1247.513000,-208.414000
74,650.879000,221.475000
1589,323.753000,-35.451000
3148,1561.760000,-163.773000
930,-339.392000,1247.425000
3395,549.187000,231.706000
937,117.585000,1155.702000
2117,610.224000,-368.385000
3836,144.836000,281.912000
906,-243.217000,1544.229000
1515,-996.212000,277.153000
2893,463.827000,835.825000
2417,-306.914000,207.196000
2136,988.509000,1022.613000
4409,-953.042000,-1171.430000
1493,959.532000,-150.053000
2072,734.990000,256.838000
4339,155.016000,-814.103000
2780,1408.827000,115.949000
4172,679.283000,1231.800000
2635,-1001.342000,1148.520000
5326,491.710000,70.179000
1439,59.983000,887.651000
89,720.066000,522.438000
2058,836.171000,280.321000
4170,-1441.270000,187.350000
2983,-1081.776000,380.006000
4758,-376.692000,-275.244000
849,320.552000,1210.452000
5307,912.129000,342.388000
1071,216.835000,720.448000
5479,-120.544000,-808.568000
3133,653.423000,1218.629000
3208,-179.948000,-822.670000
3979,124.362000,-1757.256000
2847,219.174000,-1489.927000
281,-176.952000,-1693.955000
1782,-793.529000,-1286.887000
2989,-996.740000,-765.512000
2704,-1721.345000,-446.013000
1732,923.049000,-589.260000
699,-1182.717000,323.288000
2317,1270.717000,564.756000
3101,673.989000,-1332.095000
4012,830.652000,1165.448000
4008,-1601.693000,-560.209000
3360,434.101000,-409.016000
944,-685.311000,1315.531000
1398,-603.228000,805.005000
1751,641.745000,-417.033000
3785,519.987000,-500.835000
2551,-194.064000,639.938000
5585,1095.734000,-1220.092000
1514,883.427000,1171.020000
2698,560.050000,652.469000
1885,-524.895000,640.037000
4605,1217.586000,-188.240000
