node1,neighborhood
2408,2408
2408,1995
2408,1652
2408,3576
2408,206
2408,2791
2408,38
2408,3629
2408,2484
2408,861
2408,101
2408,2393
2408,2680
2408,2883
3130,3130
3130,2120
3130,1468
3130,1902
3130,2362
3130,2510
3130,1880
3130,5627
3130,1153
3130,3260
3130,2687
3130,5066
3130,3351
3130,4344
3130,1976
3130,2584
3130,1392
3130,2629
3130,3918
4741,4741
4741,2854
4741,3180
4741,2884
4741,166
4741,3055
4741,3532
4741,4173
4741,5548
4741,3780
4741,690
4741,3915
4741,3618
4741,253
4741,1408
4741,4332
3389,3389
3389,3480
3389,4771
3389,4300
3389,4285
3389,4692
3389,1551
3389,2960
3389,28
3389,1754
3389,208
3389,1301
3389,4864
3389,4684
3389,1519
3389,1115
3389,5124
3389,1664
3389,5631
3389,4767
3389,3438
3389,2400
3389,2087
3389,1282
3389,2668
3389,5526
3389,3161
3389,1383
3389,169
3389,342
3389,3385
3389,3184
3389,5105
3389,1650
3389,1823
3389,2767
3389,1002
3389,1949
3389,273
3389,5489
3389,5570
3389,4533
3389,321
3389,125
3389,5312
3389,1411
3389,5571
3389,3050
3389,2146
3389,3783
3389,5318
3389,4279
3389,3281
3389,3136
3389,4567
3389,5305
3389,1791
3389,3816
3389,3632
3389,2756
2845,2845
2845,1550
2845,4593
2845,3877
2845,1162
2845,958
2845,1531
2845,2703
2845,3647
2845,779
2845,3064
2845,1240
2845,3699
2845,1475
5290,5290
5290,256
5290,591
5290,4433
5290,3923
5290,2671
5290,2806
5290,2093
5290,4098
5290,5230
5290,3827
5290,4226
5290,5243
5290,727
5290,4382
5290,2451
5290,2844
5290,1318
5290,4217
5290,1134
5290,2502
5290,3159
5290,5304
5290,3723
5290,2240
5290,3904
5290,3191
5290,13
5290,2732
5290,3080
5290,3450
436,436
436,2621
436,5208
436,4412
436,4282
436,1047
436,1669
436,2868
436,2651
436,1920
436,5133
436,4210
436,5584
436,2444
436,1723
921,921
921,1500
921,4860
921,1992
921,5575
921,617
921,1096
921,4064
921,4590
921,4308
921,5088
921,4918
921,1761
921,5583
921,5009
921,1429
921,5392
921,1442
921,3583
921,2898
921,4819
921,3621
921,5402
921,198
921,5025
921,689
921,4411
921,5519
921,2867
921,2191
921,4421
921,3188
921,3349
921,2875
921,4588
921,2367
921,1258
921,1114
3172,3172
3172,2262
3172,5037
3172,4482
3172,2266
3172,4980
3172,596
3172,4356
3172,223
3172,2614
3172,4664
3172,2449
3172,4924
3172,4069
3172,60
3172,5442
3172,2047
3172,1238
3172,2665
3172,868
3172,2305
3172,3701
3172,3360
3172,3785
2754,2754
2754,2583
2754,2667
2754,712
2754,692
2754,1393
2754,700
2754,1028
2754,1935
2754,2355
2754,2152
2754,5000
2754,1078
2754,1312
2754,1980
2754,4082
1550,2845
1550,1550
1550,5302
1550,4593
1550,3877
1550,4347
1550,875
1550,4719
1550,1162
1550,2418
1550,1554
1550,1120
1550,779
1550,5550
1550,1240
1550,3699
5406,5406
5406,1677
5406,3732
5406,5147
5406,1848
5406,4435
5406,1486
5406,4366
5406,4713
5406,368
5406,1641
5406,5510
5406,2287
5406,1494
5406,2033
5406,1177
5406,2312
5406,5117
5406,4543
5406,1435
5406,4791
5406,545
5406,3274
3290,3290
3290,2618
3290,2147
3290,2508
3290,5548
3290,3780
3290,5497
3290,1430
3290,3772
3290,3455
3290,4855
3290,5089
3290,2526
2164,2164
2164,5618
2164,2978
2164,5565
2164,877
2164,2497
2164,522
2164,2609
2164,4180
2164,3171
2164,4234
2164,5334
2164,1692
2164,1603
2164,748
2164,4957
2164,632
2164,2525
2164,5308
2164,3052
2164,243
2164,1386
2164,1260
2164,3497
2164,4577
2164,4876
2164,1257
2164,4346
2164,2297
2164,1176
2164,2959
2164,5492
2164,894
2164,1873
2164,4776
2164,2373
2164,4383
2164,3272
2164,1804
2164,1032
2164,3291
2164,2858
2164,2700
2164,2309
2164,1089
2164,74
2120,3130
2120,2120
2120,3433
2120,1468
2120,806
2120,4517
2120,249
2120,1899
2120,5385
2120,1572
2120,2510
2120,1880
2120,1153
2120,2687
2120,1448
2120,4139
2120,3351
2120,2290
2120,4325
2120,1847
2120,3459
2120,5597
2120,1976
2120,1623
2120,1392
2120,2629
2120,3086
3433,2120
3433,3433
3433,4517
3433,249
3433,1899
3433,3142
3433,5385
3433,2230
3433,720
3433,3332
3433,4139
3433,4649
3433,471
3433,4029
3433,1863
3433,2838
3433,2290
3433,4325
3433,3682
3433,1847
3433,3459
3433,5596
3433,5597
3433,1623
3433,5584
3433,4749
3433,2840
3433,3086
3433,1439
3599,3599
3599,2908
3599,2964
3599,1088
3599,641
3599,1501
3599,4039
3599,1108
3599,5080
3599,54
3599,1597
3599,1476
3599,504
3599,3871
3599,5202
3599,744
3599,5197
3599,1407
3599,4976
3599,5547
3599,2116
3599,2136
553,553
553,1073
553,4105
553,1641
553,4304
553,1177
553,1427
553,4261
553,978
4948,4948
4948,379
4948,3586
4948,410
4948,389
4948,4599
4948,235
4948,457
4948,893
4948,2698
4949,4949
4949,2016
4949,2275
4949,5320
4949,1157
4949,587
4949,5231
4949,2567
4949,2082
4949,3919
4949,3643
4949,155
4949,2057
4949,2472
4949,3673
4949,398
4949,3581
4949,1738
4949,5166
4949,2780
1971,1971
1971,1921
1971,1395
1971,5540
1971,452
1971,3294
1971,4476
1971,1826
1971,2804
1971,4536
1971,1255
1971,771
1971,5216
1971,3790
1971,3441
1971,2822
1971,56
1971,4290
1971,3778
1971,4167
1971,79
1971,4531
1971,1539
1971,3148
5395,5395
5395,881
5395,2768
5395,3421
5395,835
5395,3091
5395,303
5395,973
5395,4080
5395,4339
3484,3484
3484,3591
3484,4900
3484,2230
3484,720
3484,1287
3484,4334
3484,471
3484,4092
3484,1920
3484,1863
3484,4891
3484,5101
3484,103
3484,2009
3484,360
907,907
907,112
907,518
907,1693
907,4834
907,1198
907,3614
907,2916
907,5252
907,3301
907,3999
907,3659
907,1316
907,2065
907,2857
907,4241
907,5257
907,2397
907,3916
907,1103
907,705
907,5534
2933,2933
2933,1516
2933,3622
2933,215
2933,3553
2933,5008
2933,3512
2933,4073
2933,3691
2933,5018
2933,1904
2933,5072
2933,609
2933,739
2933,2359
2933,4059
2933,3088
2933,2383
2933,3986
2933,4390
2933,5411
2933,2724
2933,500
2933,2947
2933,19
2933,2084
2933,168
2933,5354
2933,5585
2025,2025
2025,4597
2025,2208
2025,486
2025,2378
2025,4083
2025,1865
2025,1441
2025,3508
2025,4711
2025,1965
2025,1668
2025,1070
2025,4647
2025,3739
2025,1323
2025,5226
2025,2302
2025,3862
2025,1065
5535,5535
5535,5618
5535,4177
5535,2609
5535,891
5535,1692
5535,308
5535,1603
5535,121
5535,392
5535,4707
5535,2525
5535,1702
5535,1262
5535,4550
5535,3497
5535,1257
5535,1666
5535,4746
5535,2708
5535,2959
5535,2763
5535,3145
5535,3884
5535,799
5535,5227
5535,1757
5535,310
5535,1338
5535,578
5535,4484
5535,4383
5535,5431
5535,3272
5535,1804
5535,1403
5535,1549
5535,2858
5535,2700
5535,1089
5535,3395
4622,4622
4622,4151
4622,2907
4622,1010
4622,409
4622,5114
4622,760
4622,4311
4622,1460
4622,2143
4622,3521
4622,1060
4622,152
4622,4371
4622,1887
4622,2089
4622,4636
3303,3303
3303,2776
3303,3527
3303,4805
3303,4333
3303,3696
3303,3533
3303,769
3303,1135
3303,3232
3303,4869
3303,5616
3303,2237
3303,3062
3303,3173
3303,530
3303,4419
3303,1706
3303,1351
3303,1472
3303,4146
3303,2233
3303,133
3303,3424
3303,1822
3303,3328
143,143
143,2583
143,4087
143,584
143,1972
143,287
143,1393
143,2252
143,1028
143,1959
143,2152
143,5000
143,5642
143,147
143,2565
143,4655
143,1675
143,277
143,4082
143,906
1263,1263
1263,2020
1263,4901
1263,2714
1263,2
1263,460
1263,1812
1263,4140
1263,5567
1263,2949
1263,782
2583,2754
2583,143
2583,2583
2583,988
2583,692
2583,584
2583,1972
2583,1393
2583,2252
2583,1028
2583,1959
2583,2152
2583,48
2583,5000
2583,5642
2583,2565
2583,4655
2583,1078
2583,1675
2583,277
2583,1980
2583,4082
2583,906
3041,3041
3041,2831
3041,1753
3041,2216
3041,1025
3041,1743
3041,4500
3041,1380
3041,5040
3041,3841
3041,3198
3041,2536
3041,4030
3041,5293
3041,2834
3041,2450
3041,4868
3041,5055
3041,2652
3041,1571
3041,1661
3041,5185
3041,3053
2049,2049
2049,2821
2049,144
2049,5069
2049,4265
2049,1734
2049,2739
2049,5010
2049,4522
2049,5073
2049,1957
2049,1991
2049,1854
2049,5340
2049,4010
2049,2635
2062,2062
2062,5396
2062,1273
2062,5270
2062,2906
2062,4176
2062,2593
2062,5617
2062,1094
2062,4182
2062,3256
2062,376
2062,2377
2062,3786
2062,1891
2062,4428
2062,3298
2062,2903
3370,3370
3370,2648
3370,3736
3370,737
3370,3096
3370,2398
3370,546
3370,3412
3370,260
3370,2587
3370,2909
3370,2918
3370,3240
3370,1593
3370,1879
3370,5417
3370,52
5553,5553
5553,3955
5553,5488
5553,3546
5553,3715
5553,3893
5553,1267
5553,982
5553,37
5553,2628
5553,527
5553,4369
1294,1294
1294,3454
1294,1212
1294,1986
1294,2239
1294,2530
1294,2464
1294,1142
1294,4203
1294,3964
1294,5224
1294,2092
1294,1220
1294,2281
1294,2206
1294,4443
1294,2104
1294,4739
1294,4923
1294,1886
1294,1918
1294,281
2441,2441
2441,655
2441,1915
2441,4534
2441,5206
2441,4025
2441,3363
2441,5554
2441,790
2441,3888
2441,631
2441,226
2441,4743
2441,262
2441,5323
2441,4141
2441,3776
2441,762
2441,547
2441,4818
2441,2156
2441,5436
2648,3370
2648,2648
2648,737
2648,4446
2648,837
2648,1878
2648,546
2648,3412
2648,3722
2648,291
2648,4117
2648,4314
2648,1319
2179,2179
2179,3921
2179,70
2179,4269
2179,2980
2179,4025
2179,3993
2179,3478
2179,3984
2179,1749
2179,628
2179,4434
2179,1286
2179,4206
2179,1079
2179,517
2179,261
2179,3031
2179,3875
2179,1421
2179,3910
3821,3821
3821,5366
3821,2241
3821,2017
3821,3007
3821,4259
3821,16
3821,1836
3821,5484
3821,306
3821,3598
3821,4056
3821,3916
3821,5630
3821,4393
3821,3730
3821,2659
3821,4995
988,2583
988,988
988,2110
988,4087
988,584
988,1972
988,1393
988,1028
988,4792
988,48
988,5000
988,5642
988,493
988,147
988,4542
988,2224
988,2565
988,4655
988,1675
988,1810
5592,5592
5592,129
5592,4015
5592,755
5592,242
5592,481
5592,4706
5592,2722
5592,187
5592,2159
5592,776
5592,4698
5592,57
5592,1292
5592,3536
5592,4695
5592,2817
5592,5163
5592,3757
5592,3229
5592,3347
1851,1851
1851,742
1851,4644
1851,4027
1851,4643
1851,4665
1851,4040
1851,2620
1851,4551
1851,447
1851,1155
1851,4753
1851,2981
1851,3213
1851,4061
1851,2471
1851,2607
1851,3012
1851,370
1851,2847
1145,1145
1145,3348
1145,5600
1145,427
1145,753
1145,4913
1145,411
1145,5255
1145,4978
1145,2630
1145,3649
1145,3542
1145,3627
1145,2888
1145,3413
1145,4214
1145,2151
1145,3797
1145,4650
1718,1718
1718,2554
1718,2773
1718,4803
1718,1324
1718,3226
1718,2335
1718,3660
1718,4690
1718,3519
1718,561
1718,127
1718,2468
1718,341
1718,5215
1718,747
1718,3838
1718,4620
1718,3251
1718,2334
1718,3801
1718,4221
1718,3040
1718,4126
4945,4945
4945,910
4945,934
4945,4797
4945,5334
4945,5316
4945,3372
4945,4957
4945,3534
4945,4440
4945,4577
4945,594
4945,2493
4945,1563
4945,894
4945,1506
4945,552
4945,1714
3955,5553
3955,3955
3955,3833
3955,5314
3955,5488
3955,3546
3955,3715
3955,3526
3955,1267
3955,982
3955,2628
3955,4516
3955,2475
3955,313
3955,4369
1468,3130
1468,2120
1468,1468
1468,5424
1468,1572
1468,1902
1468,2510
1468,1880
1468,5627
1468,1153
1468,3260
1468,2687
1468,5066
1468,3351
1468,2290
1468,4325
1468,3459
1468,5597
1468,1976
1468,1392
1468,2629
1468,3086
3810,3810
3810,177
3810,4679
3810,1099
3810,2871
3810,282
3810,5574
3810,5017
3810,3636
9,9
9,408
9,30
9,1838
9,5018
9,4725
9,739
9,2359
9,531
9,3986
9,1740
9,5411
9,885
9,2103
1612,1612
1612,2350
1612,3518
1612,5186
1612,2439
1612,1361
1612,3137
1612,498
1612,918
1612,2913
1612,3336
1612,2004
1612,1656
1612,4651
1612,5118
1612,2210
1612,4946
1612,638
1612,3056
1612,588
1612,3418
1612,666
1612,1939
1612,1289
1612,4715
1612,2175
1612,5470
1612,1745
1612,1993
2368,2368
2368,5272
2368,1204
2368,4220
2368,3548
2368,709
2368,186
2368,1245
2368,863
2368,4714
2368,1927
2368,4224
2368,218
2368,4324
2368,759
2368,831
2368,924
2368,2284
2368,3897
2368,4657
2368,2027
2368,4409
5266,5266
5266,441
5266,880
5266,5472
5266,3200
5266,608
5266,948
5266,4510
5266,1274
1043,1043
1043,1520
1043,380
1043,3504
1043,570
1043,3439
1043,2201
1043,2259
1043,5568
1043,2861
1043,5379
1043,3779
1043,2356
1043,928
1043,5310
1043,3577
1043,1076
1043,468
1043,5149
1043,3485
1043,1744
1043,4426
1043,1187
1043,3366
1043,4812
1043,1385
1043,2332
1043,3873
5098,5098
5098,4837
5098,1625
5098,4814
5098,2279
5098,2948
5098,2661
5098,2294
5098,3093
5098,959
5098,686
5098,857
5098,3013
5098,302
5098,1894
5098,2535
5098,3604
3202,3202
3202,1436
3202,5059
3202,4053
3202,4508
3202,403
3202,2445
3202,383
3202,4466
3202,729
3202,4211
3202,4163
3202,4885
3202,4890
3202,3361
3202,2081
3202,3267
3202,829
256,5290
256,256
256,4857
256,836
256,591
256,4682
256,2806
256,2093
256,3992
256,899
256,3827
256,1834
256,4226
256,3612
256,5243
256,5087
256,1646
256,4382
256,2844
256,347
256,2502
256,158
256,3723
256,4187
256,2240
256,2066
256,1329
256,13
256,4763
256,3450
5277,5277
5277,1342
5277,1197
5277,2676
5277,2738
5277,2416
5277,4207
5277,3812
5277,5283
5277,2993
5277,1846
5277,187
5277,1266
5277,3613
5277,2
5277,1678
5277,4074
5277,5091
5277,2966
5277,5155
5277,4248
5277,711
5277,57
5277,3393
5277,4060
5277,3727
5277,3847
5277,2286
5277,3223
5277,2817
5277,1773
5277,1168
5277,1746
5277,1787
5277,2395
5277,204
5277,3058
5277,2280
5277,2956
5277,3685
5277,4309
5277,3229
5277,3347
5277,1586
5277,1924
5277,1885
2211,2211
2211,3285
2211,4495
2211,5591
2211,2938
2211,1311
2211,2037
2211,1555
2211,3416
2211,3631
2211,544
2211,5467
2211,4261
2211,5541
2211,1929
3454,1294
3454,3454
3454,1212
3454,1986
3454,2239
3454,2530
3454,2464
3454,4925
3454,1142
3454,4203
3454,3964
3454,5224
3454,833
3454,2092
3454,2281
3454,4923
3454,1918
2110,988
2110,2110
2110,595
2110,700
2110,866
2110,5506
2110,4792
2110,2562
2110,48
2110,493
2110,3607
2110,4542
2110,2224
2110,3988
2110,930
742,1851
742,742
742,1566
742,4644
742,4027
742,276
742,4643
742,1637
742,4040
742,1018
742,4551
742,447
742,1155
742,4753
742,3213
742,4954
742,4061
742,2471
742,2607
742,4518
742,3012
742,370
742,2847
4232,4232
4232,3348
4232,1224
4232,716
4232,1679
4232,671
4232,5231
4232,4476
4232,1452
4232,4398
4232,2804
4232,4536
4232,2082
4232,411
4232,805
4232,2630
4232,850
4232,3542
4232,4137
4232,3413
4232,79
4232,4336
4232,5475
4232,3797
4232,1539
4232,3148
549,549
549,3522
549,4687
549,4488
549,5229
549,5388
549,4131
549,2633
549,5398
549,5370
549,4645
549,4034
549,4163
549,4103
549,5367
549,996
549,2178
549,1999
3348,1145
3348,4232
3348,3348
3348,716
3348,5320
3348,671
3348,5600
3348,5231
3348,4913
3348,4398
3348,2082
3348,411
3348,5255
3348,805
3348,2630
3348,850
3348,3649
3348,3542
3348,2057
3348,3627
3348,2888
3348,3413
3348,4336
3348,2151
3348,3797
3348,4650
3432,3432
3432,3698
3432,897
3432,1767
3432,3055
3432,4999
3432,2235
3432,2492
3432,1193
3432,4967
3432,2643
3432,914
3432,2137
3432,1264
3432,3928
3432,947
3432,3558
3432,1874
3432,2077
3432,983
3432,1697
2494,2494
2494,3815
2494,2908
2494,1088
2494,3153
2494,4039
2494,3278
2494,1108
2494,54
2494,3580
2494,3871
2494,1426
2494,1175
2494,2599
2494,5482
2494,4570
2494,5547
2494,2136
3926,3926
3926,2236
3926,1693
3926,1198
3926,5274
3926,3545
3926,2946
3926,2968
3926,3301
3926,2951
3926,4258
3926,4926
3926,2003
3926,4584
3926,2397
3926,5381
3926,3155
3926,3203
3926,1824
3926,1068
3926,4225
3926,3233
3926,705
1677,5406
1677,1677
1677,4021
1677,3732
1677,3022
1677,1848
1677,3870
1677,2721
1677,4435
1677,4809
1677,1486
1677,1275
1677,4366
1677,980
1677,4713
1677,368
1677,2707
1677,5435
1677,3669
1677,5510
1677,2287
1677,2647
1677,2166
1677,1494
1677,2033
1677,2312
1677,4543
1677,1435
1677,4791
1677,2849
1677,4888
1677,545
4857,256
4857,4857
4857,836
4857,1511
4857,4682
4857,3923
4857,2806
4857,2093
4857,1517
4857,899
4857,1575
4857,3827
4857,1834
4857,4226
4857,5633
4857,5243
4857,5087
4857,3318
4857,2844
4857,347
4857,2502
4857,3159
4857,158
4857,4187
4857,2240
4857,2066
4857,1943
4857,1329
4857,181
4857,3340
4857,2732
4857,4763
4857,2801
4857,3450
4857,451
4857,5141
1715,1715
1715,141
1715,1467
1715,2139
1715,4529
1715,5549
1715,1143
1715,1778
1715,2734
1715,4911
1715,91
1715,43
1715,925
1715,4961
1715,1657
1715,1856
2262,3172
2262,2262
2262,5037
2262,4482
2262,2266
2262,4980
2262,596
2262,927
2262,2449
2262,60
2262,3773
2262,2665
2262,3701
2262,5176
2262,2117
2262,1751
2262,3785
3238,3238
3238,3657
3238,2071
3238,4674
3238,2229
3238,5082
3238,27
3238,5450
3238,4730
3238,1643
3238,3095
3238,5404
3238,419
3238,1194
3238,922
3238,3853
3238,1330
3238,3105
3238,5205
3238,5236
3238,4848
1224,4232
1224,1224
1224,2016
1224,671
1224,1157
1224,2804
1224,2082
1224,1255
1224,1771
1224,805
1224,3919
1224,850
1224,5475
1224,3850
1224,3581
4576,4576
4576,4963
4576,2080
4576,2085
4576,4799
4576,3343
4576,358
4576,2595
4576,1357
4576,4065
4576,3338
4576,2852
4576,4378
4576,5609
4576,3951
4576,1852
4576,1850
4576,2272
4576,4718
2854,4741
2854,2854
2854,3180
2854,166
2854,4999
2854,3532
2854,404
2854,3695
2854,690
2854,939
2854,4908
2854,2328
2854,253
2854,4244
2854,793
2854,1408
2854,428
2854,2278
2854,4332
3828,3828
3828,1595
3828,2674
3828,3153
3828,1987
3828,3844
3828,4824
3828,4998
3828,1884
3828,5050
3828,5482
3828,3606
3828,465
3828,4462
3828,3885
3828,4012
3828,1514
1436,3202
1436,1436
1436,5059
1436,4508
1436,2445
1436,1524
1436,383
1436,4466
1436,4211
1436,648
1436,4885
1436,4890
1436,3361
1436,2081
1436,3267
1436,829
1436,3178
836,256
836,4857
836,836
836,4682
836,3923
836,2093
836,899
836,1575
836,1834
836,5633
836,5243
836,5087
836,3318
836,2844
836,347
836,2502
836,158
836,4187
836,2240
836,2066
836,1943
836,1329
836,181
836,4763
836,2801
836,3450
836,451
836,1732
132,132
132,1516
132,1231
132,2757
132,408
132,3553
132,4404
132,1376
132,2359
132,1631
132,531
132,3107
132,4390
132,885
132,2443
3500,3500
3500,247
3500,2978
3500,5565
3500,1923
3500,877
3500,2609
3500,891
3500,2446
3500,4492
3500,2391
3500,1692
3500,308
3500,2990
3500,121
3500,3250
3500,5308
3500,3052
3500,1702
3500,2470
3500,1262
3500,3497
3500,348
3500,4346
3500,4910
3500,2297
3500,2959
3500,2763
3500,5227
3500,5515
3500,1014
3500,1873
3500,2373
3500,725
3500,1804
3500,1403
3500,5315
3500,2309
3500,1089
3500,1576
3500,74
3500,3395
3782,3782
3782,2516
3782,2198
3782,345
3782,3669
3782,1494
3782,4304
3782,1034
3782,2312
3782,1154
3782,1542
3782,5603
3782,1515
1500,921
1500,1500
1500,4860
1500,5397
1500,1992
1500,3931
1500,4803
1500,5186
1500,617
1500,1096
1500,4064
1500,4590
1500,5449
1500,4308
1500,5088
1500,4918
1500,623
1500,1761
1500,1353
1500,5583
1500,5009
1500,127
1500,1453
1500,1429
1500,5392
1500,4613
1500,3067
1500,1442
1500,3583
1500,1978
1500,4354
1500,4819
1500,3621
1500,3192
1500,2486
1500,5402
1500,198
1500,5025
1500,689
1500,4411
1500,2185
1500,492
1500,5519
1500,3204
1500,2867
1500,496
1500,3838
1500,3349
1500,3447
1500,117
1500,4588
1500,4221
1500,4245
1500,4047
1500,2367
1500,1172
1500,1745
1500,2514
1500,156
1500,1114
1950,1950
1950,5251
1950,3952
1950,2972
1950,1097
1950,1048
1950,5172
1950,4795
1950,30
1950,3021
1950,3800
1950,4849
1950,1983
1950,2103
1950,870
1950,1248
1950,2163
1170,1170
1170,3023
1170,4455
1170,4340
1170,350
1170,1828
1170,5289
1170,3944
1170,3371
1170,5035
1170,4272
1170,4055
1170,5499
1170,1768
1170,4725
1170,2358
1170,739
1170,1053
1170,3132
1170,4273
1170,344
1170,1140
1170,1095
1170,1877
1170,1616
1170,170
1170,2811
1170,4642
1170,387
4423,4423
4423,4021
4423,3022
4423,1296
4423,5249
4423,3949
4423,1249
4423,980
4423,5435
4423,3669
4423,2942
4423,3671
4423,845
4423,76
4423,2865
4423,4888
4423,699
5272,2368
5272,5272
5272,4220
5272,3234
5272,709
5272,4441
5272,5614
5272,4063
5272,4224
5272,218
5272,759
5272,1440
5272,831
5272,924
5272,2727
5272,2284
5272,292
5272,3897
5272,1747
5272,3710
5272,2223
5272,4657
5272,4785
5272,4666
5272,4409
3480,3389
3480,3480
3480,4771
3480,4300
3480,4285
3480,4692
3480,1551
3480,2960
3480,2439
3480,1754
3480,4319
3480,208
3480,498
3480,1301
3480,3265
3480,3336
3480,4864
3480,4684
3480,1519
3480,1115
3480,5124
3480,1664
3480,5631
3480,4767
3480,3438
3480,2400
3480,2087
3480,1282
3480,2668
3480,3161
3480,1383
3480,169
3480,342
3480,5118
3480,1720
3480,3385
3480,3184
3480,4946
3480,1823
3480,458
3480,2767
3480,1002
3480,1949
3480,273
3480,5570
3480,4533
3480,2693
3480,321
3480,3418
3480,125
3480,1289
3480,5312
3480,3855
3480,5571
3480,3050
3480,4715
3480,3783
3480,5318
3480,4279
3480,3281
3480,3136
3480,4567
3480,5305
3480,1791
3480,3816
3480,3632
3480,2756
3480,2989
2752,2752
2752,4601
2752,3721
2752,4301
2752,1919
2752,3770
2752,710
2752,1087
2752,1358
2752,3431
2752,3514
2752,2331
456,456
456,385
456,2586
456,2664
456,3410
456,470
456,4525
456,3452
456,5557
456,2747
456,2750
456,4097
456,3219
456,5551
456,3244
456,2270
456,3737
456,4939
456,2977
456,1477
456,3708
456,2349
456,4302
456,348
456,2662
456,5629
456,4910
456,4873
456,4373
456,3401
456,295
456,697
456,1413
456,1019
456,220
456,3637
456,1036
456,2094
456,3402
456,2199
456,336
456,418
456,618
456,4130
456,2941
456,5362
456,5315
456,3448
456,621
456,4627
456,1906
456,1415
456,2072
456,2058
4837,5098
4837,4837
4837,285
4837,2299
4837,3001
4837,1637
4837,4814
4837,931
4837,5031
4837,959
4837,3013
4837,1894
4837,4671
1465,1465
1465,2448
1465,1710
1465,2364
1465,4997
1465,14
1465,3368
1465,3766
1465,3483
1465,3811
1465,2873
1465,1209
1465,4861
1465,126
1465,2396
4158,4158
4158,814
4158,1743
4158,1059
4158,2545
4158,550
4158,3841
4158,4030
4158,23
4158,4436
4158,4842
4158,1496
4158,5139
4158,338
4158,1571
4158,5381
4158,5185
2554,1718
2554,2554
2554,2773
2554,5397
2554,3931
2554,1324
2554,3660
2554,623
2554,3519
2554,561
2554,127
2554,2468
2554,1978
2554,4354
2554,3192
2554,747
2554,2185
2554,2351
2554,3204
2554,2276
2554,496
2554,3838
2554,3321
2554,117
2554,4221
2554,4047
2554,1172
2554,4126
2554,2514
2554,156
4860,921
4860,1500
4860,4860
4860,5397
4860,1992
4860,3931
4860,2655
4860,1096
4860,4064
4860,5449
4860,4308
4860,5088
4860,4918
4860,623
4860,1761
4860,5583
4860,1453
4860,1429
4860,5392
4860,1442
4860,3583
4860,1978
4860,4354
4860,3621
4860,3192
4860,5402
4860,198
4860,5025
4860,689
4860,4411
4860,2185
4860,2282
4860,492
4860,2690
4860,5519
4860,2351
4860,3204
4860,2867
4860,496
4860,3838
4860,3349
4860,117
4860,4588
4860,4245
4860,4047
4860,2367
4860,1172
4860,2514
4860,156
574,574
574,4251
574,325
574,1552
574,2409
574,763
574,2777
574,4157
574,4825
574,3077
574,5052
574,3038
441,5266
441,441
441,880
441,5472
441,948
441,1274
441,4104
441,908
441,764
441,2820
1511,4857
1511,1511
1511,4433
1511,3923
1511,2671
1511,2806
1511,4098
1511,1517
1511,1346
1511,5243
1511,1819
1511,1981
1511,5473
1511,3318
1511,113
1511,4361
1511,2568
1511,5263
1511,2844
1511,347
1511,2361
1511,2922
1511,1134
1511,2502
1511,3159
1511,5304
1511,158
1511,4903
1511,4782
1511,1943
1511,1026
1511,1329
1511,181
1511,3340
1511,543
1511,2732
1511,2801
1511,3450
1511,451
1511,4794
1511,5141
1511,2457
1511,2460
1511,3578
1511,3712
5618,2164
5618,5535
5618,5618
5618,2978
5618,910
5618,877
5618,2497
5618,522
5618,2609
5618,4180
5618,3171
5618,5334
5618,1692
5618,1603
5618,748
5618,4957
5618,3033
5618,4707
5618,2525
5618,3052
5618,1702
5618,1260
5618,3497
5618,4577
5618,4876
5618,1257
5618,4346
5618,1666
5618,2708
5618,2297
5618,2959
5618,2763
5618,3145
5618,3283
5618,1994
5618,5492
5618,569
5618,1338
5618,894
5618,1873
5618,4776
5618,2373
5618,1506
5618,4383
5618,3272
5618,1804
5618,1714
5618,1403
5618,3291
5618,2858
5618,2700
5618,1089
5618,5326
1629,1629
1629,3913
1629,423
1629,422
1629,4541
1629,4835
1629,5562
1629,3112
1629,670
1629,3705
1629,3894
1629,945
1629,3562
1629,3906
3019,3019
3019,1816
3019,2904
3019,2960
3019,5391
3019,28
3019,5319
3019,4233
3019,709
3019,3510
3019,5259
3019,1481
3019,4714
3019,1013
3019,1927
3019,5105
3019,1650
3019,273
3019,5489
3019,5570
3019,191
3019,319
3019,828
3019,1747
3019,5571
3019,3050
3019,2146
3019,3710
3019,4365
3019,1960
3019,3281
3019,2223
3019,4657
3019,1916
3019,3907
3019,3632
1560,1560
1560,2943
1560,4213
1560,3339
1560,4440
1560,768
1560,594
1560,288
1560,22
1560,3744
1560,1777
1560,552
1560,3309
2621,436
2621,2621
2621,366
2621,5424
2621,1572
2621,4282
2621,1047
2621,5627
2621,1153
2621,2651
2621,3351
2621,732
2621,109
2621,2444
2621,3086
2621,4240
2809,2809
2809,2521
2809,2824
2809,4323
2809,3676
2809,4932
2809,3835
2809,2148
2809,4947
2809,3650
2809,2010
2809,4108
2809,4367
2809,1038
1816,3019
1816,1816
1816,2904
1816,4692
1816,1551
1816,2960
1816,5391
1816,28
1816,5319
1816,2076
1816,1301
1816,4233
1816,4684
1816,709
1816,3510
1816,1115
1816,5259
1816,1664
1816,3438
1816,2400
1816,1998
1816,4638
1816,4714
1816,1013
1816,1927
1816,1547
1816,5105
1816,1650
1816,458
1816,2767
1816,273
1816,5489
1816,5570
1816,191
1816,319
1816,5312
1816,1747
1816,524
1816,5571
1816,3050
1816,2146
1816,5318
1816,4365
1816,3281
1816,1791
1816,2792
1816,3632
1816,865
1816,2756
4771,3389
4771,3480
4771,4771
4771,4300
4771,1754
4771,4319
4771,208
4771,498
4771,3265
4771,1519
4771,4767
4771,1282
4771,4850
4771,2668
4771,3161
4771,1383
4771,342
4771,5118
4771,4946
4771,1823
4771,807
4771,1949
4771,4533
4771,42
4771,321
4771,3855
4771,4715
4771,3783
4771,1228
4771,4279
4771,3136
4771,5305
4771,3816
4771,2989
3815,2494
3815,3815
3815,2908
3815,1088
3815,3153
3815,4039
3815,3278
3815,1108
3815,54
3815,3580
3815,3871
3815,1426
3815,1175
3815,2599
3815,5482
3815,744
3815,3606
3815,4570
3815,5547
3815,2136
987,987
987,3215
987,213
987,4991
987,85
987,4746
987,1658
987,3985
987,576
987,746
987,4388
987,4484
987,4732
987,3714
987,3003
987,3959
987,5
987,1726
987,1589
1136,1136
1136,5095
1136,4644
1136,4027
1136,579
1136,2620
1136,2638
1136,2744
1136,3975
1136,613
1136,718
1136,2782
1136,447
1136,1233
1136,369
1136,2626
1136,1958
1136,724
1136,3012
2521,2809
2521,2521
2521,4469
2521,2824
2521,4323
2521,3676
2521,4932
2521,3835
2521,2148
2521,2010
2521,4108
2521,4367
2521,1038
385,456
385,385
385,5621
385,5565
385,1923
385,4318
385,5643
385,2446
385,470
385,4525
385,5557
385,4097
385,5551
385,2270
385,3737
385,4939
385,5308
385,3052
385,2977
385,243
385,1386
385,2869
385,3708
385,2349
385,348
385,4910
385,1176
385,3401
385,295
385,1941
385,1413
385,220
385,3637
385,1014
385,2199
385,618
385,2941
385,430
385,1741
385,5315
385,3448
385,2309
385,74
385,2072
2908,3599
2908,2494
2908,3815
2908,2908
2908,1088
2908,3153
2908,4802
2908,641
2908,1501
2908,4039
2908,733
2908,3278
2908,1108
2908,54
2908,3580
2908,3871
2908,1426
2908,1175
2908,2599
2908,744
2908,4570
2908,5547
2908,2116
2908,2136
161,161
161,2052
161,4446
161,2604
161,2106
161,82
161,3114
161,4117
161,4314
161,2802
161,2751
5611,5611
5611,5115
5611,5356
5611,1132
5611,2198
5611,4267
5611,1213
5611,2399
5611,2462
5611,3123
5611,2186
5611,326
5611,5023
5611,845
5611,2371
5611,4360
5611,2088
5611,4156
5611,683
5611,5383
5611,5603
5611,3743
5611,1515
1520,1043
1520,1520
1520,380
1520,2988
1520,3504
1520,570
1520,4564
1520,3212
1520,4096
1520,4600
1520,2259
1520,3119
1520,2861
1520,3076
1520,1510
1520,1843
1520,2560
1520,2356
1520,5310
1520,3577
1520,1076
1520,1729
1520,5149
1520,3485
1520,4464
1520,694
1520,1431
1520,786
1520,4426
1520,1187
1520,3366
1520,11
1520,1385
1520,1660
1520,2332
1520,5068
1520,3741
3792,3792
3792,4491
3792,5531
3792,953
3792,736
3792,5338
247,3500
247,247
247,2978
247,5565
247,1923
247,877
247,2609
247,891
247,2446
247,4492
247,2391
247,1692
247,308
247,2843
247,2990
247,121
247,3250
247,5308
247,3052
247,2470
247,2165
247,3497
247,348
247,4346
247,4910
247,2297
247,2959
247,2763
247,5227
247,5515
247,932
247,1014
247,1873
247,725
247,5315
247,4627
247,2309
247,1089
247,1576
247,74
247,3395
3736,3370
3736,3736
3736,737
3736,3096
3736,2313
3736,546
3736,3230
3736,2909
3736,4487
3736,2918
3736,3240
3736,5447
3736,1593
3736,3555
3736,5417
3736,52
3795,3795
3795,551
3795,1031
3795,4555
3795,3194
3795,1339
3795,1881
3795,3222
3795,4608
4959,4959
4959,2024
4959,3474
4959,1961
4959,4756
4959,757
4959,1346
4959,3331
4959,1819
4959,1981
4959,5270
4959,2906
4959,2593
4959,4361
4959,5617
4959,5263
4959,2361
4959,2922
4959,5441
4959,4903
4959,4782
4959,3256
4959,3154
4959,2377
4959,1026
4959,1891
4959,543
4959,4428
4959,3298
4959,2801
4959,4794
4959,5141
4959,3578
4959,2903
3913,1629
3913,3913
3913,422
3913,3287
3913,2155
3913,5562
3913,1897
3913,2556
3913,670
3913,5002
3913,3705
3913,15
3913,3894
3913,4400
3913,4295
3028,3028
3028,2375
3028,3005
3028,5082
3028,4544
3028,27
3028,1217
3028,2269
3028,334
3028,923
3028,102
3028,4893
3028,5387
3028,523
3028,976
3028,5205
3028,5236
3028,224
3028,4020
1595,3828
1595,1595
1595,3844
1595,3768
1595,4998
1595,1577
1595,1884
1595,1196
1595,2917
1595,3535
1595,5050
1595,2944
1595,2656
1595,752
1595,2437
1595,465
1595,4462
1595,1766
1595,4012
1280,1280
1280,3270
1280,2939
1280,3376
1280,2099
1280,888
1280,4853
1280,4018
1280,5374
1280,2954
1280,3316
1280,1523
1280,4136
1280,4985
1280,4062
1280,444
1280,1434
1280,4178
1280,4093
1280,1167
1280,4712
1280,1317
1280,4540
1280,5327
1280,3887
5157,5157
5157,601
5157,2423
5157,2303
5157,4920
5157,3524
5157,1177
5157,1800
5157,2550
5157,2369
5157,3274
29,29
29,856
29,2455
29,2920
29,4601
29,4128
29,942
29,586
29,1205
29,3770
29,1051
29,5359
29,4118
29,5101
29,1087
29,4906
29,2547
29,2330
29,1039
29,3042
3016,3016
3016,4963
3016,3190
3016,4065
3016,5280
3016,2852
3016,4085
3016,371
3016,1195
3016,1852
3016,898
3016,4417
3016,5581
3016,2893
3083,3083
3083,1990
3083,4132
3083,2012
3083,2100
3083,1061
3083,2543
511,511
511,637
511,1117
511,3948
511,1839
511,4384
511,5612
511,322
511,246
511,3220
511,715
511,4351
511,2570
511,2043
511,4450
511,4832
511,438
511,4362
511,2975
65,65
65,5448
65,1396
65,4042
65,3451
65,5604
65,3729
65,3803
65,2475
65,3728
65,2650
65,1764
65,1507
65,4971
65,606
65,5321
1236,1236
1236,3833
1236,663
1236,3824
1236,1396
1236,4042
1236,1090
1236,3729
1236,5336
1236,4041
1236,1507
1236,1252
1236,136
1236,1926
1236,606
1073,553
1073,1073
1073,4105
1073,2303
1073,1641
1073,1427
1073,4261
1073,2369
1073,978
4569,4569
4569,2940
4569,5230
4569,990
4569,4306
4569,301
4569,727
4569,478
4569,2451
4569,1591
4569,1318
4569,4217
4569,1967
4811,4811
4811,820
4811,5121
4811,1913
4811,974
4811,1180
4811,4071
4811,3774
4811,3781
4811,2095
4811,3034
4811,1423
4811,1459
4811,2815
4811,1343
4811,800
4811,5481
4811,2051
4811,5421
4811,5465
4811,5264
4811,1809
4624,4624
4624,2760
4624,4087
4624,2716
4624,5375
4624,1404
4624,1966
4624,3231
4624,2488
4624,2660
4624,5271
4624,5311
4624,1098
4624,357
4624,147
4624,1810
5621,385
5621,5621
5621,1923
5621,4318
5621,5643
5621,4234
5621,2446
5621,470
5621,4525
5621,5557
5621,5551
5621,3737
5621,3144
5621,4939
5621,5308
5621,2977
5621,243
5621,1386
5621,2869
5621,3708
5621,2349
5621,1176
5621,2622
5621,1941
5621,1413
5621,220
5621,618
5621,2941
5621,1032
5621,430
5621,1741
5621,5315
5621,3448
5621,2520
5621,74
5621,2072
3313,3313
3313,3513
3313,1405
3313,3756
3313,1148
3313,1179
3313,2686
3313,636
3313,5626
3313,5566
3313,157
3313,390
3313,4350
3313,1890
3313,5165
3313,4381
3616,3616
3616,382
3616,1830
3616,3198
3616,3308
3616,2234
3616,4646
3616,2998
3616,490
3616,2788
3616,2292
3616,1870
3616,4822
4000,4000
4000,1081
4000,3956
4000,5373
4000,4331
4000,2174
4000,1302
4000,3672
4000,2836
4000,2765
4000,3359
4000,364
4000,352
4000,3920
4000,5346
4000,5011
4000,2559
4000,713
4000,1985
4000,134
4000,4801
4000,3933
2350,1612
2350,2350
2350,3518
2350,5186
2350,2439
2350,1361
2350,3137
2350,498
2350,918
2350,2913
2350,3336
2350,2004
2350,1656
2350,4651
2350,5118
2350,2210
2350,4946
2350,638
2350,3056
2350,588
2350,3418
2350,666
2350,1939
2350,1289
2350,4715
2350,2175
2350,5470
2350,1745
2350,1993
5014,5014
5014,5422
5014,2964
5014,4159
5014,3687
5014,3092
5014,2337
5014,2304
5014,915
5014,2180
5014,3487
5014,1796
5014,5080
5014,4823
5014,1476
5014,504
5014,36
5014,2921
5014,2879
5014,5455
5014,905
5014,2295
5014,1387
5014,5197
5014,4125
5014,1407
5014,4976
4597,2025
4597,4597
4597,4151
4597,486
4597,634
4597,4083
4597,2907
4597,1093
4597,3508
4597,1010
4597,1668
4597,760
4597,4311
4597,3739
4597,1323
4597,3044
4597,1887
4597,2089
4597,2302
4597,3862
4597,4636
4597,3823
2974,2974
2974,1495
2974,1940
2974,3304
2974,4334
2974,1686
2974,4092
2974,2285
2974,4353
2974,5359
2974,5101
2974,103
2974,1942
2974,153
2974,120
2974,1039
2974,937
129,5592
129,129
129,2828
129,1197
129,4015
129,755
129,242
129,1004
129,4706
129,2722
129,187
129,2159
129,776
129,5091
129,4698
129,57
129,1292
129,4060
129,2286
129,4695
129,3223
129,2817
129,5163
129,1168
129,2395
129,2170
129,3058
129,2956
129,884
129,3347
129,1398
361,361
361,3196
361,4159
361,641
361,2337
361,3670
361,2740
361,1597
361,1407
4151,4622
4151,4597
4151,4151
4151,486
4151,634
4151,4083
4151,2907
4151,3508
4151,1010
4151,760
4151,4311
4151,1323
4151,3044
4151,1887
4151,2089
4151,2302
4151,3862
4151,4636
4151,3823
2831,3041
2831,2831
2831,1753
2831,1199
2831,4500
2831,1380
2831,3216
2831,3198
2831,248
2831,2450
2831,5055
2831,2652
2831,1661
3127,3127
3127,5542
3127,2613
3127,3755
3127,4872
3127,1617
3127,2596
3127,148
3127,4904
3127,4401
3127,5516
3127,4171
3127,2546
4177,5535
4177,4177
4177,3215
4177,1603
4177,213
4177,4991
4177,3033
4177,4707
4177,1702
4177,1262
4177,4550
4177,1257
4177,1666
4177,4746
4177,2708
4177,3985
4177,576
4177,3145
4177,3283
4177,3884
4177,799
4177,1757
4177,1994
4177,310
4177,569
4177,1338
4177,4484
4177,3714
4177,3006
4177,1403
4177,1549
4177,2858
4177,5326
3746,3746
3746,1775
3746,5401
3746,1265
3746,1227
3746,3467
3746,2419
3746,5171
3746,5634
3746,4200
3746,3162
3746,3268
3746,4284
3746,4135
3746,2101
3746,2689
3746,4807
5251,1950
5251,5251
5251,1048
5251,5172
5251,3576
5251,3800
5251,3458
5251,2791
5251,38
5251,5019
5251,2484
5251,101
5251,327
5251,2163
5251,2883
5251,564
3352,3352
3352,1921
3352,1395
3352,397
3352,4231
3352,3895
3352,4110
3352,4733
3352,2506
3352,413
3352,4603
3352,2723
3352,4887
3352,5102
3352,3890
3352,4290
3352,4167
3352,902
3352,3927
3352,3502
3352,378
3352,2197
3352,723
3352,1366
3352,323
4363,4363
4363,4804
4363,1130
4363,3642
4363,5524
4363,372
4363,4038
4363,4770
4363,1239
4363,4938
4363,5301
4363,4006
1342,5277
1342,1342
1342,2676
1342,2738
1342,559
1342,4207
1342,2993
1342,1846
1342,4424
1342,1266
1342,2
1342,1678
1342,4074
1342,5091
1342,5593
1342,2966
1342,5155
1342,4248
1342,711
1342,4546
1342,3727
1342,3847
1342,5567
1342,1168
1342,1787
1342,2395
1342,3058
1342,2280
1342,2956
1342,3685
1342,4309
1342,1586
1342,1924
1342,1885
366,2621
366,366
366,5424
366,2775
366,5357
366,555
366,732
366,1615
366,109
366,2444
366,3329
366,4240
366,2551
5413,5413
5413,4827
5413,852
5413,5037
5413,3129
5413,2266
5413,526
5413,4356
5413,4774
5413,223
5413,4894
5413,2614
5413,4912
5413,4768
5413,1871
5413,2200
5413,240
5413,3365
5413,1592
5413,429
5413,4556
5413,3360
1516,2933
1516,132
1516,1516
1516,3099
1516,1231
1516,1041
1516,3622
1516,215
1516,3553
1516,5008
1516,3512
1516,4815
1516,4073
1516,3691
1516,1904
1516,2359
1516,4059
1516,1631
1516,531
1516,5306
1516,3010
1516,4390
1516,349
1516,2724
1516,885
1516,500
1516,2947
1516,2443
1516,2044
1516,2084
1516,3958
1516,5354
3285,2211
3285,3285
3285,2938
3285,3194
3285,4197
3285,1339
3285,1881
3285,3416
3285,3631
3285,3045
3285,2054
3285,3425
3285,4608
3285,4942
3285,1929
2773,1718
2773,2554
2773,2773
2773,5397
2773,3931
2773,4803
2773,1324
2773,2655
2773,3660
2773,623
2773,3519
2773,561
2773,127
2773,2468
2773,1453
2773,1978
2773,4354
2773,3192
2773,2185
2773,492
2773,2351
2773,3204
2773,2276
2773,496
2773,3838
2773,3349
2773,3321
2773,117
2773,4221
2773,4245
2773,4047
2773,1172
2773,4126
2773,2514
2773,156
2978,2164
2978,3500
2978,5618
2978,247
2978,2978
2978,5565
2978,1923
2978,877
2978,2497
2978,522
2978,2609
2978,4180
2978,891
2978,3171
2978,4234
2978,2446
2978,5334
2978,1692
2978,1603
2978,748
2978,632
2978,2525
2978,5308
2978,3052
2978,1702
2978,243
2978,1386
2978,1260
2978,3497
2978,4577
2978,4876
2978,4346
2978,2297
2978,1176
2978,2959
2978,5492
2978,894
2978,1873
2978,4776
2978,2373
2978,4383
2978,1804
2978,1032
2978,3291
2978,2858
2978,2700
2978,2309
2978,1089
2978,74
2978,3395
795,795
795,3422
795,382
795,3496
795,4458
795,1192
795,3854
795,1455
795,3325
795,5511
795,4884
795,490
795,1347
795,1870
795,3706
806,2120
806,806
806,4517
806,249
806,1899
806,5198
806,1704
806,5385
806,1902
806,2510
806,1880
806,4270
806,1448
806,4029
806,4325
806,1847
806,5597
806,1623
806,2629
806,847
806,3918
806,1071
5397,1500
5397,2554
5397,4860
5397,2773
5397,5397
5397,1992
5397,3931
5397,2655
5397,1096
5397,2325
5397,3660
5397,5449
5397,5088
5397,623
5397,1453
5397,5392
5397,1978
5397,4354
5397,4024
5397,3621
5397,3192
5397,198
5397,5025
5397,689
5397,2185
5397,2282
5397,2690
5397,5519
5397,2351
5397,3204
5397,2867
5397,2276
5397,496
5397,3838
5397,3349
5397,117
5397,4047
5397,1172
5397,4126
5397,2514
5397,156
2828,129
2828,2828
2828,1197
2828,4015
2828,755
2828,242
2828,1004
2828,4706
2828,2722
2828,187
2828,2159
2828,776
2828,5091
2828,57
2828,4060
2828,2286
2828,3223
2828,5163
2828,1168
2828,2395
2828,2170
2828,4502
2828,884
2828,1398
3833,3955
3833,1236
3833,3833
3833,3546
3833,3526
3833,1396
3833,1090
3833,982
3833,2628
3833,4516
3833,1866
3833,1507
3833,1252
3833,313
3833,4971
3833,606
4300,3389
4300,3480
4300,4771
4300,4300
4300,4692
4300,1551
4300,1754
4300,4319
4300,208
4300,3265
4300,1519
4300,5124
4300,4767
4300,1282
4300,4850
4300,2668
4300,5526
4300,3161
4300,1383
4300,169
4300,342
4300,1823
4300,2767
4300,807
4300,1002
4300,1121
4300,1949
4300,4533
4300,42
4300,1411
4300,3783
4300,1228
4300,4279
4300,5305
4300,482
4300,3816
4300,2756
4300,2989
141,1715
141,141
141,2125
141,4454
141,2702
141,4529
141,1419
141,5549
141,1143
141,5384
141,2627
141,2734
141,91
141,3102
141,1657
141,1856
1450,1450
1450,4896
1450,2024
1450,757
1450,4691
1450,1138
1450,5617
1450,354
1450,4990
1450,740
1450,3388
1450,5134
1450,1785
1450,3786
1450,71
1450,4988
1450,2631
1450,1732
5565,2164
5565,3500
5565,385
5565,247
5565,2978
5565,5565
5565,1923
5565,877
5565,2497
5565,2609
5565,891
5565,2446
5565,470
5565,2391
5565,1692
5565,5308
5565,3052
5565,3708
5565,2470
5565,348
5565,4346
5565,4910
5565,2297
5565,1176
5565,2959
5565,5227
5565,1014
5565,1873
5565,4776
5565,2373
5565,725
5565,1032
5565,3291
5565,5315
5565,2309
5565,1089
5565,1576
5565,74
5565,3395
4406,4406
4406,5426
4406,5013
4406,5183
4406,2174
4406,3842
4406,2836
4406,4989
4406,5011
4406,4502
4406,713
4406,568
4406,4623
4406,2786
3518,1612
3518,2350
3518,3518
3518,5186
3518,2439
3518,5575
3518,617
3518,4064
3518,1361
3518,498
3518,3265
3518,4590
3518,3336
3518,5583
3518,5009
3518,3161
3518,1383
3518,4613
3518,3067
3518,1442
3518,4651
3518,5118
3518,2210
3518,4819
3518,4946
3518,638
3518,2486
3518,4411
3518,588
3518,3418
3518,4421
3518,3447
3518,1939
3518,3855
3518,4715
3518,4588
3518,1258
3518,3816
3518,1745
3518,2989
4548,4548
4548,593
4548,837
4548,1688
4548,1878
4548,2611
4548,775
4548,3412
4548,2410
4548,3722
4548,291
4548,2086
4548,21
4548,1565
4548,3784
4548,1319
4548,5162
4548,4571
107,107
107,4021
107,3422
107,3870
107,1139
107,2531
107,4641
107,1249
107,980
107,3761
107,1455
107,2886
107,184
107,1250
107,4888
107,699
1995,2408
1995,1995
1995,1652
1995,5172
1995,3576
1995,206
1995,2791
1995,3292
1995,3629
1995,5019
1995,2484
1995,861
1995,101
1995,2393
1995,2883
663,1236
663,663
663,5180
663,3824
663,2061
663,4414
663,1090
663,963
663,5064
663,5336
663,4041
663,1252
663,5453
663,2588
4963,4576
4963,3016
4963,4963
4963,4289
4963,1075
4963,2085
4963,1719
4963,3681
4963,3343
4963,4065
4963,3338
4963,2852
4963,3626
4963,1195
4963,1852
4963,898
4963,4718
4963,333
4963,4984
4963,4417
3957,3957
3957,4289
3957,1075
3957,2096
3957,5198
3957,1704
3957,2085
3957,1719
3957,3681
3957,3592
3957,2346
3957,3550
3957,3243
3957,4270
3957,3420
3957,3626
3957,876
3957,1195
3957,3079
3957,1705
3957,847
3957,333
3957,4984
3957,4417
3957,3399
3957,1071
668,668
668,2846
668,2416
668,4672
668,3812
668,5283
668,3905
668,1846
668,4710
668,711
668,3393
668,1337
668,1309
668,3954
668,3727
668,44
668,4958
668,3098
668,1773
668,1746
668,1787
668,204
668,4447
668,3182
668,1737
668,3953
668,4067
668,1924
668,1000
374,374
374,1297
374,2112
374,3257
374,4494
374,4035
374,5281
374,427
374,1101
374,753
374,2603
374,1622
374,5127
374,1194
374,2301
374,3378
374,3118
374,4472
374,5595
374,3475
374,4723
1449,1449
1449,2238
1449,1432
1449,239
1449,3141
1449,4317
1449,2573
1449,605
1449,1141
1449,2733
1449,1748
2016,4949
2016,1224
2016,2016
2016,5320
2016,1157
2016,587
2016,5231
2016,2567
2016,2082
2016,805
2016,3919
2016,850
2016,3643
2016,155
2016,2057
2016,3673
2016,3581
2016,1738
5314,3955
5314,5314
5314,4934
5314,1173
5314,982
5314,4516
5314,1866
5314,313
5314,5348
5314,527
328,328
328,2674
328,4775
328,3324
328,1654
328,4824
328,4998
328,2691
328,1884
328,2473
328,1426
328,3111
328,2029
328,1149
328,3606
328,2048
328,1107
328,682
328,3885
328,4012
328,1514
3270,1280
3270,3270
3270,3376
3270,165
3270,4853
3270,4018
3270,5374
3270,2954
3270,1523
3270,4136
3270,4985
3270,4062
3270,444
3270,3753
3270,4093
3270,1317
3270,5327
3270,395
3270,3887
3488,3488
3488,1482
3488,4626
3488,1471
3488,1841
3488,1164
3488,2715
3488,4204
3488,2503
3488,3307
3488,5041
3488,2190
3488,2021
3488,4904
3488,5516
3488,862
3488,5555
3488,4171
3488,2546
3488,944
1923,3500
1923,385
1923,247
1923,5621
1923,2978
1923,5565
1923,1923
1923,2446
1923,470
1923,4525
1923,5557
1923,5551
1923,2270
1923,3737
1923,5308
1923,3052
1923,2977
1923,243
1923,1386
1923,3708
1923,2349
1923,348
1923,4910
1923,1176
1923,295
1923,1413
1923,1014
1923,1873
1923,2373
1923,618
1923,2941
1923,1032
1923,1741
1923,5315
1923,3448
1923,4627
1923,2309
1923,1576
1923,74
1923,2072
5415,5415
5415,2670
5415,1091
5415,5369
5415,2762
5415,1081
5415,4592
5415,5373
5415,3960
5415,4689
5415,2765
5415,3932
5415,3359
5415,1315
5415,1222
5415,5152
5415,5340
5415,217
1467,1715
1467,1467
1467,2139
1467,3299
1467,5549
1467,1778
1467,3073
1467,2734
1467,4911
1467,4237
1467,91
1467,3981
1467,43
1467,925
1467,1657
1467,1856
1467,266
2682,2682
2682,4468
2682,4250
2682,3379
2682,3181
2682,3560
2682,1529
2682,2598
2682,4905
2670,5415
2670,2670
2670,5426
2670,1091
2670,3924
2670,3960
2670,3183
2670,4689
2670,2765
2670,1733
2670,3359
2670,2424
2670,840
2670,4312
2670,4286
2670,5152
2670,2026
2670,2144
910,4945
910,5618
910,910
910,934
910,3171
910,4797
910,5334
910,5316
910,3372
910,748
910,4957
910,4707
910,3534
910,2525
910,1260
910,4577
910,4876
910,1257
910,3283
910,2493
910,1994
910,1563
910,569
910,894
910,1506
910,3272
910,552
910,1714
910,2700
910,5326
2208,2025
2208,2208
2208,486
2208,3597
2208,2378
2208,1865
2208,1441
2208,4711
2208,1965
2208,1946
2208,1668
2208,3231
2208,2488
2208,1070
2208,4647
2208,1526
2208,1687
2208,5226
2208,1363
2208,2881
2208,2302
2208,1065
2208,254
2448,1465
2448,2448
2448,3358
2448,4798
2448,2485
2448,622
2448,4997
2448,698
2448,3106
2448,3811
2448,2873
2448,1374
2448,3641
2448,2396
3084,3084
3084,2799
3084,1988
3084,5332
3084,4630
3084,3586
3084,577
3084,410
3084,2683
3084,2031
3084,4889
3084,1479
3084,4599
3084,4373
3084,538
3084,3861
3084,457
3084,139
3084,89
4289,4963
4289,3957
4289,4289
4289,1075
4289,2096
4289,5198
4289,1704
4289,2085
4289,1719
4289,3681
4289,2346
4289,3550
4289,2153
4289,5167
4289,3243
4289,1207
4289,3420
4289,3626
4289,4085
4289,876
4289,1195
4289,3079
4289,1705
4289,333
4289,4984
4289,4417
1992,921
1992,1500
1992,4860
1992,5397
1992,1992
1992,3931
1992,2655
1992,1096
1992,5449
1992,4308
1992,5088
1992,1761
1992,4122
1992,1429
1992,5392
1992,3583
1992,1978
1992,4354
1992,3621
1992,5402
1992,198
1992,5025
1992,689
1992,2185
1992,2282
1992,4403
1992,2690
1992,5519
1992,2867
1992,3349
1992,117
1992,4047
1992,2367
2534,2534
2534,4252
2534,2318
2534,165
2534,4853
2534,1202
2534,2954
2534,598
2534,1523
2534,4136
2534,5483
2534,4917
2534,2196
2534,4985
2534,644
2534,4062
2534,4294
2534,3753
2534,4820
2534,4093
2534,395
2534,4439
2961,2961
2961,1035
2961,5422
2961,4159
2961,3687
2961,1833
2961,1037
2961,785
2961,3057
2961,4915
2961,3806
2961,4796
2961,36
2961,717
2961,3074
2961,956
2961,440
2961,5455
2961,3697
2961,4515
2961,4160
2961,2995
356,356
356,104
356,2684
356,2608
356,1540
356,4697
356,3249
356,4317
356,4806
356,302
356,1141
356,2733
356,1425
442,442
442,251
442,637
442,1117
442,2398
442,3948
442,2555
442,99
442,2870
442,2587
442,920
442,2909
442,4487
442,4450
442,2912
442,4789
442,3555
442,4444
442,1605
856,29
856,856
856,2760
856,2920
856,4128
856,942
856,4357
856,1966
856,1205
856,5311
856,357
856,4118
856,4906
856,2547
856,2330
856,1039
856,3042
2748,2748
2748,1482
2748,5512
2748,4547
2748,3956
2748,3543
2748,3224
2748,1164
2748,2715
2748,4204
2748,4899
2748,862
2748,954
2748,1985
2748,5555
2748,134
3190,3016
3190,3190
3190,2688
3190,5302
3190,3343
3190,358
3190,4347
3190,4065
3190,2852
3190,875
3190,4719
3190,2418
3190,3951
3190,1852
3190,1120
3190,5550
3190,2272
3190,5581
209,209
209,403
209,529
209,5401
209,1937
209,383
209,5030
209,2787
209,4916
209,1789
209,2761
209,3065
209,1082
209,3528
209,2101
209,3645
209,2962
209,407
3048,3048
3048,5518
3048,1208
3048,3991
3048,340
3048,469
3048,5404
3048,4507
3048,1428
3048,2382
3048,3108
3048,4307
3048,3105
2848,2848
2848,2632
2848,3286
2848,5507
2848,2887
2848,4639
2848,4778
2848,269
2848,3330
2848,4709
2848,5344
2848,5466
2848,995
2848,6
2848,2254
2848,1454
2848,1543
2848,3556
877,2164
877,3500
877,5618
877,247
877,2978
877,5565
877,877
877,2497
877,522
877,2609
877,4180
877,891
877,3171
877,2446
877,5334
877,1692
877,308
877,1603
877,748
877,121
877,2525
877,5308
877,3052
877,1702
877,1260
877,2470
877,1262
877,3497
877,4577
877,4876
877,1257
877,4346
877,1666
877,2297
877,2959
877,2763
877,5227
877,5492
877,1873
877,4776
877,2373
877,4383
877,3272
877,1804
877,1032
877,1403
877,3291
877,2858
877,2700
877,2309
877,1089
877,74
877,3395
1197,5277
1197,129
1197,2828
1197,1197
1197,4015
1197,755
1197,242
1197,1004
1197,4706
1197,2722
1197,187
1197,776
1197,4074
1197,5091
1197,4698
1197,5155
1197,57
1197,4060
1197,3847
1197,2286
1197,3223
1197,5567
1197,2817
1197,5163
1197,1168
1197,2395
1197,2170
1197,3058
1197,2956
1197,4309
1197,884
1197,3347
1197,1398
1197,1885
1921,1971
1921,3352
1921,1921
1921,1395
1921,397
1921,3895
1921,2506
1921,3790
1921,3441
1921,4887
1921,2822
1921,56
1921,5102
1921,3890
1921,4290
1921,4167
1921,3927
1921,378
1921,2197
1921,723
1921,323
2245,2245
2245,5356
2245,3429
2245,1132
2245,1296
2245,5249
2245,3949
2245,1213
2245,2399
2245,18
2245,1249
2245,320
2245,3248
2245,3704
2245,4013
2245,2942
2245,1399
2245,12
2245,3671
2245,845
2245,2371
2245,1163
2245,2088
2245,76
2245,4859
2245,2865
2245,4156
2245,683
2245,4256
2245,4972
2245,541
2245,160
2245,3743
2245,2983
5208,436
5208,5208
5208,4412
5208,2244
5208,1974
5208,4282
5208,1047
5208,1669
5208,2194
5208,1287
5208,965
5208,2868
5208,2651
5208,1920
5208,1919
5208,5133
5208,4210
5208,2601
5208,1723
4015,5592
4015,129
4015,2828
4015,1197
4015,4015
4015,755
4015,242
4015,1004
4015,4706
4015,2722
4015,187
4015,2159
4015,776
4015,5091
4015,4698
4015,57
4015,1292
4015,4060
4015,2286
4015,4695
4015,3223
4015,2817
4015,5163
4015,1168
4015,2395
4015,2170
4015,2956
4015,884
4015,3347
4015,1398
3100,3100
3100,2586
3100,2006
3100,4492
3100,2391
3100,577
3100,1739
3100,5399
3100,2843
3100,2291
3100,2990
3100,3250
3100,1509
3100,2470
3100,4554
3100,2165
3100,348
3100,2662
3100,4910
3100,295
3100,5515
3100,932
3100,5043
3100,4133
3100,5056
3100,1014
3100,725
3100,2896
3100,1277
3100,4627
3100,1576
5426,4406
5426,2670
5426,5426
5426,5013
5426,4331
5426,2174
5426,3672
5426,2836
5426,2765
5426,840
5426,4312
5426,3920
5426,5011
5426,4286
5426,568
5426,2786
3931,1500
3931,2554
3931,4860
3931,2773
3931,5397
3931,1992
3931,3931
3931,1324
3931,2655
3931,1096
3931,3660
3931,5449
3931,4308
3931,5088
3931,4918
3931,623
3931,127
3931,1453
3931,5392
3931,1978
3931,4354
3931,3621
3931,3192
3931,198
3931,5025
3931,2185
3931,2282
3931,492
3931,2690
3931,5519
3931,2351
3931,3204
3931,2867
3931,496
3931,3838
3931,3349
3931,117
3931,4221
3931,4245
3931,4047
3931,2367
3931,1172
3931,4126
3931,2514
3931,156
2743,2743
2743,2118
2743,4566
2743,5213
2743,3236
2743,2718
2743,5599
2743,2984
2743,912
2743,1
2743,1360
2743,1310
2743,1335
2743,1748
2743,1930
4021,1677
4021,4423
4021,107
4021,4021
4021,3022
4021,3870
4021,2721
4021,4435
4021,4641
4021,1486
4021,1249
4021,980
4021,368
4021,2707
4021,5435
4021,3669
4021,2287
4021,3761
4021,2647
4021,2166
4021,2033
4021,2312
4021,184
4021,2865
4021,1435
4021,4791
4021,2849
4021,4888
4021,699
1395,1971
1395,3352
1395,1921
1395,1395
1395,397
1395,3895
1395,2506
1395,3790
1395,3441
1395,4603
1395,4887
1395,2822
1395,56
1395,5102
1395,3890
1395,4290
1395,4167
1395,3927
1395,378
1395,2197
1395,723
1395,1366
1395,323
423,1629
423,423
423,540
423,2364
423,4835
423,5562
423,3112
423,670
423,4327
423,2905
423,945
423,3562
423,3906
3513,3313
3513,3513
3513,2677
3513,1405
3513,3756
3513,1148
3513,1179
3513,636
3513,5626
3513,3482
3513,1600
3513,5566
3513,157
3513,390
3513,4350
3513,1890
3513,5165
3513,4381
3513,4008
339,339
339,522
339,4180
339,4234
339,632
339,243
339,1386
339,5492
339,894
339,642
339,1032
339,1741
4251,574
4251,4251
4251,4669
4251,4735
4251,2409
4251,5187
4251,4157
4251,4825
4495,2211
4495,4495
4495,5591
4495,2938
4495,1311
4495,2037
4495,1555
4495,3416
4495,3631
4495,1427
4495,544
4495,5467
4495,4261
4495,5541
5059,3202
5059,1436
5059,5059
5059,4053
5059,4508
5059,403
5059,2445
5059,383
5059,4466
5059,729
5059,4211
5059,648
5059,4885
5059,4890
5059,3361
5059,3267
5059,829
5059,3178
4803,1718
4803,1500
4803,2773
4803,4803
4803,1324
4803,5186
4803,617
4803,4064
4803,2913
4803,3660
4803,4918
4803,623
4803,1353
4803,4690
4803,3519
4803,5583
4803,561
4803,127
4803,1453
4803,5392
4803,4613
4803,3067
4803,1442
4803,4651
4803,3192
4803,2486
4803,2185
4803,588
4803,492
4803,3204
4803,496
4803,3838
4803,3349
4803,3447
4803,1939
4803,3251
4803,3801
4803,4588
4803,4221
4803,4245
4803,2367
4803,1172
4803,4986
4803,3040
4803,1745
4803,4126
4803,2514
4803,156
1753,3041
1753,2831
1753,1753
1753,1199
1753,2216
1753,4500
1753,1380
1753,3216
1753,3198
1753,2536
1753,5293
1753,2450
1753,4868
1753,5055
1753,2652
1753,1661
5180,663
5180,5180
5180,2061
5180,1090
5180,963
5180,1866
5180,4041
5180,1252
5180,5017
5180,5453
5180,5348
5180,2588
626,626
626,796
626,1304
626,3538
626,4441
626,1272
626,3754
626,484
626,475
626,4063
626,1021
626,1161
626,1440
626,2727
626,292
626,4591
626,2719
626,1655
626,1681
626,2195
626,194
626,2073
626,1322
626,867
626,4785
626,4124
626,4666
737,3370
737,2648
737,3736
737,737
737,4446
737,837
737,3096
737,131
737,546
737,2909
737,2918
737,3240
737,4117
737,4314
737,5447
737,1593
737,5417
737,52
2632,2848
2632,2632
2632,3286
2632,5507
2632,431
2632,2887
2632,4639
2632,4973
2632,4778
2632,269
2632,3330
2632,4709
2632,5344
2632,5466
2632,6
2632,2254
2632,1543
2069,2069
2069,112
2069,2115
2069,658
2069,2034
2069,3610
2069,714
2069,3868
2069,289
2069,4427
2069,5067
2069,5350
2069,2857
2069,2976
2069,2623
2069,3598
2069,4393
4285,3389
4285,3480
4285,4285
4285,2960
4285,2439
4285,1754
4285,3137
4285,2076
4285,498
4285,1301
4285,3336
4285,238
4285,2155
4285,2004
4285,4864
4285,4684
4285,1115
4285,5259
4285,1664
4285,5631
4285,1656
4285,4767
4285,3438
4285,2400
4285,1998
4285,2087
4285,4638
4285,2668
4285,3161
4285,1013
4285,1547
4285,5118
4285,2210
4285,1720
4285,3385
4285,3184
4285,5105
4285,4946
4285,458
4285,1949
4285,273
4285,5498
4285,5570
4285,15
4285,2693
4285,321
4285,3418
4285,319
4285,125
4285,3665
4285,1289
4285,5312
4285,2380
4285,5571
4285,3050
4285,3600
4285,4715
4285,4400
4285,5318
4285,5470
4285,4279
4285,3136
4285,4567
4285,1791
4285,2792
4285,3816
4285,1993
2939,1280
2939,2939
2939,3376
2939,2099
2939,888
2939,4018
2939,5374
2939,3316
2939,1523
2939,4136
2939,4372
2939,444
2939,1434
2939,4178
2939,4093
2939,1167
2939,4712
2939,1317
2939,4540
2939,5327
2939,474
2939,5106
2939,3887
2939,3979
2563,2563
2563,485
2563,5502
2563,5612
2563,476
2563,952
2563,2745
2563,4195
2563,2078
2563,4362
2563,2975
380,1043
380,1520
380,380
380,3504
380,570
380,4564
380,3212
380,3439
380,2201
380,4600
380,2259
380,3119
380,2861
380,1843
380,5379
380,3779
380,2356
380,928
380,5310
380,3577
380,1076
380,468
380,5149
380,3485
380,1744
380,1377
380,1431
380,786
380,4426
380,1187
380,3366
380,11
380,4812
380,1385
380,2332
2677,3513
2677,2677
2677,1405
2677,516
2677,1710
2677,5606
2677,1179
2677,636
2677,3766
2677,5626
2677,3482
2677,1600
2677,5566
2677,1955
2677,126
2677,3391
2677,5165
2677,4381
2677,4008
3732,5406
3732,1677
3732,3732
3732,5147
3732,1848
3732,4435
3732,4809
3732,1486
3732,1275
3732,4366
3732,4713
3732,368
3732,2707
3732,5510
3732,2287
3732,1494
3732,2033
3732,1177
3732,2312
3732,5117
3732,4543
3732,1435
3732,4791
3732,545
3732,3274
3286,2848
3286,2632
3286,3286
3286,5061
3286,5507
3286,4925
3286,431
3286,2887
3286,4973
3286,833
3286,2895
3286,1378
3286,3892
3286,4778
3286,2463
3286,269
3286,3330
3286,4709
3286,5344
3286,2254
3286,1543
3286,1918
2846,668
2846,2846
2846,2416
2846,4672
2846,677
2846,3905
2846,4710
2846,711
2846,1337
2846,4562
2846,1309
2846,3954
2846,3098
2846,1746
2846,4447
2846,3182
2846,1737
2846,5462
2846,3953
2846,4067
2846,1000
4119,4119
4119,177
4119,5256
4119,5267
4119,5628
4119,1900
4119,2929
4119,2476
4119,5156
4119,590
4119,3793
4119,5479
1091,5415
1091,2670
1091,1091
1091,2097
1091,33
1091,3924
1091,3960
1091,298
1091,3183
1091,4689
1091,2765
1091,1733
1091,2424
1091,840
1091,1626
1091,707
1091,3950
1091,5427
1091,1315
1091,5152
1091,3146
1091,2026
1091,2144
2616,2616
2616,3832
2616,5477
2616,2772
2616,2741
2616,721
2616,3802
2616,1932
2616,571
2616,4218
2616,4553
2616,4583
2616,497
2616,5572
2616,839
2453,2453
2453,3320
2453,1630
2453,2466
2453,3883
2453,789
2453,1223
2453,3563
2453,1006
607,607
607,1201
607,4951
607,379
607,903
607,3872
607,389
607,1701
607,2585
607,3381
607,3814
607,2953
607,4342
607,1905
607,4355
607,2215
1566,742
1566,1566
1566,4881
1566,4644
1566,4027
1566,276
1566,1637
1566,4040
1566,1018
1566,3975
1566,447
1566,4753
1566,3213
1566,4954
1566,4061
1566,2607
1566,4518
1566,370
1793,1793
1793,3151
1793,142
1793,3679
1793,211
1793,3152
1793,1126
1793,3258
1793,3073
1793,4863
1793,4377
1793,1619
1793,1728
1793,81
4586,4586
4586,3715
4586,274
4586,3893
4586,1267
4586,2447
4586,1933
4586,37
5221,5221
5221,1848
5221,265
5221,130
5221,4809
5221,3605
5221,4205
5221,2019
5221,887
5221,363
5221,4090
5221,2246
5221,1275
5221,368
5221,3296
5221,2707
5221,2260
5221,2647
5221,2166
5221,3024
5221,2033
5221,4543
5221,3392
5221,2849
4161,4161
4161,1652
4161,5150
4161,2594
4161,2499
4161,2527
4161,206
4161,1628
4161,1094
4161,861
4161,2393
4161,2680
5424,1468
5424,2621
5424,366
5424,5424
5424,1572
5424,5627
5424,1153
5424,2775
5424,630
5424,3351
5424,4344
5424,5357
5424,732
5424,1976
5424,109
5424,4240
3099,1516
3099,3099
3099,1041
3099,3116
3099,3622
3099,820
3099,215
3099,4511
3099,3553
3099,5008
3099,4815
3099,4073
3099,3691
3099,1680
3099,4059
3099,1631
3099,1489
3099,3034
3099,2383
3099,2127
3099,5306
3099,3010
3099,349
3099,2724
3099,500
3099,2947
3099,2044
3099,5421
3099,2084
3099,3958
3099,1951
3099,5354
2931,2931
2931,2884
2931,3609
2931,135
2931,4734
2931,4173
2931,1574
2931,4449
2931,3326
2931,722
2931,1578
2931,3829
2931,3915
2931,2420
2931,4335
2931,815
2931,1425
2931,2541
1324,1718
1324,2554
1324,2773
1324,3931
1324,4803
1324,1324
1324,3226
1324,2335
1324,3660
1324,623
1324,3519
1324,561
1324,127
1324,2468
1324,5215
1324,3192
1324,747
1324,2351
1324,3204
1324,496
1324,3838
1324,3321
1324,4221
1324,3040
1324,4126
1324,2514
1324,156
5520,5520
5520,2096
5520,1704
5520,3592
5520,2346
5520,2153
5520,864
5520,4270
5520,3420
5520,876
5520,97
5520,688
5520,3079
5520,3918
5520,1071
1652,2408
1652,1995
1652,4161
1652,1652
1652,1273
1652,2499
1652,2527
1652,206
1652,3629
1652,2484
1652,861
1652,2393
1652,2680
591,5290
591,256
591,591
591,3992
591,899
591,3827
591,4226
591,3612
591,1646
591,1684
591,4382
591,2451
591,3723
591,3880
591,2240
591,3904
591,3191
591,13
591,1290
591,123
486,2025
486,4597
486,4151
486,2208
486,486
486,4083
486,1093
486,1865
486,1441
486,3508
486,4711
486,1965
486,1808
486,1668
486,4647
486,3739
486,1323
486,2302
486,3862
486,3823
2275,4949
2275,2275
2275,1157
2275,2354
2275,2567
2275,510
2275,3863
2275,4521
2275,3919
2275,851
2275,3673
2275,398
2275,1968
2275,3581
2275,1738
1694,1694
1694,4402
1694,2336
1694,2344
1694,4679
1694,3014
1694,1997
1694,1638
1694,3572
1694,5130
1694,4701
1694,4229
1694,2491
3168,3168
3168,2490
3168,75
3168,1579
3168,3718
3168,1632
3168,1545
3168,1159
3168,3315
3168,2105
3168,4497
5542,3127
5542,5542
5542,5369
5542,2613
5542,3755
5542,144
5542,2762
5542,5069
5542,4592
5542,4872
5542,1617
5542,2596
5542,2739
5542,148
5542,4522
5542,4401
5542,1991
5542,1222
5542,1854
5542,5559
5542,217
3832,2616
3832,3832
3832,5477
3832,2772
3832,721
3832,3802
3832,1932
3832,571
3832,2985
3832,1525
3832,4218
3832,4553
3832,5572
3832,839
2581,2581
2581,904
2581,4922
2581,4589
2581,2669
2581,5051
2581,3150
2581,4348
2581,1498
2581,4673
2581,4828
2581,3678
2581,5301
2581,219
112,907
112,2069
112,112
112,2115
112,518
112,3147
112,289
112,4834
112,5350
112,2916
112,1316
112,2065
112,2857
112,2976
112,4241
112,5257
112,3289
112,2642
112,1103
4412,436
4412,5208
4412,4412
4412,2244
4412,1974
4412,2230
4412,1669
4412,2194
4412,1287
4412,471
4412,2868
4412,1920
4412,1051
4412,3682
4412,5584
4412,1723
4412,360
4897,4897
4897,1882
4897,3417
4897,5209
4897,4840
4897,3860
4897,4075
4897,4758
1241,1241
1241,3698
1241,1583
1241,4438
1241,3917
1241,542
1241,3989
1241,1016
1241,3305
1241,5517
1241,1893
1241,4967
1241,674
1241,2874
1241,798
1241,2751
1241,1033
4053,3202
4053,5059
4053,4053
4053,2445
4053,5370
4053,4466
4053,729
4053,4645
4053,4034
4053,4163
4053,3625
4053,3361
4053,3267
2657,2657
2657,3277
2657,4368
2657,619
2657,2258
2657,140
2657,69
2657,2209
2657,3279
2657,5262
2657,193
2657,5538
2657,1707
2657,1077
2657,111
2657,3135
2618,3290
2618,2618
2618,2147
2618,3688
2618,4173
2618,4852
2618,3975
2618,613
2618,448
2618,718
2618,3618
2618,1430
2618,128
2618,1958
2618,2526
251,442
251,251
251,1117
251,2398
251,3948
251,4384
251,2555
251,260
251,680
251,99
251,2870
251,2587
251,920
251,2912
251,4444
251,867
251,1605
1201,607
1201,1201
1201,4951
1201,3592
1201,2346
1201,3872
1201,2153
1201,864
1201,1701
1201,5173
1201,876
1201,3381
1201,3814
1201,2495
1201,4342
1201,1705
1201,1905
1201,4355
1201,2215
4669,4251
4669,4669
4669,4735
4669,422
4669,4541
4669,2409
4669,4535
4669,5291
4669,3705
4669,2421
4682,256
4682,4857
4682,836
4682,4682
4682,2093
4682,899
4682,1575
4682,1834
4682,5633
4682,5243
4682,5087
4682,3318
4682,2844
4682,347
4682,2502
4682,158
4682,4187
4682,2240
4682,2066
4682,1943
4682,1329
4682,181
4682,4763
4682,2801
4682,451
4682,1732
3638,3638
3638,5211
3638,2079
3638,2435
3638,3436
3638,3628
3638,675
3638,5220
3638,1376
3638,4537
3638,1489
3638,3010
3638,3345
3638,4750
3638,2443
3638,3061
3638,4617
3638,2044
3638,4981
3638,5589
755,5592
755,129
755,2828
755,1197
755,4015
755,755
755,242
755,1004
755,4706
755,2722
755,2159
755,776
755,1292
755,5163
755,2170
755,4502
755,884
755,1398
231,231
231,130
231,1074
231,4467
231,3605
231,887
231,4090
231,3718
231,2081
231,703
231,5086
231,264
2497,2164
2497,5618
2497,2978
2497,5565
2497,877
2497,2497
2497,522
2497,2609
2497,4180
2497,3171
2497,5334
2497,1692
2497,1603
2497,748
2497,4957
2497,632
2497,2525
2497,5308
2497,3052
2497,1702
2497,1260
2497,3497
2497,4577
2497,4876
2497,1257
2497,4346
2497,2297
2497,2959
2497,5492
2497,894
2497,1873
2497,4776
2497,2373
2497,4383
2497,3272
2497,1804
2497,1032
2497,1714
2497,1403
2497,3291
2497,2858
2497,2700
2497,2309
2497,1089
2497,74
2497,3395
4896,1450
4896,4896
4896,2024
4896,1961
4896,757
4896,4691
4896,1575
4896,5617
4896,4990
4896,3388
4896,5134
4896,1785
4896,3786
4896,71
4896,4988
4896,2631
4896,5174
4896,1732
106,106
106,691
106,501
106,2901
106,3295
2904,3019
2904,1816
2904,2904
2904,28
2904,5319
2904,1269
2904,4233
2904,709
2904,2925
2904,1481
2904,5614
2904,1650
2904,1440
2904,924
2904,5489
2904,191
2904,828
2904,4326
2904,1747
2904,5317
2904,3710
2904,4365
2904,1960
2904,3281
2904,2223
2904,4657
2904,1916
2904,3907
2904,4666
2904,3839
5169,5169
5169,1464
5169,4775
5169,1956
5169,3768
5169,2872
5169,1577
5169,2376
5169,5109
5169,1490
5169,1196
5169,2944
5169,5494
5169,2029
5169,1216
5169,1107
5169,2437
5169,682
5169,5345
5169,1532
4318,385
4318,5621
4318,4318
4318,5643
4318,4525
4318,5557
4318,2750
4318,4097
4318,5551
4318,3737
4318,3144
4318,4939
4318,2977
4318,2869
4318,3708
4318,2349
4318,4491
4318,2622
4318,3401
4318,1941
4318,1413
4318,220
4318,3402
4318,336
4318,2941
4318,430
4318,5362
4318,1741
4318,3448
4318,2520
4318,1415
4318,2072
4318,2058
2251,2251
2251,3477
2251,3807
2251,3241
2251,2590
2251,3721
2251,5500
2251,4301
2251,1473
2251,4184
2251,5250
2251,710
2251,2387
2251,3431
2251,2331
3597,2208
3597,3597
3597,2378
3597,1441
3597,4711
3597,1965
3597,1946
3597,1070
3597,1526
3597,1687
3597,5226
3597,1363
3597,2881
3597,1065
2726,2726
2726,1928
2726,3005
2726,2431
2726,4544
2726,3322
2726,1124
2726,393
2726,1298
2726,5471
2726,2855
2726,1217
2726,3902
2726,2269
2726,334
2726,923
2726,830
2726,4893
2726,5387
2726,5182
2726,224
2726,4020
2726,2317
1862,1862
1862,2673
1862,1649
1862,3282
1862,1128
1862,565
1862,2209
1862,5136
1862,467
1862,1401
1862,4616
1862,2576
1862,2219
1862,5210
1862,5262
1862,86
1862,1755
1862,3135
3320,2453
3320,3320
3320,1630
3320,1609
3320,2466
3320,3883
3320,789
3320,660
3320,1223
3320,3563
3320,1006
3138,3138
3138,2080
3138,4513
3138,3142
3138,4900
3138,4799
3138,720
3138,2595
3138,1357
3138,4378
3138,4334
3138,5609
3138,4891
3138,1850
3138,2009
3138,5164
3138,2202
3138,3297
3138,257
3138,2840
3138,1829
4735,4251
4735,4669
4735,4735
4735,422
4735,4541
4735,2409
4735,4535
4735,2421
4735,4157
2784,2784
2784,5095
2784,4429
2784,579
2784,2053
2784,4665
2784,5189
2784,813
2784,2638
2784,2782
2784,1420
2784,2981
2784,1584
2784,1328
2784,1948
2784,2293
2784,1907
2784,461
2784,3012
2784,2429
5396,2062
5396,5396
5396,1273
5396,2906
5396,4176
5396,1094
5396,4182
5396,3961
5396,3256
5396,376
5396,2377
5396,861
5396,4428
5396,2903
4252,2534
4252,4252
4252,3690
4252,2318
4252,2781
4252,1202
4252,598
4252,1018
4252,5483
4252,1934
4252,4917
4252,931
4252,2196
4252,3925
4252,5031
4252,93
4252,2243
4252,4062
4252,4294
4252,684
4252,4820
4252,5181
4252,3009
4881,1566
4881,4881
4881,3609
4881,4027
4881,276
4881,34
4881,3975
4881,1578
4881,3829
4881,4954
4881,4061
4881,128
4881,4518
5540,1971
5540,5540
5540,452
5540,3294
5540,1826
5540,2804
5540,1255
5540,1771
5540,3601
5540,2723
5540,1064
5540,4456
5540,2932
5540,480
5540,3778
5540,4422
5540,1409
5540,1366
5540,581
5540,3850
5540,3166
1513,1513
1513,2458
1513,1237
1513,4672
1513,677
1513,4529
1513,1143
1513,2406
1513,4179
1513,4277
1513,5333
1513,4961
1513,4016
1513,5462
1513,841
1513,589
2024,4959
2024,1450
2024,4896
2024,2024
2024,1961
2024,757
2024,1346
2024,1575
2024,5270
2024,5617
2024,5263
2024,2361
2024,158
2024,3388
2024,4903
2024,4782
2024,1943
2024,1785
2024,1891
2024,71
2024,181
2024,4988
2024,3298
2024,2801
2024,451
2024,5141
2024,1732
3901,3901
3901,1405
3901,508
3901,636
3901,2837
3901,4681
3901,2833
3901,5626
3901,3482
3901,5560
3901,5566
3901,2859
3901,1955
3901,3391
3901,5165
3901,4008
177,3810
177,4119
177,177
177,5267
177,5532
177,590
1611,1611
1611,2370
1611,1031
1611,3123
1611,657
1611,355
1611,5446
1611,4360
1611,507
1611,1542
1611,3222
1204,2368
1204,1204
1204,5391
1204,709
1204,3510
1204,3018
1204,4714
1204,5219
1204,1927
1204,831
1204,924
1204,3897
1204,524
1204,865
1204,2027
35,35
35,3314
35,4321
35,5189
35,3498
35,1365
35,314
35,4765
35,1795
35,3259
35,2248
35,2415
35,1063
35,1328
35,1948
35,178
35,2663
35,3453
35,1055
35,611
35,2429
2602,2602
2602,3164
2602,676
2602,999
2602,3643
2602,4507
2602,1428
2602,2472
2602,5286
2602,3857
2602,1738
2602,2780
4951,607
4951,1201
4951,4951
4951,379
4951,3872
4951,389
4951,1701
4951,2585
4951,3381
4951,3814
4951,2953
4951,235
4951,4342
4951,5640
4951,1736
4951,4355
3474,4959
3474,3474
3474,5211
3474,4756
3474,5244
3474,3331
3474,1819
3474,1981
3474,5473
3474,2593
3474,113
3474,4361
3474,5263
3474,2922
3474,5441
3474,4903
3474,4782
3474,3154
3474,3345
3474,2377
3474,1026
3474,543
3474,1355
3474,4794
3474,3578
3474,3712
3474,5589
2075,2075
2075,4581
2075,1837
2075,633
2075,2090
2075,3235
2075,1085
2075,4364
4692,3389
4692,3480
4692,1816
4692,4300
4692,4692
4692,1551
4692,2960
4692,624
4692,28
4692,1754
4692,5319
4692,208
4692,1301
4692,4864
4692,4684
4692,1519
4692,1115
4692,5124
4692,1664
4692,2925
4692,4767
4692,3438
4692,2400
4692,2087
4692,2668
4692,1481
4692,5526
4692,169
4692,342
4692,5105
4692,1650
4692,1823
4692,2767
4692,1002
4692,1121
4692,1949
4692,273
4692,5489
4692,5570
4692,4533
4692,191
4692,125
4692,5312
4692,1411
4692,5571
4692,3050
4692,2146
4692,3783
4692,5318
4692,4279
4692,3281
4692,3136
4692,4567
4692,1791
4692,3632
4692,2756
68,68
68,597
68,1148
68,747
68,1424
68,4844
68,1244
68,87
25,25
25,92
25,5061
25,2052
25,3245
25,3096
25,131
25,2313
25,4493
25,5341
25,2169
25,969
25,2736
25,3330
25,995
25,5447
25,5417
25,1742
3952,1950
3952,3952
3952,3023
3952,2972
3952,1097
3952,4795
3952,3371
3952,30
3952,3021
3952,3800
3952,2892
3952,1095
3952,4849
3952,1983
3952,2103
3952,870
3952,1248
3921,2179
3921,3921
3921,4269
3921,4025
3921,3478
3921,631
3921,3984
3921,226
3921,812
3921,4434
3921,1286
3921,4206
3921,3776
3921,1079
3921,517
3921,3031
3921,3875
3921,1421
3921,3910
2988,1520
2988,2988
2988,3015
2988,4046
2988,3504
2988,570
2988,4564
2988,5495
2988,4096
2988,548
2988,4600
2988,3131
2988,3076
2988,1510
2988,1843
2988,1525
2988,509
2988,2560
2988,5463
2988,3577
2988,1729
2988,4464
2988,694
2988,1431
2988,4127
2988,5297
2988,2540
2988,786
2988,3373
2988,11
2988,1660
2988,2332
2988,5068
2988,3741
1231,132
1231,1516
1231,1231
1231,2757
1231,3553
1231,4404
1231,1376
1231,2359
1231,1631
1231,531
1231,3107
1231,3010
1231,4390
1231,349
1231,885
1231,2443
1231,2044
1231,2084
1231,3958
1961,4959
1961,4896
1961,2024
1961,1961
1961,757
1961,1346
1961,1575
1961,1819
1961,5270
1961,5617
1961,5263
1961,2361
1961,2922
1961,158
1961,4903
1961,4782
1961,1943
1961,1891
1961,181
1961,4988
1961,3298
1961,2801
1961,451
1961,4794
1961,5141
1961,3578
1961,1732
3376,1280
3376,3270
3376,2939
3376,3376
3376,165
3376,4853
3376,4018
3376,5374
3376,2954
3376,4136
3376,4985
3376,444
3376,3753
3376,4712
3376,1317
3376,5327
3376,3887
3996,3996
3996,2097
3996,4874
3996,3396
3996,5464
3996,5005
3996,3620
3996,298
3996,2241
3996,2017
3996,1626
3996,707
3996,3950
3996,5427
3996,5484
3996,772
3996,1160
3996,3730
3996,3146
3996,2026
3996,2635
1551,3389
1551,3480
1551,1816
1551,4300
1551,4692
1551,1551
1551,2960
1551,624
1551,28
1551,1754
1551,5319
1551,208
1551,1301
1551,4233
1551,4864
1551,4684
1551,1519
1551,3510
1551,1115
1551,5124
1551,1664
1551,2925
1551,4767
1551,3438
1551,2400
1551,2087
1551,2668
1551,1481
1551,5526
1551,169
1551,342
1551,5105
1551,1650
1551,1823
1551,2767
1551,1002
1551,1121
1551,1949
1551,273
1551,5489
1551,5570
1551,4533
1551,191
1551,125
1551,5312
1551,1411
1551,5571
1551,3050
1551,2146
1551,3783
1551,5318
1551,4279
1551,1960
1551,3281
1551,3136
1551,4567
1551,1791
1551,3632
1551,2756
2099,1280
2099,2939
2099,2099
2099,888
2099,5374
2099,3316
2099,4372
2099,1291
2099,444
2099,1434
2099,4178
2099,1167
2099,4712
2099,3427
2099,5261
2099,991
2099,5327
2099,474
2099,5106
2099,575
2099,3979
1041,1516
1041,3099
1041,1041
1041,3116
1041,3622
1041,820
1041,4511
1041,4815
1041,5220
1041,4073
1041,3691
1041,1680
1041,1631
1041,1489
1041,3034
1041,2127
1041,5306
1041,3010
1041,349
1041,2724
1041,500
1041,1343
1041,2044
1041,5421
1041,2084
1041,3958
1041,1951
1041,1809
3591,3484
3591,3591
3591,2080
3591,3142
3591,4900
3591,2230
3591,720
3591,4378
3591,1287
3591,4139
3591,4649
3591,5609
3591,471
3591,1920
3591,1863
3591,2838
3591,4891
3591,3682
3591,5596
3591,2009
3591,360
3591,2840
3591,1439
2244,5208
2244,4412
2244,2244
2244,1974
2244,2455
2244,2230
2244,1669
2244,2194
2244,1287
2244,471
2244,2868
2244,4092
2244,1920
2244,1051
2244,5101
2244,103
2244,5584
2244,2601
2244,1723
2244,360
2238,1449
2238,2238
2238,104
2238,2118
2238,1432
2238,4317
2238,912
2238,605
2238,1141
2238,1748
2139,1715
2139,1467
2139,2139
2139,2524
2139,4454
2139,2702
2139,3273
2139,5549
2139,3152
2139,3073
2139,2007
2139,2734
2139,4911
2139,4237
2139,91
2139,43
2139,1657
2139,1856
5454,5454
5454,5394
5454,886
5454,5145
5454,2091
5454,1444
5454,5248
5454,2592
5454,5242
5454,5371
5454,7
5454,445
5454,1321
5454,620
2760,4624
2760,856
2760,2760
2760,2920
2760,2716
2760,4357
2760,1966
2760,5271
2760,5311
2760,493
2760,1098
2760,357
2760,1810
2760,3042
3110,3110
3110,4408
3110,453
3110,3185
3110,409
3110,949
3110,1050
3110,1716
3110,2538
3110,834
3110,2143
3110,5337
3110,2205
3110,916
3110,272
3110,1504
3110,1060
3110,236
3110,2341
4847,4847
4847,2768
4847,835
4847,2871
4847,282
4847,4080
1405,3313
1405,3513
1405,2677
1405,3901
1405,1405
1405,3756
1405,1179
1405,2686
1405,636
1405,2837
1405,4681
1405,2833
1405,5626
1405,3482
1405,5566
1405,4350
1405,1890
1405,646
1405,5165
1405,4381
1405,4008
2586,456
2586,3100
2586,2586
2586,1988
2586,2664
2586,470
2586,5557
2586,2747
2586,1739
2586,2843
2586,2990
2586,4097
2586,2683
2586,5551
2586,3244
2586,3250
2586,2270
2586,3737
2586,1477
2586,4302
2586,2165
2586,348
2586,2662
2586,5629
2586,4910
2586,4373
2586,3401
2586,295
2586,697
2586,1413
2586,3637
2586,1036
2586,932
2586,5043
2586,4133
2586,5056
2586,1014
2586,2199
2586,618
2586,4130
2586,5315
2586,3448
2586,621
2586,4627
2586,1576
2821,2049
2821,2821
2821,144
2821,5069
2821,4265
2821,1734
2821,3396
2821,2739
2821,5010
2821,5073
2821,3950
2821,5427
2821,1957
2821,772
2821,1854
2821,4010
2821,3146
2821,2635
104,356
104,2238
104,104
104,2118
104,5213
104,2684
104,3236
104,4317
104,2214
104,912
104,1
104,2374
104,1748
3422,795
3422,107
3422,3422
3422,1139
3422,382
3422,4641
3422,3496
3422,1830
3422,1455
3422,3325
3422,2886
3422,184
3422,5511
3422,1250
3422,4884
3422,2292
5488,5553
5488,3955
5488,5488
5488,3715
5488,3893
5488,600
5488,1267
5488,5365
5488,2628
5488,1251
5488,3886
5488,5154
5488,527
5488,4369
242,5592
242,129
242,2828
242,1197
242,4015
242,755
242,242
242,4706
242,2722
242,187
242,3613
242,2159
242,776
242,5091
242,4698
242,57
242,1292
242,4695
242,2817
242,5163
242,2170
242,3229
242,3347
4827,5413
4827,4827
4827,852
4827,5037
4827,4293
4827,3129
4827,1653
4827,526
4827,4356
4827,223
4827,2614
4827,4664
4827,73
4827,4768
4827,4069
4827,1871
4827,2200
4827,2047
4827,1238
4827,3365
4827,2665
4827,1592
4827,868
4827,5409
4827,1188
4827,3360
2688,3190
2688,2688
2688,5302
2688,4799
2688,358
2688,1357
2688,4719
2688,2418
2688,3951
2688,1554
2688,1120
2688,5550
2688,2272
2688,4191
2688,5164
2688,4974
2688,257
2378,2025
2378,2208
2378,3597
2378,2378
2378,1441
2378,4711
2378,1965
2378,1946
2378,1070
2378,1526
2378,1323
2378,1687
2378,5226
2378,1363
2378,2302
2378,1065
3023,1170
3023,3952
3023,3023
3023,1828
3023,3371
3023,5035
3023,4272
3023,30
3023,1838
3023,4725
3023,1053
3023,3132
3023,4273
3023,2892
3023,1140
3023,1095
3023,1616
3023,4642
3023,1983
3023,870
4402,1694
4402,4402
4402,5368
4402,4679
4402,1099
4402,5458
4402,3572
4402,5574
4402,3365
4402,1299
4402,4701
4402,4229
4402,2491
3546,5553
3546,3955
3546,3833
3546,3546
3546,3526
3546,1267
3546,3451
3546,982
3546,2628
3546,4516
3546,2475
3546,3728
3546,1507
3546,4971
3546,606
1199,2831
1199,1753
1199,1199
1199,1522
1199,3216
1199,3198
1199,3308
1199,248
1199,4646
1199,5293
1199,2998
1199,2652
1199,3404
1199,4822
2461,2461
2461,3029
2461,2220
2461,22
2461,3225
2461,4212
2006,3100
2006,2006
2006,827
2006,532
2006,4492
2006,3586
2006,577
2006,1739
2006,5399
2006,2843
2006,2291
2006,2990
2006,3250
2006,2031
2006,1509
2006,4554
2006,2165
2006,5515
2006,932
2006,5043
2006,4133
2006,5056
2006,2404
2006,3702
2006,2896
2006,1277
2006,5299
2115,2069
2115,112
2115,2115
2115,658
2115,2034
2115,3610
2115,5366
2115,714
2115,3868
2115,289
2115,4427
2115,5067
2115,5350
2115,83
2115,2976
2115,2623
2115,3598
2115,5630
2115,4393
4804,4363
4804,4804
4804,2336
4804,2344
4804,3642
4804,2669
4804,5184
4804,4414
4804,372
4804,3014
4804,1638
4804,5301
1297,374
1297,1297
1297,3257
1297,4035
1297,5281
1297,3164
1297,427
1297,2229
1297,753
1297,5450
1297,2603
1297,1622
1297,4978
1297,5127
1297,1194
1297,2301
1297,5355
1297,2472
1297,4472
1297,5595
1297,3475
1297,4214
1297,3857
1297,5166
1297,2780
2960,3389
2960,3480
2960,3019
2960,1816
2960,4285
2960,4692
2960,1551
2960,2960
2960,28
2960,1754
2960,2076
2960,1301
2960,4864
2960,4684
2960,3510
2960,1115
2960,5259
2960,5124
2960,1664
2960,5631
2960,4767
2960,3438
2960,2400
2960,1998
2960,2087
2960,4638
2960,2668
2960,169
2960,1013
2960,1547
2960,342
2960,1720
2960,3385
2960,3184
2960,5105
2960,1650
2960,1823
2960,458
2960,2767
2960,1002
2960,1949
2960,273
2960,5498
2960,5489
2960,5570
2960,2693
2960,321
2960,319
2960,125
2960,3665
2960,5312
2960,5571
2960,3050
2960,2146
2960,5318
2960,4279
2960,3281
2960,3136
2960,4567
2960,1791
2960,2792
2960,3632
2960,2756
1035,2961
1035,1035
1035,5422
1035,3687
1035,1833
1035,3092
1035,2304
1035,1037
1035,2753
1035,785
1035,3057
1035,4915
1035,3806
1035,4796
1035,717
1035,3074
1035,956
1035,3367
1035,440
1035,5455
1035,3697
1035,4515
1035,1818
1035,4160
1035,2995
116,116
116,1703
116,3097
116,267
116,864
116,5173
116,536
116,97
116,688
116,2495
116,2584
1075,4963
1075,3957
1075,4289
1075,1075
1075,2096
1075,5198
1075,1704
1075,2085
1075,1719
1075,3681
1075,3550
1075,3332
1075,4065
1075,3420
1075,3626
1075,1195
1075,4718
1075,847
1075,333
1075,4984
1075,4417
1075,3399
2490,3168
2490,2490
2490,601
2490,1579
2490,3718
2490,1632
2490,1545
2490,3315
2490,2105
2490,4497
2490,2829
2080,4576
2080,3138
2080,3591
2080,2080
2080,3142
2080,4900
2080,4799
2080,720
2080,2595
2080,1357
2080,3338
2080,4378
2080,4649
2080,5609
2080,1863
2080,2838
2080,4891
2080,1850
2080,5596
2080,2009
2080,5164
2080,4749
2080,2202
2080,257
2080,2840
2080,1829
1212,1294
1212,3454
1212,1212
1212,1986
1212,2239
1212,2530
1212,2464
1212,1142
1212,4203
1212,2131
1212,3964
1212,5224
1212,2092
1212,1220
1212,2281
1212,2206
1212,2104
1212,4739
1212,4923
1212,1886
1212,281
70,2179
70,70
70,3690
70,598
70,2980
70,5372
70,1934
70,3993
70,2196
70,1749
70,4294
70,628
70,4434
70,1286
70,4206
70,3009
70,1079
70,4175
70,261
70,4439
70,3910
5490,5490
5490,4944
5490,4610
5490,2264
5490,3547
5490,3199
5490,3227
5490,2745
5490,4192
5490,2078
5490,855
5490,3122
5490,2910
4433,5290
4433,1511
4433,4433
4433,3923
4433,5523
4433,2671
4433,2806
4433,2940
4433,4098
4433,5230
4433,1517
4433,3827
4433,4226
4433,5243
4433,5473
4433,3318
4433,727
4433,113
4433,2568
4433,2844
4433,1318
4433,347
4433,4217
4433,1134
4433,2502
4433,3159
4433,5304
4433,1329
4433,181
4433,3340
4433,2732
4433,3080
4433,3450
4433,451
4433,5141
4433,2457
4433,2460
263,263
263,1464
263,228
263,1956
263,3748
263,3247
263,2872
263,2376
263,882
263,2176
263,1333
263,2610
263,3575
263,5109
263,701
263,290
263,738
263,1216
263,2261
263,5400
263,5345
263,1532
263,4172
5477,2616
5477,3832
5477,5477
5477,2772
5477,721
5477,1932
5477,571
5477,2985
5477,1908
5477,4218
5477,4553
5477,4583
5477,497
5477,839
3987,3987
3987,3573
3987,1722
3987,4269
3987,1625
3987,773
3987,5372
3987,1934
3987,3993
3987,3984
3987,1749
3987,279
3987,2126
3987,812
3987,5128
3987,628
3987,4434
3987,1286
3987,1234
3987,4206
3987,1483
3987,3009
3987,1079
3987,5144
3987,3031
3987,1421
3987,3910
3923,5290
3923,4857
3923,836
3923,1511
3923,4433
3923,3923
3923,2671
3923,2806
3923,2093
3923,4098
3923,1517
3923,1346
3923,1575
3923,3827
3923,4226
3923,5243
3923,1981
3923,3318
3923,113
3923,4361
3923,2568
3923,5263
3923,2844
3923,347
3923,2922
3923,1134
3923,2502
3923,3159
3923,5304
3923,158
3923,4782
3923,1943
3923,1329
3923,181
3923,3340
3923,2732
3923,3080
3923,2801
3923,3450
3923,451
3923,4794
3923,5141
3923,2457
3923,2460
3923,3578
1986,1294
1986,3454
1986,1212
1986,1986
1986,5061
1986,4925
1986,1084
1986,1142
1986,4203
1986,5224
1986,4493
1986,2895
1986,2092
1986,3170
1986,1220
1986,1378
1986,2281
1986,969
1986,2463
1986,2481
1986,4923
1986,1027
1986,1918
5368,4402
5368,5368
5368,4679
5368,2768
5368,1099
5368,5458
5368,2871
5368,282
5368,5574
5368,1299
5368,4701
5368,4229
5368,3636
624,4692
624,1551
624,624
624,5319
624,1269
624,5124
624,2925
624,5568
624,4850
624,1481
624,5526
624,169
624,5379
624,1823
624,928
624,5310
624,1002
624,1121
624,5489
624,1588
624,191
624,2672
624,5149
624,4326
624,1744
624,1411
624,5317
624,1960
624,3281
624,3873
624,2756
5364,5364
5364,173
5364,4437
5364,3335
5364,1844
5364,2131
5364,5564
5364,4396
5364,5079
5364,4101
5364,4936
5364,2206
5364,4443
5364,4208
5364,2104
5364,4739
5364,2407
5364,4112
5364,1886
5364,365
5364,281
2216,3041
2216,1753
2216,2216
2216,1025
2216,4500
2216,1380
2216,1334
2216,5040
2216,5360
2216,2536
2216,3551
2216,1911
2216,2856
2216,377
2216,2834
2216,2450
2216,4868
2216,5055
2216,1661
2216,5185
2216,3053
2799,3084
2799,2799
2799,1988
2799,2664
2799,5332
2799,3586
2799,577
2799,2747
2799,2683
2799,2031
2799,4889
2799,1479
2799,2662
2799,5629
2799,4373
2799,538
2799,5043
2799,5056
2799,1277
2799,89
172,172
172,1607
172,4513
172,4485
172,563
172,4379
172,4349
172,5423
172,1686
172,2357
172,353
172,4353
172,5594
172,1634
172,5414
172,450
172,4191
172,3297
172,937
5147,5406
5147,3732
5147,5147
5147,1848
5147,4809
5147,1486
5147,1275
5147,4713
5147,368
5147,2707
5147,5510
5147,3524
5147,2033
5147,1177
5147,4543
5147,545
5147,3274
3022,1677
3022,4423
3022,4021
3022,3022
3022,3870
3022,2721
3022,4435
3022,4641
3022,4809
3022,1486
3022,1275
3022,4366
3022,980
3022,368
3022,2707
3022,5435
3022,3669
3022,5510
3022,2287
3022,3761
3022,2647
3022,2166
3022,2033
3022,2312
3022,184
3022,1435
3022,1250
3022,4791
3022,2849
3022,4888
3022,545
796,626
796,796
796,3015
796,2979
796,373
796,1688
796,3538
796,2055
796,2363
796,3754
796,475
796,1021
796,1384
796,1232
796,1161
796,4877
796,1565
796,1655
796,1681
796,2195
796,194
796,1322
796,4571
2757,132
2757,1231
2757,2757
2757,1273
2757,4176
2757,4404
2757,1376
2757,3961
2757,3107
2757,4981
4517,2120
4517,3433
4517,806
4517,4517
4517,249
4517,1899
4517,5198
4517,1704
4517,5385
4517,1880
4517,3332
4517,4270
4517,1448
4517,4029
4517,2290
4517,4325
4517,1847
4517,3459
4517,5597
4517,1623
4517,2629
4517,847
4517,4749
4517,3399
4517,1439
2972,1950
2972,3952
2972,2972
2972,1097
2972,4795
2972,3021
2972,3800
2972,66
2972,2892
2972,1095
2972,4849
2972,1983
2972,870
2972,1248
452,1971
452,5540
452,452
452,1679
452,3294
452,4476
452,1452
452,1826
452,2804
452,4536
452,1255
452,771
452,5216
452,3790
452,3441
452,2822
452,56
452,4137
452,3778
452,79
452,5475
452,4531
452,1539
452,3148
2524,2139
2524,2524
2524,2125
2524,3193
2524,4454
2524,2702
2524,154
2524,188
2524,142
2524,3273
2524,4144
2524,5300
2524,3152
2524,2899
2524,3073
2524,2007
2524,3469
2524,4377
2524,91
2524,2440
2524,3731
2524,2417
597,68
597,597
597,222
597,819
597,747
597,2276
597,2735
597,3321
597,4094
597,1244
597,87
3690,4252
3690,70
3690,3690
3690,1722
3690,598
3690,2980
3690,5372
3690,1934
3690,3993
3690,2196
3690,3925
3690,1749
3690,2126
3690,93
3690,2243
3690,4294
3690,628
3690,684
3690,4820
3690,5181
3690,3009
3690,1079
3690,4175
3690,261
396,396
396,2268
396,4663
396,2590
396,5183
396,1394
396,2823
396,4316
396,3842
396,5500
396,4989
396,4623
396,4181
396,2851
3180,4741
3180,2854
3180,3180
3180,2884
3180,166
3180,3532
3180,4734
3180,4173
3180,3780
3180,4856
3180,3915
3180,3618
3180,2328
3180,253
3180,2420
3180,1408
3180,4332
2480,2480
2480,1512
2480,4759
2480,2706
2480,3415
2480,3693
2480,5386
2480,4926
2480,2232
2480,4451
2480,4634
2480,1914
2480,4503
2480,1712
2112,374
2112,2112
2112,2375
2112,3257
2112,4494
2112,4674
2112,4035
2112,5281
2112,1101
2112,2603
2112,5127
2112,1194
2112,102
2112,2301
2112,3378
2112,3118
2112,4472
2112,4723
3015,2988
3015,796
3015,3015
3015,2979
3015,593
3015,4046
3015,1688
3015,5495
3015,2055
3015,2363
3015,3131
3015,2410
3015,3076
3015,5463
3015,1384
3015,1232
3015,1565
3015,3784
3015,1729
3015,4464
3015,694
3015,4127
3015,2540
3015,3373
5115,5611
5115,5115
5115,4267
5115,1213
5115,2462
5115,32
5115,2186
5115,326
5115,5023
5115,4360
5115,683
5115,5383
5115,304
5115,2379
2370,1611
2370,2370
2370,345
2370,1031
2370,3123
2370,355
2370,5446
2370,507
2370,1542
2370,1929
2479,2479
2479,2354
2479,3991
2479,676
2479,999
2479,510
2479,3863
2479,1214
2479,695
2479,4507
2479,2329
2479,2382
2479,1774
2479,4201
2479,398
2479,1968
3116,3099
3116,1041
3116,3116
3116,3622
3116,820
3116,4511
3116,426
3116,4815
3116,4073
3116,1680
3116,3034
3116,2127
3116,5306
3116,349
3116,2724
3116,1343
3116,5421
3116,1951
3116,1809
637,511
637,442
637,637
637,1117
637,2519
637,216
637,3948
637,2140
637,246
637,3220
637,99
637,715
637,2570
637,2043
637,4668
637,4450
637,4789
637,4832
637,4444
2676,5277
2676,1342
2676,2676
2676,2738
2676,2416
2676,4672
2676,3812
2676,2993
2676,1846
2676,1678
2676,4074
2676,2966
2676,4248
2676,711
2676,3393
2676,2619
2676,4546
2676,2406
2676,3727
2676,3098
2676,1773
2676,1746
2676,1787
2676,204
2676,4447
2676,2280
2676,3685
2676,4309
2676,1737
2676,1586
2676,1924
518,907
518,112
518,518
518,1693
518,4834
518,1198
518,4436
518,2916
518,3545
518,2968
518,3301
518,1316
518,1496
518,2065
518,4241
518,4584
518,5257
518,2397
518,5381
518,3155
518,3289
518,2642
518,1103
518,705
5422,5014
5422,2961
5422,1035
5422,5422
5422,4159
5422,3687
5422,1833
5422,3092
5422,2304
5422,1037
5422,915
5422,2180
5422,3487
5422,4915
5422,4823
5422,3806
5422,36
5422,2921
5422,717
5422,3074
5422,956
5422,2879
5422,3367
5422,440
5422,5455
5422,905
5422,4515
5422,2295
5422,1387
5422,2995
5422,4125
3196,361
3196,3196
3196,4159
3196,2337
3196,2740
3196,1597
3196,36
2884,4741
2884,2931
2884,3180
2884,2884
2884,3688
2884,3609
2884,135
2884,4734
2884,4173
2884,448
2884,3326
2884,3915
2884,3618
2884,128
2884,2420
2884,815
2884,1408
2884,4332
5369,5415
5369,5542
5369,5369
5369,3755
5369,144
5369,2762
5369,1081
5369,4592
5369,4872
5369,2739
5369,3932
5369,4522
5369,4401
5369,5073
5369,1315
5369,1991
5369,1222
5369,2559
5369,1854
5369,5340
5369,5559
5369,2546
5369,217
874,874
874,4482
874,4293
874,4980
874,4664
874,2449
874,4924
874,4069
874,5442
874,2047
874,1056
874,1238
874,1534
874,1327
874,868
874,2305
874,3785
2885,2885
2885,3452
2885,1860
2885,3219
2885,660
2885,67
2885,3934
2885,4873
2885,770
2885,1019
2885,2513
2885,2094
2885,3387
2885,418
2885,212
2885,1906
2885,5307
92,25
92,92
92,2052
92,3245
92,82
92,131
92,4493
92,5341
92,4376
92,2169
92,969
92,2736
92,5447
92,2802
92,1699
92,1742
2318,2534
2318,4252
2318,2318
2318,2781
2318,1202
2318,1523
2318,4040
2318,1018
2318,5483
2318,4551
2318,4917
2318,93
2318,1155
2318,4062
2318,4820
2318,4093
2318,4540
2318,2847
522,2164
522,5618
522,2978
522,877
522,339
522,2497
522,522
522,4180
522,3171
522,4234
522,5334
522,1692
522,748
522,4957
522,632
522,2525
522,5308
522,3052
522,243
522,1386
522,1260
522,4577
522,4876
522,4346
522,2297
522,2959
522,5492
522,894
522,1873
522,4776
522,2373
522,4383
522,3272
522,1804
522,1032
522,3291
522,2700
522,1089
522,74
658,2069
658,2115
658,658
658,2034
658,3610
658,714
658,289
658,4427
658,5067
658,2384
658,2976
658,2623
658,1621
485,2563
485,485
485,2745
485,4195
485,2078
485,3122
485,2975
634,4597
634,4151
634,634
634,2907
634,3508
634,1010
634,760
634,4311
634,1323
634,3044
634,1887
634,2089
634,2302
634,3862
634,4636
1607,172
1607,1607
1607,1093
1607,4485
1607,1808
1607,563
1607,4379
1607,4349
1607,5423
1607,2357
1607,353
1607,4353
1607,5594
1607,1634
1607,5414
1607,450
1607,937
4513,3138
4513,172
4513,4513
4513,4900
4513,1357
4513,563
4513,4349
4513,4334
4513,1686
4513,2357
4513,353
4513,4353
4513,5414
4513,4191
4513,5164
4513,2202
4513,3297
4513,257
4513,1829
4513,937
2673,1862
2673,2673
2673,619
2673,2258
2673,3282
2673,565
2673,2209
2673,467
2673,1401
2673,2576
2673,2219
2673,5262
2673,193
2673,4481
2673,4975
2673,3135
3698,3432
3698,1241
3698,3698
3698,897
3698,1583
3698,4438
3698,542
3698,5497
3698,3305
3698,1193
3698,1893
3698,4967
3698,674
3698,2643
3698,1264
3698,2874
3698,947
3698,3558
3698,1874
3698,983
3698,1697
888,1280
888,2939
888,2099
888,888
888,3316
888,813
888,2574
888,2192
888,2981
888,444
888,1434
888,4178
888,1167
888,2293
888,4712
888,5261
888,991
888,4540
888,474
888,5106
5523,4433
5523,5523
5523,2671
5523,2940
5523,4098
5523,2218
5523,5473
5523,727
5523,478
5523,113
5523,2568
5523,1318
5523,4217
5523,1134
5523,2045
5523,3159
5523,5304
5523,3602
5523,2457
5523,2460
5523,4066
5523,4826
5523,3712
5061,3286
5061,25
5061,1986
5061,5061
5061,4925
5061,431
5061,4973
5061,833
5061,4493
5061,5341
5061,2895
5061,2092
5061,1378
5061,969
5061,2463
5061,269
5061,3330
5061,5344
5061,995
5061,1027
5061,1543
5061,1742
5061,1918
2239,1294
2239,3454
2239,1212
2239,2239
2239,2464
2239,4437
2239,1142
2239,4203
2239,2131
2239,3964
2239,5224
2239,4396
2239,1220
2239,2281
2239,2206
2239,4443
2239,2104
2239,4739
2239,4923
2239,4112
2239,1886
2239,281
249,2120
249,3433
249,806
249,4517
249,249
249,2096
249,1899
249,5198
249,1704
249,5385
249,1880
249,3332
249,4270
249,1448
249,4029
249,4325
249,1847
249,4718
249,5597
249,1623
249,2629
249,847
249,333
249,4749
249,3399
1512,2480
1512,1512
1512,4759
1512,2706
1512,2951
1512,5386
1512,4926
1512,2232
1512,3769
1512,4634
1512,1914
1512,4503
1512,4257
1512,1712
5015,5015
5015,2807
5015,4189
5015,3612
5015,4132
5015,391
5015,3596
5015,2289
5015,3880
5015,2160
5015,1786
5015,1382
5015,809
5015,2797
5015,1290
5394,5454
5394,5394
5394,886
5394,2091
5394,1444
5394,5248
5394,5242
5394,1261
5394,5371
5394,7
5394,445
5394,1321
5394,620
2147,3290
2147,2618
2147,2147
2147,2508
2147,200
2147,5497
2147,2744
2147,613
2147,718
2147,1233
2147,369
2147,3158
2147,1430
2147,2626
2147,1958
2147,3772
2147,3455
2147,4855
2147,724
2147,1285
2147,2526
4220,2368
4220,5272
4220,4220
4220,3234
4220,3548
4220,709
4220,4441
4220,5614
4220,4224
4220,218
4220,759
4220,1440
4220,831
4220,924
4220,2284
4220,3897
4220,1747
4220,3710
4220,2223
4220,4657
4220,4409
1190,1190
1190,900
1190,4734
1190,4856
1190,4685
1190,2193
1190,3400
1190,629
1190,2328
1190,2420
1190,4335
1190,815
1190,5546
1190,4332
934,4945
934,910
934,934
934,4797
934,5316
934,39
934,3534
934,1963
934,4440
934,768
934,2569
934,2493
934,1563
934,1003
934,110
934,1506
934,552
934,3750
852,5413
852,4827
852,852
852,1653
852,526
852,5458
852,4774
852,1997
852,1871
852,2200
852,3365
852,1299
852,4701
852,1592
3843,3843
3843,843
3843,437
3843,1052
3843,4188
3843,3057
3843,859
3843,3000
3843,4796
3843,3697
3843,3489
3843,2577
3843,2187
3843,268
3843,4017
5391,3019
5391,1816
5391,1204
5391,5391
5391,28
5391,4233
5391,709
5391,3510
5391,3018
5391,5259
5391,4638
5391,4714
5391,1013
5391,5219
5391,1927
5391,5105
5391,5570
5391,3897
5391,319
5391,524
5391,2146
5391,5318
5391,4365
5391,2792
5391,865
5391,2027
1989,1989
1989,5013
1989,1447
1989,1487
1989,2159
1989,2181
1989,840
1989,4312
1989,4286
1989,3311
1989,568
5186,1612
5186,1500
5186,2350
5186,3518
5186,4803
5186,5186
5186,5575
5186,617
5186,4064
5186,1361
5186,918
5186,4590
5186,2913
5186,4308
5186,4918
5186,1353
5186,5583
5186,127
5186,1453
5186,5392
5186,4613
5186,3067
5186,1442
5186,4651
5186,638
5186,2486
5186,4411
5186,588
5186,492
5186,4421
5186,496
5186,3838
5186,3349
5186,3447
5186,666
5186,1939
5186,3801
5186,4588
5186,4221
5186,4245
5186,2367
5186,1172
5186,1258
5186,4986
5186,1745
5186,156
2964,3599
2964,5014
2964,2964
2964,731
2964,1796
2964,941
2964,5080
2964,1476
2964,504
2964,2283
2964,5202
2964,1387
2964,744
2964,3589
2964,5197
2964,4125
2964,1407
2964,4976
2738,5277
2738,1342
2738,2676
2738,2738
2738,2416
2738,2458
2738,1237
2738,4672
2738,4207
2738,2993
2738,1846
2738,1266
2738,1678
2738,4074
2738,5593
2738,2966
2738,4248
2738,711
2738,3393
2738,2619
2738,4546
2738,2406
2738,3727
2738,145
2738,1746
2738,1787
2738,204
2738,2280
2738,3685
2738,1737
2738,1586
2738,589
2738,1924
2416,5277
2416,668
2416,2846
2416,2676
2416,2738
2416,2416
2416,2458
2416,4672
2416,3812
2416,3905
2416,2993
2416,1846
2416,1678
2416,4074
2416,2966
2416,4248
2416,711
2416,3393
2416,1337
2416,2406
2416,3954
2416,3727
2416,3098
2416,1773
2416,1746
2416,1787
2416,204
2416,4447
2416,3182
2416,1737
2416,4067
2416,1586
2416,1924
2416,1000
3688,2618
3688,2884
3688,3688
3688,3609
3688,135
3688,4173
3688,4852
3688,448
3688,718
3688,3915
3688,3618
3688,1430
3688,128
5448,65
5448,5448
5448,4042
5448,4483
5448,2819
5448,3451
5448,5604
5448,3729
5448,2650
5448,1764
5448,136
5448,4971
5448,5321
2613,3127
2613,5542
2613,2613
2613,3755
2613,4872
2613,1617
2613,2596
2613,148
2613,4522
2613,1991
2613,5559
1482,3488
1482,2748
1482,1482
1482,2762
1482,3956
1482,4592
1482,1164
1482,4204
1482,5041
1482,4904
1482,4401
1482,862
1482,1222
1482,2559
1482,1985
1482,5555
1482,134
1482,2546
1482,944
2530,1294
2530,3454
2530,1212
2530,2530
2530,4925
2530,431
2530,4203
2530,833
2530,2092
2530,3892
2530,2281
2530,1918
5095,1136
5095,2784
5095,5095
5095,4429
5095,579
5095,2053
5095,5189
5095,1365
5095,2638
5095,1795
5095,2744
5095,613
5095,2782
5095,1420
5095,1233
5095,369
5095,1328
5095,1948
5095,1907
5095,2626
5095,1958
5095,3453
5095,1055
5095,724
5095,2429
2609,2164
2609,5535
2609,3500
2609,5618
2609,247
2609,2978
2609,5565
2609,877
2609,2497
2609,2609
2609,891
2609,3171
2609,2391
2609,1692
2609,308
2609,1603
2609,121
2609,4707
2609,2525
2609,3052
2609,1702
2609,1260
2609,2470
2609,1262
2609,4550
2609,3497
2609,4876
2609,1257
2609,4346
2609,1666
2609,2708
2609,2297
2609,2959
2609,2763
2609,3145
2609,5227
2609,1873
2609,4776
2609,2373
2609,4383
2609,3272
2609,1804
2609,1403
2609,3291
2609,2858
2609,2700
2609,2309
2609,1089
2609,3395
1130,4363
1130,1130
1130,3642
1130,1562
1130,5524
1130,4038
1130,5371
1130,4770
1130,1239
1130,4938
1130,4006
4498,4498
4498,406
4498,1485
4498,4392
4498,487
4498,4905
1151,1151
1151,4455
1151,4425
1151,350
1151,929
1151,2038
1151,4534
1151,3363
1151,5554
1151,790
1151,3888
1151,2109
1151,4743
1151,66
1151,2892
1151,5323
1151,1305
1151,1281
1151,547
1151,4818
1151,1364
1151,5436
4455,1170
4455,1151
4455,4455
4455,4425
4455,350
4455,1828
4455,5289
4455,3944
4455,3363
4455,5554
4455,4272
4455,790
4455,3888
4455,4055
4455,5499
4455,3293
4455,1053
4455,3132
4455,1140
4455,1877
4455,1281
4455,1616
4455,3476
4455,3840
4455,4141
4455,4642
4455,387
4455,4818
4455,2156
4455,5436
2772,2616
2772,3832
2772,5477
2772,2772
2772,593
2772,5495
2772,3802
2772,571
2772,237
2772,4553
2772,2699
2772,21
2772,4583
2772,5162
2772,5572
2772,839
3609,2931
3609,4881
3609,2884
3609,3688
3609,3609
3609,135
3609,4173
3609,4852
3609,34
3609,3975
3609,448
3609,1578
3609,3829
3609,3915
3609,4954
3609,128
4180,2164
4180,5618
4180,2978
4180,877
4180,339
4180,2497
4180,522
4180,4180
4180,3171
4180,4234
4180,5334
4180,1692
4180,748
4180,4957
4180,632
4180,2525
4180,5308
4180,3052
4180,243
4180,1386
4180,1260
4180,4577
4180,4876
4180,4346
4180,2297
4180,5492
4180,894
4180,1873
4180,4776
4180,2373
4180,3272
4180,1804
4180,1032
4180,3291
4180,2700
4180,1089
827,2006
827,827
827,903
827,108
827,532
827,4333
827,1509
827,4554
827,2404
827,3232
827,2953
827,235
827,5616
827,4342
827,1706
827,3702
827,560
827,2896
827,133
827,1277
827,5299
827,1133
2814,2814
2814,1181
2814,3515
2814,5444
2814,1869
2814,3909
2814,4489
2814,3444
2118,2743
2118,2238
2118,104
2118,2118
2118,5213
2118,912
2118,1
2118,1360
2118,2927
2118,1748
2118,1930
4790,4790
4790,4687
4790,3346
4790,5388
4790,4966
4790,5398
4790,337
4790,4609
4790,4262
4790,3121
4790,5194
4790,2113
4790,4532
4790,749
4790,2365
4790,996
4790,2178
4790,765
4790,4480
4790,1954
4790,3406
4790,1226
379,4948
379,607
379,4951
379,379
379,3872
379,389
379,1701
379,2585
379,3381
379,235
379,1705
379,5640
379,893
379,1736
5405,5405
5405,2220
5405,927
5405,3225
5405,4212
5405,5176
5405,2117
5405,1751
4508,3202
4508,1436
4508,5059
4508,4508
4508,5077
4508,1524
4508,4466
4508,4211
4508,648
4508,4885
4508,4890
4508,3361
4508,3205
4508,829
4508,3178
4508,4418
2439,1612
2439,3480
2439,2350
2439,3518
2439,4285
2439,2439
2439,1754
2439,1361
2439,3137
2439,498
2439,1301
2439,3336
2439,238
2439,2155
2439,2004
2439,4864
2439,4684
2439,1664
2439,5631
2439,1656
2439,2087
2439,2668
2439,3161
2439,5118
2439,2210
2439,1720
2439,3385
2439,3184
2439,4946
2439,638
2439,458
2439,3056
2439,1949
2439,5498
2439,15
2439,2693
2439,321
2439,3418
2439,125
2439,1289
2439,5312
2439,3855
2439,2380
2439,3600
2439,4715
2439,5470
2439,3136
2439,4567
2439,5305
2439,3816
2439,1993
2439,2989
2674,3828
2674,328
2674,2674
2674,4775
2674,3324
2674,4824
2674,4998
2674,2691
2674,1884
2674,2944
2674,2473
2674,1426
2674,3111
2674,2029
2674,1149
2674,3606
2674,2048
2674,1107
2674,682
2674,4462
2674,3885
2674,4012
2674,1514
1988,3084
1988,2586
1988,2799
1988,1988
1988,2664
1988,2747
1988,1417
1988,2683
1988,3244
1988,2270
1988,67
1988,1477
1988,4889
1988,1479
1988,4302
1988,2662
1988,5629
1988,4373
1988,697
1988,3637
1988,1036
1988,538
1988,1831
1988,2199
1988,418
1988,212
1988,4130
1988,621
1988,1906
1988,89
903,607
903,827
903,903
903,108
903,532
903,4333
903,5173
903,769
903,2404
903,3232
903,2953
903,4869
903,5616
903,4342
903,3173
903,1706
903,3702
903,560
903,1351
903,1905
903,1472
903,133
903,2215
903,1133
1848,5406
1848,1677
1848,3732
1848,5221
1848,5147
1848,1848
1848,2721
1848,4809
1848,1486
1848,2019
1848,1275
1848,4713
1848,368
1848,2707
1848,5510
1848,2647
1848,2166
1848,2033
1848,4543
1848,1435
1848,4791
1848,2849
1848,545
1848,3274
3870,1677
3870,107
3870,4021
3870,3022
3870,3870
3870,2721
3870,1139
3870,4641
3870,4809
3870,1486
3870,1275
3870,980
3870,368
3870,3296
3870,2707
3870,5435
3870,3761
3870,2647
3870,2166
3870,1455
3870,2158
3870,2033
3870,4952
3870,2886
3870,184
3870,1435
3870,1250
3870,2849
3870,4888
1088,3599
1088,2494
1088,3815
1088,2908
1088,1088
1088,3153
1088,641
1088,1501
1088,4039
1088,3278
1088,1108
1088,54
1088,3580
1088,3871
1088,5202
1088,1426
1088,1175
1088,2599
1088,744
1088,4570
1088,2737
1088,5547
1088,2116
1088,2136
2671,5290
2671,1511
2671,4433
2671,3923
2671,5523
2671,2671
2671,2806
2671,2940
2671,4098
2671,5230
2671,1517
2671,3827
2671,4226
2671,5243
2671,5473
2671,727
2671,113
2671,2568
2671,2844
2671,1318
2671,4217
2671,1134
2671,2045
2671,2502
2671,3159
2671,5304
2671,3602
2671,3340
2671,2732
2671,3080
2671,3450
2671,2457
2671,2460
2671,4066
891,5535
891,3500
891,247
891,2978
891,5565
891,877
891,2609
891,891
891,2446
891,4492
891,2391
891,1692
891,308
891,1603
891,121
891,5308
891,3052
891,1702
891,2470
891,1262
891,3497
891,4346
891,2297
891,2959
891,2763
891,5227
891,5515
891,1873
891,725
891,4383
891,1804
891,1403
891,2858
891,2700
891,2309
891,1089
891,74
891,3395
165,3270
165,2534
165,3376
165,165
165,4853
165,4018
165,1202
165,2954
165,4136
165,4985
165,644
165,4062
165,3753
165,1317
165,395
165,3887
165,4439
2806,5290
2806,256
2806,4857
2806,1511
2806,4433
2806,3923
2806,2671
2806,2806
2806,2093
2806,4098
2806,1517
2806,3827
2806,1834
2806,4226
2806,5243
2806,3318
2806,2568
2806,2844
2806,1318
2806,347
2806,1134
2806,2502
2806,3159
2806,5304
2806,158
2806,4187
2806,2240
2806,1943
2806,1329
2806,181
2806,3340
2806,2732
2806,3080
2806,2801
2806,3450
2806,451
2806,5141
2806,2457
2806,2460
4566,2743
4566,4566
4566,1171
4566,176
4566,2718
4566,3364
4566,1178
4566,5558
4566,4271
4566,1360
4566,1310
4566,1930
4340,1170
4340,4340
4340,1828
4340,5289
4340,5035
4340,4055
4340,5112
4340,5499
4340,1768
4340,2358
4340,739
4340,1053
4340,4273
4340,344
4340,1877
4340,1616
4340,170
4340,2811
4340,4642
4340,387
397,3352
397,1921
397,1395
397,397
397,3895
397,2506
397,413
397,3441
397,4603
397,4887
397,2822
397,56
397,5102
397,3890
397,4290
397,4167
397,3927
397,3502
397,378
397,2197
397,723
397,1366
397,323
2097,1091
2097,3996
2097,2097
2097,33
2097,4874
2097,1734
2097,5464
2097,5005
2097,3960
2097,3620
2097,298
2097,2241
2097,1733
2097,2424
2097,1626
2097,707
2097,3950
2097,5427
2097,772
2097,1160
2097,3146
2097,2026
2097,2635
481,5592
481,481
481,514
481,5097
481,4698
481,4560
481,1292
481,971
481,3536
481,4695
481,3757
481,1613
33,1091
33,2097
33,33
33,5225
33,869
33,3924
33,5238
33,3620
33,3183
33,3407
33,4341
33,1733
33,2424
33,2129
33,1626
33,707
33,512
33,2026
2375,3028
2375,2112
2375,2375
2375,4494
2375,4674
2375,1101
2375,5082
2375,923
2375,102
2375,3378
2375,3118
2375,4472
2375,523
2375,976
2375,5205
2375,4723
5302,1550
5302,3190
5302,2688
5302,5302
5302,3343
5302,358
5302,4347
5302,2852
5302,875
5302,4719
5302,2418
5302,3951
5302,1554
5302,1852
5302,1120
5302,5550
5302,2272
28,3389
28,3019
28,1816
28,2904
28,4692
28,1551
28,2960
28,5391
28,28
28,5319
28,2076
28,4233
28,4684
28,709
28,3510
28,1115
28,5259
28,5124
28,1664
28,3438
28,2400
28,4638
28,1481
28,4714
28,169
28,1013
28,5105
28,1650
28,2767
28,273
28,5489
28,5570
28,191
28,319
28,1747
28,1411
28,5571
28,3050
28,2146
28,5318
28,4365
28,1960
28,3281
28,1916
28,1791
28,2792
28,3632
28,2756
1464,5169
1464,263
1464,1464
1464,1956
1464,3768
1464,2872
1464,1577
1464,2376
1464,1333
1464,3575
1464,5109
1464,1490
1464,1196
1464,701
1464,290
1464,2944
1464,5494
1464,752
1464,738
1464,1216
1464,2261
1464,2437
1464,5400
1464,5345
1464,1532
1464,4172
5437,5437
5437,1865
5437,1441
5437,1495
5437,1940
5437,3304
5437,1808
5437,1404
5437,1668
5437,2488
5437,4647
5437,3739
5437,1872
5437,357
5437,4539
5437,4808
5437,254
2979,796
2979,3015
2979,2979
2979,1304
2979,373
2979,1688
2979,3538
2979,2055
2979,2363
2979,3754
2979,484
2979,475
2979,1021
2979,1384
2979,1232
2979,4877
2979,2719
2979,1655
2979,2195
2979,194
2979,694
403,3202
403,209
403,5059
403,403
403,529
403,1937
403,383
403,5030
403,2787
403,4916
403,4211
403,3651
403,5135
403,1789
403,2761
403,3065
403,4890
403,3361
403,425
403,1082
403,3528
403,3267
403,3178
403,3645
403,2962
403,2876
403,407
2426,2426
2426,4800
2426,4313
2426,1693
2426,2498
2426,3407
2426,1198
2426,3614
2426,5252
2426,3999
2426,2129
2426,572
2426,3659
2426,3544
2426,3726
2426,4216
2426,4292
2426,3762
2426,346
2426,2015
2426,603
2426,5534
3153,2494
3153,3828
3153,3815
3153,2908
3153,1088
3153,3153
3153,1987
3153,4998
3153,1108
3153,3580
3153,5050
3153,1426
3153,1175
3153,2599
3153,5482
3153,3606
3153,465
3153,4462
1535,1535
1535,3314
1535,1084
1535,4321
1535,314
1535,3170
1535,3259
1535,4376
1535,4101
1535,4742
1535,4936
1535,2663
1535,2481
1535,1699
1535,4923
1535,611
2096,3957
2096,4289
2096,5520
2096,1075
2096,249
2096,2096
2096,5198
2096,1704
2096,2085
2096,1719
2096,3681
2096,3592
2096,2346
2096,3550
2096,3243
2096,4270
2096,3420
2096,3626
2096,1195
2096,3079
2096,847
2096,333
2096,4984
2096,3399
2096,1071
5575,921
5575,3518
5575,5186
5575,5575
5575,617
5575,4064
5575,3265
5575,4590
5575,4308
5575,4918
5575,5583
5575,5009
5575,1383
5575,4613
5575,3067
5575,1442
5575,4651
5575,5118
5575,4819
5575,638
5575,2486
5575,5402
5575,4411
5575,2191
5575,4421
5575,3447
5575,1939
5575,2875
5575,3855
5575,4588
5575,2367
5575,1258
5575,1745
5575,1114
5575,2989
3522,549
3522,3522
3522,75
3522,4488
3522,4131
3522,5370
3522,2434
3522,4645
3522,4034
3522,989
3522,4465
3522,3051
3522,122
3522,4103
3522,2891
3522,5367
3522,5028
3522,1922
2655,4860
2655,2773
2655,5397
2655,1992
2655,3931
2655,2655
2655,2325
2655,5449
2655,5088
2655,623
2655,4122
2655,1978
2655,4354
2655,4024
2655,3192
2655,198
2655,5025
2655,689
2655,2185
2655,2282
2655,2690
2655,5519
2655,2351
2655,2867
2655,2276
2655,117
2655,4047
2655,2514
4505,4505
4505,2268
4505,3738
4505,3543
4505,3224
4505,1394
4505,595
4505,4316
4505,5486
4505,3354
4505,4899
4505,1358
4505,4181
4505,3514
4505,2851
1754,3389
1754,3480
1754,4771
1754,4300
1754,4285
1754,4692
1754,1551
1754,2960
1754,2439
1754,1754
1754,2076
1754,498
1754,1301
1754,3265
1754,3336
1754,238
1754,4864
1754,4684
1754,1519
1754,1115
1754,5124
1754,1664
1754,5631
1754,4767
1754,3438
1754,2400
1754,2087
1754,1282
1754,4638
1754,2668
1754,3161
1754,1383
1754,169
1754,342
1754,5118
1754,1720
1754,3385
1754,3184
1754,5105
1754,4946
1754,1650
1754,1823
1754,458
1754,2767
1754,1002
1754,1949
1754,273
1754,5498
1754,5570
1754,4533
1754,2693
1754,321
1754,3418
1754,125
1754,1289
1754,5312
1754,3855
1754,5571
1754,3050
1754,3600
1754,4715
1754,3783
1754,5318
1754,4279
1754,3281
1754,3136
1754,4567
1754,5305
1754,1791
1754,3816
1754,3632
1754,2756
1754,2989
4083,2025
4083,4597
4083,4151
4083,486
4083,4083
4083,1093
4083,1441
4083,3508
4083,1808
4083,1010
4083,1668
4083,4647
4083,3739
4083,1323
4083,5594
4083,2302
4083,3862
4083,3823
108,827
108,903
108,108
108,532
108,4805
108,4333
108,4554
108,769
108,2404
108,3232
108,2953
108,4869
108,5616
108,3173
108,1706
108,3702
108,560
108,1351
108,1472
108,2896
108,133
108,1133
716,4232
716,3348
716,716
716,1679
716,5320
716,671
716,5600
716,5231
716,1452
716,4913
716,4398
716,2082
716,411
716,5255
716,805
716,2630
716,850
716,3542
716,4137
716,3627
716,2888
716,3413
716,4336
716,5475
716,2151
716,3797
716,4650
897,3432
897,3698
897,897
897,4438
897,1767
897,4878
897,4001
897,2235
897,2492
897,1193
897,1908
897,4967
897,914
897,2137
897,1264
897,3928
897,947
897,1874
897,2077
897,1756
3756,3313
3756,3513
3756,1405
3756,3756
3756,2686
3756,636
3756,2837
3756,2833
3756,3482
3756,5566
3756,4374
3756,4350
3756,3426
3756,1890
3756,646
3756,5165
1899,2120
1899,3433
1899,806
1899,4517
1899,249
1899,1899
1899,3142
1899,5385
1899,720
1899,3332
1899,1448
1899,4139
1899,4649
1899,4029
1899,1863
1899,2838
1899,2290
1899,4325
1899,3682
1899,1847
1899,3459
1899,5596
1899,5597
1899,1623
1899,847
1899,4749
1899,2840
1899,3399
1899,1439
1583,1241
1583,3698
1583,1583
1583,4438
1583,3917
1583,542
1583,1016
1583,5497
1583,3305
1583,1893
1583,4967
1583,674
1583,2874
1583,3558
1583,4855
1583,983
1583,1697
1583,1033
904,2581
904,904
904,2805
904,4922
904,4589
904,5051
904,3150
904,4287
904,4348
904,1498
904,4249
904,4828
904,3678
904,5
904,219
3124,3124
3124,1445
3124,3215
3124,1474
3124,3337
3124,3004
3124,3985
3124,746
3124,799
3124,310
3124,1822
3124,1726
516,2677
516,516
516,1710
516,5606
516,14
516,3368
516,2873
516,1802
516,1955
516,126
516,2396
516,3391
4853,1280
4853,3270
4853,2534
4853,3376
4853,165
4853,4853
4853,4018
4853,1202
4853,2954
4853,598
4853,1523
4853,4136
4853,4917
4853,4985
4853,644
4853,4062
4853,3753
4853,4093
4853,1317
4853,5327
4853,395
4853,3887
4853,4439
4002,4002
4002,3211
4002,792
4002,612
4002,5545
4002,2157
4002,2818
4002,3212
4002,647
4002,3119
4002,3694
4002,4460
4002,300
4002,3540
4002,986
4002,1480
4002,3891
4002,955
4002,1066
4002,3656
4002,4965
4002,454
4002,1859
4002,2300
4002,5068
422,1629
422,3913
422,4669
422,4735
422,422
422,4541
422,5562
422,4535
422,3705
422,2421
422,3894
422,4295
4687,549
4687,4790
4687,4687
4687,3346
4687,4488
4687,5229
4687,5388
4687,4131
4687,4966
4687,2633
4687,5398
4687,4609
4687,4034
4687,4262
4687,3121
4687,2113
4687,749
4687,2365
4687,996
4687,2178
4687,765
4687,1999
4687,3406
2020,1263
2020,2020
2020,559
2020,4207
2020,4901
2020,4424
2020,2
2020,460
2020,1812
2020,5155
2020,4060
2020,4140
2020,3847
2020,2286
2020,3223
2020,5567
2020,1168
2020,2395
2020,3058
2020,2949
2020,782
2020,1885
1247,1247
1247,2667
1247,712
1247,1186
1247,1471
1247,1841
1247,2503
1247,3876
1247,2190
1247,416
1247,1935
1247,2355
1247,3386
1247,2021
1247,602
1247,1849
1247,5004
1247,1312
5643,385
5643,5621
5643,4318
5643,5643
5643,4525
5643,3452
5643,5557
5643,2750
5643,4097
5643,5551
5643,3737
5643,3144
5643,4939
5643,2977
5643,1477
5643,2869
5643,3708
5643,2349
5643,4491
5643,2622
5643,3401
5643,1941
5643,770
5643,1413
5643,220
5643,2094
5643,3402
5643,336
5643,2941
5643,430
5643,5362
5643,1741
5643,3448
5643,2520
5643,1415
5643,2072
5643,2058
3171,2164
3171,5618
3171,2978
3171,910
3171,877
3171,2497
3171,522
3171,2609
3171,4180
3171,3171
3171,5334
3171,1692
3171,5316
3171,1603
3171,748
3171,4957
3171,3033
3171,4707
3171,2525
3171,3052
3171,1702
3171,1260
3171,3497
3171,4577
3171,4876
3171,1257
3171,4346
3171,1666
3171,2708
3171,2297
3171,2959
3171,2763
3171,3145
3171,3283
3171,1994
3171,5492
3171,569
3171,1338
3171,894
3171,1873
3171,4776
3171,2373
3171,1506
3171,4383
3171,3272
3171,1804
3171,1714
3171,1403
3171,3291
3171,2858
3171,2700
3171,1089
3171,5326
2907,4622
2907,4597
2907,4151
2907,634
2907,2907
2907,1010
2907,760
2907,4311
2907,2143
2907,5594
2907,3521
2907,1634
2907,152
2907,4371
2907,1887
2907,2089
2907,4636
2907,3823
5512,2748
5512,5512
5512,4547
5512,3543
5512,3224
5512,2715
5512,595
5512,866
5512,5506
5512,2562
5512,954
2125,141
2125,2524
2125,2125
2125,4454
2125,2702
2125,188
2125,1419
2125,3273
2125,5300
2125,5384
2125,2007
2125,3469
2125,2627
2125,91
2125,3102
2125,1856
2125,2417
3193,2524
3193,3193
3193,3165
3193,154
3193,188
3193,142
3193,4144
3193,5300
3193,211
3193,3152
3193,1618
3193,2899
3193,3775
3193,3258
3193,3963
3193,2007
3193,3469
3193,4863
3193,4377
3193,2440
3193,3731
3193,2417
2052,161
2052,25
2052,92
2052,2052
2052,2604
2052,3245
2052,3096
2052,82
2052,131
2052,5341
2052,3114
2052,4376
2052,2169
2052,2736
2052,4314
2052,5447
2052,2802
4234,2164
4234,5621
4234,2978
4234,339
4234,522
4234,4180
4234,4234
4234,4525
4234,632
4234,5308
4234,2977
4234,243
4234,1386
4234,2869
4234,3708
4234,1176
4234,1941
4234,5492
4234,4776
4234,2373
4234,642
4234,2941
4234,1032
4234,1741
4234,74
3066,3066
3066,5193
3066,3914
3066,3275
3066,1556
3066,5174
3066,5176
3066,2168
3066,1751
4468,2682
4468,4468
4468,702
4468,4250
4468,1474
4468,3104
4468,3181
4468,3560
4468,1529
4468,2598
4468,3564
2940,4569
2940,4433
2940,5523
2940,2671
2940,2940
2940,4098
2940,5230
2940,2218
2940,727
2940,478
2940,1318
2940,4217
2940,1134
2940,2045
2940,5304
2940,3602
2940,3080
2940,2460
2940,4066
2940,4826
4802,2908
4802,4802
4802,1011
4802,641
4802,3089
4802,3670
4802,4969
4802,2507
4802,733
4802,3278
4802,3456
4802,1456
4802,4570
4802,5547
2150,2150
2150,1581
2150,3539
2150,5419
2150,4993
2150,3417
2150,4364
2150,4129
2150,3860
2150,4075
2664,456
2664,2586
2664,2799
2664,1988
2664,2664
2664,3410
2664,2747
2664,1417
2664,2683
2664,3244
2664,2270
2664,67
2664,1477
2664,4889
2664,4302
2664,2662
2664,5629
2664,4873
2664,4373
2664,3401
2664,697
2664,3637
2664,1036
2664,1831
2664,3387
2664,2199
2664,418
2664,618
2664,212
2664,4130
2664,621
2664,1906
2664,89
2805,904
2805,2805
2805,4922
2805,2971
2805,85
2805,4287
2805,1498
2805,4249
2805,4388
2805,4828
2805,3678
2805,3003
2805,3959
2805,5
2805,4761
2805,1589
4446,2648
4446,161
4446,737
4446,4446
4446,2604
4446,837
4446,2106
4446,546
4446,3412
4446,3722
4446,1759
4446,4117
4446,4314
4446,4345
4446,1319
3211,4002
3211,3211
3211,792
3211,612
3211,5545
3211,4564
3211,2818
3211,3212
3211,647
3211,2259
3211,608
3211,3276
3211,3119
3211,3779
3211,2560
3211,2356
3211,3577
3211,1480
3211,3656
3211,3485
3211,1377
3211,4965
3211,2300
3211,11
3211,4812
3211,1385
3211,1660
3211,2332
3211,5068
166,4741
166,2854
166,3180
166,166
166,3532
166,404
166,3695
166,3780
166,4856
166,690
166,939
166,2328
166,253
166,4244
166,793
166,1408
166,428
166,2278
166,4332
532,2006
532,827
532,903
532,108
532,532
532,3586
532,577
532,2291
532,2031
532,1509
532,4554
532,4599
532,2404
532,3232
532,235
532,457
532,3702
532,2896
532,1277
532,5299
532,1133
4429,2784
4429,5095
4429,4429
4429,579
4429,2053
4429,4665
4429,5189
4429,813
4429,2638
4429,2782
4429,2981
4429,1328
4429,1948
4429,2293
4429,1907
4429,461
4429,3012
4429,2429
4319,3480
4319,4771
4319,4300
4319,4319
4319,208
4319,3265
4319,1519
4319,3530
4319,5124
4319,1282
4319,4850
4319,2668
4319,5526
4319,3161
4319,1383
4319,342
4319,1823
4319,807
4319,1949
4319,4533
4319,42
4319,2191
4319,3855
4319,3783
4319,1228
4319,4279
4319,5305
4319,482
4319,3816
4319,2989
2667,2754
2667,1247
2667,2667
2667,712
2667,1186
2667,692
2667,1393
2667,700
2667,3876
2667,416
2667,1935
2667,2355
2667,3386
2667,48
2667,5000
2667,2224
2667,5004
2667,1078
2667,1312
2667,1980
2667,4082
1445,3124
1445,1445
1445,1474
1445,3533
1445,1135
1445,225
1445,4395
1445,4146
1445,1822
1445,1726
1445,3836
2446,3500
2446,385
2446,247
2446,5621
2446,2978
2446,5565
2446,1923
2446,877
2446,891
2446,2446
2446,470
2446,2391
2446,1692
2446,1739
2446,2843
2446,2990
2446,5551
2446,3250
2446,2270
2446,3737
2446,5308
2446,3052
2446,3708
2446,2470
2446,2165
2446,348
2446,4910
2446,2297
2446,1176
2446,295
2446,5515
2446,932
2446,1014
2446,1873
2446,2373
2446,725
2446,5315
2446,4627
2446,2309
2446,1576
2446,74
2446,3395
2446,2072
4454,141
4454,2139
4454,2524
4454,2125
4454,4454
4454,2702
4454,188
4454,3273
4454,5300
4454,5549
4454,3152
4454,3073
4454,2007
4454,3469
4454,2734
4454,91
4454,3731
4454,1657
4454,1856
4454,2417
3410,456
3410,2664
3410,3410
3410,3452
3410,5557
3410,2747
3410,2750
3410,1417
3410,4097
3410,3219
3410,5551
3410,3244
3410,2270
3410,3737
3410,4939
3410,1477
3410,2349
3410,4302
3410,5629
3410,3934
3410,4873
3410,3401
3410,697
3410,770
3410,1413
3410,1019
3410,220
3410,2513
3410,3637
3410,1036
3410,2094
3410,3402
3410,3387
3410,2199
3410,336
3410,418
3410,618
3410,212
3410,4130
3410,5362
3410,3448
3410,621
3410,1906
3410,1415
3410,2058
265,5221
265,265
265,4205
265,2019
265,887
265,363
265,4090
265,2246
265,1275
265,3296
265,2212
265,2260
265,2647
265,2166
265,2158
265,3024
265,2128
265,4952
265,3205
265,5511
265,3392
265,3978
265,4418
4775,328
4775,5169
4775,2674
4775,4775
4775,3768
4775,4824
4775,4998
4775,1577
4775,1884
4775,1196
4775,2944
4775,2473
4775,5494
4775,3111
4775,2029
4775,3606
4775,2048
4775,1107
4775,2437
4775,682
4775,3885
4775,4012
4775,1514
2458,1513
2458,2738
2458,2416
2458,2458
2458,1237
2458,4672
2458,677
2458,5593
2458,711
2458,2619
2458,2406
2458,4179
2458,145
2458,1746
2458,1737
2458,841
2458,589
2035,2035
2035,990
2035,4578
2035,4306
2035,4110
2035,4733
2035,301
2035,478
2035,2469
2035,413
2035,4616
2035,1967
2035,86
2035,902
2035,5065
3324,328
3324,2674
3324,3324
3324,1654
3324,4039
3324,2691
3324,941
3324,1108
3324,54
3324,2473
3324,1426
3324,3111
3324,2599
3324,744
3324,1149
3324,3606
3324,2048
3324,2737
3324,2136
2721,1677
2721,4021
2721,3022
2721,1848
2721,3870
2721,2721
2721,4435
2721,1139
2721,4641
2721,4809
2721,1486
2721,1275
2721,4366
2721,980
2721,368
2721,3296
2721,2707
2721,5435
2721,5510
2721,2287
2721,3761
2721,2647
2721,2166
2721,2158
2721,2033
2721,4543
2721,184
2721,1435
2721,1250
2721,4791
2721,2849
2721,4888
2721,545
3165,3193
3165,3165
3165,886
3165,154
3165,5145
3165,142
3165,4144
3165,211
3165,1618
3165,2899
3165,3775
3165,3258
3165,3963
3165,7
3165,4863
3165,4377
3165,2440
3165,620
130,5221
130,231
130,130
130,4467
130,3605
130,2019
130,887
130,4090
130,3718
130,703
130,5086
617,921
617,1500
617,3518
617,4803
617,5186
617,5575
617,617
617,1096
617,4064
617,4590
617,2913
617,4308
617,5088
617,4918
617,1353
617,5583
617,5009
617,127
617,1453
617,5392
617,4613
617,3067
617,1442
617,4651
617,4819
617,3621
617,638
617,3192
617,2486
617,5402
617,198
617,4411
617,2185
617,588
617,492
617,5519
617,3204
617,4421
617,496
617,3838
617,3349
617,3447
617,1939
617,4588
617,4221
617,4245
617,2367
617,1172
617,1258
617,4986
617,1745
617,2514
617,156
617,1114
4541,1629
4541,4669
4541,4735
4541,422
4541,4541
4541,5217
4541,4835
4541,5562
4541,4535
4541,5291
4541,3705
4541,2421
4541,5460
4541,3562
4541,3906
4541,5239
3287,3913
3287,3287
3287,2155
3287,3018
3287,2552
3287,1998
3287,1897
3287,1013
3287,2556
3287,1547
3287,5002
3287,3705
3287,5498
3287,15
3287,3665
3287,524
3287,2380
3287,3894
3287,4400
3287,2792
3287,4295
3287,865
529,209
529,403
529,529
529,383
529,4982
529,2644
529,5030
529,2787
529,4916
529,3651
529,3625
529,5135
529,2761
529,425
529,1082
529,3528
529,5054
529,3645
529,5108
529,2962
529,2876
529,407
4797,4945
4797,910
4797,934
4797,4797
4797,5316
4797,39
4797,3534
4797,1963
4797,4440
4797,768
4797,2569
4797,2493
4797,1563
4797,1003
4797,110
4797,1506
4797,552
4797,3750
5256,4119
5256,5256
5256,5628
5256,1137
5256,5491
5256,1900
5256,3808
5256,2476
5256,5156
5256,590
5256,3793
5256,5479
1304,626
1304,2979
1304,1304
1304,1269
1304,373
1304,2363
1304,1272
1304,484
1304,475
1304,5614
1304,4063
1304,1021
1304,1440
1304,4877
1304,1588
1304,292
1304,2719
1304,2672
1304,828
1304,1655
1304,4326
1304,2195
1304,194
1304,5317
1304,3710
1304,2223
1304,1916
1304,3907
1304,4785
1304,4124
1304,4666
1304,3839
1237,1513
1237,2738
1237,2458
1237,1237
1237,4672
1237,5593
1237,711
1237,2619
1237,4546
1237,2406
1237,4179
1237,145
1237,1746
1237,2280
1237,1737
1237,841
1237,589
3234,5272
3234,4220
3234,3234
3234,3548
3234,3633
3234,4441
3234,2145
3234,2225
3234,4063
3234,4224
3234,1970
3234,218
3234,759
3234,1440
3234,924
3234,2727
3234,2284
3234,292
3234,4591
3234,4784
3234,2073
3234,5377
3234,4657
3234,4785
3234,4409
3234,1782
5518,3048
5518,5518
5518,3991
5518,1214
5518,4507
5518,2329
5518,2382
5518,3108
5518,4201
4626,3488
4626,4626
4626,1471
4626,1841
4626,1164
4626,2715
4626,2503
4626,2190
4626,416
4626,2021
4626,602
4626,862
4626,954
4626,5004
4626,944
5077,4508
5077,5077
5077,1524
5077,4458
5077,4680
5077,2212
5077,4211
5077,648
5077,5607
5077,4885
5077,2128
5077,4890
5077,3205
5077,3392
5077,3978
5077,4418
5077,4807
5077,4170
4018,1280
4018,3270
4018,2939
4018,3376
4018,165
4018,4853
4018,4018
4018,5374
4018,2954
4018,4136
4018,4985
4018,444
4018,3753
4018,1317
4018,5327
4018,395
4018,3887
5319,3019
5319,1816
5319,2904
5319,4692
5319,1551
5319,624
5319,28
5319,5319
5319,1269
5319,4233
5319,5124
5319,2925
5319,5568
5319,1481
5319,169
5319,1650
5319,1823
5319,2767
5319,1002
5319,1121
5319,273
5319,5489
5319,1588
5319,191
5319,828
5319,4326
5319,1747
5319,1411
5319,5317
5319,5571
5319,2146
5319,4365
5319,1960
5319,3281
5319,1916
5319,3907
5319,3632
5319,3873
5319,2756
5211,3638
5211,3474
5211,5211
5211,4756
5211,2079
5211,3331
5211,2435
5211,4176
5211,675
5211,2593
5211,1376
5211,5441
5211,4537
5211,4182
5211,3961
5211,3154
5211,3345
5211,2377
5211,4750
5211,1355
5211,3061
5211,4617
5211,4981
5211,2903
5211,5589
1093,4597
1093,486
1093,1607
1093,4083
1093,1093
1093,1808
1093,4379
1093,1668
1093,5423
1093,3739
1093,5594
1093,1634
1093,450
1093,3823
1379,1379
1379,173
1379,3335
1379,1844
1379,5564
1379,4372
1379,5079
1379,1291
1379,1855
1379,3427
1379,5261
1379,991
1379,474
1379,5106
1379,575
1379,365
1379,3979
3226,1718
3226,1324
3226,3226
3226,2335
3226,3519
3226,561
3226,2468
3226,341
3226,5215
3226,747
3226,994
3226,4620
3226,3026
3226,390
3226,2882
3226,3251
3226,2334
3226,3040
470,456
470,385
470,5621
470,5565
470,1923
470,2586
470,2446
470,470
470,4525
470,5557
470,4097
470,5551
470,2270
470,3737
470,4939
470,5308
470,3052
470,2977
470,243
470,3708
470,2349
470,4302
470,348
470,4910
470,1176
470,3401
470,295
470,1413
470,3637
470,1014
470,2199
470,618
470,2941
470,1741
470,5315
470,3448
470,4627
470,2309
470,1576
470,74
470,2072
1865,2025
1865,2208
1865,486
1865,5437
1865,1865
1865,1441
1865,1495
1865,1808
1865,1404
1865,1668
1865,2488
1865,1070
1865,4647
1865,3739
1865,1872
1865,4539
1865,4808
1865,254
1096,921
1096,1500
1096,4860
1096,5397
1096,1992
1096,3931
1096,617
1096,1096
1096,4064
1096,4590
1096,5449
1096,4308
1096,5088
1096,4918
1096,1761
1096,5583
1096,5009
1096,1453
1096,1429
1096,5392
1096,1442
1096,3583
1096,1978
1096,4819
1096,3621
1096,3192
1096,5402
1096,198
1096,5025
1096,689
1096,4411
1096,2185
1096,5519
1096,2867
1096,3349
1096,3447
1096,4588
1096,4245
1096,4047
1096,2367
1096,1172
1096,2514
1096,156
1096,1114
559,1342
559,2020
559,559
559,4207
559,4424
559,1266
559,2
559,5593
559,1812
559,5155
559,4546
559,2864
559,477
559,5567
559,145
559,2280
559,3685
559,1586
559,782
559,1885
4525,456
4525,385
4525,5621
4525,1923
4525,4318
4525,5643
4525,4234
4525,470
4525,4525
4525,5557
4525,2750
4525,4097
4525,5551
4525,3737
4525,3144
4525,4939
4525,5308
4525,2977
4525,243
4525,1386
4525,2869
4525,3708
4525,2349
4525,1176
4525,2622
4525,3401
4525,1941
4525,1413
4525,220
4525,618
4525,2941
4525,430
4525,1741
4525,5315
4525,3448
4525,2520
4525,74
4525,2072
4525,2058
4425,1151
4425,4455
4425,4425
4425,350
4425,2038
4425,3944
4425,655
4425,1915
4425,4534
4425,3363
4425,5554
4425,4272
4425,790
4425,3888
4425,3293
4425,1281
4425,3476
4425,3840
4425,4141
4425,762
4425,4818
4425,2156
4425,5436
881,5395
881,881
881,2718
881,3421
881,835
881,629
881,1335
4064,921
4064,1500
4064,4860
4064,3518
4064,4803
4064,5186
4064,5575
4064,617
4064,1096
4064,4064
4064,4590
4064,4308
4064,5088
4064,4918
4064,1353
4064,5583
4064,5009
4064,1453
4064,5392
4064,4613
4064,3067
4064,1442
4064,4651
4064,4819
4064,3621
4064,638
4064,3192
4064,2486
4064,5402
4064,198
4064,4411
4064,2185
4064,588
4064,492
4064,5519
4064,3204
4064,4421
4064,496
4064,3838
4064,3349
4064,3447
4064,1939
4064,4588
4064,4221
4064,4245
4064,2367
4064,1172
4064,1258
4064,4986
4064,1745
4064,2514
4064,156
4064,1114
5332,3084
5332,2799
5332,5332
5332,3586
5332,577
5332,410
5332,2031
5332,4889
5332,1479
5332,4599
5332,538
5332,457
5332,1277
5332,89
1361,1612
1361,2350
1361,3518
1361,5186
1361,2439
1361,1361
1361,3137
1361,918
1361,2913
1361,3336
1361,1353
1361,1656
1361,4613
1361,3067
1361,4651
1361,5118
1361,2210
1361,638
1361,2486
1361,3056
1361,588
1361,666
1361,1939
1361,4715
1361,2175
1361,3801
1361,1258
1361,4986
1361,1745
5213,2743
5213,104
5213,2118
5213,5213
5213,3236
5213,2984
5213,912
5213,1
5213,1360
5213,1335
5213,2927
5213,1748
5213,1930
3715,5553
3715,3955
3715,4586
3715,5488
3715,3715
3715,3893
3715,600
3715,1267
3715,37
3715,2628
3715,1251
3715,3886
3715,527
3715,4369
1649,1862
1649,1649
1649,2218
1649,3282
1649,478
1649,5136
1649,467
1649,2045
1649,4616
1649,2576
1649,2219
1649,5210
1649,5262
1649,3602
1649,1755
1649,1707
1649,4826
1735,1735
1735,1017
1735,2824
1735,892
1735,267
1735,3516
1735,536
1735,4829
1735,2148
1735,280
1735,3082
1735,2996
4469,2521
4469,4469
4469,4323
4469,4932
4469,3835
4469,2148
4469,487
4469,1038
5267,4119
5267,177
5267,5267
5267,4934
5267,1173
5267,3808
5267,5532
5267,590
5267,5348
3622,2933
3622,1516
3622,3099
3622,1041
3622,3116
3622,3622
3622,215
3622,3553
3622,5008
3622,3512
3622,4815
3622,4073
3622,3691
3622,1904
3622,609
3622,4059
3622,3088
3622,2383
3622,5306
3622,4390
3622,349
3622,2724
3622,500
3622,2947
3622,2084
3622,168
3622,3958
3622,1951
3622,5354
3622,5585
5356,5611
5356,2245
5356,5356
5356,1132
5356,3949
5356,4267
5356,1213
5356,2399
5356,18
5356,3248
5356,3704
5356,4013
5356,2186
5356,326
5356,2942
5356,1399
5356,5023
5356,845
5356,2371
5356,2088
5356,4859
5356,2865
5356,4156
5356,683
5356,5603
5356,4256
5356,4972
5356,160
5356,3743
5356,1515
5356,2983
4756,4959
4756,3474
4756,5211
4756,4756
4756,3331
4756,1819
4756,1981
4756,5270
4756,2593
4756,113
4756,4361
4756,5263
4756,2922
4756,5441
4756,4182
4756,4903
4756,4782
4756,3154
4756,3345
4756,2377
4756,1026
4756,1891
4756,543
4756,1355
4756,3298
4756,4794
4756,3578
4756,2903
4756,3712
4756,5589
4672,668
4672,2846
4672,1513
4672,2676
4672,2738
4672,2416
4672,2458
4672,1237
4672,4672
4672,677
4672,711
4672,1309
4672,2406
4672,3098
4672,1746
4672,4447
4672,3182
4672,1737
4672,5462
4672,3953
4672,4067
4672,841
4672,589
4672,1000
4435,5406
4435,1677
4435,4021
4435,3732
4435,3022
4435,2721
4435,4435
4435,1486
4435,4366
4435,980
4435,4713
4435,368
4435,2707
4435,5435
4435,3669
4435,5510
4435,2287
4435,1494
4435,2033
4435,2312
4435,5117
4435,1435
4435,4791
4435,4888
4435,545
3755,3127
3755,5542
3755,5369
3755,2613
3755,3755
3755,2762
3755,4592
3755,4872
3755,1617
3755,5041
3755,2596
3755,148
3755,4904
3755,4401
3755,5516
3755,5555
3755,4171
3755,2546
3755,217
3755,944
2781,4252
2781,2318
2781,2781
2781,1202
2781,1523
2781,4040
2781,1018
2781,5483
2781,4551
2781,4917
2781,93
2781,1155
2781,4062
2781,4093
2781,4540
2781,2847
1441,2025
1441,2208
1441,486
1441,3597
1441,2378
1441,5437
1441,4083
1441,1865
1441,1441
1441,4711
1441,1946
1441,1668
1441,3231
1441,2488
1441,1070
1441,4647
1441,1687
1441,5226
1441,4808
1441,1363
1441,2881
1441,2302
1441,1065
1441,254
4438,1241
4438,3698
4438,897
4438,1583
4438,4438
4438,2741
4438,3989
4438,2492
4438,4967
4438,674
4438,1264
4438,947
4438,497
4438,798
4438,3558
4438,1874
4438,1697
1767,3432
1767,897
1767,1767
1767,4878
1767,4001
1767,2235
1767,2492
1767,1193
1767,1908
1767,914
1767,2137
1767,1264
1767,3928
1767,947
1767,3878
1767,1874
1767,2077
1767,5047
1767,1756
4922,2581
4922,904
4922,2805
4922,4922
4922,4589
4922,3506
4922,5051
4922,818
4922,3150
4922,4287
4922,4348
4922,1498
4922,4828
4922,4004
4644,1851
4644,742
4644,1136
4644,1566
4644,4644
4644,4027
4644,4643
4644,4665
4644,2620
4644,4551
4644,2638
4644,3975
4644,447
4644,4753
4644,2981
4644,3213
4644,4954
4644,4061
4644,2471
4644,2607
4644,4518
4644,3012
4644,370
4644,2847
1011,4802
1011,1011
1011,3089
1011,5343
1011,4969
1011,2507
1011,1451
1011,4652
1011,3456
1011,1456
1011,4474
1202,2534
1202,4252
1202,2318
1202,165
1202,4853
1202,2781
1202,1202
1202,2954
1202,598
1202,1523
1202,4136
1202,5483
1202,4917
1202,2196
1202,4985
1202,644
1202,93
1202,2243
1202,4062
1202,4294
1202,3753
1202,4820
1202,4093
1202,395
1202,4439
285,4837
285,285
285,2299
285,3001
285,1637
285,931
285,5031
285,684
285,5181
285,3013
285,4518
4159,5014
4159,361
4159,2961
4159,5422
4159,3196
4159,4159
4159,2337
4159,2180
4159,36
4159,2921
4159,717
4159,956
4159,2879
4159,5455
4159,905
4159,2295
4159,4125
1025,3041
1025,2216
1025,1025
1025,814
1025,1743
1025,2545
1025,5040
1025,3841
1025,4030
1025,1911
1025,4842
1025,1024
1025,2234
1025,377
1025,5293
1025,2834
1025,2450
1025,5139
1025,4868
1025,1571
1025,1661
1025,5185
1025,3053
4944,5490
4944,4944
4944,4610
4944,2264
4944,3547
4944,3199
4944,763
4944,3227
4944,2777
4944,4192
4944,855
4944,3077
4944,5052
4944,3063
4944,3038
4944,2910
1679,4232
1679,452
1679,716
1679,1679
1679,671
1679,4476
1679,1452
1679,4398
1679,2804
1679,4536
1679,771
1679,5216
1679,4137
1679,79
1679,4336
1679,5475
1679,4531
1679,3797
1679,1539
1679,3148
2776,3303
2776,2776
2776,3527
2776,1017
2776,1703
2776,3097
2776,3848
2776,3696
2776,3533
2776,769
2776,1135
2776,2237
2776,5204
2776,4419
2776,1351
2776,4395
2776,2233
792,4002
792,3211
792,792
792,612
792,5545
792,2253
792,647
792,608
792,3276
792,3694
792,948
792,300
792,3540
792,986
792,1480
792,1066
792,3656
792,4965
792,1859
792,2300
4593,2845
4593,1550
4593,4593
4593,3877
4593,1162
4593,958
4593,1531
4593,2703
4593,3647
4593,779
4593,3064
4593,1240
4593,3699
4593,1475
5334,2164
5334,4945
5334,5618
5334,2978
5334,910
5334,877
5334,2497
5334,522
5334,4180
5334,3171
5334,5334
5334,1692
5334,5316
5334,1603
5334,748
5334,4957
5334,632
5334,4707
5334,2525
5334,1260
5334,4577
5334,4876
5334,1257
5334,4346
5334,2297
5334,1994
5334,5492
5334,1563
5334,894
5334,1873
5334,4776
5334,2373
5334,1506
5334,4383
5334,3272
5334,1804
5334,1032
5334,1714
5334,3291
5334,2858
5334,2700
5334,1089
5334,5326
5320,4949
5320,3348
5320,2016
5320,716
5320,5320
5320,671
5320,5600
5320,587
5320,5231
5320,2567
5320,2082
5320,411
5320,5255
5320,805
5320,2630
5320,850
5320,3542
5320,155
5320,2057
5320,3627
5320,2472
5320,3413
5320,3581
5320,2151
5320,3797
5320,5166
5320,2780
2464,1294
2464,3454
2464,1212
2464,2239
2464,2464
2464,4437
2464,1142
2464,4203
2464,2131
2464,3964
2464,5224
2464,4396
2464,1220
2464,2206
2464,2104
2464,4739
2464,4112
2464,1886
2464,281
3429,2245
3429,3429
3429,997
3429,2236
3429,5249
3429,3804
3429,5057
3429,18
3429,3415
3429,320
3429,3248
3429,2533
3429,3704
3429,4013
3429,5274
3429,4740
3429,4615
3429,3693
3429,1399
3429,4394
3429,12
3429,3671
3429,1975
3429,1163
3429,76
3429,4859
3429,650
3429,4256
3429,488
3429,4972
3429,541
3429,160
3429,2983
4492,3500
4492,247
4492,3100
4492,2006
4492,891
4492,4492
4492,2391
4492,1739
4492,5399
4492,2843
4492,2291
4492,2990
4492,3250
4492,1509
4492,2470
4492,2165
4492,348
4492,4910
4492,295
4492,5227
4492,5515
4492,932
4492,5043
4492,4133
4492,5056
4492,1014
4492,725
4492,2896
4492,4627
4492,1576
4492,3395
641,3599
641,2908
641,361
641,1088
641,4802
641,641
641,1501
641,3670
641,733
641,3278
641,1597
641,3580
641,3871
641,744
641,3456
641,1407
641,4570
641,5547
641,2116
274,4586
274,274
274,2447
274,1933
274,37
1495,2974
1495,5437
1495,1865
1495,1495
1495,1940
1495,3304
1495,1404
1495,1966
1495,2488
1495,2285
1495,1872
1495,357
1495,4539
1495,4808
1495,1942
1495,120
1495,1039
814,4158
814,1025
814,814
814,1743
814,1059
814,2545
814,3841
814,4030
814,23
814,4436
814,4842
814,2306
814,1496
814,5139
814,1571
814,5185
2079,3638
2079,5211
2079,2079
2079,2435
2079,3628
2079,675
2079,4537
2079,3345
2079,1614
2079,3468
2079,4750
2079,1355
2079,3061
2079,4617
2079,3143
2079,4981
2079,5589
3055,4741
3055,3432
3055,3055
3055,4999
3055,3532
3055,2235
3055,5548
3055,3695
3055,3780
3055,690
3055,1193
3055,2643
3055,2137
3055,3928
3055,947
3055,253
3055,5089
3055,2077
3055,983
350,1170
350,1151
350,4455
350,4425
350,350
350,1828
350,3944
350,3363
350,5554
350,4272
350,790
350,3888
350,4055
350,5499
350,3293
350,3132
350,1140
350,1281
350,1616
350,3476
350,3840
350,4141
350,4642
350,387
350,4818
350,2156
350,5436
2807,5015
2807,2807
2807,4189
2807,5090
2807,1271
2807,4132
2807,2160
2807,1786
2807,2012
2807,809
2807,1493
2336,1694
2336,4804
2336,2336
2336,2344
2336,5184
2336,3014
2336,1997
2336,1638
2336,3572
2336,5130
2336,4526
2336,2491
2093,5290
2093,256
2093,4857
2093,836
2093,4682
2093,3923
2093,2806
2093,2093
2093,3992
2093,899
2093,3827
2093,1834
2093,4226
2093,5243
2093,5087
2093,3318
2093,4382
2093,2844
2093,347
2093,2502
2093,158
2093,3723
2093,4187
2093,2240
2093,2066
2093,1329
2093,181
2093,2732
2093,4763
2093,3450
4759,2480
4759,1512
4759,4759
4759,2236
4759,3415
4759,3704
4759,5274
4759,4615
4759,3693
4759,2951
4759,5386
4759,4926
4759,2232
4759,4451
4759,4634
4759,1914
4759,1824
4759,541
1132,5611
1132,2245
1132,5356
1132,1132
1132,2516
1132,2198
1132,3949
1132,4267
1132,2399
1132,18
1132,4013
1132,2186
1132,326
1132,2942
1132,5023
1132,845
1132,1154
1132,2088
1132,2865
1132,4156
1132,5603
1132,4256
1132,4972
1132,1515
3527,3303
3527,2776
3527,3527
3527,3848
3527,3696
3527,3533
3527,1135
3527,2237
3527,3062
3527,5204
3527,4419
3527,1351
3527,4395
3527,4146
3527,2233
3527,3424
3527,1822
2391,3500
2391,247
2391,5565
2391,3100
2391,2609
2391,891
2391,2446
2391,4492
2391,2391
2391,308
2391,1739
2391,5399
2391,2843
2391,2291
2391,2990
2391,121
2391,3250
2391,2470
2391,2165
2391,348
2391,4910
2391,5227
2391,5515
2391,932
2391,4133
2391,578
2391,1014
2391,725
2391,4627
2391,2309
2391,1576
2391,3395
1974,5208
1974,4412
1974,2244
1974,1974
1974,2455
1974,1669
1974,2194
1974,586
1974,1287
1974,965
1974,2868
1974,4092
1974,1920
1974,1051
1974,5133
1974,5101
1974,103
1974,1087
1974,2601
1974,1723
1974,360
612,4002
612,3211
612,792
612,612
612,5545
612,3212
612,647
612,608
612,3276
612,3119
612,3779
612,2356
612,3577
612,1480
612,3656
612,3485
612,1377
612,4965
612,2300
612,3366
612,11
612,4812
612,1385
612,5068
5198,806
5198,3957
5198,4289
5198,1075
5198,4517
5198,249
5198,2096
5198,5198
5198,1704
5198,5385
5198,2085
5198,1719
5198,3681
5198,3550
5198,3332
5198,4270
5198,1448
5198,3420
5198,4029
5198,3626
5198,1195
5198,3079
5198,1847
5198,4718
5198,1623
5198,847
5198,333
5198,4984
5198,3399
5198,1071
2455,29
2455,2244
2455,1974
2455,2455
2455,4128
2455,2194
2455,942
2455,586
2455,1287
2455,1205
2455,2868
2455,4092
2455,1920
2455,1051
2455,5359
2455,5101
2455,103
2455,1087
886,5454
886,5394
886,3165
886,886
886,2091
886,1444
886,5248
886,3775
886,3258
886,3963
886,7
886,4863
886,445
886,1321
886,620
820,4811
820,3099
820,1041
820,3116
820,820
820,4511
820,1913
820,3436
820,4815
820,5220
820,1680
820,2095
820,1489
820,3034
820,1423
820,2127
820,3010
820,349
820,1459
820,2815
820,1343
820,2044
820,2051
820,5421
820,5465
820,5264
820,1809
1704,806
1704,3957
1704,4289
1704,5520
1704,1075
1704,4517
1704,249
1704,2096
1704,5198
1704,1704
1704,2085
1704,1719
1704,3681
1704,3592
1704,2346
1704,3550
1704,4270
1704,1448
1704,3420
1704,4029
1704,3626
1704,97
1704,3079
1704,1847
1704,1623
1704,847
1704,333
1704,4984
1704,3399
1704,1071
1692,2164
1692,5535
1692,3500
1692,5618
1692,247
1692,2978
1692,5565
1692,877
1692,2497
1692,522
1692,2609
1692,4180
1692,891
1692,3171
1692,2446
1692,5334
1692,1692
1692,308
1692,1603
1692,748
1692,121
1692,4707
1692,2525
1692,5308
1692,3052
1692,1702
1692,1260
1692,2470
1692,1262
1692,3497
1692,4577
1692,4876
1692,1257
1692,4346
1692,1666
1692,2708
1692,2297
1692,2959
1692,2763
1692,3145
1692,5227
1692,5492
1692,1873
1692,4776
1692,2373
1692,4383
1692,3272
1692,1804
1692,1403
1692,3291
1692,2858
1692,2700
1692,2309
1692,1089
1692,74
1692,3395
3089,4802
3089,1011
3089,3089
3089,2507
3089,733
3089,3278
3089,1451
3089,4652
3089,3456
3089,2189
3089,1456
1936,1936
1936,3029
1936,4459
1936,4568
1936,927
1936,1183
1936,288
1936,3744
1936,3225
1936,3773
1936,2549
1936,2117
1784,1784
1784,2325
1784,4762
1784,4019
1784,2992
1784,4653
1784,2600
1784,1800
1784,483
1784,3374
1987,3828
1987,3153
1987,1987
1987,3844
1987,1402
1987,1359
1987,4969
1987,4134
1987,2050
1987,5050
1987,2656
1987,5482
1987,465
3893,5553
3893,4586
3893,5488
3893,3715
3893,3893
3893,600
3893,1267
3893,37
3893,5365
3893,1251
3893,3886
3893,527
3893,4369
3824,1236
3824,663
3824,3824
3824,1396
3824,4042
3824,1090
3824,3729
3824,5064
3824,5336
3824,4041
3824,750
3824,1507
3824,1252
3824,136
3824,1926
3824,606
2268,396
2268,4505
2268,2268
2268,4547
2268,4663
2268,3738
2268,3543
2268,3224
2268,1394
2268,4316
2268,5500
2268,3354
2268,4899
2268,1358
2268,4181
2268,2851
5276,5276
5276,5193
5276,1671
5276,1049
5276,3419
5276,1327
5276,2315
5276,3973
5276,2168
5121,4811
5121,5121
5121,1913
5121,974
5121,1180
5121,4071
5121,3774
5121,3781
5121,2339
5121,2095
5121,1423
5121,1459
5121,2815
5121,800
5121,5481
5121,2051
5121,5465
5121,5264
5121,2582
5121,1809
4878,897
4878,1767
4878,4878
4878,2685
4878,4001
4878,1932
4878,2492
4878,1908
4878,914
4878,3878
4878,2783
4878,1756
4485,172
4485,1607
4485,4485
4485,563
4485,4379
4485,4349
4485,5423
4485,353
4485,450
4485,4191
4485,5232
4485,4974
4485,849
4999,3432
4999,2854
4999,3055
4999,4999
4999,1106
4999,2235
4999,404
4999,3695
4999,690
4999,1193
4999,939
4999,914
4999,2137
4999,3928
4999,3878
4999,253
4999,4244
4999,2077
4999,5047
4999,2278
3142,3433
3142,3138
3142,3591
3142,2080
3142,1899
3142,3142
3142,4900
3142,2230
3142,720
3142,2595
3142,4378
3142,4649
3142,5609
3142,471
3142,1863
3142,2838
3142,4891
3142,1850
3142,5596
3142,2009
3142,4749
3142,2840
3142,1439
593,4548
593,3015
593,2772
593,593
593,4046
593,1688
593,5495
593,775
593,3802
593,2410
593,5463
593,2699
593,21
593,1565
593,3784
593,2540
593,3373
593,5162
593,5572
593,4571
4630,3084
4630,4630
4630,1314
4630,410
4630,4889
4630,1479
4630,538
4630,3323
4630,1831
4630,4970
4630,3861
4630,1945
4630,139
4630,4202
4630,89
731,2964
731,731
731,1654
731,1796
731,2691
731,941
731,5080
731,54
731,1476
731,504
731,2283
731,5202
731,744
731,3589
731,5197
731,4976
731,2737
731,2136
3586,4948
3586,3084
3586,2006
3586,2799
3586,532
3586,5332
3586,3586
3586,577
3586,5399
3586,410
3586,2031
3586,1509
3586,4889
3586,4554
3586,4599
3586,538
3586,235
3586,457
3586,1277
3586,5299
208,3389
208,3480
208,4771
208,4300
208,4692
208,1551
208,4319
208,208
208,3265
208,1519
208,5124
208,1282
208,4850
208,2668
208,5526
208,1383
208,169
208,342
208,1823
208,2767
208,807
208,1002
208,1121
208,1949
208,4533
208,42
208,1952
208,1411
208,3783
208,1228
208,4279
208,5305
208,482
208,3873
208,2756
4207,5277
4207,1342
4207,2738
4207,2020
4207,559
4207,4207
4207,2993
4207,4424
4207,1266
4207,2
4207,2966
4207,1812
4207,5155
4207,4248
4207,4546
4207,3847
4207,2864
4207,3223
4207,5567
4207,2395
4207,3058
4207,2280
4207,2956
4207,3685
4207,4309
4207,1586
4207,782
4207,1885
332,332
332,2008
332,4076
332,2431
332,2753
332,785
332,3322
332,4415
332,4296
332,1124
332,1298
332,2855
332,3902
332,3697
332,1818
332,2187
332,4160
332,830
332,268
332,2317
31,31
31,255
31,1419
31,5045
31,935
31,3501
31,3568
31,5384
31,2627
31,4528
31,1598
31,2228
31,4604
2508,3290
2508,2147
2508,2508
2508,200
2508,1016
2508,2955
2508,5497
2508,1795
2508,4841
2508,2744
2508,1420
2508,2415
2508,1233
2508,369
2508,3158
2508,1430
2508,2626
2508,3453
2508,3772
2508,3455
2508,724
2508,1285
5116,5116
5116,3408
5116,1126
5116,1085
5116,5209
5116,1728
4900,3484
4900,3138
4900,3591
4900,2080
4900,4513
4900,3142
4900,4900
4900,4799
4900,720
4900,2595
4900,1357
4900,4378
4900,4334
4900,4649
4900,5609
4900,1863
4900,2838
4900,4891
4900,1850
4900,5596
4900,2009
4900,5164
4900,2202
4900,257
4900,2840
4900,1829
2604,161
2604,2052
2604,4446
2604,2604
2604,2106
2604,82
2604,131
2604,3114
2604,1759
2604,4117
2604,4314
2604,2802
2604,2751
2445,3202
2445,1436
2445,5059
2445,4053
2445,2445
2445,4466
2445,729
2445,4163
2445,4890
2445,3361
2445,2081
2445,3267
2445,829
3452,456
3452,2885
3452,5643
3452,3410
3452,3452
3452,1860
3452,2750
3452,4097
3452,3219
3452,3244
3452,660
3452,3144
3452,4939
3452,1477
3452,3934
3452,4873
3452,3401
3452,697
3452,770
3452,1413
3452,1019
3452,220
3452,2513
3452,1036
3452,2094
3452,3402
3452,3387
3452,2199
3452,336
3452,418
3452,212
3452,4130
3452,5362
3452,3448
3452,621
3452,1906
3452,1415
3452,2058
3452,5307
4589,2581
4589,904
4589,4922
4589,4589
4589,2669
4589,5524
4589,3150
4589,4348
4589,4673
4589,2311
4589,4828
4589,3678
4589,5301
4589,4006
4589,219
3735,3735
3735,4430
3735,4521
3735,2289
3735,851
3735,2645
3735,2797
3735,2914
3735,4605
2034,2069
2034,2115
2034,658
2034,2034
2034,3610
2034,5366
2034,714
2034,3868
2034,289
2034,5067
2034,83
2034,4960
2034,2976
2034,2623
2034,3598
2034,5630
2034,4393
3029,2461
3029,1936
3029,3029
3029,2220
3029,288
3029,22
3029,3225
3029,3773
3029,4212
3029,2549
1928,2726
1928,1928
1928,859
1928,4296
1928,393
1928,1129
1928,5471
1928,3902
1928,2577
1928,2187
1928,268
1928,5182
1928,2317
3137,1612
3137,2350
3137,4285
3137,2439
3137,1361
3137,3137
3137,498
3137,1301
3137,3336
3137,238
3137,2155
3137,2004
3137,4864
3137,5631
3137,1656
3137,2087
3137,3161
3137,5118
3137,2210
3137,1720
3137,3385
3137,3184
3137,4946
3137,458
3137,3056
3137,5498
3137,15
3137,2693
3137,321
3137,3418
3137,3665
3137,1289
3137,5312
3137,2380
3137,3600
3137,4715
3137,2175
3137,5470
3137,3136
3137,1993
2920,29
2920,856
2920,2760
2920,2920
2920,4128
2920,942
2920,4357
2920,1966
2920,1205
2920,5311
2920,3770
2920,357
2920,4118
2920,4906
2920,2547
2920,2330
2920,1039
2920,3042
434,434
434,5246
434,2050
434,1861
434,779
434,1475
434,64
434,1858
434,2059
4408,3110
4408,4408
4408,453
4408,3185
4408,409
4408,949
4408,1050
4408,1716
4408,2538
4408,834
4408,5337
4408,2205
4408,916
4408,272
4408,1504
4408,236
4408,2341
3508,2025
3508,4597
3508,4151
3508,486
3508,634
3508,4083
3508,3508
3508,4711
3508,1965
3508,1010
3508,760
3508,1323
3508,3044
3508,2302
3508,3862
3508,3823
4098,5290
4098,1511
4098,4433
4098,3923
4098,5523
4098,2671
4098,2806
4098,2940
4098,4098
4098,5230
4098,1517
4098,3827
4098,5473
4098,727
4098,113
4098,2568
4098,2844
4098,1318
4098,4217
4098,1134
4098,2045
4098,3159
4098,5304
4098,3602
4098,2732
4098,3080
4098,3450
4098,2457
4098,2460
4098,4066
4046,2988
4046,3015
4046,593
4046,4046
4046,1688
4046,5495
4046,2055
4046,4096
4046,548
4046,4600
4046,3131
4046,2410
4046,3076
4046,1510
4046,1843
4046,1525
4046,5463
4046,1232
4046,2699
4046,3784
4046,1729
4046,4464
4046,694
4046,1431
4046,4127
4046,5297
4046,2540
4046,3373
4046,3741
3245,25
3245,92
3245,2052
3245,3245
3245,82
3245,131
3245,5341
3245,4376
3245,969
3245,2736
3245,4635
3245,5447
3245,2802
3245,1699
3245,611
3245,1742
1530,1530
1530,3940
1530,595
1530,866
1530,5506
1530,5486
1530,3354
1530,4792
1530,2562
1530,2388
1530,3334
1530,493
1530,3607
1530,3988
1530,3514
1530,4598
1530,930
2702,141
2702,2139
2702,2524
2702,2125
2702,4454
2702,2702
2702,3273
2702,5300
2702,5549
2702,3152
2702,3073
2702,2007
2702,3469
2702,2734
2702,91
2702,3102
2702,1657
2702,1856
2702,2417
671,4232
671,3348
671,1224
671,716
671,1679
671,5320
671,671
671,5231
671,4476
671,1452
671,4398
671,2804
671,2082
671,411
671,5255
671,805
671,2630
671,850
671,3542
671,4137
671,3413
671,79
671,4336
671,5475
671,2151
671,3797
671,1539
2076,1816
2076,4285
2076,2960
2076,28
2076,1754
2076,2076
2076,1301
2076,238
2076,2155
2076,4864
2076,4684
2076,3510
2076,1115
2076,3018
2076,5259
2076,1664
2076,5631
2076,4767
2076,3438
2076,2400
2076,1998
2076,2087
2076,4638
2076,1013
2076,1547
2076,1720
2076,3385
2076,3184
2076,5105
2076,1650
2076,458
2076,5002
2076,273
2076,5498
2076,5570
2076,15
2076,2693
2076,321
2076,319
2076,125
2076,3665
2076,1289
2076,5312
2076,524
2076,2380
2076,5571
2076,3050
2076,3600
2076,2146
2076,4400
2076,5318
2076,3281
2076,3136
2076,4567
2076,1791
2076,2792
2076,3632
2076,865
2076,1993
3548,2368
3548,4220
3548,3234
3548,3548
3548,3633
3548,186
3548,1245
3548,4385
3548,1599
3548,2145
3548,2900
3548,863
3548,2225
3548,4224
3548,1970
3548,218
3548,4324
3548,759
3548,3011
3548,831
3548,2284
3548,4784
3548,5269
3548,4409
1208,3048
1208,1208
1208,3657
1208,999
1208,340
1208,1643
1208,469
1208,5404
1208,4507
1208,1428
1208,2382
1208,4307
1208,3853
1208,3105
1208,5286
1208,4848
1269,2904
1269,624
1269,1304
1269,5319
1269,1269
1269,373
1269,2925
1269,1272
1269,5568
1269,1481
1269,475
1269,5379
1269,5614
1269,4877
1269,1588
1269,191
1269,2719
1269,2672
1269,828
1269,5149
1269,4326
1269,5317
1269,4426
1269,1960
1269,2223
1269,1916
1269,3907
1269,4124
1269,3873
1269,4666
1269,3839
3346,4790
3346,4687
3346,3346
3346,5229
3346,5388
3346,4966
3346,2633
3346,4982
3346,4609
3346,4262
3346,3121
3346,2113
3346,749
3346,2365
3346,996
3346,2178
3346,765
3346,1999
3346,5054
3346,4480
3346,3406
1171,4566
1171,1171
1171,176
1171,3937
1171,5558
1171,4271
1171,1327
1171,2315
1171,2728
75,3168
75,3522
75,75
75,1074
75,2434
75,989
75,4465
75,122
75,1632
75,1545
75,1159
75,3315
75,2891
75,2105
75,1922
1074,231
1074,75
1074,1074
1074,4467
1074,4090
1074,989
1074,1545
1074,2105
1074,2081
1074,703
1074,5086
1074,264
1181,2814
1181,1181
1181,61
1181,3515
1181,3239
1181,1869
1181,3909
1181,4489
1181,3444
1181,3209
3687,5014
3687,2961
3687,1035
3687,5422
3687,3687
3687,1833
3687,3092
3687,2304
3687,1037
3687,915
3687,2180
3687,3487
3687,785
3687,4915
3687,4823
3687,3806
3687,36
3687,2921
3687,717
3687,3074
3687,956
3687,2879
3687,3367
3687,440
3687,5455
3687,905
3687,4515
3687,2295
3687,2995
1710,1465
1710,2677
1710,516
1710,1710
1710,5606
1710,4997
1710,14
1710,3368
1710,3766
1710,3483
1710,2873
1710,1600
1710,1209
1710,4861
1710,126
1710,2396
4711,2025
4711,2208
4711,486
4711,3597
4711,2378
4711,1441
4711,3508
4711,4711
4711,1965
4711,1946
4711,1070
4711,1526
4711,1323
4711,1687
4711,5226
4711,1363
4711,2302
4711,3862
4711,1065
577,3084
577,3100
577,2006
577,2799
577,532
577,5332
577,3586
577,577
577,1739
577,5399
577,2843
577,2291
577,2990
577,3250
577,2031
577,1509
577,4889
577,4554
577,2165
577,4599
577,4373
577,932
577,5043
577,4133
577,5056
577,457
577,2896
577,1277
577,5299
498,1612
498,3480
498,4771
498,2350
498,3518
498,4285
498,2439
498,1754
498,3137
498,498
498,1301
498,3265
498,3336
498,238
498,2004
498,4864
498,4684
498,1115
498,1664
498,5631
498,4767
498,2087
498,2668
498,3161
498,1383
498,342
498,5118
498,2210
498,1720
498,3385
498,3184
498,4946
498,458
498,1949
498,15
498,2693
498,321
498,3418
498,125
498,1289
498,5312
498,3855
498,2380
498,3600
498,4715
498,3783
498,5470
498,4279
498,3136
498,4567
498,5305
498,3816
498,1993
498,2989
3657,3238
3657,1208
3657,3657
3657,2071
3657,2229
3657,5450
3657,4730
3657,1643
3657,469
3657,3095
3657,5404
3657,419
3657,1428
3657,922
3657,4307
3657,3853
3657,1330
3657,3105
3657,5286
3657,4848
61,1181
61,61
61,1288
61,2326
61,1869
61,3444
3573,3987
3573,3573
3573,929
3573,1722
3573,1625
3573,773
3573,2279
3573,1815
3573,3984
3573,279
3573,2948
3573,2661
3573,2294
3573,812
3573,2580
3573,5128
3573,3093
3573,5323
3573,1305
3573,686
3573,857
3573,1234
3573,4580
3573,1483
3573,5144
3573,1421
5385,2120
5385,3433
5385,806
5385,4517
5385,249
5385,1899
5385,5198
5385,5385
5385,1880
5385,3332
5385,2687
5385,4270
5385,1448
5385,4139
5385,4029
5385,2838
5385,2290
5385,4325
5385,1847
5385,3459
5385,5597
5385,1623
5385,2629
5385,847
5385,4749
5385,3399
5385,1439
918,1612
918,2350
918,5186
918,1361
918,918
918,2913
918,1353
918,1656
918,4690
918,4613
918,1644
918,3067
918,4651
918,2210
918,638
918,2486
918,3056
918,588
918,666
918,1939
918,3251
918,2175
918,3801
918,2816
918,4986
1301,3389
1301,3480
1301,1816
1301,4285
1301,4692
1301,1551
1301,2960
1301,2439
1301,1754
1301,3137
1301,2076
1301,498
1301,1301
1301,238
1301,2155
1301,2004
1301,4864
1301,4684
1301,3510
1301,1115
1301,5259
1301,1664
1301,5631
1301,4767
1301,3438
1301,2400
1301,1998
1301,2087
1301,4638
1301,1013
1301,1547
1301,1720
1301,3385
1301,3184
1301,5105
1301,1650
1301,458
1301,2767
1301,5002
1301,1949
1301,273
1301,5498
1301,5570
1301,15
1301,2693
1301,321
1301,3418
1301,319
1301,125
1301,3665
1301,1289
1301,5312
1301,2380
1301,5571
1301,3050
1301,3600
1301,2146
1301,4715
1301,4400
1301,5318
1301,5470
1301,3281
1301,3136
1301,4567
1301,1791
1301,2792
1301,3632
1301,865
1301,1993
3532,4741
3532,2854
3532,3180
3532,166
3532,3055
3532,3532
3532,4173
3532,3695
3532,3780
3532,690
3532,939
3532,3618
3532,2328
3532,253
3532,4244
3532,1408
3532,4332
5260,5260
5260,3844
5260,2917
5260,3535
5260,4048
5260,2656
5260,752
5260,1475
5260,738
5260,1766
5260,2059
5260,4172
5260,3133
5545,4002
5545,3211
5545,792
5545,612
5545,5545
5545,2157
5545,2818
5545,2253
5545,647
5545,3694
5545,4460
5545,300
5545,3540
5545,986
5545,1480
5545,955
5545,1066
5545,3656
5545,4965
5545,454
5545,1859
5545,2300
2299,4837
2299,285
2299,2299
2299,276
2299,3001
2299,1637
2299,34
2299,3829
2299,959
2299,4671
880,5266
880,441
880,880
880,5472
880,948
880,1274
880,908
880,764
880,2820
3504,1043
3504,1520
3504,380
3504,2988
3504,3504
3504,570
3504,4564
3504,2055
3504,4096
3504,4600
3504,2259
3504,2861
3504,3076
3504,1510
3504,1843
3504,2560
3504,2356
3504,3577
3504,1076
3504,1729
3504,5149
3504,4464
3504,694
3504,1431
3504,786
3504,4426
3504,1187
3504,11
3504,1660
3504,2332
3504,3741
757,4959
757,1450
757,4896
757,2024
757,1961
757,757
757,1346
757,1575
757,5270
757,2906
757,2593
757,5617
757,5263
757,2361
757,4903
757,4782
757,3256
757,1943
757,2377
757,3786
757,1891
757,4988
757,4428
757,3298
757,2801
757,1732
3151,1793
3151,3151
3151,142
3151,3679
3151,211
3151,1126
3151,3258
3151,4863
3151,4377
3151,1619
3151,1728
3151,81
3877,2845
3877,1550
3877,4593
3877,3877
3877,4347
3877,875
3877,1162
3877,5246
3877,2418
3877,1861
3877,1120
3877,779
3877,1240
3877,64
5472,5266
5472,441
5472,880
5472,5472
5472,3200
5472,948
5472,4510
5472,1274
1524,1436
1524,4508
1524,5077
1524,1524
1524,4466
1524,4680
1524,2212
1524,4211
1524,648
1524,5607
1524,4885
1524,2128
1524,4890
1524,3205
1524,829
1524,3178
1524,4418
1524,4807
1524,4170
3526,3955
3526,3833
3526,3546
3526,3526
3526,1396
3526,1267
3526,3451
3526,982
3526,2628
3526,4516
3526,2475
3526,3728
3526,1507
3526,313
3526,4971
3526,606
5591,2211
5591,4495
5591,5591
5591,1311
5591,4105
5591,2037
5591,1555
5591,3631
5591,1427
5591,544
5591,5467
5591,4261
5591,5541
5230,5290
5230,4569
5230,4433
5230,2671
5230,2940
5230,4098
5230,5230
5230,4306
5230,3827
5230,727
5230,478
5230,2451
5230,1318
5230,4217
5230,1134
5230,3904
5230,3191
5230,3080
325,574
325,325
325,2409
325,5187
325,1585
325,4825
2085,4576
2085,4963
2085,3957
2085,4289
2085,1075
2085,2096
2085,5198
2085,1704
2085,2085
2085,1719
2085,3681
2085,3550
2085,3332
2085,4065
2085,3338
2085,4029
2085,3626
2085,1195
2085,4718
2085,847
2085,333
2085,4984
2085,4417
2085,3399
2325,5397
2325,2655
2325,1784
2325,2325
2325,5449
2325,4122
2325,4019
2325,1978
2325,4354
2325,4024
2325,2600
2325,2282
2325,2690
2325,2276
2325,117
2325,483
2325,4047
990,4569
990,2035
990,990
990,4578
990,4306
990,4110
990,4733
990,301
990,478
990,1591
990,2469
990,1967
990,902
990,5065
4547,2748
4547,5512
4547,2268
4547,4547
4547,3956
4547,3738
4547,3543
4547,3224
4547,4204
4547,1394
4547,4899
4547,862
4547,713
4547,1985
4547,4801
4547,2851
4800,2426
4800,4800
4800,2241
4800,3614
4800,3007
4800,3999
4800,2129
4800,3659
4800,3726
4800,5484
4800,306
4800,3916
4800,5630
4800,4995
4800,603
5606,2677
5606,516
5606,1710
5606,5606
5606,1179
5606,14
5606,3368
5606,5626
5606,3482
5606,1600
5606,1802
5606,1955
5606,126
5606,3391
5606,4381
228,263
228,228
228,3748
228,3247
228,882
228,3030
228,2176
228,1050
228,958
228,1531
228,2610
228,3575
228,2703
228,701
228,3064
228,5337
228,3571
228,5461
228,2261
228,5400
1940,2974
1940,5437
1940,1495
1940,1940
1940,3304
1940,2285
1940,2357
1940,1872
1940,4539
1940,4808
1940,1942
1940,153
1940,120
1940,1039
1572,2120
1572,1468
1572,2621
1572,5424
1572,1572
1572,2510
1572,5627
1572,1153
1572,2775
1572,2687
1572,4139
1572,3351
1572,2290
1572,3459
1572,1976
1572,109
1572,2629
1572,5584
1572,3086
1139,107
1139,3422
1139,3870
1139,2721
1139,1139
1139,4641
1139,980
1139,3296
1139,3761
1139,2647
1139,2166
1139,1455
1139,2158
1139,4952
1139,2886
1139,184
1139,5511
1139,1250
1139,4884
1139,2849
1139,4888
1097,1950
1097,3952
1097,2972
1097,1097
1097,1048
1097,4795
1097,3658
1097,2681
1097,3800
1097,66
1097,4849
1097,1248
1719,4963
1719,3957
1719,4289
1719,1075
1719,2096
1719,5198
1719,1704
1719,2085
1719,1719
1719,3681
1719,3550
1719,3332
1719,3243
1719,4270
1719,3420
1719,3626
1719,1195
1719,3079
1719,4718
1719,847
1719,333
1719,4984
1719,4417
1719,3399
1719,1071
5225,33
5225,5225
5225,869
5225,5238
5225,1487
5225,3620
5225,2498
5225,3407
5225,4341
5225,2129
5225,1626
5225,512
5225,3881
5225,4292
144,2049
144,5542
144,2821
144,5369
144,144
144,5069
144,4265
144,1734
144,2739
144,5010
144,3932
144,4522
144,5073
144,1991
144,1854
144,5340
144,4010
144,5559
144,217
1048,1950
1048,5251
1048,1097
1048,1048
1048,5172
1048,3658
1048,2681
1048,3800
1048,2573
1048,4849
1048,846
1048,327
1048,1248
837,2648
837,4548
837,737
837,4446
837,837
837,1878
837,2611
837,775
837,546
837,3412
837,260
837,3722
837,291
837,2086
837,4117
837,1319
837,1879
570,1043
570,1520
570,380
570,2988
570,3504
570,570
570,373
570,4564
570,2055
570,4096
570,548
570,4600
570,2259
570,2861
570,3076
570,1510
570,1843
570,2560
570,2356
570,3577
570,1076
570,1729
570,5149
570,4464
570,694
570,1431
570,786
570,4426
570,1187
570,11
570,1660
570,2332
570,3741
2938,2211
2938,3285
2938,4495
2938,2938
2938,4197
2938,1339
2938,3416
2938,3631
2938,3045
2938,2054
2938,3425
2938,4942
2938,5541
2938,3423
2938,1929
997,3429
997,997
997,2236
997,3804
997,550
997,5057
997,320
997,3248
997,2533
997,5274
997,4740
997,4615
997,1029
997,4394
997,12
997,4258
997,1975
997,2003
997,1163
997,338
997,650
997,1824
997,488
997,541
4610,5490
4610,4944
4610,4610
4610,2264
4610,3547
4610,3199
4610,763
4610,3227
4610,2745
4610,4192
4610,2078
4610,855
4610,3122
4610,2910
2762,5415
2762,5542
2762,5369
2762,1482
2762,3755
2762,2762
2762,1081
2762,4592
2762,5373
2762,4872
2762,5041
2762,3932
2762,4522
2762,4401
2762,1991
2762,1222
2762,2559
2762,5340
2762,134
2762,5559
2762,2546
2762,217
4254,4254
4254,3807
4254,743
4254,1473
4254,4184
4254,5434
4254,1615
4254,2333
4254,2387
4254,5146
4254,3329
215,2933
215,1516
215,3099
215,3622
215,215
215,3553
215,5008
215,3512
215,4815
215,4073
215,3691
215,1904
215,5072
215,609
215,4059
215,3088
215,2383
215,5306
215,2724
215,500
215,2947
215,19
215,2084
215,168
215,3958
215,1951
215,5354
215,5585
4027,1851
4027,742
4027,1136
4027,1566
4027,4881
4027,4644
4027,4027
4027,276
4027,4852
4027,2620
4027,3975
4027,613
4027,718
4027,447
4027,4753
4027,3213
4027,4954
4027,4061
4027,2471
4027,1958
4027,2607
4027,4518
4027,3012
4027,370
3265,3480
3265,4771
3265,4300
3265,3518
3265,5575
3265,1754
3265,4319
3265,208
3265,498
3265,3265
3265,1519
3265,4767
3265,1282
3265,2668
3265,3161
3265,1383
3265,342
3265,5118
3265,3385
3265,4946
3265,807
3265,1949
3265,4533
3265,321
3265,4421
3265,2875
3265,3855
3265,4715
3265,3783
3265,1228
3265,4279
3265,3136
3265,5305
3265,1258
3265,3816
3265,2989
1273,2062
1273,1652
1273,5396
1273,2757
1273,1273
1273,4176
1273,4404
1273,206
1273,3961
1273,376
1273,861
1273,2393
1148,3313
1148,3513
1148,68
1148,1148
1148,341
1148,157
1148,390
1148,4350
1148,1890
5557,456
5557,385
5557,5621
5557,1923
5557,4318
5557,2586
5557,5643
5557,3410
5557,470
5557,4525
5557,5557
5557,2747
5557,2750
5557,4097
5557,5551
5557,2270
5557,3737
5557,4939
5557,2977
5557,1477
5557,3708
5557,2349
5557,4302
5557,348
5557,2662
5557,5629
5557,4910
5557,1176
5557,4873
5557,3401
5557,295
5557,697
5557,1413
5557,220
5557,3637
5557,1036
5557,2094
5557,3402
5557,2199
5557,618
5557,4130
5557,2941
5557,430
5557,5362
5557,5315
5557,3448
5557,4627
5557,1906
5557,1415
5557,2072
5557,2058
5037,3172
5037,2262
5037,5413
5037,4827
5037,5037
5037,4482
5037,3129
5037,2266
5037,526
5037,4980
5037,596
5037,4356
5037,223
5037,4894
5037,2812
5037,2614
5037,4664
5037,2449
5037,4069
5037,60
5037,5442
5037,2047
5037,1238
5037,2665
5037,1592
5037,429
5037,868
5037,4556
5037,2305
5037,3701
5037,3360
5037,3785
1965,2025
1965,2208
1965,486
1965,3597
1965,2378
1965,3508
1965,4711
1965,1965
1965,1946
1965,1526
1965,1323
1965,3044
1965,1687
1965,5226
1965,1363
1965,2302
1965,3862
1965,1065
2071,3238
2071,3657
2071,2071
2071,4674
2071,4035
2071,2229
2071,5082
2071,27
2071,5450
2071,4730
2071,1643
2071,3095
2071,5404
2071,419
2071,1194
2071,923
2071,922
2071,3118
2071,3853
2071,1330
2071,4472
2071,976
2071,5205
2071,5236
2071,4848
2071,4723
276,742
276,1566
276,4881
276,2299
276,4027
276,276
276,3001
276,1637
276,4040
276,34
276,3975
276,3829
276,4753
276,3213
276,4954
276,4061
276,2607
276,4518
276,370
4511,3099
4511,1041
4511,3116
4511,820
4511,4511
4511,1913
4511,4815
4511,1680
4511,2095
4511,3034
4511,1423
4511,2127
4511,5306
4511,349
4511,1343
4511,2051
4511,5421
4511,5465
4511,1951
4511,1809
5244,3474
5244,5244
5244,3277
5244,316
5244,3628
5244,140
5244,69
5244,4537
5244,3345
5244,1614
5244,1026
5244,3468
5244,2064
5244,543
5244,1355
5244,3143
5244,111
5244,3712
1017,1735
1017,2776
1017,1017
1017,892
1017,3848
1017,2237
1017,5204
1017,280
1017,4419
1017,225
1017,4395
1017,3082
1017,3836
154,2524
154,3193
154,3165
154,154
154,188
154,5145
154,142
154,4144
154,5300
154,211
154,3152
154,1618
154,2899
154,3775
154,3963
154,3469
154,4377
154,2440
154,3731
1828,1170
1828,3023
1828,4455
1828,4340
1828,350
1828,1828
1828,5289
1828,3944
1828,3371
1828,5035
1828,4272
1828,4055
1828,5499
1828,1768
1828,4725
1828,1053
1828,3132
1828,4273
1828,344
1828,1140
1828,1095
1828,1877
1828,1616
1828,170
1828,2811
1828,4642
1828,387
1828,870
1296,4423
1296,2245
1296,1296
1296,5249
1296,3949
1296,18
1296,1249
1296,3248
1296,5435
1296,2942
1296,3671
1296,845
1296,76
1296,2865
1296,4256
1296,4972
1296,2983
1296,699
1833,2961
1833,1035
1833,5422
1833,3687
1833,1833
1833,3092
1833,2304
1833,1037
1833,2180
1833,2753
1833,785
1833,3057
1833,4915
1833,3806
1833,717
1833,3074
1833,956
1833,2879
1833,3367
1833,440
1833,5455
1833,3697
1833,4515
1833,1818
1833,4160
1833,2995
4601,2752
4601,29
4601,4601
4601,2194
4601,3721
4601,942
4601,586
4601,1205
4601,965
4601,1919
4601,3770
4601,1051
4601,5133
4601,710
4601,1087
4601,2601
4488,549
4488,3522
4488,4687
4488,4488
4488,5229
4488,5388
4488,4131
4488,2633
4488,5398
4488,5370
4488,4645
4488,4034
4488,4163
4488,4103
4488,996
4488,2178
4488,1999
5013,4406
5013,5426
5013,1989
5013,5013
5013,3842
5013,2836
5013,2181
5013,4502
5013,568
5013,2786
4590,921
4590,1500
4590,3518
4590,5186
4590,5575
4590,617
4590,1096
4590,4064
4590,4590
4590,4308
4590,5088
4590,4918
4590,1353
4590,5583
4590,5009
4590,1453
4590,5392
4590,4613
4590,3067
4590,1442
4590,4651
4590,4819
4590,3621
4590,638
4590,2486
4590,5402
4590,4411
4590,588
4590,492
4590,4421
4590,3349
4590,3447
4590,1939
4590,2875
4590,3855
4590,4588
4590,4245
4590,2367
4590,1172
4590,1258
4590,4986
4590,1745
4590,1114
1179,3313
1179,3513
1179,2677
1179,1405
1179,5606
1179,1179
1179,636
1179,5626
1179,3482
1179,1600
1179,5566
1179,3026
1179,157
1179,390
1179,4350
1179,1890
1179,3391
1179,5165
1179,4381
1179,4008
1117,511
1117,442
1117,251
1117,637
1117,1117
1117,2519
1117,3948
1117,4384
1117,246
1117,99
1117,2870
1117,2570
1117,2587
1117,920
1117,4450
1117,2912
1117,4789
1117,4832
1117,4444
1117,1605
176,4566
176,1171
176,176
176,3364
176,1178
176,5558
176,4271
176,1327
540,423
540,540
540,5217
540,4798
540,2364
540,4835
540,622
540,4327
540,945
540,3562
540,3906
540,5239
579,1136
579,2784
579,5095
579,4429
579,579
579,2053
579,5189
579,1365
579,2638
579,1795
579,2744
579,613
579,2782
579,1420
579,1233
579,369
579,1328
579,1948
579,1907
579,2626
579,1958
579,3453
579,1055
579,724
579,3012
579,2429
3812,5277
3812,668
3812,2676
3812,2416
3812,3812
3812,5283
3812,3905
3812,2993
3812,1846
3812,3613
3812,1678
3812,4074
3812,4248
3812,711
3812,3393
3812,1337
3812,3954
3812,3727
3812,4958
3812,3098
3812,2817
3812,1773
3812,1746
3812,1787
3812,204
3812,4447
3812,3182
3812,1737
3812,842
3812,3229
3812,4067
3812,1924
3812,1000
3844,3828
3844,1595
3844,1987
3844,5260
3844,3844
3844,1402
3844,1359
3844,2050
3844,2917
3844,3535
3844,5050
3844,2656
3844,465
3844,4462
3844,1766
3844,2059
2335,1718
2335,1324
2335,3226
2335,2335
2335,3519
2335,561
2335,2468
2335,341
2335,5215
2335,747
2335,994
2335,4620
2335,2882
2335,2334
2335,87
2335,3040
5440,5440
5440,1567
5440,1112
5440,873
5440,5444
5440,4514
5440,2898
2913,1612
2913,2350
2913,4803
2913,5186
2913,617
2913,1361
2913,918
2913,2913
2913,1353
2913,4690
2913,3519
2913,127
2913,1453
2913,4613
2913,3067
2913,1442
2913,4651
2913,638
2913,2486
2913,588
2913,492
2913,496
2913,3838
2913,3447
2913,666
2913,1939
2913,3251
2913,3801
2913,4221
2913,4245
2913,4986
2913,3040
2913,1745
2913,156
4087,143
4087,988
4087,4624
4087,4087
4087,2716
4087,5375
4087,584
4087,1972
4087,287
4087,2252
4087,1028
4087,2660
4087,5271
4087,5642
4087,1098
4087,147
4087,2565
4087,4655
4087,1675
4087,1810
308,5535
308,3500
308,247
308,877
308,2609
308,891
308,2391
308,1692
308,308
308,1603
308,121
308,392
308,1702
308,2470
308,1262
308,4550
308,3497
308,4228
308,1666
308,2708
308,2959
308,2763
308,5227
308,310
308,578
308,5431
308,1804
308,1403
308,2858
308,1089
308,3395
929,1151
929,3573
929,929
929,2038
929,2279
929,1815
929,2109
929,2661
929,4743
929,66
929,2580
929,5323
929,1305
929,1281
929,4580
929,318
929,547
929,1364
929,3604
929,3101
1722,3987
1722,3690
1722,3573
1722,1722
1722,1625
1722,773
1722,5372
1722,1934
1722,3993
1722,1749
1722,279
1722,2126
1722,5128
1722,628
1722,4434
1722,686
1722,1286
1722,1234
1722,4206
1722,3013
1722,1483
1722,3009
1722,1079
1722,5144
1722,1421
1517,4857
1517,1511
1517,4433
1517,3923
1517,2671
1517,2806
1517,4098
1517,1517
1517,1346
1517,1575
1517,5243
1517,1819
1517,1981
1517,5473
1517,3318
1517,113
1517,4361
1517,2568
1517,5263
1517,2844
1517,347
1517,2361
1517,2922
1517,1134
1517,2502
1517,3159
1517,5304
1517,158
1517,4903
1517,4782
1517,1943
1517,1329
1517,181
1517,3340
1517,2732
1517,2801
1517,3450
1517,451
1517,4794
1517,5141
1517,2457
1517,2460
1517,3578
5507,2848
5507,2632
5507,3286
5507,5507
5507,431
5507,2887
5507,4778
5507,269
5507,4709
5507,5344
5507,5466
5507,2254
5507,1543
5374,1280
5374,3270
5374,2939
5374,3376
5374,2099
5374,4018
5374,5374
5374,4136
5374,4372
5374,444
5374,1434
5374,4178
5374,1167
5374,4712
5374,1317
5374,5327
5374,474
5374,5106
5374,575
5374,3887
5374,3979
4691,1450
4691,4896
4691,4691
4691,3914
4691,354
4691,4990
4691,740
4691,3275
4691,3388
4691,1556
4691,5134
4691,1785
4691,71
4691,4988
4691,2631
4691,5174
4691,1732
453,3110
453,4408
453,453
453,3185
453,409
453,949
453,1050
453,1716
453,5114
453,2538
453,834
453,2143
453,5337
453,2205
453,916
453,272
453,1504
453,1060
453,236
453,2341
2344,1694
2344,4804
2344,2336
2344,2344
2344,3642
2344,2669
2344,5184
2344,372
2344,3150
2344,3014
2344,1997
2344,1638
2344,4526
2344,5301
3499,3499
3499,5343
3499,1314
3499,4813
3499,4606
3499,2222
3499,3323
3499,4970
3499,3861
3499,1945
3499,4474
3277,2657
3277,5244
3277,3277
3277,316
3277,4368
3277,3628
3277,140
3277,69
3277,2339
3277,3967
3277,3279
3277,1614
3277,3468
3277,2064
3277,1077
3277,3143
3277,111
3277,2582
4482,3172
4482,2262
4482,874
4482,5037
4482,4482
4482,2266
4482,4980
4482,596
4482,223
4482,2614
4482,4664
4482,2449
4482,4924
4482,4069
4482,60
4482,5442
4482,2047
4482,1238
4482,2665
4482,868
4482,2305
4482,3701
4482,3360
4482,3785
4231,3352
4231,4231
4231,3895
4231,1674
4231,1128
4231,2506
4231,2469
4231,413
4231,4603
4231,4887
4231,5102
4231,86
4231,3890
4231,3929
4231,3927
4231,3502
4231,2197
4231,323
4231,1242
4231,5065
4578,2035
4578,990
4578,4578
4578,4306
4578,4110
4578,4733
4578,301
4578,1591
4578,3601
4578,2723
4578,1967
4578,902
4578,1390
4578,3166
600,5488
600,3715
600,3893
600,600
600,37
600,5365
600,1251
600,3886
600,4104
600,4369
712,2754
712,1247
712,2667
712,712
712,1186
712,2503
712,700
712,3876
712,416
712,1935
712,2355
712,3386
712,2021
712,602
712,1849
712,5004
712,1312
2008,332
2008,2008
2008,4076
2008,2431
2008,2753
2008,3322
2008,4415
2008,4296
2008,1124
2008,1298
2008,2855
2008,3902
2008,2269
2008,334
2008,1818
2008,4160
2008,830
2008,4020
373,796
373,2979
373,1304
373,1269
373,570
373,373
373,2055
373,2363
373,1272
373,484
373,475
373,1021
373,1384
373,1232
373,1076
373,4877
373,1588
373,2719
373,2672
373,1729
373,194
373,694
373,4426
373,1187
373,4124
373,3839
1956,5169
1956,263
1956,1464
1956,1956
1956,3748
1956,3247
1956,2872
1956,1577
1956,2376
1956,882
1956,2176
1956,1333
1956,2610
1956,3575
1956,5109
1956,1490
1956,1196
1956,701
1956,290
1956,5494
1956,738
1956,1216
1956,2261
1956,5400
1956,5345
1956,1532
1956,4172
5069,2049
5069,5542
5069,2821
5069,144
5069,5069
5069,4265
5069,1734
5069,2739
5069,5010
5069,4522
5069,5073
5069,1991
5069,1854
5069,5340
5069,4010
5069,5559
3257,374
3257,1297
3257,2112
3257,3257
3257,4494
3257,4674
3257,4035
3257,5281
3257,427
3257,1101
3257,753
3257,5450
3257,2603
3257,1622
3257,5127
3257,1194
3257,2301
3257,5355
3257,3378
3257,3118
3257,4472
3257,5595
3257,3475
3257,4723
5229,549
5229,4687
5229,3346
5229,4488
5229,5229
5229,5388
5229,2633
5229,4982
5229,4609
5229,4034
5229,4262
5229,3121
5229,4163
5229,2113
5229,3651
5229,749
5229,3625
5229,2365
5229,996
5229,2178
5229,765
5229,1999
5229,5054
5229,4480
5229,5108
3336,1612
3336,3480
3336,2350
3336,3518
3336,4285
3336,2439
3336,1754
3336,1361
3336,3137
3336,498
3336,3336
3336,238
3336,2155
3336,2004
3336,4864
3336,5631
3336,1656
3336,2087
3336,3161
3336,1383
3336,4651
3336,5118
3336,2210
3336,3385
3336,3184
3336,4946
3336,638
3336,3056
3336,1949
3336,588
3336,15
3336,2693
3336,321
3336,3418
3336,125
3336,1289
3336,3855
3336,2380
3336,3600
3336,4715
3336,5470
3336,3136
3336,4567
3336,5305
3336,3816
3336,1993
3336,2989
3092,5014
3092,1035
3092,5422
3092,3687
3092,1833
3092,3092
3092,2304
3092,1037
3092,915
3092,2180
3092,3487
3092,4915
3092,4823
3092,3806
3092,36
3092,2921
3092,3074
3092,956
3092,2879
3092,3367
3092,440
3092,5455
3092,905
3092,2295
3092,1387
3092,2995
4663,396
4663,2268
4663,4663
4663,3738
4663,3224
4663,1394
4663,2823
4663,4316
4663,5500
4663,4899
4663,713
4663,4181
4663,2851
677,2846
677,1513
677,2458
677,4672
677,677
677,2528
677,4562
677,2406
677,4277
677,3098
677,5333
677,4961
677,3182
677,4016
677,1737
677,5462
677,3953
677,841
677,1000
3768,1595
3768,5169
3768,1464
3768,4775
3768,3768
3768,2872
3768,4998
3768,1577
3768,1884
3768,1490
3768,1196
3768,2917
3768,2944
3768,5494
3768,2029
3768,1107
3768,2437
3768,682
3768,4462
3768,3885
3768,4012
3768,1514
5502,2563
5502,5502
5502,5612
5502,476
5502,952
5502,2745
5502,2570
5502,3269
5502,438
5502,4964
5502,2975
1081,4000
1081,5415
1081,5369
1081,2762
1081,1081
1081,4592
1081,5373
1081,4331
1081,1302
1081,3672
1081,2765
1081,3932
1081,3359
1081,364
1081,3920
1081,1222
1081,2559
1081,5152
1081,134
1081,217
508,3901
508,508
508,2124
508,2837
508,4681
508,2833
508,3492
508,1325
508,5560
508,2859
508,4442
508,646
508,1226
508,1875
508,2704
1106,4999
1106,1106
1106,2235
1106,404
1106,3695
1106,690
1106,939
1106,914
1106,2137
1106,3878
1106,2227
1106,4244
1106,2077
1106,428
1106,5047
1106,2278
3956,4000
3956,2748
3956,1482
3956,4547
3956,3956
3956,3543
3956,1164
3956,4204
3956,1302
3956,5041
3956,862
3956,5346
3956,2559
3956,1985
3956,5555
3956,134
3956,4801
4269,2179
4269,3921
4269,3987
4269,4269
4269,4025
4269,3478
4269,631
4269,3984
4269,226
4269,279
4269,812
4269,4434
4269,1286
4269,1234
4269,4206
4269,3776
4269,517
4269,3031
4269,3875
4269,1421
4269,3910
1552,574
1552,1552
1552,763
1552,2777
1552,1461
1552,4825
1552,855
1552,3077
1552,5052
3358,2448
3358,3358
3358,4798
3358,2485
3358,622
3358,698
3358,3106
3358,3641
4592,5415
4592,5542
4592,5369
4592,1482
4592,3755
4592,2762
4592,1081
4592,4592
4592,4872
4592,5041
4592,3932
4592,4522
4592,4401
4592,1991
4592,1222
4592,2559
4592,5340
4592,134
4592,5559
4592,2546
4592,217
3642,4363
3642,4804
3642,1130
3642,2344
3642,3642
3642,2669
3642,5184
3642,4414
3642,372
3642,3014
3642,4770
3642,1239
3642,4938
3642,5301
3642,4006
4293,4827
4293,874
4293,4293
4293,3129
4293,223
4293,2614
4293,4664
4293,73
4293,4768
4293,4069
4293,5442
4293,2200
4293,2047
4293,1056
4293,1238
4293,1534
4293,1592
4293,868
4293,2305
4293,1188
5388,549
5388,4790
5388,4687
5388,3346
5388,4488
5388,5229
5388,5388
5388,4131
5388,4966
5388,1783
5388,5398
5388,337
5388,4609
5388,4262
5388,3121
5388,5194
5388,2113
5388,4532
5388,749
5388,5367
5388,996
5388,2178
5388,765
5388,1999
5388,1954
5388,3406
1396,65
1396,1236
1396,3833
1396,3824
1396,3526
1396,1396
1396,4042
1396,1090
1396,3729
1396,5336
1396,1507
1396,1252
1396,136
1396,4971
1396,1926
1396,606
1396,5321
238,4285
238,2439
238,1754
238,3137
238,2076
238,498
238,1301
238,3336
238,238
238,2155
238,2004
238,4864
238,4684
238,1115
238,1664
238,5631
238,1656
238,4767
238,3438
238,1998
238,2087
238,4638
238,3161
238,1013
238,2556
238,1547
238,2210
238,1720
238,3385
238,3184
238,5105
238,4946
238,458
238,5002
238,3056
238,5498
238,5570
238,15
238,2693
238,321
238,3418
238,319
238,125
238,3665
238,1289
238,5312
238,2380
238,3600
238,4715
238,4400
238,5318
238,5470
238,3136
238,4567
238,1791
238,2792
238,1993
3304,2974
3304,5437
3304,1495
3304,1940
3304,3304
3304,2285
3304,1872
3304,357
3304,4539
3304,5359
3304,4808
3304,1942
3304,153
3304,120
3304,1039
2516,3782
2516,1132
2516,2516
2516,2198
2516,345
2516,3669
2516,1494
2516,4304
2516,1034
2516,845
2516,2312
2516,1154
2516,2088
2516,5603
2516,1515
4131,549
4131,3522
4131,4687
4131,4488
4131,5388
4131,4131
4131,5398
4131,5370
4131,4645
4131,4034
4131,3051
4131,4103
4131,749
4131,5367
4131,2178
4131,1999
255,31
255,255
255,5045
255,935
255,3501
255,5384
255,2627
255,3102
255,1633
255,1598
5278,5278
5278,222
5278,1579
5278,122
5278,399
5278,1159
5278,2735
5278,1424
5278,2891
5278,4094
5278,5028
5278,1922
5278,4844
5278,1244
4459,1936
4459,4459
4459,359
4459,1326
4459,4568
4459,927
4459,768
4459,1183
4459,288
4459,3744
4459,3773
4459,3750
4459,2641
4459,2549
5628,4119
5628,5256
5628,5628
5628,1221
5628,1900
5628,5020
5628,2929
5628,2476
5628,5156
5628,2032
5628,590
5628,3793
5628,5479
1902,3130
1902,1468
1902,806
1902,1902
1902,2510
1902,1880
1902,3260
1902,5066
1902,536
1902,688
1902,1976
1902,2584
1902,1392
1902,2629
1902,3918
3215,987
3215,4177
3215,3124
3215,3215
3215,213
3215,4991
3215,85
3215,4746
3215,1658
3215,3985
3215,576
3215,746
3215,4484
3215,4732
3215,3714
3215,3003
3215,3959
3215,1726
3215,1589
3408,5116
3408,3408
3408,3465
3408,3679
3408,5349
3408,1126
3408,1147
3408,5209
3408,4840
3408,1728
2198,3782
2198,5611
2198,1132
2198,2516
2198,2198
2198,2399
2198,3123
2198,2186
2198,326
2198,355
2198,845
2198,4360
2198,1154
2198,1542
2198,2088
2198,5603
2198,1515
843,3843
843,843
843,437
843,1052
843,4188
843,3057
843,4413
843,2740
843,3000
843,562
843,3489
843,4017
2519,637
2519,1117
2519,2519
2519,216
2519,3948
2519,2140
2519,246
2519,3220
2519,715
2519,778
2519,2043
2519,162
2519,4668
2519,4789
2519,1454
188,2524
188,2125
188,3193
188,4454
188,154
188,188
188,3273
188,4144
188,5300
188,3152
188,1618
188,2899
188,1116
188,2007
188,3469
188,2440
188,3731
188,2417
5145,5454
5145,3165
5145,154
5145,5145
5145,2592
5145,1618
5145,2899
5145,3775
5145,3963
5145,2440
5145,94
5145,620
2157,4002
2157,5545
2157,2157
2157,2818
2157,3694
2157,4460
2157,509
2157,300
2157,3540
2157,3891
2157,955
2157,296
2157,5297
2157,454
2157,2300
2157,5068
4281,4281
4281,3241
4281,2590
4281,5183
4281,2823
4281,3664
4281,1533
4281,4989
4281,4140
4281,5434
4281,4502
4281,884
4281,4623
4281,2949
1630,2453
1630,3320
1630,1630
1630,2466
1630,3883
1630,789
1630,1223
1630,2122
1630,1215
1630,3563
1630,1006
2061,663
2061,5180
2061,2061
2061,1090
2061,963
2061,1866
2061,4041
2061,1252
2061,313
2061,5453
2061,5348
2061,2588
3940,1530
3940,3940
3940,4357
3940,866
3940,5486
3940,3354
3940,4792
3940,2388
3940,3334
3940,493
3940,3770
3940,3607
3940,3988
3940,3514
3940,4598
3940,930
5343,1011
5343,3499
5343,5343
5343,4813
5343,4606
5343,4474
2747,456
2747,2586
2747,2799
2747,1988
2747,2664
2747,3410
2747,5557
2747,2747
2747,1417
2747,4097
2747,2683
2747,3244
2747,2270
2747,67
2747,1477
2747,4889
2747,4302
2747,2662
2747,5629
2747,4873
2747,4373
2747,3401
2747,295
2747,697
2747,1413
2747,3637
2747,1036
2747,1831
2747,3387
2747,2199
2747,418
2747,618
2747,212
2747,4130
2747,621
2747,1906
2747,89
3681,4963
3681,3957
3681,4289
3681,1075
3681,2096
3681,5198
3681,1704
3681,2085
3681,1719
3681,3681
3681,3550
3681,5167
3681,3243
3681,3420
3681,3626
3681,4085
3681,1195
3681,3079
3681,847
3681,333
3681,4984
3681,4417
3681,3399
1860,2885
1860,3452
1860,1860
1860,3883
1860,3219
1860,660
1860,3934
1860,4873
1860,770
1860,1019
1860,2513
1860,2094
1860,3402
1860,336
1860,418
1860,5362
1860,3703
1860,1906
1860,1415
1860,2058
1860,5307
2155,3913
2155,4285
2155,2439
2155,3287
2155,3137
2155,2076
2155,1301
2155,3336
2155,238
2155,2155
2155,2004
2155,4864
2155,5631
2155,1656
2155,1998
2155,1897
2155,2087
2155,4638
2155,2556
2155,1547
2155,1720
2155,3385
2155,3184
2155,458
2155,5002
2155,3056
2155,5498
2155,15
2155,2693
2155,3418
2155,3665
2155,1289
2155,5312
2155,2380
2155,3894
2155,3600
2155,4715
2155,2175
2155,4400
2155,5470
2155,1791
2155,2792
2155,1993
1567,5440
1567,1567
1567,1112
1567,873
1567,1717
1567,4514
1567,2898
1567,3188
1688,4548
1688,796
1688,3015
1688,2979
1688,593
1688,4046
1688,1688
1688,5495
1688,2055
1688,2363
1688,2410
1688,5463
1688,1384
1688,1232
1688,2086
1688,1565
1688,3784
1688,694
1688,4127
1688,2540
1688,3373
1688,4571
2531,107
2531,2531
2531,5249
2531,4641
2531,3804
2531,1830
2531,1249
2531,5588
2531,2533
2531,4740
2531,3671
2531,76
2531,2886
2531,184
2531,2292
2531,699
1625,5098
1625,3987
1625,3573
1625,1722
1625,1625
1625,773
1625,4814
1625,2279
1625,2126
1625,2948
1625,2294
1625,5128
1625,3093
1625,686
1625,857
1625,1234
1625,3013
1625,1483
1625,1894
1625,5144
4306,4569
4306,2035
4306,5230
4306,990
4306,4578
4306,4306
4306,301
4306,727
4306,478
4306,1591
4306,1318
4306,2469
4306,1967
4306,1390
2716,4624
2716,2760
2716,4087
2716,2716
2716,5375
2716,1404
2716,2252
2716,1966
2716,3231
2716,2488
2716,2660
2716,5271
2716,5311
2716,1098
2716,357
2716,147
2716,1810
2716,254
4233,3019
4233,1816
4233,2904
4233,1551
4233,5391
4233,28
4233,5319
4233,4233
4233,709
4233,3510
4233,2925
4233,1481
4233,5614
4233,1650
4233,273
4233,5489
4233,191
4233,828
4233,4326
4233,1747
4233,5317
4233,5571
4233,3050
4233,2146
4233,3710
4233,4365
4233,1960
4233,3281
4233,2223
4233,4657
4233,1916
4233,3907
4233,3632
4233,2756
1402,1987
1402,3844
1402,1402
1402,1359
1402,4134
1402,2050
1402,3535
1402,2656
1402,1858
1402,2059
4494,374
4494,2112
4494,2375
4494,3257
4494,4494
4494,4035
4494,5281
4494,1101
4494,753
4494,2603
4494,1622
4494,5127
4494,1194
4494,2301
4494,3378
4494,3118
4494,4472
4494,5595
4494,3475
4494,4723
3633,3234
3633,3548
3633,3633
3633,186
3633,4385
3633,1599
3633,2145
3633,2900
3633,863
3633,2225
3633,952
3633,4224
3633,1970
3633,218
3633,759
3633,3011
3633,831
3633,2284
3633,3269
3633,4784
3633,5377
3633,5269
3633,4964
3633,4409
3660,1718
3660,2554
3660,2773
3660,5397
3660,3931
3660,4803
3660,1324
3660,3660
3660,623
3660,1353
3660,3519
3660,561
3660,127
3660,2468
3660,1453
3660,1978
3660,4354
3660,3192
3660,747
3660,2185
3660,492
3660,2351
3660,3204
3660,496
3660,3838
3660,3349
3660,3321
3660,4221
3660,4245
3660,4047
3660,1172
3660,3040
3660,4126
3660,2514
3660,156
1346,1511
1346,4959
1346,2024
1346,1961
1346,3923
1346,757
1346,1517
1346,1346
1346,1575
1346,5243
1346,1819
1346,1981
1346,3318
1346,2593
1346,113
1346,4361
1346,2568
1346,5263
1346,347
1346,2361
1346,2922
1346,2502
1346,3159
1346,158
1346,4903
1346,4782
1346,1943
1346,1329
1346,181
1346,3340
1346,2732
1346,2801
1346,3450
1346,451
1346,4794
1346,5141
1346,2457
1346,3578
1346,1732
2362,3130
2362,2362
2362,3260
2362,5066
2362,1102
2362,630
2362,4344
2362,1976
2362,1392
2362,3650
2362,2010
2362,1105
2362,2996
437,3843
437,843
437,437
437,1052
437,4188
437,4983
437,4413
437,3000
437,562
437,3489
437,2825
437,4017
773,3987
773,3573
773,1722
773,1625
773,773
773,5372
773,3984
773,279
773,2126
773,2580
773,5128
773,4434
773,686
773,857
773,1234
773,3013
773,1483
773,5144
773,1421
5600,1145
5600,3348
5600,716
5600,5320
5600,5600
5600,587
5600,5231
5600,427
5600,4913
5600,4398
5600,2082
5600,411
5600,5255
5600,805
5600,4978
5600,2630
5600,850
5600,3649
5600,3542
5600,155
5600,2057
5600,3627
5600,2472
5600,2888
5600,3413
5600,4214
5600,2151
5600,3797
5600,4650
5600,5166
5600,2780
4799,4576
4799,3138
4799,2688
4799,2080
4799,4900
4799,4799
4799,3343
4799,358
4799,2595
4799,1357
4799,4065
4799,3338
4799,2852
4799,4378
4799,5609
4799,3951
4799,1852
4799,1850
4799,2272
4799,5164
4799,2202
4799,257
3748,263
3748,228
3748,1956
3748,3748
3748,3247
3748,882
3748,3030
3748,2176
3748,1333
3748,2610
3748,3575
3748,701
3748,290
3748,5337
3748,3571
3748,5400
3748,5345
1004,129
1004,2828
1004,1197
1004,4015
1004,755
1004,1004
1004,4901
1004,4706
1004,2722
1004,187
1004,2159
1004,776
1004,5091
1004,57
1004,1533
1004,4060
1004,2286
1004,3223
1004,5567
1004,5163
1004,1168
1004,2395
1004,2170
1004,3058
1004,2956
1004,884
1004,2949
1004,1398
3129,5413
3129,4827
3129,5037
3129,4293
3129,3129
3129,1653
3129,526
3129,223
3129,2614
3129,4664
3129,73
3129,4768
3129,4069
3129,1871
3129,5442
3129,2200
3129,2047
3129,1238
3129,1534
3129,2665
3129,1592
3129,868
3129,2305
3129,5409
3129,1188
3129,3360
2685,4878
2685,2685
2685,4001
2685,1137
2685,5491
2685,1908
2685,2390
2685,2783
2685,3208
5373,4000
5373,5415
5373,2762
5373,1081
5373,5373
5373,4331
5373,1302
5373,3672
5373,2765
5373,3359
5373,364
5373,352
5373,3920
5373,5346
5373,5011
5373,1222
5373,2559
5373,5152
5373,134
5373,3933
5289,1170
5289,4455
5289,4340
5289,1828
5289,5289
5289,3944
5289,4055
5289,5499
5289,1768
5289,3293
5289,2358
5289,1053
5289,4273
5289,344
5289,1877
5289,1616
5289,3840
5289,170
5289,2811
5289,4642
5289,387
382,3616
382,795
382,3422
382,382
382,3496
382,1830
382,1192
382,3325
382,4884
382,490
382,2292
382,1870
1739,3100
1739,2586
1739,2006
1739,2446
1739,4492
1739,2391
1739,577
1739,1739
1739,5399
1739,2843
1739,2291
1739,2990
1739,3250
1739,2270
1739,1509
1739,2470
1739,4302
1739,2165
1739,348
1739,2662
1739,5629
1739,4910
1739,4373
1739,295
1739,3637
1739,5515
1739,932
1739,5043
1739,4133
1739,5056
1739,1014
1739,725
1739,5315
1739,4627
1739,1576
2669,2581
2669,4804
2669,4589
2669,2344
2669,3642
2669,2669
2669,372
2669,3150
2669,3014
2669,1638
2669,4526
2669,5301
2669,4006
3506,4922
3506,3506
3506,5051
3506,2971
3506,818
3506,1498
3506,4004
3506,2641
3506,2902
1359,1987
1359,3844
1359,1402
1359,1359
1359,4969
1359,4134
1359,2050
1359,5050
1359,5482
1359,465
135,2931
135,2884
135,3688
135,3609
135,135
135,4734
135,4173
135,448
135,3326
135,1578
135,3915
135,3618
135,128
135,2420
135,1408
135,4332
1743,3041
1743,4158
1743,1025
1743,814
1743,1743
1743,2545
1743,5040
1743,3841
1743,4030
1743,4842
1743,2234
1743,5293
1743,2834
1743,2450
1743,5139
1743,4868
1743,1571
1743,1661
1743,2788
1743,5185
1743,3053
3610,2069
3610,2115
3610,658
3610,2034
3610,3610
3610,714
3610,3868
3610,289
3610,4427
3610,5067
3610,5350
3610,2384
3610,83
3610,2976
3610,2623
3610,1621
2230,3433
2230,3484
2230,4412
2230,3591
2230,2244
2230,3142
2230,2230
2230,720
2230,1669
2230,1287
2230,4139
2230,4649
2230,471
2230,1920
2230,1863
2230,2838
2230,4891
2230,3682
2230,5596
2230,2009
2230,5584
2230,360
2230,2840
2230,1439
3592,3957
3592,5520
3592,1201
3592,2096
3592,1704
3592,3592
3592,2346
3592,3872
3592,3550
3592,2153
3592,3243
3592,864
3592,3420
3592,876
3592,3381
3592,97
3592,3814
3592,3079
3592,1705
3592,1071
2236,3926
2236,3429
2236,4759
2236,997
2236,2236
2236,5057
2236,3415
2236,5274
2236,4615
2236,3693
2236,2946
2236,4394
2236,2951
2236,4258
2236,4926
2236,2232
2236,2003
2236,1914
2236,1824
2236,541
2236,3233
4643,1851
4643,742
4643,4644
4643,4643
4643,4665
4643,4040
4643,1018
4643,4551
4643,447
4643,1155
4643,4753
4643,2981
4643,3213
4643,2471
4643,2607
4643,3012
4643,370
4643,2847
2004,1612
2004,2350
2004,4285
2004,2439
2004,3137
2004,498
2004,1301
2004,3336
2004,238
2004,2155
2004,2004
2004,4864
2004,1664
2004,5631
2004,1656
2004,2087
2004,3161
2004,1547
2004,5118
2004,2210
2004,1720
2004,3385
2004,3184
2004,4946
2004,458
2004,3056
2004,5498
2004,15
2004,2693
2004,321
2004,3418
2004,125
2004,3665
2004,1289
2004,5312
2004,2380
2004,3600
2004,4715
2004,2175
2004,4400
2004,5470
2004,3136
2004,4567
2004,1993
5449,1500
5449,4860
5449,5397
5449,1992
5449,3931
5449,2655
5449,1096
5449,2325
5449,5449
5449,4308
5449,5088
5449,1761
5449,4122
5449,1429
5449,5392
5449,3583
5449,1978
5449,4354
5449,3621
5449,3192
5449,198
5449,5025
5449,689
5449,2185
5449,2282
5449,4403
5449,2690
5449,5519
5449,2867
5449,3349
5449,117
5449,4047
5449,2367
5449,1172
5449,2514
4934,5314
4934,5267
4934,4934
4934,1173
4934,1866
4934,3808
4934,5532
4934,590
4934,5348
4934,5042
4564,1520
4564,380
4564,2988
4564,3211
4564,3504
4564,570
4564,4564
4564,3212
4564,4096
4564,548
4564,4600
4564,2259
4564,3119
4564,3076
4564,1510
4564,1843
4564,509
4564,2560
4564,2356
4564,3577
4564,1729
4564,3485
4564,4464
4564,1431
4564,5297
4564,786
4564,1187
4564,11
4564,4812
4564,1385
4564,1660
4564,2332
4564,5068
4564,3741
1913,4811
1913,820
1913,5121
1913,4511
1913,1913
1913,974
1913,1180
1913,3781
1913,1680
1913,2095
1913,3034
1913,1423
1913,2127
1913,2815
1913,1343
1913,2051
1913,5421
1913,5465
1913,5264
1913,1809
5283,5277
5283,668
5283,3812
5283,5283
5283,3905
5283,4706
5283,1846
5283,187
5283,3613
5283,1678
5283,4074
5283,4698
5283,4248
5283,57
5283,3393
5283,3954
5283,3727
5283,4958
5283,2817
5283,1773
5283,1787
5283,204
5283,4447
5283,4309
5283,842
5283,3229
5283,3347
5283,1924
1157,4949
1157,1224
1157,2016
1157,2275
1157,1157
1157,2567
1157,2082
1157,4521
1157,3919
1157,850
1157,3673
1157,3850
1157,3581
2818,4002
2818,3211
2818,5545
2818,2157
2818,2818
2818,3212
2818,3119
2818,3694
2818,4460
2818,509
2818,300
2818,2560
2818,3540
2818,1480
2818,3891
2818,955
2818,4965
2818,5297
2818,454
2818,2300
2818,11
2818,1660
2818,5068
3147,112
3147,3147
3147,289
3147,4427
3147,5350
3147,2916
3147,1911
3147,2306
3147,1024
3147,377
3147,2976
3147,5139
3147,5257
3147,2642
2684,356
2684,104
2684,2684
2684,1574
2684,4449
2684,3249
2684,4317
2684,722
2684,4806
2684,2214
2684,3032
2684,4335
2684,1158
2684,2374
2684,1425
5495,2988
5495,3015
5495,2772
5495,593
5495,4046
5495,1688
5495,5495
5495,548
5495,3131
5495,3802
5495,2410
5495,1525
5495,5463
5495,2699
5495,21
5495,3784
5495,4127
5495,2540
5495,3373
5495,5572
4467,231
4467,130
4467,1074
4467,4467
4467,3605
4467,887
4467,4090
4467,3718
4467,703
4467,5086
4467,264
3992,256
3992,591
3992,2093
3992,3992
3992,899
3992,1834
3992,4226
3992,3612
3992,5087
3992,1646
3992,4382
3992,3723
3992,3880
3992,4187
3992,2240
3992,2160
3992,362
3992,13
3992,4763
3905,668
3905,2846
3905,2416
3905,3812
3905,5283
3905,3905
3905,1846
3905,4710
3905,711
3905,3393
3905,1337
3905,1309
3905,3954
3905,44
3905,4958
3905,3098
3905,1773
3905,1746
3905,4447
3905,3182
3905,1457
3905,1737
3905,842
3905,4067
3905,1000
3314,35
3314,1535
3314,3314
3314,4321
3314,5189
3314,3498
3314,1365
3314,314
3314,4765
3314,1795
3314,3259
3314,2248
3314,4742
3314,2415
3314,1063
3314,1328
3314,1948
3314,178
3314,2663
3314,3453
3314,1055
3314,611
3314,2429
5051,2581
5051,904
5051,4922
5051,3506
5051,5051
5051,3150
5051,1498
5051,4526
5051,2902
1267,5553
1267,3955
1267,4586
1267,5488
1267,3546
1267,3715
1267,3893
1267,3526
1267,1267
1267,1933
1267,982
1267,37
1267,2628
1267,4516
1267,4369
4901,1263
4901,2020
4901,1004
4901,4901
4901,2
4901,5155
4901,3664
4901,1533
4901,4060
4901,4140
4901,2286
4901,3223
4901,5567
4901,1168
4901,2395
4901,3058
4901,884
4901,2949
4901,782
4500,3041
4500,2831
4500,1753
4500,2216
4500,4500
4500,1380
4500,1334
4500,5040
4500,5360
4500,2536
4500,3551
4500,1911
4500,2856
4500,2834
4500,2450
4500,5055
4500,1661
4500,3053
4001,897
4001,1767
4001,4878
4001,2685
4001,4001
4001,1932
4001,2492
4001,1908
4001,4218
4001,914
4001,1264
4001,3878
4001,2783
4001,1756
4676,4676
4676,2220
4676,2646
4676,362
4676,4212
4676,1061
4676,2543
4128,29
4128,856
4128,2455
4128,2920
4128,4128
4128,942
4128,1966
4128,586
4128,1205
4128,4092
4128,2285
4128,5359
4128,4118
4128,5101
4128,1942
4128,1087
4128,4906
4128,2547
4128,2330
4128,1039
4282,436
4282,2621
4282,5208
4282,4282
4282,1047
4282,2651
4282,5133
4282,4210
4282,732
4282,1615
4282,2387
4282,2444
4282,1723
4282,3329
2038,1151
2038,4425
2038,929
2038,2038
2038,4795
2038,4534
2038,5554
2038,790
2038,1815
2038,2109
2038,4743
2038,66
2038,2892
2038,1305
2038,1281
2038,1983
2038,547
2038,4818
2038,1364
2038,5436
2038,3101
317,317
317,1562
317,4483
317,2819
317,4038
317,1261
317,750
317,3939
5172,1950
5172,5251
5172,1995
5172,1048
5172,5172
5172,3576
5172,3021
5172,3800
5172,2791
5172,3292
5172,38
5172,5019
5172,2484
5172,101
5172,327
5172,2103
5172,2163
5172,2883
4864,3389
4864,3480
4864,4285
4864,4692
4864,1551
4864,2960
4864,2439
4864,1754
4864,3137
4864,2076
4864,498
4864,1301
4864,3336
4864,238
4864,2155
4864,2004
4864,4864
4864,4684
4864,1519
4864,1115
4864,5124
4864,1664
4864,5631
4864,4767
4864,3438
4864,2400
4864,1998
4864,2087
4864,4638
4864,2668
4864,3161
4864,1383
4864,1547
4864,342
4864,5118
4864,2210
4864,1720
4864,3385
4864,3184
4864,5105
4864,4946
4864,458
4864,2767
4864,1949
4864,273
4864,5498
4864,5570
4864,15
4864,2693
4864,321
4864,3418
4864,319
4864,125
4864,3665
4864,1289
4864,5312
4864,2380
4864,5571
4864,3050
4864,3600
4864,4715
4864,3783
4864,5318
4864,5470
4864,4279
4864,3136
4864,4567
4864,5305
4864,1791
4864,2792
4864,3816
4864,3632
4864,1993
4864,2989
2337,5014
2337,361
2337,3196
2337,4159
2337,2337
2337,1597
2337,36
2337,2921
2337,905
2337,2295
2337,4125
2337,1407
3738,4505
3738,2268
3738,4547
3738,4663
3738,3738
3738,3543
3738,3224
3738,1394
3738,4316
3738,3354
3738,4899
3738,1358
3738,4181
3738,2851
1047,436
1047,2621
1047,5208
1047,4282
1047,1047
1047,965
1047,2651
1047,5133
1047,4210
1047,1615
1047,2387
1047,2444
1047,1723
1047,3329
900,1190
900,900
900,1503
900,4856
900,2320
900,4632
900,4685
900,3400
900,629
900,2328
900,793
900,5546
4674,3238
4674,2112
4674,2375
4674,2071
4674,3257
4674,4674
4674,4035
4674,2229
4674,1101
4674,5082
4674,27
4674,5450
4674,2603
4674,4730
4674,1643
4674,3095
4674,419
4674,1194
4674,923
4674,102
4674,3378
4674,922
4674,3118
4674,3853
4674,1330
4674,4472
4674,976
4674,5205
4674,5236
4674,4723
3212,1520
3212,380
3212,4002
3212,3211
3212,612
3212,4564
3212,2818
3212,3212
3212,647
3212,4096
3212,4600
3212,2259
3212,3276
3212,3119
3212,1510
3212,1843
3212,3779
3212,2560
3212,2356
3212,3577
3212,3656
3212,3485
3212,1377
3212,4965
3212,1431
3212,2300
3212,786
3212,11
3212,4812
3212,1385
3212,1660
3212,2332
3212,5068
3212,3741
4925,3454
4925,3286
4925,1986
4925,5061
4925,2530
4925,4925
4925,431
4925,4203
4925,4973
4925,833
4925,2895
4925,2092
4925,1378
4925,3892
4925,2281
4925,2463
4925,5344
4925,1027
4925,1543
4925,1918
3331,4959
3331,3474
3331,5211
3331,4756
3331,3331
3331,1819
3331,1981
3331,5270
3331,2906
3331,2593
3331,4361
3331,5263
3331,2922
3331,5441
3331,4182
3331,4903
3331,4782
3331,3154
3331,3345
3331,2377
3331,1026
3331,1891
3331,543
3331,1355
3331,3298
3331,4617
3331,4794
3331,3578
3331,2903
3331,5589
345,3782
345,2370
345,2516
345,345
345,4105
345,355
345,4304
345,1034
345,1542
345,544
2608,356
2608,2608
2608,3186
2608,239
2608,1540
2608,4697
2608,3249
2608,2573
2608,302
2608,2535
2608,1141
2608,2733
2608,5100
899,256
899,4857
899,836
899,591
899,4682
899,2093
899,3992
899,899
899,1834
899,4226
899,3612
899,5087
899,1646
899,4382
899,3723
899,4187
899,2240
899,2066
899,2160
899,362
899,4763
5366,3821
5366,2115
5366,2034
5366,5366
5366,714
5366,3868
5366,3007
5366,83
5366,4960
5366,16
5366,1836
5366,3598
5366,4056
5366,3916
5366,5630
5366,4393
5366,2659
5366,4995
4795,1950
4795,3952
4795,2972
4795,1097
4795,2038
4795,4795
4795,3800
4795,66
4795,2892
4795,1281
4795,4849
4795,1983
4795,870
4795,1364
4795,1248
2218,5523
2218,2940
2218,1649
2218,2218
2218,316
2218,478
2218,5136
2218,2045
2218,3602
2218,1707
2218,4066
2218,4826
2354,2275
2354,2479
2354,2354
2354,510
2354,3863
2354,1214
2354,4521
2354,3594
2354,695
2354,851
2354,2329
2354,3673
2354,1774
2354,398
2354,1968
2354,3252
1059,4158
1059,814
1059,1059
1059,2545
1059,550
1059,3841
1059,23
1059,4436
1059,4842
1059,1496
1059,2003
1059,338
1059,5381
2053,2784
2053,5095
2053,4429
2053,579
2053,2053
2053,5189
2053,3498
2053,1365
2053,813
2053,4765
2053,2638
2053,1795
2053,2782
2053,1420
2053,2192
2053,1584
2053,1063
2053,1328
2053,756
2053,1948
2053,178
2053,2293
2053,1907
2053,3453
2053,461
2053,1055
2053,2429
4684,3389
4684,3480
4684,1816
4684,4285
4684,4692
4684,1551
4684,2960
4684,2439
4684,28
4684,1754
4684,2076
4684,498
4684,1301
4684,238
4684,4864
4684,4684
4684,1519
4684,3510
4684,1115
4684,5259
4684,5124
4684,1664
4684,5631
4684,4767
4684,3438
4684,2400
4684,1998
4684,2087
4684,4638
4684,2668
4684,3161
4684,169
4684,1013
4684,1547
4684,342
4684,1720
4684,3385
4684,3184
4684,5105
4684,4946
4684,1650
4684,458
4684,2767
4684,1002
4684,1949
4684,273
4684,5498
4684,5489
4684,5570
4684,15
4684,2693
4684,321
4684,3418
4684,319
4684,125
4684,3665
4684,1289
4684,5312
4684,2380
4684,5571
4684,3050
4684,3600
4684,2146
4684,4715
4684,3783
4684,5318
4684,4279
4684,3281
4684,3136
4684,4567
4684,5305
4684,1791
4684,2792
4684,3816
4684,3632
4684,2756
4529,1715
4529,141
4529,1513
4529,4529
4529,1419
4529,1143
4529,5384
4529,2627
4529,4179
4529,3102
4529,4528
4529,1657
1575,4857
1575,836
1575,4682
1575,4896
1575,2024
1575,1961
1575,3923
1575,757
1575,1517
1575,1346
1575,1575
1575,5633
1575,3318
1575,5617
1575,5263
1575,347
1575,2361
1575,2502
1575,158
1575,4187
1575,2066
1575,4782
1575,1943
1575,1329
1575,181
1575,3340
1575,4988
1575,2801
1575,451
1575,5141
1575,1732
2954,1280
2954,3270
2954,2534
2954,3376
2954,165
2954,4853
2954,4018
2954,1202
2954,2954
2954,1523
2954,4136
2954,4985
2954,644
2954,4062
2954,3753
2954,4093
2954,1317
2954,5327
2954,395
2954,3887
2954,4439
3001,4837
3001,285
3001,2299
3001,276
3001,3001
3001,1637
3001,34
3001,1578
3001,3829
3001,959
3001,4671
3001,2541
3343,4576
3343,4963
3343,3190
3343,5302
3343,4799
3343,3343
3343,358
3343,2595
3343,1357
3343,4065
3343,3338
3343,2852
3343,3951
3343,1852
3343,1850
3343,2272
3343,4718
3343,5164
2253,792
2253,5545
2253,2253
2253,647
2253,608
2253,3694
2253,948
2253,300
2253,3540
2253,986
2253,1274
2253,1480
2253,1066
2253,3656
2253,4104
2253,4965
2253,1859
2253,2300
173,5364
173,1379
173,173
173,4437
173,3335
173,1844
173,2131
173,5564
173,4396
173,5079
173,2206
173,4208
173,2104
173,4739
173,4112
173,1886
173,365
4308,921
4308,1500
4308,4860
4308,1992
4308,3931
4308,5186
4308,5575
4308,617
4308,1096
4308,4064
4308,4590
4308,5449
4308,4308
4308,5088
4308,4918
4308,1761
4308,1353
4308,5583
4308,5009
4308,1453
4308,1429
4308,5392
4308,4613
4308,3067
4308,1442
4308,3583
4308,1978
4308,4819
4308,3621
4308,3192
4308,2486
4308,5402
4308,198
4308,5025
4308,689
4308,4411
4308,2185
4308,492
4308,5519
4308,3204
4308,2867
4308,4421
4308,496
4308,3838
4308,3349
4308,3447
4308,4588
4308,4245
4308,2367
4308,1172
4308,1258
4308,1745
4308,2514
4308,156
4308,1114
142,1793
142,2524
142,3193
142,3165
142,3151
142,154
142,142
142,4144
142,5300
142,3679
142,211
142,3152
142,2899
142,3775
142,3258
142,3963
142,3073
142,2007
142,4863
142,4377
142,81
714,2069
714,2115
714,658
714,2034
714,3610
714,5366
714,714
714,3868
714,5067
714,83
714,4960
714,2976
714,2623
714,3598
714,4393
1522,1199
1522,1522
1522,4473
1522,3216
1522,49
1522,1691
1522,3466
1522,5006
1522,3308
1522,248
1522,4646
1522,5438
1522,2998
1522,2652
1522,3404
1522,4461
1522,4822
1522,3179
4189,5015
4189,2807
4189,4189
4189,4132
4189,391
4189,3596
4189,2501
4189,2289
4189,1786
4189,1382
4189,809
4189,2797
4189,1290
598,2534
598,4252
598,70
598,3690
598,4853
598,1202
598,598
598,2980
598,5372
598,5483
598,1934
598,3993
598,4917
598,2196
598,3925
598,644
598,93
598,2243
598,4062
598,4294
598,4820
598,3009
598,4175
598,395
598,4439
2288,2288
2288,4874
2288,3396
2288,5005
2288,2017
2288,1152
2288,4259
2288,1957
2288,16
2288,1836
2288,4056
2288,772
2288,1160
2288,3730
2288,2659
2993,5277
2993,1342
2993,2676
2993,2738
2993,2416
2993,4207
2993,3812
2993,2993
2993,1846
2993,1266
2993,2
2993,1678
2993,4074
2993,2966
2993,5155
2993,4248
2993,711
2993,3393
2993,4546
2993,3727
2993,3847
2993,2817
2993,1746
2993,1787
2993,204
2993,3058
2993,2280
2993,2956
2993,3685
2993,4309
2993,1737
2993,1586
2993,1924
2993,1885
5316,4945
5316,910
5316,934
5316,3171
5316,4797
5316,5334
5316,5316
5316,39
5316,4957
5316,3534
5316,1963
5316,4440
5316,4577
5316,2569
5316,3283
5316,2493
5316,1994
5316,1563
5316,569
5316,1003
5316,110
5316,1506
5316,3272
5316,552
5316,3006
5316,1714
5316,5326
1314,4630
1314,3499
1314,1314
1314,2222
1314,3323
1314,1235
1314,1831
1314,4970
1314,3861
1314,1945
1314,5113
1314,139
1314,1270
1314,4202
1084,1986
1084,1535
1084,1084
1084,4321
1084,1142
1084,5224
1084,3170
1084,1220
1084,4101
1084,4742
1084,4936
1084,4443
1084,2407
1084,2481
1084,1699
1084,4923
1084,611
1084,281
2304,5014
2304,1035
2304,5422
2304,3687
2304,1833
2304,3092
2304,2304
2304,1037
2304,915
2304,2180
2304,3487
2304,4915
2304,4823
2304,3806
2304,36
2304,2921
2304,3074
2304,956
2304,2879
2304,3367
2304,440
2304,5455
2304,905
2304,2295
2304,1387
2304,2995
2304,4125
2266,3172
2266,2262
2266,5413
2266,5037
2266,4482
2266,2266
2266,526
2266,596
2266,4356
2266,1326
2266,223
2266,4894
2266,2812
2266,2614
2266,4912
2266,60
2266,3611
2266,1238
2266,2411
2266,2665
2266,429
2266,4556
2266,3701
2266,2327
2266,3360
1519,3389
1519,3480
1519,4771
1519,4300
1519,4692
1519,1551
1519,1754
1519,4319
1519,208
1519,3265
1519,4864
1519,4684
1519,1519
1519,5124
1519,4767
1519,2400
1519,1282
1519,4850
1519,2668
1519,5526
1519,3161
1519,1383
1519,169
1519,342
1519,4946
1519,1823
1519,2767
1519,807
1519,1002
1519,1121
1519,1949
1519,4533
1519,42
1519,321
1519,125
1519,3855
1519,5571
1519,3783
1519,1228
1519,4279
1519,3136
1519,4567
1519,5305
1519,3816
1519,3632
1519,2756
1519,2989
5088,921
5088,1500
5088,4860
5088,5397
5088,1992
5088,3931
5088,2655
5088,617
5088,1096
5088,4064
5088,4590
5088,5449
5088,4308
5088,5088
5088,4918
5088,623
5088,1761
5088,5583
5088,5009
5088,1453
5088,1429
5088,5392
5088,4613
5088,3067
5088,1442
5088,3583
5088,1978
5088,4354
5088,4819
5088,3621
5088,3192
5088,5402
5088,198
5088,5025
5088,689
5088,4411
5088,2185
5088,2282
5088,492
5088,5519
5088,3204
5088,2867
5088,496
5088,3838
5088,3349
5088,3447
5088,117
5088,4588
5088,4245
5088,4047
5088,2367
5088,1172
5088,2514
5088,156
5088,1114
5090,2807
5090,5090
5090,5168
5090,2360
5090,1271
5090,2511
5090,1284
5090,2860
5090,5619
5090,2012
5090,2100
5090,809
5090,1218
5090,1493
4437,5364
4437,2239
4437,2464
4437,173
4437,4437
4437,3335
4437,1844
4437,2131
4437,3964
4437,5564
4437,4396
4437,5079
4437,2206
4437,4208
4437,2104
4437,4739
4437,2407
4437,4112
4437,1886
4437,365
4437,281
4035,374
4035,1297
4035,2112
4035,2071
4035,3257
4035,4494
4035,4674
4035,4035
4035,5281
4035,427
4035,2229
4035,1101
4035,5082
4035,5450
4035,2603
4035,1622
4035,1643
4035,419
4035,5127
4035,1194
4035,2301
4035,5355
4035,3378
4035,922
4035,3118
4035,3853
4035,4472
4035,5595
4035,3475
4035,4723
702,4468
702,702
702,4703
702,5524
702,5528
702,3104
702,3181
702,4348
702,4673
702,2311
702,1529
702,4828
702,3678
702,3003
702,2598
702,3564
702,219
3944,1170
3944,4455
3944,4425
3944,350
3944,1828
3944,5289
3944,3944
3944,3363
3944,5554
3944,4272
3944,790
3944,4055
3944,5499
3944,3293
3944,1053
3944,3132
3944,1140
3944,1877
3944,1616
3944,3476
3944,3840
3944,4141
3944,4642
3944,387
3944,4818
3944,2156
4918,921
4918,1500
4918,4860
4918,3931
4918,4803
4918,5186
4918,5575
4918,617
4918,1096
4918,4064
4918,4590
4918,4308
4918,5088
4918,4918
4918,1761
4918,1353
4918,5583
4918,5009
4918,127
4918,1453
4918,5392
4918,4613
4918,3067
4918,1442
4918,3583
4918,1978
4918,4651
4918,4819
4918,3621
4918,3192
4918,2486
4918,5402
4918,198
4918,5025
4918,4411
4918,2185
4918,492
4918,5519
4918,3204
4918,2867
4918,4421
4918,496
4918,3838
4918,3349
4918,3447
4918,1939
4918,4588
4918,4221
4918,4245
4918,2367
4918,1172
4918,1258
4918,4986
4918,1745
4918,2514
4918,156
4918,1114
1186,1247
1186,2667
1186,712
1186,1186
1186,1471
1186,1841
1186,2503
1186,700
1186,3876
1186,2190
1186,416
1186,1935
1186,2355
1186,3386
1186,2021
1186,602
1186,1849
1186,5004
1186,1312
2824,2809
2824,2521
2824,1735
2824,2824
2824,892
2824,3516
2824,4829
2824,3835
2824,2148
2824,3650
2824,2010
2824,3082
2824,2996
2824,4367
4265,2049
4265,2821
4265,144
4265,5069
4265,4265
4265,1734
4265,2739
4265,5010
4265,4522
4265,5073
4265,1957
4265,1991
4265,1854
4265,4010
4265,2635
587,4949
587,2016
587,5320
587,5600
587,587
587,5231
587,3164
587,427
587,2082
587,411
587,805
587,2630
587,3643
587,5355
587,155
587,2057
587,3627
587,2472
587,4214
587,1738
587,5166
587,2780
2980,2179
2980,70
2980,3690
2980,598
2980,2980
2980,5372
2980,1934
2980,3993
2980,2196
2980,1749
2980,2126
2980,4294
2980,628
2980,4434
2980,1286
2980,4206
2980,3009
2980,1079
2980,4175
2980,261
2980,3910
4313,2426
4313,4313
4313,2498
4313,3407
4313,3614
4313,5252
4313,2129
4313,572
4313,512
4313,3544
4313,3726
4313,3881
4313,4216
4313,4292
4313,3762
4313,346
4313,2015
4313,603
4313,5534
2510,3130
2510,2120
2510,1468
2510,806
2510,1572
2510,1902
2510,2510
2510,1880
2510,5627
2510,1153
2510,2687
2510,5066
2510,3351
2510,2290
2510,4325
2510,3459
2510,5597
2510,1976
2510,1392
2510,2629
2510,3086
681,681
681,1832
681,1150
681,1001
681,150
681,2893
39,934
39,4797
39,5316
39,39
39,3534
39,2971
39,1963
39,4440
39,2569
39,2493
39,4388
39,1003
39,110
39,1506
39,552
39,3750
39,4761
1603,2164
1603,5535
1603,5618
1603,4177
1603,2978
1603,877
1603,2497
1603,2609
1603,891
1603,3171
1603,5334
1603,1692
1603,308
1603,1603
1603,121
1603,4957
1603,3033
1603,4707
1603,2525
1603,1702
1603,1260
1603,1262
1603,4550
1603,3497
1603,4577
1603,4876
1603,1257
1603,4346
1603,1666
1603,2708
1603,2297
1603,2959
1603,2763
1603,3145
1603,3283
1603,3884
1603,1757
1603,1994
1603,569
1603,1338
1603,1873
1603,4776
1603,4383
1603,3272
1603,1804
1603,1714
1603,1403
1603,3291
1603,1549
1603,2858
1603,2700
1603,1089
1603,3395
1603,5326
2220,2461
2220,5405
2220,3029
2220,4676
2220,2220
2220,3225
2220,1559
2220,4212
2220,1061
1808,486
1808,1607
1808,5437
1808,4083
1808,1093
1808,1865
1808,1808
1808,4379
1808,1668
1808,5423
1808,4647
1808,3739
1808,2357
1808,1872
1808,5594
1808,4808
709,2368
709,5272
709,3019
709,1816
709,2904
709,1204
709,4220
709,5391
709,28
709,4233
709,709
709,4714
709,5614
709,1927
709,1440
709,831
709,924
709,3897
709,828
709,1747
709,3710
709,4365
709,2223
709,4657
709,1916
709,3907
709,4409
655,2441
655,4425
655,655
655,1915
655,4534
655,5206
655,3363
655,5554
655,790
655,3888
655,631
655,226
655,4743
655,262
655,5323
655,4141
655,3776
655,762
655,547
655,4818
655,2156
655,5436
3372,4945
3372,910
3372,3372
3372,4213
3372,594
3372,1563
3372,1777
3372,3309
5249,4423
5249,2245
5249,3429
5249,1296
5249,2531
5249,5249
5249,3949
5249,3804
5249,18
5249,1249
5249,320
5249,3248
5249,2533
5249,4013
5249,4740
5249,2942
5249,12
5249,3671
5249,1163
5249,76
5249,4859
5249,4256
5249,488
5249,4972
5249,2983
5249,699
4473,1522
4473,4473
4473,3216
4473,49
4473,1691
4473,3466
4473,5006
4473,248
4473,4646
4473,5438
4473,2998
4473,4461
4473,4822
186,2368
186,3548
186,3633
186,186
186,1245
186,4385
186,1599
186,2900
186,863
186,3227
186,4324
186,759
186,3011
186,831
186,3063
186,5269
186,4409
358,4576
358,3190
358,2688
358,5302
358,4799
358,3343
358,358
358,2595
358,1357
358,4065
358,3338
358,2852
358,3951
358,1852
358,1850
358,5550
358,2272
358,5164
358,2202
358,257
3005,3028
3005,2726
3005,3005
3005,2431
3005,4544
3005,3322
3005,1124
3005,1298
3005,1217
3005,2269
3005,334
3005,923
3005,102
3005,4893
3005,5387
3005,523
3005,5182
3005,976
3005,224
3005,4020
1775,3746
1775,1775
1775,1937
1775,4680
1775,3467
1775,4211
1775,2419
1775,648
1775,5171
1775,1789
1775,3065
1775,3268
1775,4284
1775,2101
1775,3178
1775,2689
1775,4807
3868,2069
3868,2115
3868,2034
3868,3610
3868,5366
3868,714
3868,3868
3868,5067
3868,83
3868,4960
3868,2976
3868,2623
3868,3598
3868,5630
3868,4393
3868,4995
623,1500
623,2554
623,4860
623,2773
623,5397
623,3931
623,4803
623,1324
623,2655
623,3660
623,5088
623,623
623,3519
623,561
623,127
623,2468
623,1453
623,5392
623,1978
623,4354
623,3192
623,198
623,5025
623,2185
623,492
623,2351
623,3204
623,2867
623,496
623,3838
623,3349
623,3321
623,117
623,4221
623,4245
623,4047
623,1172
623,4126
623,2514
623,156
2943,1560
2943,2943
2943,4213
2943,3339
2943,594
2943,22
2943,3744
2943,1777
2943,3309
2943,5432
3538,626
3538,796
3538,2979
3538,3538
3538,3754
3538,2611
3538,1384
3538,1161
3538,2086
3538,1565
3538,1655
3538,1110
3538,1681
3538,2195
3538,194
3538,1322
3538,4571
3538,867
3895,3352
3895,1921
3895,1395
3895,397
3895,4231
3895,3895
3895,1674
3895,2506
3895,413
3895,4603
3895,4887
3895,5102
3895,3890
3895,3929
3895,4167
3895,3927
3895,3502
3895,378
3895,2197
3895,723
3895,1366
3895,323
3895,1242
3510,3019
3510,1816
3510,1204
3510,1551
3510,2960
3510,5391
3510,28
3510,2076
3510,1301
3510,4233
3510,4684
3510,3510
3510,1115
3510,3018
3510,5259
3510,1664
3510,5631
3510,3438
3510,2400
3510,1998
3510,4638
3510,4714
3510,1013
3510,5219
3510,1927
3510,1547
3510,1720
3510,5105
3510,1650
3510,458
3510,5002
3510,273
3510,5498
3510,5489
3510,5570
3510,319
3510,3665
3510,5312
3510,524
3510,5571
3510,3050
3510,2146
3510,5318
3510,4365
3510,3281
3510,1791
3510,2792
3510,3632
3510,865
3515,2814
3515,1181
3515,3515
3515,5444
3515,2326
3515,1869
3515,3909
3515,4489
3515,3444
5399,3100
5399,2006
5399,4492
5399,2391
5399,3586
5399,577
5399,1739
5399,5399
5399,2843
5399,2291
5399,2990
5399,3250
5399,2031
5399,1509
5399,4554
5399,2165
5399,295
5399,5515
5399,932
5399,5043
5399,4133
5399,5056
5399,1014
5399,725
5399,2896
5399,1277
5399,4627
5399,5299
5399,1576
2843,247
2843,3100
2843,2586
2843,2006
2843,2446
2843,4492
2843,2391
2843,577
2843,1739
2843,5399
2843,2843
2843,2291
2843,2990
2843,3250
2843,2270
2843,1509
2843,2470
2843,4302
2843,2165
2843,348
2843,2662
2843,5629
2843,4910
2843,4373
2843,295
2843,5515
2843,932
2843,5043
2843,4133
2843,5056
2843,1014
2843,725
2843,5315
2843,4627
2843,1576
4042,65
4042,1236
4042,5448
4042,3824
4042,1396
4042,4042
4042,4483
4042,2819
4042,3451
4042,5604
4042,3729
4042,2650
4042,750
4042,1764
4042,1507
4042,136
4042,4971
4042,1926
4042,5321
748,2164
748,5618
748,2978
748,910
748,877
748,2497
748,522
748,4180
748,3171
748,5334
748,1692
748,748
748,4957
748,632
748,2525
748,3052
748,1260
748,4577
748,4876
748,1257
748,4346
748,2297
748,5492
748,1563
748,894
748,1873
748,4776
748,2373
748,1506
748,4383
748,3272
748,1804
748,1032
748,1714
748,3291
748,2700
748,1089
4874,3996
4874,2097
4874,2288
4874,4874
4874,1734
4874,3396
4874,5464
4874,5005
4874,298
4874,2241
4874,2017
4874,707
4874,3950
4874,5427
4874,5484
4874,772
4874,1160
4874,3730
4874,3146
4874,2635
720,3433
720,3484
720,3138
720,3591
720,2080
720,1899
720,3142
720,4900
720,2230
720,720
720,4378
720,4139
720,4649
720,5609
720,471
720,1863
720,2838
720,4891
720,3682
720,5596
720,2009
720,4749
720,2840
720,1439
4641,107
4641,4021
4641,3422
4641,3022
4641,3870
4641,2721
4641,1139
4641,2531
4641,4641
4641,980
4641,3296
4641,5435
4641,3761
4641,1455
4641,2158
4641,4952
4641,2886
4641,184
4641,1435
4641,1250
4641,2849
4641,4888
4641,699
3531,3531
3531,200
3531,3917
3531,1016
3531,2955
3531,4841
3531,3259
3531,2248
3531,2415
3531,2203
3531,4635
3531,3158
3531,2874
3531,1285
3531,1033
200,2147
200,2508
200,3531
200,200
200,3917
200,1016
200,2955
200,1795
200,4841
200,2744
200,2248
200,1420
200,2415
200,369
200,3158
200,2626
200,3453
200,3772
200,3455
200,724
200,1285
1115,3389
1115,3480
1115,1816
1115,4285
1115,4692
1115,1551
1115,2960
1115,28
1115,1754
1115,2076
1115,498
1115,1301
1115,238
1115,4864
1115,4684
1115,3510
1115,1115
1115,5259
1115,5124
1115,1664
1115,5631
1115,4767
1115,3438
1115,2400
1115,1998
1115,2087
1115,4638
1115,2668
1115,3161
1115,169
1115,1013
1115,1547
1115,342
1115,1720
1115,3385
1115,3184
1115,5105
1115,1650
1115,458
1115,2767
1115,1002
1115,1949
1115,273
1115,5498
1115,5489
1115,5570
1115,15
1115,2693
1115,321
1115,3418
1115,319
1115,125
1115,3665
1115,1289
1115,5312
1115,2380
1115,5571
1115,3050
1115,3600
1115,2146
1115,5318
1115,4279
1115,3281
1115,3136
1115,4567
1115,1791
1115,2792
1115,3632
1115,2756
431,2632
431,3286
431,5061
431,2530
431,5507
431,4925
431,431
431,2887
431,4973
431,833
431,2895
431,2092
431,1378
431,3892
431,2281
431,2463
431,5344
431,2254
431,1543
431,1918
1037,2961
1037,1035
1037,5422
1037,3687
1037,1833
1037,3092
1037,2304
1037,1037
1037,2180
1037,785
1037,4915
1037,4823
1037,3806
1037,717
1037,3074
1037,956
1037,2879
1037,3367
1037,440
1037,5455
1037,4515
1037,4160
1037,2995
3096,3370
3096,3736
3096,737
3096,25
3096,2052
3096,3096
3096,131
3096,2313
3096,546
3096,5341
3096,2169
3096,2736
3096,2909
3096,2918
3096,3240
3096,995
3096,5447
3096,1593
3096,5417
3096,52
2291,3100
2291,2006
2291,532
2291,4492
2291,2391
2291,577
2291,1739
2291,5399
2291,2843
2291,2291
2291,2990
2291,3250
2291,2031
2291,1509
2291,4554
2291,2165
2291,5515
2291,932
2291,5043
2291,4133
2291,5056
2291,1014
2291,725
2291,3702
2291,2896
2291,1277
2291,4627
2291,5299
2291,1576
1501,3599
1501,2908
1501,1088
1501,641
1501,1501
1501,3670
1501,4039
1501,733
1501,1108
1501,5080
1501,54
1501,1597
1501,1476
1501,504
1501,3580
1501,3871
1501,5202
1501,744
1501,5197
1501,1407
1501,4976
1501,5547
1501,2116
1501,2136
1734,2049
1734,2821
1734,2097
1734,144
1734,5069
1734,4265
1734,4874
1734,1734
1734,5005
1734,298
1734,2739
1734,5010
1734,3932
1734,5073
1734,3950
1734,5427
1734,1315
1734,1957
1734,772
1734,1854
1734,5340
1734,4010
1734,3146
1734,2635
1112,5440
1112,1567
1112,1112
1112,1717
1112,1429
1112,4514
1112,3583
1112,2898
1112,3188
4706,5592
4706,129
4706,2828
4706,1197
4706,4015
4706,755
4706,242
4706,1004
4706,5283
4706,4706
4706,2722
4706,187
4706,3613
4706,2159
4706,776
4706,4074
4706,5091
4706,4698
4706,57
4706,1292
4706,2286
4706,4695
4706,2817
4706,5163
4706,1168
4706,2395
4706,2170
4706,2956
4706,4309
4706,3229
4706,3347
2346,3957
2346,4289
2346,5520
2346,1201
2346,2096
2346,1704
2346,3592
2346,2346
2346,3872
2346,3550
2346,2153
2346,3243
2346,3420
2346,3626
2346,876
2346,3381
2346,97
2346,3814
2346,3079
2346,1705
2346,1071
5401,3746
5401,209
5401,5401
5401,3065
5401,4200
5401,4284
5401,2101
5401,2689
5401,407
4966,4790
4966,4687
4966,3346
4966,5388
4966,4966
4966,337
4966,4609
4966,4262
4966,3121
4966,5194
4966,2113
4966,4532
4966,749
4966,2178
4966,765
4966,4480
4966,1954
4966,3406
4966,1226
4110,3352
4110,2035
4110,990
4110,4578
4110,4110
4110,4733
4110,2506
4110,2469
4110,413
4110,3601
4110,2723
4110,4887
4110,4456
4110,1967
4110,5102
4110,480
4110,902
4110,4422
4110,378
4110,723
4110,1366
4110,3166
4110,5065
4076,332
4076,2008
4076,4076
4076,2431
4076,2753
4076,785
4076,4415
4076,4296
4076,1124
4076,1298
4076,2855
4076,3902
4076,3697
4076,1818
4076,2187
4076,4160
4076,830
1937,209
1937,403
1937,1775
1937,1937
1937,383
1937,2787
1937,4916
1937,4211
1937,648
1937,1789
1937,2761
1937,3065
1937,4890
1937,3361
1937,3528
1937,3267
1937,2101
1937,3178
1937,3645
1937,2962
1937,407
5231,4949
5231,4232
5231,3348
5231,2016
5231,716
5231,5320
5231,671
5231,5600
5231,587
5231,5231
5231,2082
5231,411
5231,5255
5231,805
5231,2630
5231,850
5231,3542
5231,155
5231,2057
5231,3627
5231,2888
5231,3413
5231,3581
5231,2151
5231,3797
5231,5166
5231,2780
3543,2748
3543,4505
3543,5512
3543,2268
3543,4547
3543,3956
3543,3738
3543,3543
3543,3224
3543,4204
3543,1394
3543,4899
3543,1985
3543,4181
3543,2851
974,4811
974,5121
974,1913
974,974
974,1180
974,4071
974,3774
974,3781
974,2339
974,2095
974,1423
974,2815
974,3262
974,800
974,5481
974,2051
974,5465
974,5264
974,2582
3018,1204
3018,5391
3018,3287
3018,2076
3018,3510
3018,3018
3018,5259
3018,2552
3018,1998
3018,1897
3018,4638
3018,1013
3018,5219
3018,1927
3018,2556
3018,1547
3018,5002
3018,5498
3018,319
3018,3665
3018,524
3018,3894
3018,4400
3018,2792
3018,4295
3018,865
3018,2027
1562,1130
1562,317
1562,1562
1562,4483
1562,2819
1562,5242
1562,4038
1562,1261
1562,5371
1562,750
1562,4770
1562,1239
1562,4938
1562,3939
5217,4541
5217,540
5217,5217
5217,4798
5217,4835
5217,622
5217,4535
5217,5291
5217,3106
5217,5460
5217,3562
5217,3906
5217,5239
4809,1677
4809,3732
4809,5221
4809,5147
4809,3022
4809,1848
4809,3870
4809,2721
4809,4809
4809,1486
4809,2019
4809,887
4809,1275
4809,980
4809,4713
4809,368
4809,3296
4809,2707
4809,5510
4809,3761
4809,2647
4809,2166
4809,2158
4809,3024
4809,2033
4809,4543
4809,1435
4809,1250
4809,4791
4809,2849
4809,4888
4809,545
1915,2441
1915,4425
1915,655
1915,1915
1915,4534
1915,5206
1915,3363
1915,5554
1915,790
1915,3888
1915,226
1915,4743
1915,262
1915,3476
1915,4141
1915,762
1915,4818
1915,2156
1915,5436
2741,2616
2741,4438
2741,2741
2741,3989
2741,5517
2741,571
2741,237
2741,4967
2741,674
2741,4553
2741,1759
2741,4583
2741,497
2741,798
2741,3799
2741,839
4347,1550
4347,3190
4347,5302
4347,3877
4347,4347
4347,875
4347,2314
4347,5246
4347,2418
4347,1861
4347,1120
4347,779
4347,1240
4347,64
4347,5581
1761,921
1761,1500
1761,4860
1761,1992
1761,1096
1761,5449
1761,4308
1761,5088
1761,4918
1761,1761
1761,5583
1761,5009
1761,1429
1761,5392
1761,3583
1761,2898
1761,3621
1761,5402
1761,198
1761,5025
1761,689
1761,4411
1761,2185
1761,2282
1761,4403
1761,5519
1761,2867
1761,3188
1761,3349
1761,4588
1761,4047
1761,2367
1761,1114
915,5014
915,5422
915,3687
915,3092
915,2304
915,915
915,2180
915,3487
915,1796
915,4915
915,4823
915,3806
915,36
915,2921
915,2879
915,3367
915,440
915,5455
915,905
915,2295
915,1387
915,2995
915,4125
5281,374
5281,1297
5281,2112
5281,3257
5281,4494
5281,4035
5281,5281
5281,427
5281,753
5281,2603
5281,1622
5281,4978
5281,5127
5281,2301
5281,5355
5281,4472
5281,5595
5281,3475
5281,4214
5281,4723
1419,141
1419,2125
1419,31
1419,4529
1419,1419
1419,935
1419,5384
1419,2627
1419,4179
1419,3102
1419,4528
1419,2228
3164,2602
3164,1297
3164,587
3164,3164
3164,427
3164,2229
3164,999
3164,5450
3164,1622
3164,3643
3164,5355
3164,155
3164,2472
3164,5595
3164,3475
3164,4214
3164,5286
3164,3857
3164,5166
3164,2780
3439,1043
3439,380
3439,3439
3439,2201
3439,4850
3439,2861
3439,5526
3439,3779
3439,928
3439,5310
3439,1121
3439,468
3439,42
3439,1952
3439,5149
3439,3485
3439,1744
3439,3366
3439,4812
3439,3873
1880,3130
1880,2120
1880,1468
1880,806
1880,4517
1880,249
1880,5385
1880,1902
1880,2510
1880,1880
1880,2687
1880,4270
1880,1448
1880,5066
1880,2290
1880,4325
1880,1847
1880,3459
1880,5597
1880,1976
1880,1623
1880,1392
1880,2629
1880,3918
1471,3488
1471,1247
1471,4626
1471,1186
1471,1471
1471,1841
1471,2503
1471,3307
1471,3876
1471,2190
1471,2021
1471,4904
1471,602
1471,1849
1471,4171
1471,944
1674,4231
1674,3895
1674,1674
1674,1128
1674,2469
1674,4603
1674,1401
1674,4616
1674,2219
1674,5210
1674,86
1674,3890
1674,3929
1674,3502
1674,2197
1674,1242
1674,5065
4483,5448
4483,317
4483,4042
4483,1562
4483,4483
4483,2819
4483,4038
4483,1261
4483,3729
4483,750
4483,1764
4483,136
4483,3939
1245,2368
1245,3548
1245,186
1245,1245
1245,2900
1245,863
1245,3227
1245,4324
1245,759
1245,831
1245,3063
1245,3038
3247,263
3247,228
3247,1956
3247,3748
3247,3247
3247,882
3247,3030
3247,2176
3247,1333
3247,2610
3247,3575
3247,701
3247,290
3247,5337
3247,3571
3247,2261
3247,5400
3247,5345
3247,1532
3949,4423
3949,2245
3949,5356
3949,1132
3949,1296
3949,5249
3949,3949
3949,2399
3949,18
3949,1249
3949,3248
3949,4013
3949,2186
3949,2942
3949,845
3949,2088
3949,76
3949,4859
3949,2865
3949,4156
3949,5603
3949,4256
3949,4972
3949,1515
3949,2983
3496,795
3496,3422
3496,382
3496,3496
3496,3745
3496,4458
3496,1192
3496,3854
3496,1455
3496,3325
3496,5511
3496,4884
3496,490
3496,1347
3496,1870
3496,3706
2180,5014
2180,5422
2180,4159
2180,3687
2180,1833
2180,3092
2180,2304
2180,1037
2180,915
2180,2180
2180,3487
2180,1796
2180,4915
2180,4823
2180,3806
2180,36
2180,2921
2180,717
2180,956
2180,2879
2180,3367
2180,440
2180,5455
2180,905
2180,2295
2180,1387
2180,2995
2180,4125
2750,456
2750,4318
2750,5643
2750,3410
2750,4525
2750,3452
2750,5557
2750,2750
2750,4097
2750,3219
2750,5551
2750,2270
2750,3737
2750,3144
2750,4939
2750,2977
2750,1477
2750,2869
2750,3708
2750,2349
2750,4302
2750,4873
2750,3401
2750,1941
2750,697
2750,770
2750,1413
2750,1019
2750,220
2750,2513
2750,3637
2750,1036
2750,2094
2750,3402
2750,2199
2750,336
2750,418
2750,618
2750,4130
2750,2941
2750,430
2750,5362
2750,3448
2750,621
2750,1906
2750,2520
2750,1415
2750,2072
2750,2058
1841,3488
1841,1247
1841,4626
1841,1186
1841,1471
1841,1841
1841,2503
1841,3307
1841,3876
1841,2190
1841,416
1841,2021
1841,4904
1841,602
1841,1849
1841,5004
1841,4171
1841,944
3273,2139
3273,2524
3273,2125
3273,4454
3273,2702
3273,188
3273,3273
3273,4144
3273,5300
3273,3152
3273,3073
3273,2007
3273,3469
3273,2734
3273,91
3273,3731
3273,1856
3273,2417
3917,1241
3917,1583
3917,3531
3917,200
3917,3917
3917,542
3917,1016
3917,2955
3917,5497
3917,4841
3917,3305
3917,1893
3917,2415
3917,2203
3917,3158
3917,2874
3917,1285
3917,1033
1609,3320
1609,1609
1609,4983
1609,2825
1609,167
1609,1876
1609,5452
1137,5256
1137,2685
1137,1137
1137,5491
1137,2476
1137,2390
1137,2783
1137,3793
1137,797
1137,5479
1137,3208
5259,3019
5259,1816
5259,4285
5259,2960
5259,5391
5259,28
5259,2076
5259,1301
5259,4684
5259,3510
5259,1115
5259,3018
5259,5259
5259,1664
5259,5631
5259,3438
5259,2400
5259,1998
5259,2087
5259,4638
5259,4714
5259,1013
5259,5219
5259,1927
5259,1547
5259,1720
5259,5105
5259,1650
5259,458
5259,5002
5259,273
5259,5498
5259,5570
5259,15
5259,319
5259,125
5259,3665
5259,5312
5259,524
5259,2380
5259,5571
5259,3050
5259,3600
5259,2146
5259,4400
5259,5318
5259,3281
5259,4567
5259,1791
5259,2792
5259,3632
5259,865
1353,1500
1353,4803
1353,5186
1353,617
1353,4064
1353,1361
1353,918
1353,4590
1353,2913
1353,3660
1353,4308
1353,4918
1353,1353
1353,3519
1353,5583
1353,127
1353,1453
1353,5392
1353,4613
1353,3067
1353,1442
1353,4651
1353,638
1353,3192
1353,2486
1353,4411
1353,2185
1353,588
1353,492
1353,3204
1353,496
1353,3838
1353,3349
1353,3447
1353,1939
1353,3801
1353,4588
1353,4221
1353,4245
1353,2367
1353,1172
1353,1258
1353,4986
1353,3040
1353,1745
1353,2514
1353,156
4385,3548
4385,3633
4385,186
4385,4385
4385,1599
4385,2900
4385,863
4385,2225
4385,952
4385,3227
4385,4324
4385,759
4385,3011
4385,4784
4385,5269
222,597
222,5278
222,222
222,819
222,1579
222,399
222,2735
222,3315
222,4094
222,2829
3371,1170
3371,3952
3371,3023
3371,1828
3371,3371
3371,5035
3371,4272
3371,4055
3371,30
3371,4725
3371,1053
3371,3132
3371,4273
3371,2892
3371,1140
3371,1095
3371,1616
3371,4642
3371,1983
3371,870
692,2754
692,2583
692,2667
692,692
692,1972
692,1393
692,1028
692,1935
692,1959
692,2355
692,2152
692,48
692,5000
692,1078
692,1312
692,277
692,1980
692,4082
5375,4624
5375,4087
5375,2716
5375,5375
5375,1695
5375,287
5375,1505
5375,2252
5375,3231
5375,1070
5375,2660
5375,1687
5375,147
5375,2881
5375,254
3670,361
3670,4802
3670,641
3670,1501
3670,3670
3670,733
3670,3278
3670,1597
3670,3456
3670,2189
3670,2116
3804,3429
3804,997
3804,2531
3804,5249
3804,3804
3804,550
3804,5057
3804,320
3804,5588
3804,3248
3804,2533
3804,4740
3804,1029
3804,4394
3804,12
3804,3671
3804,1975
3804,1163
3804,76
3804,338
3804,650
3804,488
3804,541
408,9
408,132
408,408
408,1838
408,3292
408,2359
408,531
408,3986
408,1740
408,5411
408,5019
408,885
408,2103
408,2163
4441,5272
4441,626
4441,4220
4441,3234
4441,4441
4441,1272
4441,484
4441,5614
4441,4063
4441,1021
4441,4224
4441,1970
4441,218
4441,1440
4441,924
4441,2727
4441,2284
4441,292
4441,4591
4441,1655
4441,4784
4441,1681
4441,2195
4441,2073
4441,3710
4441,5377
4441,2223
4441,4657
4441,4785
4441,4124
4441,4666
2055,796
2055,3015
2055,2979
2055,4046
2055,3504
2055,570
2055,373
2055,1688
2055,2055
2055,2363
2055,4600
2055,475
2055,1510
2055,1843
2055,1384
2055,1232
2055,1076
2055,4877
2055,2672
2055,1729
2055,194
2055,4464
2055,694
2055,1431
2055,4127
2055,2540
2055,1187
3316,1280
3316,2939
3316,2099
3316,888
3316,3316
3316,813
3316,2574
3316,2192
3316,2981
3316,444
3316,1434
3316,4178
3316,1167
3316,2293
3316,4712
3316,5261
3316,991
3316,4540
3316,474
3316,5106
4665,1851
4665,2784
4665,4429
4665,4644
4665,4643
4665,4665
4665,813
4665,4551
4665,2638
4665,447
4665,1155
4665,2981
4665,2293
4665,2471
4665,1907
4665,461
4665,3012
4665,2847
3872,607
3872,1201
3872,4951
3872,379
3872,3592
3872,2346
3872,3872
3872,2153
3872,389
3872,3243
3872,1701
3872,2585
3872,876
3872,3381
3872,3814
3872,4342
3872,1705
3872,5640
3872,1736
3872,4355
2686,3313
2686,1405
2686,3756
2686,2686
2686,1783
2686,636
2686,2837
2686,2833
2686,1325
2686,5566
2686,4442
2686,4374
2686,3426
2686,646
4679,3810
4679,1694
4679,4402
4679,5368
4679,4679
4679,1099
4679,282
4679,3572
4679,5574
4679,5130
4679,1299
4679,4701
4679,4229
4679,2491
4679,3636
4321,35
4321,1535
4321,3314
4321,1084
4321,4321
4321,3498
4321,314
4321,4765
4321,3259
4321,4101
4321,2248
4321,4742
4321,4936
4321,1063
4321,178
4321,2663
4321,2407
4321,1699
4321,611
3236,2743
3236,104
3236,5213
3236,3236
3236,5599
3236,2193
3236,2214
3236,2984
3236,912
3236,1
3236,1158
3236,1360
3236,1335
3236,1748
3530,4319
3530,3530
3530,5188
3530,1717
3530,1282
3530,807
3530,42
3530,1952
3530,2191
3530,3188
3530,2875
3530,1228
3530,482
2545,4158
2545,1025
2545,814
2545,1743
2545,1059
2545,2545
2545,5040
2545,3841
2545,4030
2545,23
2545,4842
2545,2306
2545,2234
2545,5293
2545,2834
2545,5139
2545,4868
2545,1571
2545,5185
2545,3053
2706,2480
2706,1512
2706,2706
2706,514
2706,5097
2706,971
2706,2951
2706,5386
2706,4926
2706,2232
2706,3769
2706,4634
2706,1914
2706,4503
2706,4257
2706,346
2706,1613
2706,1712
4805,3303
4805,108
4805,4805
4805,4333
4805,392
4805,4228
4805,578
4805,3232
4805,5431
4805,5616
4805,3062
4805,530
4805,1706
4805,560
4805,1351
4805,1472
4805,4146
4805,133
4805,3424
4805,3328
1693,907
1693,3926
1693,518
1693,2426
1693,1693
1693,4834
1693,1198
1693,5252
1693,3545
1693,2946
1693,2968
1693,3301
1693,572
1693,3544
1693,1316
1693,2065
1693,4241
1693,4584
1693,2397
1693,3762
1693,3289
1693,3203
1693,1068
1693,4225
1693,1103
1693,705
1693,5534
4734,2931
4734,3180
4734,2884
4734,1190
4734,135
4734,4734
4734,1574
4734,4856
4734,4449
4734,3326
4734,722
4734,3915
4734,3400
4734,2420
4734,3032
4734,4335
4734,815
4734,1158
4734,5546
4734,4332
3553,2933
3553,132
3553,1516
3553,3099
3553,1231
3553,3622
3553,215
3553,3553
3553,5008
3553,3512
3553,4815
3553,3691
3553,1904
3553,2359
3553,4059
3553,1631
3553,531
3553,3010
3553,4390
3553,5411
3553,349
3553,885
3553,500
3553,2947
3553,2443
3553,2044
3553,2084
3553,3958
3553,5354
5189,2784
5189,35
5189,5095
5189,4429
5189,579
5189,3314
5189,2053
5189,5189
5189,3498
5189,1365
5189,4765
5189,2638
5189,1795
5189,2782
5189,1420
5189,1584
5189,1063
5189,1328
5189,756
5189,1948
5189,178
5189,1907
5189,3453
5189,461
5189,1055
5189,2429
873,5440
873,1567
873,873
873,5444
873,764
647,4002
647,3211
647,792
647,612
647,5545
647,3212
647,2253
647,647
647,608
647,3276
647,3119
647,3694
647,948
647,300
647,3540
647,986
647,1480
647,1066
647,3656
647,4965
647,1859
647,2300
2714,1263
2714,2714
2714,743
2714,460
2714,1812
2714,180
2714,555
2714,2333
3605,5221
3605,231
3605,130
3605,4467
3605,3605
3605,2019
3605,887
3605,4090
3605,2246
3605,3718
3605,703
3605,5086
869,33
869,5225
869,869
869,5238
869,3620
869,2498
869,2241
869,3407
869,4341
869,1733
869,2424
869,2129
869,1626
869,707
869,512
869,2026
2887,2848
2887,2632
2887,3286
2887,5507
2887,431
2887,2887
2887,4778
2887,269
2887,3330
2887,4709
2887,5344
2887,5466
2887,2254
2887,1543
4969,4802
4969,1011
4969,1987
4969,1359
4969,4969
4969,2507
4969,4134
4969,3278
4969,1451
4969,1175
4969,4652
4969,1456
4969,4570
1432,1449
1432,2238
1432,1432
1432,3141
1432,3458
1432,2712
1432,3537
1432,4057
1432,605
1432,2927
1432,1748
1432,564
3827,5290
3827,256
3827,4857
3827,591
3827,4433
3827,3923
3827,2671
3827,2806
3827,2093
3827,4098
3827,5230
3827,3827
3827,1834
3827,4226
3827,5243
3827,5087
3827,3318
3827,727
3827,4382
3827,2844
3827,1318
3827,347
3827,1134
3827,2502
3827,3159
3827,5304
3827,3723
3827,4187
3827,2240
3827,3904
3827,1329
3827,3191
3827,13
3827,2732
3827,3080
3827,3450
1142,1294
1142,3454
1142,1212
1142,1986
1142,2239
1142,2464
1142,1084
1142,1142
1142,4203
1142,3964
1142,5224
1142,2092
1142,3170
1142,1220
1142,2281
1142,4936
1142,2206
1142,4443
1142,2104
1142,4739
1142,4923
1142,1886
1142,281
5035,1170
5035,3023
5035,4340
5035,1828
5035,3371
5035,5035
5035,4272
5035,4055
5035,30
5035,1838
5035,5499
5035,5018
5035,4725
5035,739
5035,1053
5035,3132
5035,4273
5035,344
5035,1140
5035,1095
5035,1877
5035,1616
5035,170
5035,2811
5035,4642
5035,1983
5035,870
1637,742
1637,4837
1637,1566
1637,285
1637,2299
1637,276
1637,3001
1637,1637
1637,4040
1637,1018
1637,931
1637,5031
1637,3213
1637,4954
1637,4061
1637,2607
1637,4518
1637,370
3294,1971
3294,5540
3294,452
3294,3294
3294,4476
3294,1452
3294,1826
3294,2804
3294,4536
3294,1255
3294,771
3294,5216
3294,3790
3294,3441
3294,2822
3294,56
3294,4290
3294,3778
3294,4167
3294,79
3294,4531
3294,1539
3294,3148
316,5244
316,3277
316,2218
316,316
316,4368
316,140
316,69
316,3279
316,1614
316,3468
316,2064
316,1707
316,1077
316,3143
316,111
316,3712
1380,3041
1380,2831
1380,1753
1380,2216
1380,4500
1380,1380
1380,1334
1380,2536
1380,2450
1380,5055
1380,1661
1380,3053
1486,5406
1486,1677
1486,4021
1486,3732
1486,5147
1486,3022
1486,1848
1486,3870
1486,2721
1486,4435
1486,4809
1486,1486
1486,2019
1486,1275
1486,4366
1486,980
1486,4713
1486,368
1486,2707
1486,5435
1486,3669
1486,5510
1486,2287
1486,2647
1486,2166
1486,1494
1486,2033
1486,2312
1486,5117
1486,4543
1486,1435
1486,4791
1486,2849
1486,4888
1486,545
4798,2448
4798,540
4798,3358
4798,5217
4798,4798
4798,2364
4798,2485
4798,622
4798,698
4798,3106
4798,3811
4798,1374
4798,4327
4798,3641
4798,3562
4798,3906
4144,2524
4144,3193
4144,3165
4144,154
4144,188
4144,142
4144,3273
4144,4144
4144,5300
4144,211
4144,3152
4144,1618
4144,2899
4144,3775
4144,3963
4144,1116
4144,2007
4144,3469
4144,4377
4144,2440
4144,3731
4144,2417
4534,2441
4534,1151
4534,4425
4534,2038
4534,655
4534,1915
4534,4534
4534,5206
4534,3363
4534,5554
4534,790
4534,3888
4534,631
4534,226
4534,4743
4534,812
4534,262
4534,5323
4534,1305
4534,1281
4534,4141
4534,3776
4534,762
4534,547
4534,4818
4534,2156
4534,5436
1653,4827
1653,852
1653,3129
1653,1653
1653,5458
1653,4757
1653,73
1653,4768
1653,1871
1653,2200
1653,3365
1653,1299
1653,4701
1653,1592
1653,5409
1653,1188
2718,2743
2718,4566
2718,881
2718,2718
2718,3364
2718,2984
2718,1178
2718,5558
2718,1310
2718,1335
1834,256
1834,4857
1834,836
1834,4682
1834,2806
1834,2093
1834,3992
1834,899
1834,3827
1834,1834
1834,4226
1834,3612
1834,5243
1834,5087
1834,1646
1834,4382
1834,2844
1834,347
1834,158
1834,3723
1834,4187
1834,2240
1834,2066
1834,1329
1834,362
1834,4763
2466,2453
2466,3320
2466,1630
2466,2466
2466,3883
2466,1223
2466,2122
2466,1215
2466,3563
2466,1006
2466,2825
584,143
584,2583
584,988
584,4087
584,584
584,1972
584,287
584,1393
584,2252
584,1028
584,1959
584,2152
584,48
584,5000
584,5642
584,147
584,4542
584,2565
584,4655
584,1675
584,277
584,1810
5124,3389
5124,3480
5124,4300
5124,4692
5124,1551
5124,2960
5124,624
5124,28
5124,1754
5124,4319
5124,5319
5124,208
5124,4864
5124,4684
5124,1519
5124,1115
5124,5124
5124,1664
5124,4767
5124,3438
5124,2400
5124,1282
5124,4850
5124,2668
5124,5526
5124,3161
5124,169
5124,342
5124,1650
5124,1823
5124,2767
5124,1002
5124,1121
5124,1949
5124,273
5124,5489
5124,5570
5124,4533
5124,125
5124,5312
5124,1411
5124,5571
5124,3050
5124,2146
5124,3783
5124,1228
5124,4279
5124,3281
5124,3136
5124,4567
5124,5305
5124,3816
5124,3632
5124,2756
2435,3638
2435,5211
2435,2079
2435,2435
2435,3628
2435,675
2435,1376
2435,5441
2435,4537
2435,3345
2435,3468
2435,4750
2435,1355
2435,3061
2435,4617
2435,4981
2435,5589
4762,1784
4762,4762
4762,2423
4762,4019
4762,4920
4762,59
4762,2992
4762,4653
4762,2829
4762,1800
4762,3374
5627,3130
5627,1468
5627,2621
5627,5424
5627,1572
5627,2510
5627,5627
5627,1153
5627,2775
5627,2687
5627,630
5627,3351
5627,4344
5627,5357
5627,1976
5627,1392
5627,109
5627,3086
5627,4240
3186,2608
3186,3186
3186,239
3186,3658
3186,2681
3186,1540
3186,2573
3186,846
3186,302
3186,2535
3186,1141
3186,2733
3186,5100
3498,35
3498,3314
3498,2053
3498,4321
3498,5189
3498,3498
3498,1365
3498,314
3498,4765
3498,4101
3498,4742
3498,4936
3498,1584
3498,1063
3498,1328
3498,756
3498,1948
3498,178
3498,2663
3498,1907
3498,2407
3498,461
3498,1055
3498,2429
3477,2251
3477,3477
3477,3241
3477,3721
3477,4316
3477,5500
3477,4301
3477,4184
3477,5250
3477,710
3477,1358
3477,3431
3477,2331
4226,5290
4226,256
4226,4857
4226,591
4226,4433
4226,3923
4226,2671
4226,2806
4226,2093
4226,3992
4226,899
4226,3827
4226,1834
4226,4226
4226,5243
4226,5087
4226,3318
4226,4382
4226,2844
4226,347
4226,2502
4226,3159
4226,5304
4226,158
4226,3723
4226,4187
4226,2240
4226,3904
4226,1329
4226,3191
4226,13
4226,2732
4226,3080
4226,3450
3436,3638
3436,820
3436,3436
3436,3628
3436,675
3436,5220
3436,1631
3436,1489
3436,3034
3436,1423
3436,3010
3436,349
3436,1459
3436,1343
3436,2443
3436,3061
3436,2044
3436,2051
3436,5465
3436,5264
4368,2657
4368,3277
4368,316
4368,4368
4368,140
4368,69
4368,3279
4368,2064
4368,1707
4368,1077
4368,111
4368,3135
2364,1465
2364,423
2364,540
2364,4798
2364,2364
2364,4997
2364,3811
2364,4327
2364,2905
2364,945
892,1735
892,1017
892,2824
892,892
892,3516
892,4829
892,3835
892,2148
892,280
892,3082
892,2996
2485,2448
2485,3358
2485,4798
2485,2485
2485,622
2485,698
2485,3106
2485,3811
2485,1374
2485,3641
4703,702
4703,4703
4703,5524
4703,5528
4703,3181
4703,4348
4703,4673
4703,2311
4703,1529
4703,3678
4703,3564
4703,4006
4703,219
3612,256
3612,591
3612,5015
3612,3992
3612,899
3612,1834
3612,3612
3612,2646
3612,5087
3612,1646
3612,4382
3612,3723
3612,3880
3612,2160
3612,1786
3612,362
3612,13
3612,1290
1972,143
1972,2583
1972,988
1972,4087
1972,692
1972,584
1972,1972
1972,287
1972,1393
1972,2252
1972,1028
1972,1959
1972,2152
1972,5000
1972,5642
1972,147
1972,2565
1972,4655
1972,1078
1972,1675
1972,277
1972,1980
1972,4082
1972,906
1503,900
1503,1503
1503,1642
1503,3491
1503,2320
1503,4632
1503,835
1503,977
1503,4685
1503,4908
1503,629
1503,2328
1503,1794
1503,4080
1503,4339
4333,3303
4333,827
4333,903
4333,108
4333,4805
4333,4333
4333,4228
4333,578
4333,2404
4333,3232
4333,5616
4333,3062
4333,1706
4333,3702
4333,560
4333,1351
4333,1472
4333,2896
4333,133
4333,3424
4333,3328
4333,1133
5206,2441
5206,655
5206,1915
5206,4534
5206,5206
5206,4025
5206,3363
5206,790
5206,3888
5206,631
5206,226
5206,4743
5206,812
5206,262
5206,5323
5206,4141
5206,3776
5206,762
5206,547
5206,4818
5206,5436
1664,3389
1664,3480
1664,1816
1664,4285
1664,4692
1664,1551
1664,2960
1664,2439
1664,28
1664,1754
1664,2076
1664,498
1664,1301
1664,238
1664,2004
1664,4864
1664,4684
1664,3510
1664,1115
1664,5259
1664,5124
1664,1664
1664,5631
1664,4767
1664,3438
1664,2400
1664,1998
1664,2087
1664,4638
1664,2668
1664,3161
1664,169
1664,1013
1664,1547
1664,342
1664,1720
1664,3385
1664,3184
1664,5105
1664,1650
1664,458
1664,2767
1664,1949
1664,273
1664,5498
1664,5489
1664,5570
1664,15
1664,2693
1664,321
1664,3418
1664,319
1664,125
1664,3665
1664,1289
1664,5312
1664,2380
1664,5571
1664,3050
1664,3600
1664,2146
1664,4715
1664,5318
1664,4279
1664,3281
1664,3136
1664,4567
1664,1791
1664,2792
1664,3816
1664,3632
1664,2756
619,2657
619,2673
619,619
619,2258
619,3282
619,565
619,2209
619,467
619,5262
619,193
619,5538
619,4481
619,4975
619,3135
3550,3957
3550,4289
3550,1075
3550,2096
3550,5198
3550,1704
3550,2085
3550,1719
3550,3681
3550,3592
3550,2346
3550,3550
3550,2153
3550,5167
3550,3243
3550,1207
3550,3420
3550,3626
3550,4085
3550,876
3550,1195
3550,3079
3550,1705
3550,333
3550,4984
3550,4417
3550,1071
1523,1280
1523,3270
1523,2534
1523,2939
1523,2318
1523,4853
1523,2781
1523,1202
1523,2954
1523,1523
1523,4136
1523,5483
1523,4917
1523,4985
1523,4062
1523,444
1523,1434
1523,4178
1523,4093
1523,4712
1523,1317
1523,4540
1523,5327
1523,395
1523,3887
2925,2904
2925,4692
2925,1551
2925,624
2925,5319
2925,1269
2925,4233
2925,2925
2925,5568
2925,1481
2925,169
2925,5379
2925,1823
2925,1002
2925,1121
2925,5489
2925,1588
2925,191
2925,2672
2925,828
2925,4326
2925,1744
2925,1411
2925,5317
2925,4365
2925,1960
2925,3281
2925,1916
2925,3907
2925,3873
2925,2756
239,1449
239,2608
239,3186
239,239
239,3658
239,2681
239,3141
239,2573
239,846
239,302
239,605
239,1141
239,2733
239,5100
2363,796
2363,3015
2363,2979
2363,1304
2363,373
2363,1688
2363,2055
2363,2363
2363,3754
2363,484
2363,475
2363,1021
2363,1384
2363,1232
2363,1076
2363,4877
2363,2719
2363,2672
2363,1729
2363,2195
2363,194
2363,694
2363,1187
1272,626
1272,1304
1272,1269
1272,373
1272,4441
1272,1272
1272,484
1272,475
1272,5614
1272,4063
1272,1021
1272,1440
1272,4877
1272,292
1272,4591
1272,2719
1272,828
1272,1655
1272,4326
1272,1681
1272,2195
1272,194
1272,2073
1272,3710
1272,2223
1272,1916
1272,3907
1272,4785
1272,4124
1272,4666
1272,3839
4173,4741
4173,2931
4173,2618
4173,3180
4173,2884
4173,3688
4173,3609
4173,3532
4173,135
4173,4173
4173,4852
4173,3780
4173,448
4173,3915
4173,3618
4173,128
4173,2420
4173,1408
4173,4332
5188,3530
5188,5188
5188,1717
5188,3200
5188,4510
5188,1952
5188,482
427,1145
427,374
427,1297
427,3257
427,5600
427,4035
427,587
427,5281
427,3164
427,427
427,753
427,2603
427,1622
427,4978
427,5127
427,2301
427,5355
427,3627
427,2472
427,2888
427,5595
427,3475
427,4214
427,3857
427,5166
427,2780
3487,5014
3487,5422
3487,3687
3487,3092
3487,2304
3487,915
3487,2180
3487,3487
3487,1796
3487,4915
3487,4823
3487,3806
3487,36
3487,2921
3487,2879
3487,3367
3487,5455
3487,905
3487,2295
3487,1387
3487,2995
3487,5197
3487,4125
3487,4976
3465,3408
3465,3465
3465,5349
3465,1126
3465,5604
3465,1147
3465,4840
1365,35
1365,5095
1365,579
1365,3314
1365,2053
1365,5189
1365,3498
1365,1365
1365,314
1365,4765
1365,1795
1365,4101
1365,2782
1365,1420
1365,1584
1365,1063
1365,1328
1365,756
1365,1948
1365,178
1365,1907
1365,3453
1365,461
1365,1055
1365,2429
1052,3843
1052,843
1052,437
1052,1052
1052,4188
1052,4413
1052,2740
1052,3000
1052,562
1052,3489
1052,4017
4096,1520
4096,2988
4096,4046
4096,3504
4096,570
4096,4564
4096,3212
4096,4096
4096,548
4096,4600
4096,2259
4096,3131
4096,3119
4096,3076
4096,1510
4096,1843
4096,509
4096,2560
4096,2356
4096,3577
4096,1076
4096,1729
4096,4464
4096,694
4096,1431
4096,4127
4096,5297
4096,786
4096,1187
4096,11
4096,1660
4096,2332
4096,5068
4096,3741
1717,1567
1717,1112
1717,3530
1717,5188
1717,1717
1717,2898
1717,807
1717,2191
1717,3188
1717,2875
1717,482
1717,1114
1695,5375
1695,1695
1695,287
1695,1505
1695,2252
1695,2660
1695,147
1695,2881
1695,906
1783,5388
1783,2686
1783,1783
1783,5398
1783,337
1783,2124
1783,2837
1783,2833
1783,3492
1783,1325
1783,4442
1783,4374
1783,5367
1783,3426
1783,2178
1783,646
1783,1954
1783,3406
1783,1226
3745,3496
3745,3745
3745,4458
3745,1192
3745,4680
3745,3467
3745,2419
3745,3854
3745,5607
3745,5171
3745,3325
3745,1347
3745,3706
3745,3179
3745,4807
3745,4170
5008,2933
5008,1516
5008,3099
5008,3622
5008,215
5008,3553
5008,5008
5008,3512
5008,4073
5008,3691
5008,1904
5008,5072
5008,609
5008,4059
5008,3088
5008,2383
5008,5411
5008,2724
5008,500
5008,2947
5008,19
5008,2084
5008,168
5008,5354
5008,5585
3883,2453
3883,3320
3883,1630
3883,1860
3883,2466
3883,3883
3883,789
3883,660
3883,1006
3883,2558
3883,3703
287,143
287,4087
287,5375
287,584
287,1972
287,1695
287,287
287,1505
287,2252
287,2660
287,5642
287,147
287,2565
287,4655
287,1675
287,2881
287,277
287,906
542,1241
542,3698
542,1583
542,3917
542,542
542,1016
542,2955
542,5497
542,3305
542,1893
542,4967
542,2643
542,2874
542,3558
542,3455
542,4855
542,1285
542,983
542,1697
542,1033
4205,5221
4205,265
4205,4205
4205,2019
4205,887
4205,363
4205,4090
4205,2246
4205,1275
4205,3296
4205,2212
4205,2260
4205,3761
4205,2647
4205,2166
4205,2158
4205,3024
4205,2128
4205,4952
4205,3205
4205,5511
4205,1250
4205,3392
4205,2849
4205,3978
4205,4418
4205,4170
1581,2150
1581,1581
1581,3539
1581,51
1581,691
1581,5419
1581,4656
1581,3235
1581,4364
1581,2701
1581,4129
1581,3209
2153,4289
2153,5520
2153,1201
2153,3592
2153,2346
2153,3872
2153,3550
2153,2153
2153,3243
2153,1701
2153,2585
2153,3420
2153,876
2153,3381
2153,3814
2153,3079
2153,1705
2153,1736
2153,4355
2153,1071
3989,1241
3989,4438
3989,2741
3989,3989
3989,3305
3989,5517
3989,237
3989,4967
3989,674
3989,1759
3989,4583
3989,4345
3989,497
3989,798
3989,3799
3989,2751
5444,2814
5444,5440
5444,3515
5444,873
5444,5444
5444,4514
5444,4489
2633,549
2633,4687
2633,3346
2633,4488
2633,5229
2633,2633
2633,4982
2633,4609
2633,4034
2633,4262
2633,3121
2633,4163
2633,2113
2633,3651
2633,3625
2633,2365
2633,996
2633,765
2633,1999
2633,5054
2633,4480
2633,5108
4203,1294
4203,3454
4203,1212
4203,1986
4203,2239
4203,2530
4203,2464
4203,4925
4203,1142
4203,4203
4203,3964
4203,5224
4203,2092
4203,2281
4203,4739
4203,1918
1417,1988
1417,2664
1417,3410
1417,2747
1417,1417
1417,2683
1417,3244
1417,67
1417,4889
1417,1479
1417,4302
1417,2662
1417,5629
1417,3934
1417,4873
1417,4373
1417,697
1417,1036
1417,1831
1417,3387
1417,2199
1417,418
1417,212
1417,4130
1417,139
1417,1270
1417,621
1417,1906
1417,4202
1417,89
4733,3352
4733,2035
4733,990
4733,4578
4733,4110
4733,4733
4733,301
4733,1591
4733,2469
4733,413
4733,3601
4733,2723
4733,4887
4733,1967
4733,5102
4733,902
4733,378
4733,723
4733,1366
4733,3166
4733,5065
2595,4576
2595,3138
2595,2080
2595,3142
2595,4900
2595,4799
2595,3343
2595,358
2595,2595
2595,3332
2595,1357
2595,4065
2595,3338
2595,4378
2595,5609
2595,3951
2595,1850
2595,2272
2595,4718
2595,2009
2595,5164
2595,4749
2595,2840
4581,2075
4581,4581
4581,1837
4581,3194
4581,3490
4581,633
4581,2090
4581,1339
4581,1881
4581,1085
4581,2054
4581,4705
4581,3425
4581,4608
4581,4942
1334,2216
1334,4500
1334,1380
1334,1334
1334,5360
1334,2536
1334,3551
1334,1911
1334,2856
1334,2834
1334,2450
1334,3126
1334,3053
2990,3500
2990,247
2990,3100
2990,2586
2990,2006
2990,2446
2990,4492
2990,2391
2990,577
2990,1739
2990,5399
2990,2843
2990,2291
2990,2990
2990,3250
2990,2270
2990,1509
2990,2470
2990,4302
2990,2165
2990,348
2990,2662
2990,4910
2990,4373
2990,295
2990,5515
2990,932
2990,5043
2990,4133
2990,5056
2990,1014
2990,725
2990,5315
2990,4627
2990,1576
4040,1851
4040,742
4040,1566
4040,2318
4040,2781
4040,276
4040,4643
4040,1637
4040,4040
4040,1018
4040,5483
4040,4551
4040,931
4040,5031
4040,1155
4040,4753
4040,3213
4040,4061
4040,2471
4040,2607
4040,4518
4040,370
4040,2847
1221,5628
1221,1221
1221,1642
1221,3491
1221,2320
1221,1900
1221,5020
1221,2929
1221,977
1221,5156
1221,2032
1221,1794
1221,4080
1221,4339
4097,456
4097,385
4097,4318
4097,2586
4097,5643
4097,3410
4097,470
4097,4525
4097,3452
4097,5557
4097,2747
4097,2750
4097,4097
4097,3219
4097,5551
4097,3244
4097,2270
4097,3737
4097,3144
4097,4939
4097,2977
4097,1477
4097,3708
4097,2349
4097,4302
4097,2662
4097,5629
4097,4873
4097,3401
4097,1941
4097,697
4097,770
4097,1413
4097,1019
4097,220
4097,3637
4097,1036
4097,2094
4097,3402
4097,2199
4097,336
4097,418
4097,618
4097,4130
4097,2941
4097,430
4097,5362
4097,3448
4097,621
4097,1906
4097,1415
4097,2072
4097,2058
410,4948
410,3084
410,5332
410,4630
410,3586
410,410
410,2031
410,1479
410,4599
410,538
410,3861
410,457
410,2698
314,35
314,1535
314,3314
314,4321
314,3498
314,1365
314,314
314,4765
314,3259
314,4101
314,2248
314,4742
314,1063
314,178
314,2663
314,1055
314,1699
314,611
2201,1043
2201,380
2201,3439
2201,2201
2201,2259
2201,5568
2201,2861
2201,5379
2201,3779
2201,2356
2201,928
2201,5310
2201,1121
2201,468
2201,5149
2201,3485
2201,1744
2201,4426
2201,3366
2201,4812
2201,3873
3224,2748
3224,4505
3224,5512
3224,2268
3224,4547
3224,4663
3224,3738
3224,3543
3224,3224
3224,1394
3224,4899
3224,713
3224,4181
3224,2851
2019,5221
2019,1848
2019,265
2019,130
2019,4809
2019,3605
2019,1486
2019,4205
2019,2019
2019,887
2019,363
2019,2246
2019,1275
2019,368
2019,3296
2019,2707
2019,2260
2019,2647
2019,2166
2019,3024
2019,2033
2019,4543
2019,3392
2019,2849
3754,626
3754,796
3754,2979
3754,3538
3754,2363
3754,3754
3754,484
3754,475
3754,1021
3754,1384
3754,1232
3754,1161
3754,4877
3754,292
3754,4591
3754,1655
3754,1110
3754,1681
3754,2195
3754,194
3754,1322
3754,4785
5184,4804
5184,2336
5184,2344
5184,3642
5184,5184
5184,4414
5184,372
5184,3014
5184,5064
5184,5301
1669,436
1669,5208
1669,4412
1669,2244
1669,1974
1669,2230
1669,1669
1669,2194
1669,1287
1669,4139
1669,471
1669,2868
1669,1920
1669,3682
1669,5584
1669,1723
1669,360
1669,3086
4025,2441
4025,2179
4025,3921
4025,4269
4025,5206
4025,4025
4025,3478
4025,631
4025,3984
4025,226
4025,279
4025,812
4025,262
4025,5323
4025,3776
4025,517
4025,3031
4025,3875
4025,1421
4025,3910
1164,3488
1164,2748
1164,1482
1164,4626
1164,3956
1164,1164
1164,2715
1164,4204
1164,5041
1164,4904
1164,4401
1164,862
1164,2559
1164,1985
1164,5555
1164,134
1164,2546
1164,944
1599,3548
1599,3633
1599,186
1599,4385
1599,1599
1599,2900
1599,5612
1599,476
1599,2225
1599,952
1599,3011
1599,3269
1599,4784
1599,5269
1599,4964
2106,161
2106,4446
2106,2604
2106,2106
2106,82
2106,5517
2106,3114
2106,1759
2106,4117
2106,4314
2106,4345
2106,2751
383,3202
383,1436
383,209
383,5059
383,403
383,529
383,1937
383,383
383,5030
383,2787
383,4916
383,4211
383,648
383,3651
383,5135
383,1789
383,2761
383,3065
383,4890
383,3361
383,425
383,1082
383,3528
383,3267
383,3178
383,3645
383,2962
383,2876
383,407
4852,2618
4852,3688
4852,3609
4852,4027
4852,4173
4852,4852
4852,2620
4852,3975
4852,613
4852,448
4852,718
4852,1430
4852,128
4852,1958
4852,2526
1642,1503
1642,1221
1642,1642
1642,3491
1642,2320
1642,4632
1642,5020
1642,835
1642,2929
1642,977
1642,4908
1642,5156
1642,2032
1642,1794
1642,4080
1642,4339
1016,1241
1016,1583
1016,2508
1016,3531
1016,200
1016,3917
1016,542
1016,1016
1016,2955
1016,5497
1016,4841
1016,3305
1016,1893
1016,3158
1016,2874
1016,3772
1016,3558
1016,3455
1016,4855
1016,1285
1016,1697
1016,1033
2722,5592
2722,129
2722,2828
2722,1197
2722,4015
2722,755
2722,242
2722,1004
2722,4706
2722,2722
2722,187
2722,3613
2722,2159
2722,776
2722,4074
2722,5091
2722,4698
2722,57
2722,1292
2722,4060
2722,3847
2722,2286
2722,4695
2722,3223
2722,2817
2722,5163
2722,1168
2722,2395
2722,2170
2722,3058
2722,2956
2722,4309
2722,3229
2722,3347
2722,1398
2431,2726
2431,332
2431,2008
2431,3005
2431,4076
2431,2431
2431,4544
2431,3322
2431,1124
2431,1298
2431,2855
2431,1217
2431,3902
2431,2269
2431,334
2431,830
2431,4893
2431,5387
2431,224
2431,4020
3924,2670
3924,1091
3924,33
3924,3924
3924,1447
3924,1487
3924,3183
3924,4689
3924,4341
3924,1733
3924,2424
3924,840
3924,4312
3924,4286
3924,2026
3924,568
3924,2144
1010,4622
1010,4597
1010,4151
1010,634
1010,4083
1010,2907
1010,3508
1010,1010
1010,760
1010,4311
1010,1323
1010,3044
1010,1887
1010,2089
1010,2302
1010,3862
1010,4636
1010,3823
3332,3433
3332,1075
3332,4517
3332,249
3332,1899
3332,5198
3332,5385
3332,2085
3332,1719
3332,2595
3332,3332
3332,4270
3332,1448
3332,4649
3332,4029
3332,2838
3332,1847
3332,4718
3332,1623
3332,847
3332,333
3332,4749
3332,2840
3332,3399
5631,3389
5631,3480
5631,4285
5631,2960
5631,2439
5631,1754
5631,3137
5631,2076
5631,498
5631,1301
5631,3336
5631,238
5631,2155
5631,2004
5631,4864
5631,4684
5631,3510
5631,1115
5631,5259
5631,1664
5631,5631
5631,4767
5631,3438
5631,2400
5631,1998
5631,2087
5631,4638
5631,3161
5631,1013
5631,1547
5631,1720
5631,3385
5631,3184
5631,5105
5631,458
5631,5002
5631,1949
5631,273
5631,5498
5631,5570
5631,15
5631,2693
5631,321
5631,3418
5631,319
5631,125
5631,3665
5631,1289
5631,5312
5631,2380
5631,5571
5631,3050
5631,3600
5631,2146
5631,4715
5631,4400
5631,5318
5631,5470
5631,3136
5631,4567
5631,1791
5631,2792
5631,3632
5631,865
5631,1993
4136,1280
4136,3270
4136,2534
4136,2939
4136,3376
4136,165
4136,4853
4136,4018
4136,1202
4136,5374
4136,2954
4136,1523
4136,4136
4136,4985
4136,4062
4136,444
4136,3753
4136,4093
4136,4712
4136,1317
4136,4540
4136,5327
4136,395
4136,3887
3807,2251
3807,4254
3807,3807
3807,3241
3807,743
3807,1473
3807,4184
3807,5250
3807,5434
3807,2387
3807,5146
2235,3432
2235,897
2235,1767
2235,3055
2235,4999
2235,1106
2235,2235
2235,3695
2235,2492
2235,1193
2235,2643
2235,914
2235,2137
2235,1264
2235,3928
2235,947
2235,3878
2235,1874
2235,2077
2235,983
2235,5047
4458,795
4458,5077
4458,3496
4458,3745
4458,4458
4458,1192
4458,4680
4458,2212
4458,3854
4458,5607
4458,2128
4458,3325
4458,5511
4458,4884
4458,1347
4458,3706
4458,3978
4458,4170
548,2988
548,4046
548,570
548,4564
548,5495
548,4096
548,548
548,4600
548,3131
548,3076
548,1510
548,1843
548,1525
548,509
548,2560
548,5463
548,4464
548,694
548,1431
548,4127
548,5297
548,2540
548,786
548,3373
548,11
548,1660
548,2332
548,5068
548,3741
5150,4161
5150,5150
5150,2594
5150,1138
5150,4575
5150,2499
5150,2527
5150,1628
5150,740
5150,3937
5150,1049
5150,1306
5150,3419
5150,2315
3396,3996
3396,2821
3396,2288
3396,4874
3396,3396
3396,5464
3396,5005
3396,2017
3396,1152
3396,4259
3396,1957
3396,772
3396,1160
3396,3730
3396,2659
3396,2635
5040,3041
5040,2216
5040,1025
5040,1743
5040,4500
5040,2545
5040,5040
5040,3841
5040,2536
5040,4030
5040,3551
5040,1911
5040,2306
5040,1024
5040,377
5040,5293
5040,2834
5040,2450
5040,5139
5040,4868
5040,1571
5040,1661
5040,5185
5040,3053
3363,2441
3363,1151
3363,4455
3363,4425
3363,350
3363,3944
3363,655
3363,1915
3363,4534
3363,5206
3363,3363
3363,5554
3363,790
3363,3888
3363,3293
3363,262
3363,3476
3363,3840
3363,4141
3363,762
3363,4818
3363,2156
3363,5436
2398,3370
2398,442
2398,251
2398,2398
2398,2555
2398,260
2398,680
2398,99
2398,2870
2398,2587
2398,920
2398,2909
2398,3240
2398,2912
2398,1593
2398,1879
2398,4444
2398,1605
1018,742
1018,1566
1018,4252
1018,2318
1018,2781
1018,4643
1018,1637
1018,4040
1018,1018
1018,5483
1018,4551
1018,931
1018,5031
1018,93
1018,1155
1018,4753
1018,3213
1018,5181
1018,2607
1018,4518
1018,370
1018,2847
1654,328
1654,3324
1654,731
1654,1654
1654,4039
1654,2691
1654,941
1654,1108
1654,54
1654,2473
1654,1426
1654,3111
1654,2599
1654,744
1654,1149
1654,2737
1654,2136
4267,5611
4267,5115
4267,5356
4267,1132
4267,4267
4267,1213
4267,2399
4267,18
4267,2462
4267,3704
4267,4013
4267,32
4267,2186
4267,326
4267,1399
4267,5023
4267,2371
4267,4451
4267,2088
4267,4859
4267,4156
4267,683
4267,5383
4267,4256
4267,304
4267,160
4267,3743
4267,1515
1846,5277
1846,1342
1846,668
1846,2676
1846,2738
1846,2416
1846,3812
1846,5283
1846,3905
1846,2993
1846,1846
1846,3613
1846,1678
1846,4074
1846,2966
1846,4248
1846,711
1846,3393
1846,3954
1846,3727
1846,3098
1846,2817
1846,1773
1846,1746
1846,1787
1846,204
1846,4447
1846,2956
1846,4309
1846,1737
1846,3229
1846,1586
1846,1924
789,2453
789,3320
789,1630
789,3883
789,789
789,340
789,1006
789,2558
4600,1520
4600,380
4600,2988
4600,4046
4600,3504
4600,570
4600,4564
4600,3212
4600,2055
4600,4096
4600,548
4600,4600
4600,2259
4600,3119
4600,3076
4600,1510
4600,1843
4600,2560
4600,2356
4600,3577
4600,1076
4600,1729
4600,5149
4600,4464
4600,694
4600,1431
4600,4127
4600,5297
4600,786
4600,4426
4600,1187
4600,11
4600,1660
4600,2332
4600,5068
4600,3741
3539,2150
3539,1581
3539,3539
3539,51
3539,691
3539,5419
3539,4993
3539,3417
3539,4364
3539,2701
3539,4129
3539,3860
3539,4075
2768,5395
2768,4847
2768,5368
2768,2768
2768,3421
2768,2871
2768,3091
2768,282
2768,4757
2768,303
2768,973
4188,3843
4188,843
4188,437
4188,1052
4188,4188
4188,859
4188,3000
4188,562
4188,4796
4188,3489
4188,2577
4188,2825
4188,268
4188,4017
3241,2251
3241,4281
3241,3477
3241,3807
3241,3241
3241,2590
3241,2823
3241,4316
3241,5500
3241,4184
3241,5250
3241,3431
2620,1851
2620,1136
2620,4644
2620,4027
2620,4852
2620,2620
2620,2638
2620,2744
2620,3975
2620,613
2620,718
2620,447
2620,4753
2620,1233
2620,4061
2620,2471
2620,1958
2620,2607
2620,3012
2620,370
3299,1467
3299,3299
3299,3490
3299,3073
3299,1085
3299,4911
3299,4237
3299,3981
3299,4705
3299,1619
3299,266
526,5413
526,4827
526,852
526,5037
526,3129
526,2266
526,526
526,4356
526,4774
526,223
526,4894
526,2614
526,4912
526,60
526,1871
526,2200
526,240
526,3365
526,2665
526,1592
526,429
526,4556
526,3701
526,3360
289,2069
289,112
289,2115
289,658
289,2034
289,3610
289,3147
289,289
289,4427
289,5067
289,5350
289,2384
289,2976
289,2623
289,2642
289,3126
289,1621
1404,4624
1404,5437
1404,1865
1404,1495
1404,2716
1404,1404
1404,1966
1404,3231
1404,2488
1404,4647
1404,2660
1404,5271
1404,1872
1404,357
1404,4539
1404,4808
1404,254
2683,3084
2683,2586
2683,2799
2683,1988
2683,2664
2683,2747
2683,1417
2683,2683
2683,3244
2683,67
2683,4889
2683,1479
2683,4302
2683,2662
2683,5629
2683,4373
2683,697
2683,3637
2683,1036
2683,538
2683,1831
2683,3387
2683,2199
2683,418
2683,212
2683,4130
2683,139
2683,621
2683,4202
2683,89
3335,5364
3335,1379
3335,173
3335,4437
3335,3335
3335,1844
3335,2131
3335,5564
3335,4396
3335,5079
3335,1291
3335,2206
3335,4208
3335,3427
3335,4112
3335,365
2819,5448
2819,317
2819,4042
2819,1562
2819,4483
2819,2819
2819,1261
2819,3729
2819,750
2819,1764
2819,136
2819,1926
2819,5321
2819,3939
1505,5375
1505,1695
1505,287
1505,1505
1505,2252
1505,2660
1505,1687
1505,147
1505,2881
1505,906
216,637
216,2519
216,216
216,2140
216,715
216,3230
216,778
216,162
216,4668
216,4789
216,1454
216,3555
1656,1612
1656,2350
1656,4285
1656,2439
1656,1361
1656,3137
1656,918
1656,3336
1656,238
1656,2155
1656,2004
1656,1656
1656,2210
1656,3184
1656,3056
1656,15
1656,2693
1656,3418
1656,666
1656,1289
1656,2380
1656,3600
1656,4715
1656,2175
1656,5470
1656,1993
1213,5611
1213,2245
1213,5115
1213,5356
1213,4267
1213,1213
1213,2399
1213,18
1213,3415
1213,3704
1213,4013
1213,32
1213,2186
1213,326
1213,1399
1213,5023
1213,2371
1213,4451
1213,2088
1213,4859
1213,4156
1213,683
1213,5383
1213,4256
1213,304
1213,4972
1213,160
1213,3743
1213,2983
3219,456
3219,2885
3219,3410
3219,3452
3219,1860
3219,2750
3219,4097
3219,3219
3219,3244
3219,660
3219,4939
3219,1477
3219,3934
3219,4873
3219,3401
3219,697
3219,770
3219,1413
3219,1019
3219,220
3219,2513
3219,1036
3219,2094
3219,3402
3219,3387
3219,2199
3219,336
3219,418
3219,618
3219,212
3219,4130
3219,5362
3219,3448
3219,621
3219,1906
3219,1415
3219,2058
3219,5307
5300,2524
5300,2125
5300,3193
5300,4454
5300,2702
5300,154
5300,188
5300,142
5300,3273
5300,4144
5300,5300
5300,3152
5300,1618
5300,2899
5300,2007
5300,3469
5300,4377
5300,2440
5300,3731
5300,2417
5238,33
5238,5225
5238,869
5238,5238
5238,3620
5238,2498
5238,2241
5238,3407
5238,4341
5238,1733
5238,2424
5238,2129
5238,1626
5238,707
5238,512
5238,2026
5238,603
4213,1560
4213,3372
4213,2943
4213,4213
4213,3339
4213,4440
4213,768
4213,594
4213,2493
4213,3744
4213,1777
4213,552
4213,3309
3200,5266
3200,5472
3200,5188
3200,3200
3200,4510
3200,468
3200,1952
4767,3389
4767,3480
4767,4771
4767,4300
4767,4285
4767,4692
4767,1551
4767,2960
4767,1754
4767,2076
4767,498
4767,1301
4767,3265
4767,238
4767,4864
4767,4684
4767,1519
4767,1115
4767,5124
4767,1664
4767,5631
4767,4767
4767,3438
4767,2400
4767,2087
4767,1282
4767,4638
4767,2668
4767,3161
4767,1383
4767,169
4767,1547
4767,342
4767,1720
4767,3385
4767,3184
4767,5105
4767,4946
4767,1650
4767,1823
4767,458
4767,2767
4767,1002
4767,1949
4767,273
4767,5498
4767,5489
4767,5570
4767,4533
4767,2693
4767,321
4767,3418
4767,125
4767,1289
4767,5312
4767,5571
4767,3050
4767,2146
4767,4715
4767,3783
4767,5318
4767,4279
4767,3281
4767,3136
4767,4567
4767,5305
4767,1791
4767,2792
4767,3816
4767,3632
4767,2756
4767,2989
4982,529
4982,3346
4982,5229
4982,2633
4982,4982
4982,2644
4982,4609
4982,3121
4982,2113
4982,3651
4982,3625
4982,5135
4982,2365
4982,425
4982,1082
4982,996
4982,1999
4982,5054
4982,4480
4982,5108
4982,2876
484,626
484,2979
484,1304
484,373
484,4441
484,2363
484,1272
484,3754
484,484
484,475
484,5614
484,4063
484,1021
484,1440
484,4877
484,292
484,4591
484,2719
484,828
484,1655
484,1681
484,2195
484,194
484,2073
484,3710
484,2223
484,3907
484,4785
484,4124
484,4666
484,3839
1357,4576
1357,3138
1357,2688
1357,2080
1357,4513
1357,4900
1357,4799
1357,3343
1357,358
1357,2595
1357,1357
1357,3338
1357,4378
1357,5609
1357,3951
1357,1850
1357,2272
1357,4191
1357,5164
1357,2202
1357,3297
1357,257
1357,1829
5372,70
5372,3987
5372,3690
5372,1722
5372,773
5372,598
5372,2980
5372,5372
5372,1934
5372,3993
5372,2196
5372,3925
5372,1749
5372,2126
5372,93
5372,2243
5372,4294
5372,628
5372,4434
5372,684
5372,4820
5372,1286
5372,1234
5372,4206
5372,5181
5372,1483
5372,3009
5372,1079
5372,4175
5372,261
5372,5144
2646,4676
2646,3612
2646,2646
2646,4132
2646,1646
2646,2160
2646,1786
2646,362
2646,1061
2646,2543
1703,116
1703,2776
1703,1703
1703,3097
1703,267
1703,864
1703,5173
1703,3696
1703,769
1703,2495
1703,4869
1703,2237
1703,3173
1703,5204
1703,4419
1703,1905
1703,2233
1703,4355
1703,2215
887,5221
887,231
887,265
887,130
887,4467
887,4809
887,3605
887,4205
887,2019
887,887
887,363
887,4090
887,2246
887,1275
887,2212
887,2260
887,2647
887,2166
887,3024
887,4543
887,3392
887,703
887,5086
121,5535
121,3500
121,247
121,877
121,2609
121,891
121,2391
121,1692
121,308
121,1603
121,121
121,392
121,2525
121,1702
121,2470
121,1262
121,4550
121,3497
121,1257
121,4346
121,1666
121,2708
121,2297
121,2959
121,2763
121,3145
121,5227
121,1757
121,578
121,1873
121,4383
121,5431
121,1804
121,1403
121,1549
121,2858
121,2700
121,1089
121,3395
2594,4161
2594,5150
2594,2594
2594,1138
2594,4575
2594,2499
2594,1628
2594,1094
2594,740
2594,1049
2594,1306
2594,3419
2594,5134
2715,3488
2715,2748
2715,5512
2715,4626
2715,1164
2715,2715
2715,4204
2715,2190
2715,416
2715,862
2715,954
2715,5004
5551,456
5551,385
5551,5621
5551,1923
5551,4318
5551,2586
5551,5643
5551,2446
5551,3410
5551,470
5551,4525
5551,5557
5551,2750
5551,4097
5551,5551
5551,2270
5551,3737
5551,4939
5551,5308
5551,2977
5551,1477
5551,2869
5551,3708
5551,2349
5551,4302
5551,348
5551,2662
5551,4910
5551,1176
5551,3401
5551,295
5551,1941
5551,697
5551,1413
5551,220
5551,3637
5551,1036
5551,3402
5551,2199
5551,618
5551,2941
5551,430
5551,5362
5551,1741
5551,5315
5551,3448
5551,4627
5551,74
5551,2072
5551,2058
426,3116
426,426
426,4073
426,609
426,2383
426,2127
426,5306
426,2724
426,168
426,1951
1830,3616
1830,3422
1830,2531
1830,382
1830,1830
1830,5588
1830,2292
4690,1718
4690,4803
4690,918
4690,2913
4690,4690
4690,3519
4690,1644
4690,5215
4690,666
4690,4620
4690,3251
4690,2334
4690,3801
4690,4221
4690,4986
4690,3040
4250,2682
4250,4468
4250,4250
4250,3181
4250,3560
4250,1529
4250,2598
4250,3564
2753,1035
2753,332
2753,1833
2753,2008
2753,4076
2753,2753
2753,785
2753,4415
2753,4296
2753,4796
2753,2855
2753,3902
2753,3697
2753,4515
2753,1818
2753,2187
2753,4160
3244,456
3244,2586
3244,1988
3244,2664
3244,3410
3244,3452
3244,2747
3244,1417
3244,4097
3244,2683
3244,3219
3244,3244
3244,2270
3244,67
3244,1477
3244,4889
3244,4302
3244,2662
3244,5629
3244,3934
3244,4873
3244,4373
3244,3401
3244,697
3244,1019
3244,2513
3244,3637
3244,1036
3244,2094
3244,3402
3244,1831
3244,3387
3244,2199
3244,418
3244,618
3244,212
3244,4130
3244,621
3244,1906
2590,2251
2590,396
2590,4281
2590,3241
2590,2590
2590,5183
2590,2823
2590,4316
2590,5500
2590,3664
2590,1533
2590,4184
2590,4623
3239,1181
3239,3239
3239,1869
3239,3909
3239,2701
3239,3938
3239,3444
3239,324
3239,3295
3239,3209
1192,795
1192,382
1192,3496
1192,3745
1192,4458
1192,1192
1192,3854
1192,5607
1192,3325
1192,4884
1192,490
1192,1347
1192,1870
1192,3706
1192,3179
1192,4170
3216,2831
3216,1753
3216,1199
3216,1522
3216,4473
3216,3216
3216,5006
3216,248
3216,5055
3216,5438
3216,2652
3512,2933
3512,1516
3512,3622
3512,215
3512,3553
3512,5008
3512,3512
3512,4073
3512,3691
3512,5018
3512,1904
3512,5072
3512,609
3512,739
3512,2359
3512,4059
3512,3088
3512,2383
3512,3986
3512,4390
3512,5411
3512,2724
3512,500
3512,2947
3512,19
3512,2084
3512,168
3512,5354
3512,5585
1574,2931
1574,2684
1574,4734
1574,1574
1574,4449
1574,3326
1574,722
1574,4806
1574,2214
1574,3032
1574,4335
1574,815
1574,1158
1574,2374
1574,1425
1574,2541
721,2616
721,3832
721,5477
721,721
721,1932
721,571
721,2985
721,1525
721,4218
721,4553
721,839
5167,4289
5167,3681
5167,3550
5167,5167
5167,3243
5167,2585
5167,1207
5167,3626
5167,4085
5167,1195
5167,898
5167,1705
5167,5640
5167,4984
5167,1736
5167,4417
5167,2893
3250,3500
3250,247
3250,3100
3250,2586
3250,2006
3250,2446
3250,4492
3250,2391
3250,577
3250,1739
3250,5399
3250,2843
3250,2291
3250,2990
3250,3250
3250,1509
3250,2470
3250,2165
3250,348
3250,2662
3250,4910
3250,295
3250,5515
3250,932
3250,5043
3250,4133
3250,5056
3250,1014
3250,725
3250,2896
3250,4627
3250,1576
1265,3746
1265,1265
1265,1227
1265,3467
1265,2419
1265,5171
1265,5634
1265,4200
1265,3162
1265,3268
1265,4284
1265,4135
1265,2689
1447,1989
1447,3924
1447,1447
1447,1487
1447,4341
1447,2181
1447,840
1447,4312
1447,4286
1447,3311
1447,568
5554,2441
5554,1151
5554,4455
5554,4425
5554,350
5554,2038
5554,3944
5554,655
5554,1915
5554,4534
5554,3363
5554,5554
5554,790
5554,3888
5554,3293
5554,4743
5554,1281
5554,3476
5554,3840
5554,4141
5554,762
5554,4818
5554,2156
5554,5436
4957,2164
4957,4945
4957,5618
4957,910
4957,2497
4957,522
4957,4180
4957,3171
4957,5334
4957,5316
4957,1603
4957,748
4957,4957
4957,3033
4957,4707
4957,3534
4957,2525
4957,1260
4957,4577
4957,4876
4957,1257
4957,4346
4957,1666
4957,3145
4957,3283
4957,1994
4957,1563
4957,569
4957,1338
4957,894
4957,4776
4957,1506
4957,4383
4957,3272
4957,1804
4957,1714
4957,3291
4957,2858
4957,2700
4957,5326
5633,4857
5633,836
5633,4682
5633,1575
5633,5633
5633,5087
5633,803
5633,347
5633,158
5633,4187
5633,3388
5633,2066
5633,1943
5633,1785
5633,71
5633,3394
5633,4763
5633,1732
2091,5454
2091,5394
2091,886
2091,2091
2091,1444
2091,5248
2091,5242
2091,1261
2091,5371
2091,445
2091,1321
2091,620
1487,1989
1487,5225
1487,3924
1487,1447
1487,1487
1487,3183
1487,4341
1487,1733
1487,2181
1487,840
1487,4312
1487,4286
1487,3311
1487,568
4814,5098
4814,4837
4814,1625
4814,4814
4814,2279
4814,2948
4814,2661
4814,2294
4814,3093
4814,959
4814,686
4814,857
4814,3013
4814,1894
4814,318
4814,2535
4814,3604
389,4948
389,607
389,4951
389,379
389,3872
389,389
389,1701
389,2585
389,235
389,4342
389,5640
389,893
389,1736
1444,5454
1444,5394
1444,886
1444,2091
1444,1444
1444,5248
1444,5242
1444,5371
1444,445
1444,1321
1444,620
4639,2848
4639,2632
4639,4639
4639,2313
4639,2140
4639,3230
4639,4778
4639,269
4639,3330
4639,4487
4639,995
4639,6
4639,2254
4639,1454
4639,3555
4639,3556
5548,4741
5548,3290
5548,3055
5548,5548
5548,3780
5548,1193
5548,2643
5548,3928
5548,253
5548,4855
5548,5089
5548,2526
5548,2077
5548,983
5183,4406
5183,396
5183,4281
5183,2590
5183,5183
5183,2823
5183,3842
5183,5500
5183,3664
5183,1533
5183,4989
5183,4502
5183,884
5183,4623
1138,1450
1138,5150
1138,2594
1138,1138
1138,354
1138,4990
1138,740
1138,1671
1138,1049
1138,1306
1138,3419
1138,5134
1138,2631
1138,3973
4980,3172
4980,2262
4980,874
4980,5037
4980,4482
4980,4980
4980,596
4980,2614
4980,4664
4980,2449
4980,4924
4980,60
4980,5442
4980,2047
4980,1238
4980,2665
4980,2305
4980,3701
4980,3785
1393,2754
1393,143
1393,2583
1393,988
1393,2667
1393,692
1393,584
1393,1972
1393,1393
1393,1028
1393,1935
1393,1959
1393,2355
1393,2152
1393,48
1393,5000
1393,4542
1393,4655
1393,1078
1393,1675
1393,277
1393,1980
1393,4082
2955,2508
2955,3531
2955,200
2955,3917
2955,542
2955,1016
2955,2955
2955,5497
2955,1795
2955,4841
2955,2248
2955,2415
2955,3158
2955,2874
2955,3772
2955,3455
2955,1285
2955,1033
3948,511
3948,442
3948,251
3948,637
3948,1117
3948,2519
3948,3948
3948,4384
3948,246
3948,99
3948,2870
3948,2570
3948,2587
3948,920
3948,4450
3948,2912
3948,4789
3948,4832
3948,4444
3948,1605
2507,4802
2507,1011
2507,3089
2507,4969
2507,2507
2507,3278
2507,1451
2507,4652
2507,3456
2507,1456
2507,4570
4065,4576
4065,3016
4065,4963
4065,3190
4065,1075
4065,2085
4065,4799
4065,3343
4065,358
4065,2595
4065,4065
4065,3338
4065,2852
4065,3951
4065,1195
4065,1852
4065,2272
4065,4718
4065,4417
4476,1971
4476,4232
4476,452
4476,1679
4476,671
4476,3294
4476,4476
4476,1452
4476,1826
4476,2804
4476,4536
4476,1255
4476,771
4476,5216
4476,3790
4476,3441
4476,56
4476,4137
4476,3778
4476,79
4476,5475
4476,4531
4476,1539
4476,3148
3628,3638
3628,2079
3628,5244
3628,3277
3628,2435
3628,3436
3628,3628
3628,140
3628,675
3628,4537
3628,3967
3628,3345
3628,1614
3628,1459
3628,3468
3628,1077
3628,3061
3628,4617
3628,3143
3628,2582
2259,1043
2259,1520
2259,380
2259,3211
2259,3504
2259,570
2259,4564
2259,3212
2259,4096
2259,2201
2259,4600
2259,2259
2259,3119
2259,2861
2259,1510
2259,1843
2259,3779
2259,2560
2259,2356
2259,928
2259,5310
2259,3577
2259,1076
2259,1729
2259,5149
2259,3485
2259,4464
2259,1431
2259,786
2259,4426
2259,1187
2259,3366
2259,11
2259,4812
2259,1385
2259,1660
2259,2332
2259,5068
2259,3741
596,3172
596,2262
596,5037
596,4482
596,2266
596,4980
596,596
596,4356
596,1326
596,927
596,4894
596,2812
596,2614
596,2449
596,60
596,3611
596,2665
596,3701
596,2327
596,2117
596,3360
596,3785
1796,5014
1796,2964
1796,731
1796,915
1796,2180
1796,3487
1796,1796
1796,5080
1796,4823
1796,1476
1796,504
1796,2921
1796,2879
1796,2283
1796,5202
1796,905
1796,2295
1796,1387
1796,3589
1796,5197
1796,4125
1796,4976
5253,5253
5253,1116
5253,406
5253,1485
5253,94
5253,506
5253,487
187,5592
187,5277
187,129
187,2828
187,1197
187,4015
187,242
187,1004
187,5283
187,4706
187,2722
187,187
187,3613
187,776
187,4074
187,5091
187,4698
187,5155
187,57
187,1292
187,4060
187,3727
187,3847
187,2286
187,4695
187,3223
187,2817
187,1168
187,2395
187,204
187,2170
187,3058
187,2956
187,4309
187,3229
187,3347
187,1924
2270,456
2270,385
2270,1923
2270,2586
2270,1988
2270,2664
2270,2446
2270,3410
2270,470
2270,5557
2270,2747
2270,1739
2270,2843
2270,2750
2270,2990
2270,4097
2270,5551
2270,3244
2270,2270
2270,3737
2270,1477
2270,3708
2270,2349
2270,4302
2270,348
2270,2662
2270,5629
2270,4910
2270,4873
2270,4373
2270,3401
2270,295
2270,697
2270,1413
2270,3637
2270,1036
2270,932
2270,3402
2270,1014
2270,2199
2270,618
2270,4130
2270,2941
2270,5315
2270,3448
2270,621
2270,4627
2270,1906
2270,1576
2270,2072
1452,4232
1452,452
1452,716
1452,1679
1452,671
1452,3294
1452,4476
1452,1452
1452,1826
1452,2804
1452,4536
1452,1255
1452,771
1452,5216
1452,4137
1452,79
1452,4336
1452,5475
1452,4531
1452,1539
1452,3148
4272,1170
4272,3023
4272,4455
4272,4425
4272,350
4272,1828
4272,3944
4272,3371
4272,5035
4272,4272
4272,4055
4272,5499
4272,4725
4272,1053
4272,3132
4272,4273
4272,2892
4272,1140
4272,1095
4272,1877
4272,1281
4272,1616
4272,4642
4272,1983
4272,870
51,1581
51,3539
51,51
51,1837
51,5419
51,4656
51,4197
51,3235
51,4364
51,2701
51,324
51,4129
51,3209
4331,4000
4331,5426
4331,1081
4331,5373
4331,4331
4331,2174
4331,1302
4331,3672
4331,2836
4331,2765
4331,3359
4331,364
4331,352
4331,3920
4331,5346
4331,5011
4331,2559
4331,713
4331,134
4331,4801
4331,3933
363,5221
363,265
363,4205
363,2019
363,887
363,363
363,4090
363,2246
363,3296
363,2212
363,2260
363,5607
363,2158
363,3024
363,2128
363,4952
363,3205
363,5511
363,1250
363,3392
363,3978
363,4418
363,4170
2145,3234
2145,3548
2145,3633
2145,2145
2145,2225
2145,4224
2145,1970
2145,218
2145,3011
2145,2727
2145,2284
2145,4591
2145,3269
2145,4784
2145,2073
2145,5377
2145,4964
2145,1782
813,2784
813,888
813,4429
813,2053
813,3316
813,4665
813,813
813,4551
813,2574
813,2638
813,2192
813,2981
813,2293
813,1907
813,461
82,161
82,92
82,2052
82,2604
82,3245
82,2106
82,82
82,131
82,3114
82,4376
82,2203
82,4635
82,4314
82,2802
5464,3996
5464,2097
5464,4874
5464,3396
5464,5464
5464,5005
5464,3620
5464,298
5464,2241
5464,2017
5464,3007
5464,1626
5464,707
5464,3950
5464,5484
5464,306
5464,772
5464,1160
5464,3730
5464,3146
5464,2659
514,481
514,2706
514,514
514,5097
514,4560
514,971
514,3536
514,3769
514,3881
514,4257
514,4216
514,3757
514,1613
514,2015
514,1712
5005,3996
5005,2097
5005,2288
5005,4874
5005,1734
5005,3396
5005,5464
5005,5005
5005,298
5005,2241
5005,2017
5005,1626
5005,707
5005,3950
5005,5427
5005,5484
5005,772
5005,1160
5005,3730
5005,3146
5005,2635
4356,3172
4356,5413
4356,4827
4356,5037
4356,2266
4356,526
4356,596
4356,4356
4356,4774
4356,223
4356,4894
4356,2812
4356,2614
4356,4912
4356,60
4356,3611
4356,1238
4356,240
4356,2411
4356,2665
4356,1592
4356,429
4356,4556
4356,3701
4356,2327
4356,3360
2229,3238
2229,1297
2229,3657
2229,2071
2229,4674
2229,4035
2229,3164
2229,2229
2229,5450
2229,2603
2229,1622
2229,4730
2229,1643
2229,5404
2229,419
2229,1428
2229,1194
2229,5355
2229,922
2229,3118
2229,3853
2229,1330
2229,4472
2229,5595
2229,5286
2229,3857
660,3320
660,2885
660,3452
660,1860
660,3883
660,3219
660,660
660,3934
660,770
660,1019
660,2513
660,2094
660,336
660,5362
660,3703
660,1415
660,5307
601,5157
601,2490
601,601
601,2423
601,2303
601,4920
601,3524
601,4497
601,1800
601,2550
601,3374
601,3274
1946,2208
1946,3597
1946,2378
1946,1441
1946,4711
1946,1965
1946,1946
1946,1070
1946,1526
1946,1687
1946,5226
1946,1363
1946,2881
1946,1065
34,4881
34,3609
34,2299
34,276
34,3001
34,34
34,1578
34,3829
34,4671
34,2541
4765,35
4765,3314
4765,2053
4765,4321
4765,5189
4765,3498
4765,1365
4765,314
4765,4765
4765,4101
4765,4742
4765,4936
4765,1584
4765,1063
4765,1328
4765,756
4765,1948
4765,178
4765,2663
4765,1907
4765,2407
4765,461
4765,1055
4765,2429
4090,5221
4090,231
4090,265
4090,130
4090,1074
4090,4467
4090,3605
4090,4205
4090,887
4090,363
4090,4090
4090,2246
4090,2260
4090,3024
4090,3205
4090,3392
4090,2081
4090,703
4090,5086
4090,4418
4973,2632
4973,3286
4973,5061
4973,4925
4973,431
4973,4973
4973,833
4973,4493
4973,2895
4973,2092
4973,1378
4973,3892
4973,2281
4973,2463
4973,269
4973,3330
4973,5344
4973,2254
4973,1027
4973,1543
4973,1918
3960,5415
3960,2670
3960,1091
3960,2097
3960,3960
3960,298
3960,3183
3960,4689
3960,2765
3960,1733
3960,3932
3960,3359
3960,2424
3960,707
3960,3950
3960,5427
3960,1315
3960,5152
3960,5340
3960,3146
3960,2026
3960,2144
131,737
131,25
131,92
131,2052
131,2604
131,3245
131,3096
131,82
131,131
131,546
131,5341
131,2169
131,2736
131,4314
131,5447
131,2802
131,5417
404,2854
404,166
404,4999
404,1106
404,404
404,3695
404,2320
404,690
404,939
404,4908
404,2328
404,2227
404,2032
404,4244
404,793
404,428
404,5047
404,2278
3695,2854
3695,166
3695,3055
3695,4999
3695,3532
3695,1106
3695,2235
3695,404
3695,3695
3695,690
3695,939
3695,2137
3695,3928
3695,253
3695,4244
3695,793
3695,2077
3695,428
3695,5047
3695,2278
4424,1342
4424,2020
4424,559
4424,4207
4424,4424
4424,1266
4424,2
4424,460
4424,1812
4424,4546
4424,2864
4424,4077
4424,2280
4424,3685
4424,782
4424,1885
3131,2988
3131,3015
3131,4046
3131,5495
3131,4096
3131,548
3131,3131
3131,2410
3131,3076
3131,1510
3131,1525
3131,509
3131,2560
3131,5463
3131,2699
3131,3784
3131,4464
3131,4127
3131,5297
3131,2540
3131,3373
3131,1660
3131,3741
4204,3488
4204,2748
4204,1482
4204,4547
4204,3956
4204,3543
4204,1164
4204,2715
4204,4204
4204,5041
4204,862
4204,2559
4204,1985
4204,5555
4204,134
4835,1629
4835,423
4835,4541
4835,540
4835,5217
4835,4835
4835,622
4835,4535
4835,4327
4835,5460
4835,3562
4835,3906
4835,5239
3658,1097
3658,1048
3658,3186
3658,239
3658,3658
3658,2681
3658,3141
3658,2573
3658,846
3658,605
3658,2733
3658,5100
550,4158
550,997
550,1059
550,3804
550,550
550,5057
550,23
550,4436
550,5274
550,1029
550,2968
550,4394
550,4258
550,1975
550,1496
550,2003
550,338
550,650
550,5381
550,3155
550,1824
550,488
2313,3736
2313,25
2313,3096
2313,4639
2313,2313
2313,5341
2313,2169
2313,3230
2313,2736
2313,269
2313,3330
2313,4487
2313,2918
2313,995
2313,6
2313,5447
2313,1593
2313,3555
2313,5417
2313,3556
2313,1742
2313,52
3364,4566
3364,176
3364,2718
3364,3364
3364,1178
3364,5558
3364,4271
3364,1310
790,2441
790,1151
790,4455
790,4425
790,350
790,2038
790,3944
790,655
790,1915
790,4534
790,5206
790,3363
790,5554
790,790
790,3888
790,226
790,4743
790,262
790,5323
790,1281
790,3476
790,4141
790,762
790,547
790,4818
790,2156
790,5436
2423,5157
2423,4762
2423,601
2423,2423
2423,2303
2423,4920
2423,59
2423,3524
2423,4497
2423,1800
2423,2550
2423,2369
2423,978
2423,3374
2423,3274
5398,549
5398,4790
5398,4687
5398,4488
5398,5388
5398,4131
5398,1783
5398,5398
5398,4609
5398,4262
5398,3051
5398,749
5398,4442
5398,5367
5398,996
5398,2178
5398,1999
5398,1954
5398,3406
2552,3287
2552,3018
2552,2552
2552,1897
2552,5219
2552,4157
2552,524
2552,4295
2552,2027
359,4459
359,359
359,1326
359,4568
359,818
359,768
359,1183
359,2812
359,3611
359,3750
359,2411
359,2641
359,2327
1180,4811
1180,5121
1180,1913
1180,974
1180,1180
1180,4071
1180,3774
1180,3781
1180,2339
1180,2095
1180,3967
1180,1423
1180,1459
1180,2815
1180,1343
1180,3262
1180,800
1180,1077
1180,5481
1180,2051
1180,5465
1180,5264
1180,2582
213,987
213,4177
213,3215
213,213
213,4991
213,3033
213,4707
213,85
213,4746
213,1658
213,2708
213,3985
213,576
213,3145
213,3283
213,3884
213,1757
213,4388
213,1994
213,569
213,1338
213,1003
213,4484
213,110
213,4732
213,3714
213,3006
213,1714
213,3959
213,1549
213,4761
213,5326
551,3795
551,551
551,4555
551,3194
551,1778
551,1881
551,3981
551,925
551,3222
551,4608
551,266
563,172
563,1607
563,4513
563,4485
563,563
563,4379
563,4349
563,1686
563,2357
563,353
563,4353
563,5414
563,4191
563,5164
563,2202
563,3297
563,257
563,1829
563,937
392,5535
392,308
392,4805
392,121
392,392
392,3337
392,1262
392,4550
392,3004
392,4228
392,2763
392,799
392,5227
392,310
392,578
392,5431
392,530
392,3424
392,1822
392,3328
2194,5208
2194,4412
2194,2244
2194,1974
2194,2455
2194,4601
2194,1669
2194,2194
2194,942
2194,586
2194,1287
2194,965
2194,2868
2194,1920
2194,1919
2194,1051
2194,5133
2194,4210
2194,1087
2194,2601
2194,1723
5568,1043
5568,624
5568,5319
5568,1269
5568,2925
5568,2201
5568,5568
5568,1481
5568,2861
5568,5379
5568,928
5568,5310
5568,1076
5568,1121
5568,1588
5568,191
5568,2672
5568,5149
5568,4326
5568,1744
5568,1411
5568,5317
5568,4426
5568,1960
5568,3873
3737,456
3737,385
3737,5621
3737,1923
3737,4318
3737,2586
3737,5643
3737,2446
3737,3410
3737,470
3737,4525
3737,5557
3737,2750
3737,4097
3737,5551
3737,2270
3737,3737
3737,4939
3737,5308
3737,2977
3737,1477
3737,2869
3737,3708
3737,2349
3737,4302
3737,348
3737,4910
3737,1176
3737,3401
3737,295
3737,1941
3737,1413
3737,220
3737,3637
3737,1036
3737,3402
3737,2199
3737,618
3737,2941
3737,430
3737,1741
3737,5315
3737,3448
3737,74
3737,2072
2264,5490
2264,4944
2264,4610
2264,2264
2264,3547
2264,3199
2264,763
2264,3227
2264,2745
2264,2777
2264,4192
2264,2078
2264,855
2264,3122
2264,2910
4134,1987
4134,1402
4134,1359
4134,4969
4134,4134
4134,2050
4134,1451
4134,4652
4134,1456
3888,2441
3888,1151
3888,4455
3888,4425
3888,350
3888,655
3888,1915
3888,4534
3888,5206
3888,3363
3888,5554
3888,790
3888,3888
3888,226
3888,4743
3888,262
3888,3476
3888,4141
3888,762
3888,547
3888,4818
3888,2156
3888,5436
5483,2534
5483,4252
5483,2318
5483,2781
5483,1202
5483,598
5483,1523
5483,4040
5483,1018
5483,5483
5483,4917
5483,931
5483,3925
5483,93
5483,2243
5483,4062
5483,4294
5483,684
5483,4820
5483,4093
5483,5181
3144,5621
3144,4318
3144,5643
3144,4525
3144,3452
3144,2750
3144,4097
3144,3144
3144,4939
3144,2977
3144,2869
3144,2349
3144,4491
3144,953
3144,2622
3144,1941
3144,770
3144,1413
3144,220
3144,3402
3144,336
3144,2941
3144,430
3144,5362
3144,3448
3144,2520
3144,1415
3144,2072
3144,2058
5243,5290
5243,256
5243,4857
5243,836
5243,1511
5243,4682
5243,4433
5243,3923
5243,2671
5243,2806
5243,2093
5243,1517
5243,1346
5243,3827
5243,1834
5243,4226
5243,5243
5243,5087
5243,3318
5243,2568
5243,2844
5243,347
5243,2502
5243,3159
5243,5304
5243,158
5243,4187
5243,2240
5243,2066
5243,1943
5243,1329
5243,181
5243,3340
5243,2732
5243,3080
5243,2801
5243,3450
5243,451
5243,5141
5243,2457
3185,3110
3185,4408
3185,453
3185,3185
3185,949
3185,1050
3185,1716
3185,2538
3185,834
3185,5337
3185,2205
3185,916
3185,272
3185,236
3185,2341
2246,5221
2246,265
2246,3605
2246,4205
2246,2019
2246,887
2246,363
2246,4090
2246,2246
2246,2212
2246,2260
2246,3024
2246,2128
2246,4952
2246,3205
2246,3392
2246,3978
2246,4418
691,106
691,1581
691,3539
691,691
691,5419
691,2901
691,4993
691,2701
691,3295
691,4129
3438,3389
3438,3480
3438,1816
3438,4285
3438,4692
3438,1551
3438,2960
3438,28
3438,1754
3438,2076
3438,1301
3438,238
3438,4864
3438,4684
3438,3510
3438,1115
3438,5259
3438,5124
3438,1664
3438,5631
3438,4767
3438,3438
3438,2400
3438,1998
3438,2087
3438,4638
3438,2668
3438,169
3438,1013
3438,1547
3438,342
3438,1720
3438,3385
3438,3184
3438,5105
3438,1650
3438,458
3438,2767
3438,1949
3438,273
3438,5498
3438,5489
3438,5570
3438,15
3438,2693
3438,321
3438,319
3438,125
3438,3665
3438,1289
3438,5312
3438,2380
3438,5571
3438,3050
3438,3600
3438,2146
3438,5318
3438,4279
3438,3281
3438,3136
3438,4567
3438,1791
3438,2792
3438,3632
3438,865
3438,2756
2279,5098
2279,3573
2279,929
2279,1625
2279,4814
2279,2279
2279,1815
2279,2948
2279,2661
2279,2294
2279,2580
2279,3093
2279,959
2279,686
2279,857
2279,3013
2279,4580
2279,1894
2279,318
2279,2535
2279,3604
2279,3101
785,2961
785,1035
785,332
785,3687
785,1833
785,1037
785,4076
785,2753
785,785
785,3057
785,4915
785,4415
785,4296
785,3806
785,717
785,3074
785,956
785,440
785,5455
785,3697
785,4515
785,1818
785,2187
785,4160
785,2995
5168,5090
5168,5168
5168,2360
5168,1271
5168,2860
5168,3594
5168,2501
5168,2422
5168,1218
5168,3252
4379,172
4379,1607
4379,1093
4379,4485
4379,1808
4379,563
4379,4379
4379,4349
4379,5423
4379,3739
4379,2357
4379,353
4379,4353
4379,5594
4379,1634
4379,5414
4379,450
1326,4459
1326,2266
1326,596
1326,359
1326,1326
1326,4568
1326,927
1326,4894
1326,1183
1326,2812
1326,3611
1326,3773
1326,2411
1326,2641
1326,3701
1326,2327
1934,4252
1934,70
1934,3987
1934,3690
1934,1722
1934,598
1934,2980
1934,5372
1934,1934
1934,3993
1934,2196
1934,3925
1934,1749
1934,2126
1934,93
1934,2243
1934,4294
1934,628
1934,4434
1934,684
1934,4820
1934,1286
1934,1234
1934,4206
1934,5181
1934,3009
1934,1079
1934,4175
1934,261
1934,5144
1819,1511
1819,4959
1819,3474
1819,1961
1819,4756
1819,1517
1819,1346
1819,3331
1819,1819
1819,1981
1819,5270
1819,5473
1819,2593
1819,113
1819,4361
1819,2568
1819,5263
1819,2361
1819,2922
1819,5441
1819,4903
1819,4782
1819,3154
1819,2377
1819,1026
1819,1891
1819,3340
1819,543
1819,1355
1819,3298
1819,2801
1819,451
1819,4794
1819,5141
1819,2457
1819,3578
1819,3712
3451,65
3451,3546
3451,5448
3451,3526
3451,4042
3451,3451
3451,5604
3451,3803
3451,2475
3451,3728
3451,2650
3451,1764
3451,4971
3451,5321
3451,275
3451,5140
3451,4758
2681,1097
2681,1048
2681,3186
2681,239
2681,3658
2681,2681
2681,846
2681,318
2681,2535
2681,5100
2681,3604
1031,3795
1031,1611
1031,2370
1031,1031
1031,355
1031,5446
1031,507
1031,1542
1031,3222
1031,1929
4939,456
4939,385
4939,5621
4939,4318
4939,5643
4939,3410
4939,470
4939,4525
4939,3452
4939,5557
4939,2750
4939,4097
4939,3219
4939,5551
4939,3737
4939,3144
4939,4939
4939,2977
4939,1477
4939,2869
4939,3708
4939,2349
4939,1176
4939,4873
4939,2622
4939,3401
4939,1941
4939,1413
4939,220
4939,2094
4939,3402
4939,2199
4939,336
4939,618
4939,2941
4939,430
4939,5362
4939,1741
4939,3448
4939,2520
4939,1415
4939,2072
4939,2058
1839,511
1839,1839
1839,421
1839,322
1839,246
1839,3220
1839,715
1839,4351
1839,4195
1839,2570
1839,2043
1839,4832
1839,4362
1839,2975
4430,3735
4430,4430
4430,2645
4430,480
4430,1067
4430,581
4430,2914
4430,4605
1844,5364
1844,1379
1844,173
1844,4437
1844,3335
1844,1844
1844,2131
1844,5564
1844,4396
1844,5079
1844,2206
1844,4208
1844,2104
1844,4112
1844,1886
1844,365
4551,1851
4551,742
4551,2318
4551,2781
4551,4644
4551,4643
4551,4665
4551,4040
4551,1018
4551,813
4551,4551
4551,447
4551,1155
4551,4753
4551,2981
4551,2471
4551,4540
4551,3012
4551,2847
2360,5090
2360,5168
2360,2360
2360,1271
2360,2511
2360,1284
2360,2860
2360,736
2360,2422
2360,1218
1981,1511
1981,4959
1981,3474
1981,3923
1981,4756
1981,1517
1981,1346
1981,3331
1981,1819
1981,1981
1981,5473
1981,2593
1981,113
1981,4361
1981,2568
1981,5263
1981,2922
1981,5441
1981,3159
1981,4903
1981,4782
1981,3154
1981,1026
1981,3340
1981,543
1981,1355
1981,2732
1981,2801
1981,451
1981,4794
1981,5141
1981,2457
1981,2460
1981,3578
1981,3712
3576,2408
3576,5251
3576,1995
3576,5172
3576,3576
3576,206
3576,2791
3576,3292
3576,38
3576,3629
3576,5019
3576,2484
3576,101
3576,327
3576,2163
3576,2883
3576,564
2131,1212
2131,5364
2131,2239
2131,2464
2131,173
2131,4437
2131,3335
2131,1844
2131,2131
2131,3964
2131,4396
2131,5079
2131,2206
2131,2104
2131,4739
2131,4112
2131,1886
2131,365
2131,281
632,2164
632,2978
632,339
632,2497
632,522
632,4180
632,4234
632,5334
632,748
632,632
632,243
632,1386
632,1176
632,5492
632,894
632,4776
632,2373
632,642
632,1032
632,3291
632,1741
5087,256
5087,4857
5087,836
5087,4682
5087,2093
5087,3992
5087,899
5087,3827
5087,1834
5087,4226
5087,3612
5087,5633
5087,5243
5087,5087
5087,1646
5087,4382
5087,2844
5087,347
5087,158
5087,3723
5087,4187
5087,2240
5087,2066
5087,362
5087,4763
2447,4586
2447,274
2447,2447
2447,501
2447,1933
2447,37
2447,908
5270,2062
5270,4959
5270,2024
5270,1961
5270,4756
5270,757
5270,3331
5270,1819
5270,5270
5270,2906
5270,2593
5270,5617
5270,2361
5270,5441
5270,4182
5270,4903
5270,4782
5270,3256
5270,376
5270,3154
5270,2377
5270,3786
5270,1891
5270,4988
5270,4428
5270,3298
5270,2903
3964,1294
3964,3454
3964,1212
3964,2239
3964,2464
3964,4437
3964,1142
3964,4203
3964,2131
3964,3964
3964,5224
3964,4396
3964,1220
3964,2206
3964,4443
3964,2104
3964,4739
3964,4112
3964,1886
3964,281
3243,3957
3243,4289
3243,2096
3243,1719
3243,3681
3243,3592
3243,2346
3243,3872
3243,3550
3243,2153
3243,5167
3243,3243
3243,1701
3243,2585
3243,1207
3243,3420
3243,3626
3243,4085
3243,876
3243,3381
3243,3079
3243,1705
3243,5640
3243,333
3243,4984
3243,1736
3243,1071
2399,5611
2399,2245
2399,5356
2399,1132
2399,2198
2399,3949
2399,4267
2399,1213
2399,2399
2399,18
2399,4013
2399,2186
2399,326
2399,2942
2399,5023
2399,845
2399,2371
2399,2088
2399,4859
2399,2865
2399,4156
2399,683
2399,5603
2399,4256
2399,4972
2399,3743
2399,1515
2399,2983
409,4622
409,3110
409,4408
409,453
409,409
409,1716
409,5114
409,2538
409,1460
409,2143
409,2205
409,916
409,272
409,3521
409,1504
409,1060
409,152
409,4371
409,84
409,2341
409,2711
4575,5150
4575,2594
4575,4575
4575,2433
4575,2499
4575,2527
4575,1628
4575,3937
4575,1306
4575,3419
4575,2680
4575,2728
4991,987
4991,4177
4991,3215
4991,213
4991,4991
4991,3033
4991,4707
4991,85
4991,1666
4991,4746
4991,1658
4991,2708
4991,3985
4991,576
4991,3145
4991,3283
4991,3884
4991,799
4991,1757
4991,4388
4991,1994
4991,569
4991,1338
4991,1003
4991,4484
4991,110
4991,4732
4991,3714
4991,3006
4991,1714
4991,3959
4991,1549
4991,4761
4991,5326
5562,1629
5562,3913
5562,423
5562,422
5562,4541
5562,5562
5562,2556
5562,670
5562,3705
5562,3894
5562,945
5562,4295
608,5266
608,3211
608,792
608,612
608,2253
608,647
608,608
608,3276
608,948
608,3779
608,986
608,1274
608,1480
608,1066
608,3656
608,1377
608,4965
608,1859
608,4812
608,1385
1668,2025
1668,4597
1668,2208
1668,486
1668,5437
1668,4083
1668,1093
1668,1865
1668,1441
1668,1808
1668,1668
1668,4647
1668,3739
1668,4808
1668,2302
4122,1992
4122,2655
4122,2325
4122,5449
4122,4122
4122,4019
4122,2326
4122,689
4122,2600
4122,2282
4122,4403
4122,2690
4122,483
4983,437
4983,1609
4983,4983
4983,4413
4983,3758
4983,1235
4983,3489
4983,5113
4983,167
4983,1876
4983,5452
3491,1503
3491,1221
3491,1642
3491,3491
3491,2320
3491,4632
3491,5020
3491,835
3491,2929
3491,977
3491,5156
3491,1794
3491,4080
3491,4339
4568,1936
4568,4459
4568,359
4568,1326
4568,4568
4568,927
4568,768
4568,1183
4568,288
4568,3744
4568,3773
4568,2549
5224,1294
5224,3454
5224,1212
5224,1986
5224,2239
5224,2464
5224,1084
5224,1142
5224,4203
5224,3964
5224,5224
5224,4396
5224,2092
5224,3170
5224,1220
5224,2281
5224,4936
5224,2206
5224,4443
5224,2104
5224,4739
5224,2407
5224,4923
5224,1886
5224,281
5473,1511
5473,3474
5473,4433
5473,5523
5473,2671
5473,4098
5473,1517
5473,1819
5473,1981
5473,5473
5473,113
5473,4361
5473,2568
5473,5263
5473,2922
5473,1134
5473,3159
5473,5304
5473,3602
5473,1026
5473,2064
5473,3340
5473,543
5473,2732
5473,4794
5473,2457
5473,2460
5473,3578
5473,4066
5473,3712
5057,3429
5057,997
5057,2236
5057,3804
5057,550
5057,5057
5057,320
5057,3248
5057,2533
5057,5274
5057,4740
5057,4615
5057,1029
5057,4394
5057,12
5057,4258
5057,1975
5057,2003
5057,1163
5057,76
5057,338
5057,650
5057,1824
5057,488
5057,541
1878,2648
1878,4548
1878,837
1878,1878
1878,2611
1878,775
1878,3412
1878,260
1878,3722
1878,291
1878,2086
1878,1565
1878,1110
1878,1319
1878,5162
1878,1879
1878,4571
2611,4548
2611,837
2611,3538
2611,1878
2611,2611
2611,775
2611,3412
2611,260
2611,291
2611,2086
2611,1565
2611,1110
2611,1319
2611,1879
2611,4571
3318,4857
3318,836
3318,1511
3318,4682
3318,4433
3318,3923
3318,2806
3318,2093
3318,1517
3318,1346
3318,1575
3318,3827
3318,4226
3318,5243
3318,3318
3318,2568
3318,5263
3318,2844
3318,347
3318,2361
3318,2922
3318,2502
3318,3159
3318,5304
3318,158
3318,4187
3318,2240
3318,2066
3318,4782
3318,1943
3318,1329
3318,181
3318,3340
3318,2732
3318,2801
3318,3450
3318,451
3318,4794
3318,5141
3318,2457
3318,2460
3318,3578
2258,2657
2258,2673
2258,619
2258,2258
2258,2209
2258,193
2258,3262
2258,5538
2258,4481
2258,4975
2258,3135
2174,4000
2174,4406
2174,5426
2174,4331
2174,2174
2174,1302
2174,3672
2174,2836
2174,364
2174,352
2174,3920
2174,5346
2174,5011
2174,713
2174,4801
2174,2786
2174,3933
140,2657
140,5244
140,3277
140,316
140,4368
140,3628
140,140
140,69
140,3967
140,3279
140,1614
140,3468
140,2064
140,1077
140,3143
140,111
3097,116
3097,2776
3097,1703
3097,3097
3097,267
3097,864
3097,5173
3097,3696
3097,769
3097,2495
3097,4869
3097,2237
3097,3173
3097,5204
3097,4419
3097,1905
3097,2233
3097,4355
3097,2215
2400,3389
2400,3480
2400,1816
2400,4285
2400,4692
2400,1551
2400,2960
2400,28
2400,1754
2400,2076
2400,1301
2400,4864
2400,4684
2400,1519
2400,3510
2400,1115
2400,5259
2400,5124
2400,1664
2400,5631
2400,4767
2400,3438
2400,2400
2400,1998
2400,2087
2400,4638
2400,2668
2400,3161
2400,169
2400,1013
2400,1547
2400,342
2400,1720
2400,3385
2400,3184
2400,5105
2400,1650
2400,1823
2400,458
2400,2767
2400,1002
2400,1949
2400,273
2400,5498
2400,5489
2400,5570
2400,4533
2400,2693
2400,321
2400,319
2400,125
2400,3665
2400,5312
2400,5571
2400,3050
2400,3600
2400,2146
2400,3783
2400,5318
2400,4279
2400,3281
2400,3136
2400,4567
2400,1791
2400,2792
2400,3816
2400,3632
2400,2756
421,1839
421,421
421,322
421,3220
421,715
421,4351
421,4195
421,2043
421,4362
3679,1793
3679,3151
3679,3408
3679,142
3679,3679
3679,211
3679,5349
3679,1126
3679,3258
3679,7
3679,4863
3679,1728
3679,81
1540,356
1540,2608
1540,3186
1540,1540
1540,4697
1540,3249
1540,4806
1540,959
1540,302
1540,2535
1540,4671
1540,1141
1540,2733
1540,5100
3519,1718
3519,2554
3519,2773
3519,4803
3519,1324
3519,3226
3519,2335
3519,2913
3519,3660
3519,623
3519,1353
3519,4690
3519,3519
3519,561
3519,127
3519,2468
3519,1453
3519,5215
3519,747
3519,492
3519,3204
3519,496
3519,3838
3519,4620
3519,3251
3519,3801
3519,4221
3519,4986
3519,3040
3519,4126
3519,156
5045,31
5045,255
5045,5045
5045,935
5045,3501
5045,4323
5045,3676
5045,1633
5045,1598
5045,4108
5045,1038
3057,2961
3057,1035
3057,3843
3057,1833
3057,843
3057,785
3057,3057
3057,3000
3057,4796
3057,717
3057,956
3057,3697
3057,4515
3057,2187
4872,3127
4872,5542
4872,5369
4872,2613
4872,3755
4872,2762
4872,4592
4872,4872
4872,1617
4872,5041
4872,2596
4872,148
4872,4904
4872,4401
4872,5516
4872,1222
4872,5555
4872,4171
4872,5559
4872,2546
4872,217
4872,944
18,2245
18,5356
18,3429
18,1132
18,1296
18,5249
18,3949
18,4267
18,1213
18,2399
18,18
18,1249
18,320
18,3248
18,3704
18,4013
18,2186
18,2942
18,1399
18,12
18,3671
18,845
18,2371
18,1163
18,4451
18,2088
18,76
18,4859
18,2865
18,4156
18,683
18,4256
18,4972
18,541
18,160
18,3743
18,2983
3993,2179
3993,70
3993,3987
3993,3690
3993,1722
3993,598
3993,2980
3993,5372
3993,1934
3993,3993
3993,2196
3993,1749
3993,2126
3993,2243
3993,4294
3993,628
3993,4434
3993,4820
3993,1286
3993,1234
3993,4206
3993,3009
3993,1079
3993,4175
3993,261
3993,3910
4055,1170
4055,4455
4055,4340
4055,350
4055,1828
4055,5289
4055,3944
4055,3371
4055,5035
4055,4272
4055,4055
4055,5499
4055,1768
4055,3293
4055,4725
4055,2358
4055,1053
4055,3132
4055,4273
4055,344
4055,1140
4055,1877
4055,1616
4055,3840
4055,170
4055,2811
4055,4642
4055,387
4039,3599
4039,2494
4039,3815
4039,2908
4039,1088
4039,3324
4039,1501
4039,1654
4039,4039
4039,2691
4039,941
4039,1108
4039,54
4039,3580
4039,3871
4039,5202
4039,1426
4039,1175
4039,2599
4039,744
4039,1149
4039,2737
4039,5547
4039,2116
4039,2136
5583,921
5583,1500
5583,4860
5583,3518
5583,4803
5583,5186
5583,5575
5583,617
5583,1096
5583,4064
5583,4590
5583,4308
5583,5088
5583,4918
5583,1761
5583,1353
5583,5583
5583,5009
5583,1453
5583,5392
5583,4613
5583,3067
5583,1442
5583,3583
5583,4651
5583,4819
5583,3621
5583,638
5583,3192
5583,2486
5583,5402
5583,198
5583,5025
5583,4411
5583,2185
5583,492
5583,5519
5583,3204
5583,2867
5583,4421
5583,496
5583,3838
5583,3349
5583,3447
5583,1939
5583,4588
5583,4221
5583,4245
5583,2367
5583,1172
5583,1258
5583,4986
5583,1745
5583,2514
5583,156
5583,1114
1998,1816
1998,4285
1998,2960
1998,3287
1998,2076
1998,1301
1998,238
1998,2155
1998,4864
1998,4684
1998,3510
1998,1115
1998,3018
1998,5259
1998,1664
1998,5631
1998,3438
1998,2400
1998,1998
1998,1897
1998,2087
1998,4638
1998,1013
1998,2556
1998,1547
1998,1720
1998,3385
1998,3184
1998,5105
1998,1650
1998,458
1998,5002
1998,273
1998,5498
1998,5570
1998,15
1998,2693
1998,319
1998,125
1998,3665
1998,1289
1998,5312
1998,524
1998,2380
1998,5571
1998,3050
1998,3600
1998,2146
1998,4400
1998,5318
1998,5470
1998,4567
1998,1791
1998,2792
1998,865
1998,1993
5599,2743
5599,3236
5599,5599
5599,2193
5599,2214
5599,3400
5599,2984
5599,629
5599,1
5599,1158
5599,1335
5599,5546
5370,549
5370,4053
5370,3522
5370,4488
5370,4131
5370,5370
5370,729
5370,4645
5370,4034
5370,4163
5370,4103
5370,1999
3033,5618
3033,4177
3033,3171
3033,1603
3033,4957
3033,213
3033,4991
3033,3033
3033,4707
3033,2525
3033,1702
3033,4577
3033,1257
3033,1666
3033,4746
3033,1658
3033,2708
3033,576
3033,3145
3033,3283
3033,3884
3033,799
3033,1757
3033,1994
3033,569
3033,1338
3033,1003
3033,4484
3033,4383
3033,3272
3033,1804
3033,3006
3033,1714
3033,1403
3033,1549
3033,2858
3033,2700
3033,5326
3478,2179
3478,3921
3478,4269
3478,4025
3478,3478
3478,631
3478,3984
3478,226
3478,812
3478,4434
3478,1286
3478,4206
3478,3776
3478,517
3478,3031
3478,3875
3478,1421
3478,3910
4414,663
4414,4804
4414,3642
4414,5184
4414,4414
4414,372
4414,5064
4414,5336
4414,4770
4917,2534
4917,4252
4917,2318
4917,4853
4917,2781
4917,1202
4917,598
4917,1523
4917,5483
4917,4917
4917,3925
4917,644
4917,93
4917,2243
4917,4062
4917,4294
4917,4820
4917,4093
4917,395
4707,5535
4707,5618
4707,4177
4707,910
4707,2609
4707,3171
4707,5334
4707,1692
4707,1603
4707,4957
4707,213
4707,4991
4707,3033
4707,4707
4707,2525
4707,1702
4707,1260
4707,1262
4707,4550
4707,3497
4707,4577
4707,4876
4707,1257
4707,4346
4707,1666
4707,4746
4707,2708
4707,2959
4707,2763
4707,3145
4707,3283
4707,3884
4707,1757
4707,1994
4707,569
4707,1338
4707,4484
4707,4383
4707,3272
4707,1804
4707,3006
4707,1714
4707,1403
4707,1549
4707,2858
4707,2700
4707,1089
4707,5326
833,3454
833,3286
833,5061
833,2530
833,4925
833,431
833,4973
833,833
833,2895
833,2092
833,1378
833,3892
833,2281
833,2463
833,5344
833,1543
833,1918
1897,3913
1897,3287
1897,2155
1897,3018
1897,2552
1897,1998
1897,1897
1897,1013
1897,2556
1897,1547
1897,5002
1897,3705
1897,5498
1897,15
1897,319
1897,3665
1897,524
1897,2380
1897,3894
1897,4400
1897,2792
1897,4295
1897,865
5248,5454
5248,5394
5248,886
5248,2091
5248,1444
5248,5248
5248,5242
5248,1261
5248,7
5248,445
5248,1321
5248,620
5009,921
5009,1500
5009,3518
5009,5575
5009,617
5009,1096
5009,4064
5009,4590
5009,4308
5009,5088
5009,4918
5009,1761
5009,5583
5009,5009
5009,1429
5009,5392
5009,1442
5009,3583
5009,4819
5009,3621
5009,5402
5009,4411
5009,5519
5009,2191
5009,4421
5009,3188
5009,2875
5009,4588
5009,2367
5009,1258
5009,1745
5009,1114
1311,2211
1311,4495
1311,5591
1311,1311
1311,2037
1311,1555
1311,3416
1311,3631
1311,2970
1311,1427
1311,544
1311,3045
1311,5467
1311,3938
1311,5541
1311,3423
1101,374
1101,2112
1101,2375
1101,3257
1101,4494
1101,4674
1101,4035
1101,1101
1101,2603
1101,1194
1101,102
1101,2301
1101,3378
1101,3118
1101,4472
1101,4723
3841,3041
3841,4158
3841,1025
3841,814
3841,1743
3841,1059
3841,2545
3841,5040
3841,3841
3841,4030
3841,1911
3841,4842
3841,2306
3841,1024
3841,2234
3841,377
3841,5293
3841,2834
3841,2450
3841,5139
3841,4868
3841,1571
3841,1661
3841,5185
3841,3053
819,597
819,222
819,819
819,1579
819,399
819,2735
819,3315
819,4094
819,2829
859,3843
859,1928
859,4188
859,859
859,2122
859,4796
859,393
859,1129
859,5471
859,2577
859,2825
859,268
859,4017
859,2317
4815,1516
4815,3099
4815,1041
4815,3116
4815,3622
4815,820
4815,215
4815,4511
4815,3553
4815,4815
4815,4073
4815,3691
4815,1680
4815,1631
4815,1489
4815,3034
4815,2383
4815,2127
4815,5306
4815,3010
4815,349
4815,2724
4815,500
4815,1343
4815,2044
4815,5421
4815,2084
4815,3958
4815,1951
1266,5277
1266,1342
1266,2738
1266,559
1266,4207
1266,2993
1266,4424
1266,1266
1266,2
1266,5593
1266,2966
1266,1812
1266,5155
1266,4248
1266,4546
1266,3847
1266,2864
1266,477
1266,5567
1266,145
1266,3058
1266,2280
1266,3685
1266,4309
1266,1586
1266,782
1266,1885
3276,3211
3276,792
3276,612
3276,3212
3276,647
3276,608
3276,3276
3276,3119
3276,3779
3276,2356
3276,4510
3276,1274
3276,3656
3276,3485
3276,1377
3276,4965
3276,3366
3276,4812
3276,1385
3620,3996
3620,2097
3620,33
3620,5225
3620,869
3620,5238
3620,5464
3620,3620
3620,2498
3620,2241
3620,3407
3620,1733
3620,2424
3620,2129
3620,1626
3620,707
3620,512
3620,5484
3620,306
3620,2026
3620,603
67,2885
67,1988
67,2664
67,2747
67,1417
67,2683
67,3244
67,67
67,3934
67,697
67,1831
67,3387
67,418
67,5113
67,212
67,4130
67,139
67,1270
67,621
67,1906
67,4202
67,89
2592,5454
2592,5145
2592,2592
2592,3379
2592,1321
2592,620
2592,4905
4413,843
4413,437
4413,1052
4413,4983
4413,4413
4413,2740
4413,562
4413,3758
4413,1235
4413,3489
4413,2413
4413,167
935,31
935,255
935,1419
935,5045
935,935
935,3501
935,5384
935,2627
935,3102
935,4528
935,1598
3421,5395
3421,881
3421,2768
3421,3421
3421,835
3421,3091
3421,303
3421,973
3421,4080
3421,4339
3339,1560
3339,2943
3339,4213
3339,3339
3339,594
3339,22
3339,3744
3339,1777
3339,3309
3339,5432
3534,4945
3534,910
3534,934
3534,4797
3534,5316
3534,39
3534,4957
3534,3534
3534,1963
3534,4440
3534,2569
3534,3283
3534,2493
3534,1994
3534,1563
3534,569
3534,1003
3534,110
3534,1506
3534,552
3534,3006
3534,3750
3534,1714
3534,5326
4466,3202
4466,1436
4466,5059
4466,4053
4466,4508
4466,2445
4466,1524
4466,4466
4466,729
4466,4211
4466,648
4466,4885
4466,4890
4466,3361
4466,2081
4466,3267
4466,829
4466,4418
301,4569
301,2035
301,990
301,4578
301,4306
301,4733
301,301
301,478
301,1591
301,2469
301,1967
301,902
301,5065
561,1718
561,2554
561,2773
561,4803
561,1324
561,3226
561,2335
561,3660
561,623
561,3519
561,561
561,127
561,2468
561,5215
561,3192
561,747
561,2351
561,3204
561,496
561,3838
561,3321
561,4221
561,3040
561,4126
561,156
2525,2164
2525,5535
2525,5618
2525,2978
2525,910
2525,877
2525,2497
2525,522
2525,2609
2525,4180
2525,3171
2525,5334
2525,1692
2525,1603
2525,748
2525,121
2525,4957
2525,3033
2525,4707
2525,2525
2525,3052
2525,1702
2525,1260
2525,3497
2525,4577
2525,4876
2525,1257
2525,4346
2525,1666
2525,2708
2525,2297
2525,2959
2525,2763
2525,3145
2525,3283
2525,1994
2525,5492
2525,569
2525,1338
2525,894
2525,1873
2525,4776
2525,2373
2525,1506
2525,4383
2525,3272
2525,1804
2525,1714
2525,1403
2525,3291
2525,2858
2525,2700
2525,1089
2525,5326
2031,3084
2031,2006
2031,2799
2031,532
2031,5332
2031,3586
2031,577
2031,5399
2031,2291
2031,410
2031,2031
2031,1509
2031,4889
2031,4554
2031,4599
2031,538
2031,5043
2031,5056
2031,457
2031,1277
2031,5299
3780,4741
3780,3290
3780,3180
3780,166
3780,3055
3780,3532
3780,4173
3780,5548
3780,3780
3780,3618
3780,3928
3780,253
3780,1408
3780,5089
3780,2526
5564,5364
5564,1379
5564,173
5564,4437
5564,3335
5564,1844
5564,5564
5564,2574
5564,4396
5564,5079
5564,1291
5564,2192
5564,756
5564,4208
5564,3427
5564,5261
5564,991
5564,4112
5564,365
5308,2164
5308,3500
5308,385
5308,247
5308,5621
5308,2978
5308,5565
5308,1923
5308,877
5308,2497
5308,522
5308,4180
5308,891
5308,4234
5308,2446
5308,470
5308,4525
5308,1692
5308,5551
5308,3737
5308,5308
5308,3052
5308,243
5308,1386
5308,3708
5308,2470
5308,348
5308,4876
5308,4346
5308,4910
5308,2297
5308,1176
5308,2959
5308,5492
5308,1014
5308,1873
5308,4776
5308,2373
5308,1032
5308,3291
5308,1741
5308,5315
5308,2309
5308,1089
5308,74
5308,3395
5308,2072
2433,4575
2433,2433
2433,2527
2433,1628
2433,2712
2433,3937
2433,2680
2433,2927
2433,2728
2433,1930
3991,3048
3991,2479
3991,5518
3991,3991
3991,676
3991,999
3991,1214
3991,695
3991,4507
3991,2382
3991,3108
3991,4201
3415,2480
3415,3429
3415,4759
3415,2236
3415,1213
3415,3415
3415,3248
3415,3704
3415,4013
3415,5274
3415,4615
3415,3693
3415,1399
3415,2371
3415,4926
3415,2232
3415,4451
3415,4859
3415,1914
3415,1824
3415,541
3415,160
3415,3743
4834,907
4834,112
4834,518
4834,1693
4834,4834
4834,1198
4834,2916
4834,5252
4834,3545
4834,3301
4834,1316
4834,2065
4834,2857
4834,4241
4834,4584
4834,5257
4834,2397
4834,3289
4834,2642
4834,1103
4834,705
4834,5534
2087,3389
2087,3480
2087,4285
2087,4692
2087,1551
2087,2960
2087,2439
2087,1754
2087,3137
2087,2076
2087,498
2087,1301
2087,3336
2087,238
2087,2155
2087,2004
2087,4864
2087,4684
2087,1115
2087,5259
2087,1664
2087,5631
2087,4767
2087,3438
2087,2400
2087,1998
2087,2087
2087,4638
2087,2668
2087,3161
2087,1013
2087,1547
2087,342
2087,5118
2087,2210
2087,1720
2087,3385
2087,3184
2087,5105
2087,4946
2087,458
2087,2767
2087,1949
2087,273
2087,5498
2087,5570
2087,15
2087,2693
2087,321
2087,3418
2087,319
2087,125
2087,3665
2087,1289
2087,5312
2087,2380
2087,5571
2087,3050
2087,3600
2087,2146
2087,4715
2087,5318
2087,5470
2087,4279
2087,3136
2087,4567
2087,5305
2087,1791
2087,2792
2087,3816
2087,3632
2087,1993
2087,2989
4856,3180
4856,1190
4856,166
4856,900
4856,4734
4856,4856
4856,4685
4856,3400
4856,2328
4856,2420
4856,4335
4856,815
4856,1408
4856,5546
4856,4332
676,2602
676,2479
676,3991
676,676
676,999
676,510
676,3643
676,4507
676,2382
676,398
676,3857
676,1738
4697,356
4697,2608
4697,1540
4697,4697
4697,3249
4697,4317
4697,4806
4697,302
4697,1141
4697,2733
775,4548
775,593
775,837
775,1878
775,2611
775,775
775,2410
775,3722
775,291
775,2086
775,21
775,1565
775,3784
775,1319
775,5162
775,4571
3613,5277
3613,242
3613,3812
3613,5283
3613,4706
3613,2722
3613,1846
3613,187
3613,3613
3613,1678
3613,4074
3613,5091
3613,4698
3613,4248
3613,57
3613,3393
3613,3727
3613,4958
3613,2817
3613,1773
3613,1787
3613,204
3613,2956
3613,4309
3613,3229
3613,3347
3613,1924
1249,4423
1249,107
1249,2245
1249,4021
1249,1296
1249,2531
1249,5249
1249,3949
1249,18
1249,1249
1249,2533
1249,5435
1249,2942
1249,3671
1249,76
1249,2865
1249,4256
1249,4972
1249,2983
1249,699
2906,2062
2906,4959
2906,5396
2906,757
2906,3331
2906,5270
2906,2906
2906,4176
2906,2593
2906,5617
2906,1094
2906,4182
2906,3256
2906,376
2906,3154
2906,2377
2906,3786
2906,1891
2906,4428
2906,3298
2906,2903
2906,5589
3141,1449
3141,1432
3141,239
3141,3658
3141,3141
3141,3458
3141,2573
3141,2712
3141,38
3141,3537
3141,846
3141,4057
3141,605
3141,327
3141,564
4449,2931
4449,2684
4449,4734
4449,1574
4449,4449
4449,3326
4449,722
4449,1578
4449,4806
4449,2420
4449,3032
4449,4335
4449,815
4449,1158
4449,2374
4449,1425
4449,2541
753,1145
753,374
753,1297
753,3257
753,4494
753,5281
753,427
753,753
753,2603
753,1622
753,4978
753,3649
753,5127
753,2301
753,5355
753,2888
753,5595
753,3475
753,4214
4176,2062
4176,5396
4176,2757
4176,5211
4176,1273
4176,2906
4176,4176
4176,4404
4176,1376
4176,4182
4176,3961
4176,3107
4176,376
4176,2377
4176,4750
4176,4981
4176,2903
4176,5589
4913,1145
4913,3348
4913,716
4913,5600
4913,4913
4913,4398
4913,411
4913,5255
4913,805
4913,4978
4913,2630
4913,3649
4913,3542
4913,3627
4913,2888
4913,3413
4913,4336
4913,2151
4913,3797
4913,4650
1282,3389
1282,3480
1282,4771
1282,4300
1282,1754
1282,4319
1282,208
1282,3265
1282,1519
1282,3530
1282,5124
1282,4767
1282,1282
1282,4850
1282,2668
1282,5526
1282,3161
1282,1383
1282,169
1282,342
1282,1823
1282,807
1282,1002
1282,1949
1282,4533
1282,42
1282,3855
1282,3783
1282,1228
1282,4279
1282,3136
1282,5305
1282,482
1282,3816
1282,2989
1271,2807
1271,5090
1271,5168
1271,2360
1271,1271
1271,2511
1271,1284
1271,2860
1271,5619
1271,2012
1271,2100
1271,809
1271,1493
5491,5256
5491,2685
5491,1137
5491,5491
5491,2476
5491,2390
5491,2783
5491,3793
5491,797
5491,5479
5491,3208
4638,1816
4638,4285
4638,2960
4638,5391
4638,28
4638,1754
4638,2076
4638,1301
4638,238
4638,2155
4638,4864
4638,4684
4638,3510
4638,1115
4638,3018
4638,5259
4638,1664
4638,5631
4638,4767
4638,3438
4638,2400
4638,1998
4638,2087
4638,4638
4638,1013
4638,1547
4638,1720
4638,3385
4638,3184
4638,5105
4638,1650
4638,458
4638,5002
4638,273
4638,5498
4638,5570
4638,15
4638,2693
4638,319
4638,125
4638,3665
4638,1289
4638,5312
4638,524
4638,2380
4638,5571
4638,3050
4638,3600
4638,2146
4638,4400
4638,5318
4638,3281
4638,4567
4638,1791
4638,2792
4638,3632
4638,865
2740,361
2740,3196
2740,843
2740,1052
2740,4413
2740,2740
2740,3000
2740,562
2740,3489
5549,1715
5549,141
5549,1467
5549,2139
5549,4454
5549,2702
5549,5549
5549,1778
5549,3073
5549,2734
5549,4911
5549,4237
5549,91
5549,43
5549,925
5549,1657
5549,1856
5549,266
1826,1971
1826,5540
1826,452
1826,3294
1826,4476
1826,1452
1826,1826
1826,2804
1826,4536
1826,1255
1826,771
1826,5216
1826,3790
1826,3441
1826,2822
1826,1064
1826,56
1826,4137
1826,4290
1826,3778
1826,79
1826,5475
1826,4531
1826,1539
1826,3148
5524,4363
5524,1130
5524,4589
5524,702
5524,4703
5524,5524
5524,5528
5524,4348
5524,4673
5524,2311
5524,4938
5524,3564
5524,4006
5524,219
267,116
267,1735
267,1703
267,3097
267,267
267,3516
267,864
267,536
267,688
267,4829
267,2495
267,2584
267,5204
267,2996
631,2441
631,3921
631,4269
631,655
631,4534
631,5206
631,4025
631,3478
631,631
631,3984
631,226
631,4743
631,812
631,262
631,5323
631,3776
631,547
631,3031
631,3875
1815,3573
1815,929
1815,2038
1815,2279
1815,1815
1815,2109
1815,2661
1815,2294
1815,4743
1815,66
1815,2580
1815,5323
1815,1305
1815,857
1815,4580
1815,318
1815,547
1815,1364
1815,3604
1815,3101
4850,4771
4850,4300
4850,624
4850,4319
4850,208
4850,1519
4850,3439
4850,5124
4850,1282
4850,4850
4850,2668
4850,5526
4850,169
4850,342
4850,1823
4850,807
4850,1002
4850,1121
4850,4533
4850,42
4850,1952
4850,1744
4850,1411
4850,3783
4850,1228
4850,4279
4850,482
4850,3873
4850,2756
3052,2164
3052,3500
3052,5618
3052,385
3052,247
3052,2978
3052,5565
3052,1923
3052,877
3052,2497
3052,522
3052,2609
3052,4180
3052,891
3052,3171
3052,2446
3052,470
3052,1692
3052,748
3052,2525
3052,5308
3052,3052
3052,1702
3052,243
3052,1260
3052,2470
3052,3497
3052,4876
3052,4346
3052,2297
3052,1176
3052,2959
3052,2763
3052,5492
3052,894
3052,1873
3052,4776
3052,2373
3052,1804
3052,1032
3052,3291
3052,5315
3052,2700
3052,2309
3052,1089
3052,74
3052,3395
1153,3130
1153,2120
1153,1468
1153,2621
1153,5424
1153,1572
1153,2510
1153,5627
1153,1153
1153,2775
1153,2687
1153,3351
1153,2290
1153,3459
1153,1976
1153,109
1153,2629
1153,3086
2977,456
2977,385
2977,5621
2977,1923
2977,4318
2977,5643
2977,4234
2977,470
2977,4525
2977,5557
2977,2750
2977,4097
2977,5551
2977,3737
2977,3144
2977,4939
2977,2977
2977,243
2977,1386
2977,2869
2977,3708
2977,2349
2977,1176
2977,2622
2977,3401
2977,1941
2977,1413
2977,220
2977,3402
2977,618
2977,2941
2977,430
2977,5362
2977,1741
2977,3448
2977,2520
2977,2072
2977,2058
3516,1735
3516,2824
3516,892
3516,267
3516,3516
3516,536
3516,4829
3516,2584
3516,3650
3516,3082
3516,2996
1275,1677
1275,3732
1275,5221
1275,5147
1275,3022
1275,1848
1275,3870
1275,265
1275,2721
1275,4809
1275,1486
1275,4205
1275,2019
1275,887
1275,1275
1275,4713
1275,368
1275,3296
1275,2707
1275,2260
1275,3761
1275,2647
1275,2166
1275,2158
1275,3024
1275,2033
1275,4543
1275,1435
1275,1250
1275,2849
1275,4888
1275,545
949,3110
949,4408
949,453
949,3185
949,949
949,3030
949,1050
949,1716
949,2538
949,834
949,5337
949,2205
949,916
949,3571
949,272
949,5461
949,236
949,2341
4404,132
4404,1231
4404,2757
4404,1273
4404,4176
4404,4404
4404,1376
4404,3961
4404,3107
4404,4981
727,5290
727,4569
727,4433
727,5523
727,2671
727,2940
727,4098
727,5230
727,4306
727,3827
727,727
727,478
727,2451
727,1318
727,4217
727,1134
727,5304
727,3904
727,3080
727,2460
727,4066
5082,3238
5082,3028
5082,2375
5082,2071
5082,4674
5082,4035
5082,5082
5082,27
5082,5450
5082,4730
5082,1643
5082,3095
5082,419
5082,1194
5082,923
5082,102
5082,3378
5082,922
5082,3118
5082,4893
5082,1330
5082,4472
5082,976
5082,5205
5082,5236
5082,4723
320,2245
320,3429
320,997
320,5249
320,3804
320,5057
320,18
320,320
320,3248
320,2533
320,4013
320,5274
320,4740
320,4615
320,1029
320,4394
320,12
320,3671
320,1975
320,1163
320,76
320,4859
320,650
320,4256
320,488
320,4972
320,541
320,160
320,2983
1702,5535
1702,3500
1702,5618
1702,4177
1702,2978
1702,877
1702,2497
1702,2609
1702,891
1702,3171
1702,1692
1702,308
1702,1603
1702,121
1702,3033
1702,4707
1702,2525
1702,3052
1702,1702
1702,1260
1702,1262
1702,4550
1702,3497
1702,4577
1702,4876
1702,1257
1702,4346
1702,1666
1702,2708
1702,2297
1702,2959
1702,2763
1702,3145
1702,3283
1702,3884
1702,5227
1702,1757
1702,1994
1702,1338
1702,1873
1702,4383
1702,3272
1702,1804
1702,1714
1702,1403
1702,1549
1702,2858
1702,2700
1702,1089
1702,3395
1702,5326
3282,1862
3282,2673
3282,1649
3282,619
3282,3282
3282,565
3282,2209
3282,5136
3282,467
3282,1401
3282,4616
3282,2576
3282,2219
3282,5210
3282,5262
3282,1755
3282,3135
622,2448
622,540
622,3358
622,5217
622,4798
622,2485
622,4835
622,622
622,698
622,3106
622,4327
622,3641
622,3562
622,3906
622,5239
5242,5454
5242,5394
5242,1562
5242,2091
5242,1444
5242,5248
5242,5242
5242,4038
5242,1261
5242,5371
5242,445
5242,1321
5242,3939
211,1793
211,3193
211,3165
211,3151
211,154
211,142
211,4144
211,3679
211,211
211,3152
211,1618
211,2899
211,3775
211,3258
211,3963
211,7
211,4863
211,4377
211,2440
211,81
999,2602
999,2479
999,1208
999,3164
999,3991
999,676
999,999
999,3643
999,4507
999,1428
999,2382
999,2472
999,5286
999,3857
999,1738
3984,2179
3984,3921
3984,3987
3984,3573
3984,4269
3984,773
3984,4025
3984,3478
3984,631
3984,3984
3984,226
3984,279
3984,812
3984,2580
3984,5128
3984,5323
3984,4434
3984,1305
3984,1234
3984,4206
3984,1483
3984,3776
3984,517
3984,547
3984,3031
3984,3875
3984,1421
3984,3910
4384,511
4384,251
4384,1117
4384,3948
4384,4384
4384,5612
4384,246
4384,2870
4384,2570
4384,4450
4384,2912
4384,4832
4384,438
4384,4444
4384,4964
1990,3083
1990,1990
1990,5619
1990,2012
1990,2100
1990,5432
1990,2543
2252,143
2252,2583
2252,4087
2252,2716
2252,5375
2252,584
2252,1972
2252,1695
2252,287
2252,1505
2252,2252
2252,2660
2252,5642
2252,147
2252,2565
2252,4655
2252,1675
2252,277
2252,906
3260,3130
3260,1468
3260,1902
3260,2362
3260,3260
3260,5066
3260,1102
3260,630
3260,4344
3260,1976
3260,2584
3260,1392
3260,3650
3260,2010
1477,456
1477,2586
1477,1988
1477,5643
1477,2664
1477,3410
1477,3452
1477,5557
1477,2747
1477,2750
1477,4097
1477,3219
1477,5551
1477,3244
1477,2270
1477,3737
1477,4939
1477,1477
1477,2349
1477,4302
1477,2662
1477,5629
1477,4873
1477,3401
1477,697
1477,770
1477,1413
1477,1019
1477,220
1477,2513
1477,3637
1477,1036
1477,2094
1477,3402
1477,3387
1477,2199
1477,336
1477,418
1477,618
1477,4130
1477,2941
1477,5362
1477,3448
1477,621
1477,1906
1477,1415
1477,2072
1477,2058
3501,31
3501,255
3501,5045
3501,935
3501,3501
3501,3568
3501,5384
3501,2627
3501,4528
3501,1598
2574,888
2574,3316
2574,813
2574,5564
2574,2574
2574,2192
2574,1584
2574,756
2574,2293
2574,461
2574,5261
2574,991
2574,5106
2668,3389
2668,3480
2668,4771
2668,4300
2668,4285
2668,4692
2668,1551
2668,2960
2668,2439
2668,1754
2668,4319
2668,208
2668,498
2668,3265
2668,4864
2668,4684
2668,1519
2668,1115
2668,5124
2668,1664
2668,4767
2668,3438
2668,2400
2668,2087
2668,1282
2668,4850
2668,2668
2668,5526
2668,3161
2668,1383
2668,169
2668,342
2668,5118
2668,3385
2668,3184
2668,4946
2668,1823
2668,2767
2668,1002
2668,1949
2668,273
2668,4533
2668,321
2668,3418
2668,125
2668,5312
2668,3855
2668,5571
2668,4715
2668,3783
2668,1228
2668,4279
2668,3136
2668,4567
2668,5305
2668,3816
2668,3632
2668,2756
2668,2989
4132,3083
4132,5015
4132,2807
4132,4189
4132,2646
4132,4132
4132,2160
4132,1786
4132,2012
4132,809
4132,2543
4132,1493
2900,3548
2900,3633
2900,186
2900,1245
2900,4385
2900,1599
2900,2900
2900,863
2900,2225
2900,952
2900,4324
2900,759
2900,3011
2900,831
2900,2284
2900,4784
2900,5269
4427,2069
4427,2115
4427,658
4427,3610
4427,3147
4427,289
4427,4427
4427,5360
4427,5067
4427,5350
4427,2384
4427,2856
4427,2976
4427,2623
4427,2642
4427,3126
4427,1621
743,4254
743,2714
743,3807
743,743
743,1473
743,180
743,555
743,5434
743,1615
743,2333
743,5146
743,3329
2159,5592
2159,129
2159,2828
2159,4015
2159,755
2159,242
2159,1989
2159,1004
2159,4706
2159,2722
2159,2159
2159,776
2159,1292
2159,4695
2159,5163
2159,2170
2159,884
2159,1398
243,2164
243,385
243,5621
243,2978
243,1923
243,339
243,522
243,4180
243,4234
243,470
243,4525
243,632
243,5308
243,3052
243,2977
243,243
243,1386
243,2869
243,3708
243,2349
243,1176
243,1941
243,5492
243,4776
243,2373
243,2941
243,1032
243,3291
243,1741
243,74
243,2072
3119,1520
3119,380
3119,4002
3119,3211
3119,612
3119,4564
3119,2818
3119,3212
3119,647
3119,4096
3119,4600
3119,2259
3119,3276
3119,3119
3119,1510
3119,1843
3119,509
3119,3779
3119,2560
3119,2356
3119,3577
3119,3656
3119,3485
3119,1377
3119,4965
3119,1431
3119,5297
3119,2300
3119,786
3119,11
3119,4812
3119,1385
3119,1660
3119,2332
3119,5068
3119,3741
4997,1465
4997,2448
4997,1710
4997,2364
4997,4997
4997,14
4997,3766
4997,3483
4997,3811
4997,2873
4997,4327
4997,1209
4997,4861
4997,126
4997,2396
2644,529
2644,4982
2644,2644
2644,5030
2644,2787
2644,4916
2644,3651
2644,3625
2644,5135
2644,2761
2644,425
2644,1082
2644,3528
2644,5054
2644,3645
2644,5108
2644,2962
2644,2876
3802,2616
3802,3832
3802,2772
3802,593
3802,5495
3802,3802
3802,571
3802,237
3802,4553
3802,2699
3802,21
3802,4583
3802,5162
3802,5572
3802,839
1646,256
1646,591
1646,3992
1646,899
1646,1834
1646,3612
1646,2646
1646,5087
1646,1646
1646,4382
1646,3723
1646,3880
1646,2240
1646,2160
1646,362
1646,13
1646,1290
2434,3522
2434,75
2434,2434
2434,989
2434,4465
2434,122
2434,4103
2434,1545
2434,1159
2434,2891
2434,2105
2434,1922
1394,396
1394,4505
1394,2268
1394,4547
1394,4663
1394,3738
1394,3543
1394,3224
1394,1394
1394,2823
1394,4316
1394,5500
1394,4899
1394,4181
1394,2851
372,4363
372,4804
372,2344
372,3642
372,2669
372,5184
372,4414
372,372
372,3014
372,4770
372,5301
372,4006
1386,2164
1386,385
1386,5621
1386,2978
1386,1923
1386,339
1386,522
1386,4180
1386,4234
1386,4525
1386,632
1386,5308
1386,2977
1386,243
1386,1386
1386,2869
1386,3708
1386,2349
1386,1176
1386,1941
1386,5492
1386,4776
1386,2373
1386,642
1386,2941
1386,1032
1386,1741
1386,74
1386,2072
2320,900
2320,1503
2320,1221
2320,1642
2320,404
2320,3491
2320,2320
2320,4632
2320,5020
2320,2929
2320,977
2320,939
2320,4908
2320,2328
2320,2227
2320,2032
2320,1794
2320,4244
2320,793
2320,4080
2320,428
2320,4339
3338,4576
3338,4963
3338,2080
3338,2085
3338,4799
3338,3343
3338,358
3338,2595
3338,1357
3338,4065
3338,3338
3338,2852
3338,4378
3338,5609
3338,3951
3338,1852
3338,1850
3338,2272
3338,4718
546,3370
546,2648
546,3736
546,737
546,4446
546,837
546,3096
546,131
546,546
546,3412
546,260
546,2909
546,2918
546,3240
546,4117
546,4314
546,1593
546,5417
546,52
4680,5077
4680,1524
4680,1775
4680,3745
4680,4458
4680,4680
4680,2419
4680,648
4680,5607
4680,5171
4680,2128
4680,3178
4680,1347
4680,3706
4680,4807
4680,4170
2971,2805
2971,3506
2971,39
2971,2971
2971,1963
2971,85
2971,2569
2971,1658
2971,4287
2971,1498
2971,4249
2971,4388
2971,1003
2971,110
2971,3959
2971,5
2971,4761
2971,1589
127,1718
127,1500
127,2554
127,2773
127,3931
127,4803
127,1324
127,5186
127,617
127,2913
127,3660
127,4918
127,623
127,1353
127,3519
127,561
127,127
127,2468
127,1453
127,5392
127,4613
127,3067
127,1442
127,3192
127,2486
127,2185
127,492
127,2351
127,3204
127,496
127,3838
127,3349
127,3447
127,1939
127,3801
127,4221
127,4245
127,1172
127,4986
127,3040
127,4126
127,2514
127,156
1260,2164
1260,5618
1260,2978
1260,910
1260,877
1260,2497
1260,522
1260,2609
1260,4180
1260,3171
1260,5334
1260,1692
1260,1603
1260,748
1260,4957
1260,4707
1260,2525
1260,3052
1260,1702
1260,1260
1260,3497
1260,4577
1260,4876
1260,1257
1260,4346
1260,1666
1260,2297
1260,2959
1260,2763
1260,1994
1260,5492
1260,894
1260,1873
1260,4776
1260,2373
1260,4383
1260,3272
1260,1804
1260,1032
1260,1714
1260,1403
1260,3291
1260,2858
1260,2700
1260,1089
1260,5326
1509,3100
1509,2006
1509,827
1509,532
1509,4492
1509,3586
1509,577
1509,1739
1509,5399
1509,2843
1509,2291
1509,2990
1509,3250
1509,2031
1509,1509
1509,4554
1509,2165
1509,5515
1509,932
1509,5043
1509,4133
1509,5056
1509,2404
1509,457
1509,3702
1509,2896
1509,1277
1509,5299
4366,5406
4366,1677
4366,3732
4366,3022
4366,2721
4366,4435
4366,1486
4366,4366
4366,4713
4366,368
4366,5435
4366,3669
4366,5510
4366,2287
4366,1494
4366,4304
4366,2033
4366,2312
4366,5117
4366,1154
4366,1435
4366,4791
4366,545
2503,3488
2503,1247
2503,4626
2503,712
2503,1186
2503,1471
2503,1841
2503,2503
2503,3307
2503,3876
2503,2190
2503,416
2503,3386
2503,2021
2503,602
2503,1849
2503,5004
2503,4171
1837,2075
1837,4581
1837,51
1837,1837
1837,633
1837,2090
1837,4656
1837,4197
1837,3235
1837,1085
1837,2054
1837,3425
1837,4608
1837,4942
776,5592
776,129
776,2828
776,1197
776,4015
776,755
776,242
776,1004
776,4706
776,2722
776,187
776,2159
776,776
776,5091
776,4698
776,57
776,1292
776,4060
776,3847
776,2286
776,3223
776,2817
776,5163
776,1168
776,2395
776,2170
776,3058
776,2956
776,4309
776,884
776,3347
776,1398
931,4837
931,4252
931,285
931,1637
931,4040
931,1018
931,5483
931,931
931,3925
931,5031
931,93
931,2243
931,684
931,5181
931,3013
2196,2534
2196,4252
2196,70
2196,3690
2196,1202
2196,598
2196,2980
2196,5372
2196,1934
2196,3993
2196,2196
2196,1749
2196,644
2196,2243
2196,4294
2196,628
2196,4820
2196,1286
2196,4206
2196,3009
2196,1079
2196,4175
2196,261
2196,4439
1684,591
1684,1684
1684,2451
1684,3596
1684,2289
1684,3880
1684,2645
1684,1382
1684,3191
1684,13
1684,1390
1684,1067
1684,2797
1684,1290
1684,123
2869,385
2869,5621
2869,4318
2869,5643
2869,4234
2869,4525
2869,2750
2869,5551
2869,3737
2869,3144
2869,4939
2869,2977
2869,243
2869,1386
2869,2869
2869,3708
2869,2349
2869,1176
2869,2622
2869,1941
2869,1413
2869,220
2869,2941
2869,430
2869,1741
2869,3448
2869,2520
2869,2072
2869,2058
2823,396
2823,4663
2823,4281
2823,3241
2823,2590
2823,5183
2823,1394
2823,2823
2823,4316
2823,3842
2823,5500
2823,4989
2823,4623
2823,2851
2462,5611
2462,5115
2462,4267
2462,2462
2462,3123
2462,32
2462,2186
2462,326
2462,5023
2462,4360
2462,5383
2462,304
2462,2379
2,1263
2,5277
2,1342
2,2020
2,559
2,4207
2,4901
2,2993
2,4424
2,1266
2,2
2,5091
2,2966
2,1812
2,5155
2,4248
2,4546
2,4060
2,3847
2,2286
2,3223
2,5567
2,1168
2,2395
2,3058
2,2280
2,2956
2,3685
2,4309
2,1586
2,782
2,1885
1481,3019
1481,2904
1481,4692
1481,1551
1481,624
1481,28
1481,5319
1481,1269
1481,4233
1481,2925
1481,5568
1481,1481
1481,169
1481,5379
1481,5614
1481,1650
1481,1002
1481,1121
1481,5489
1481,1588
1481,191
1481,828
1481,4326
1481,1747
1481,1411
1481,5317
1481,3710
1481,4365
1481,1960
1481,3281
1481,2223
1481,1916
1481,3907
1481,3632
1481,3873
1481,2756
1481,3839
2409,574
2409,4251
2409,4669
2409,4735
2409,325
2409,2409
2409,5187
2409,1585
2409,2421
2409,4157
2409,4825
595,2110
595,4505
595,5512
595,1530
595,595
595,866
595,5506
595,5486
595,3354
595,4792
595,2562
595,3607
595,3988
595,954
595,4598
595,930
1617,3127
1617,5542
1617,2613
1617,3755
1617,4872
1617,1617
1617,2596
1617,148
1617,4904
1617,5516
1617,4171
1617,2546
3925,4252
3925,3690
3925,598
3925,5372
3925,5483
3925,1934
3925,4917
3925,931
3925,3925
3925,5031
3925,93
3925,2243
3925,4294
3925,684
3925,4820
3925,5181
3925,3009
2511,5090
2511,2360
2511,1271
2511,2511
2511,1284
2511,2860
2511,5619
2511,2012
2511,2100
2511,2345
2511,1493
5612,511
5612,2563
5612,5502
5612,1599
5612,4384
5612,5612
5612,2225
5612,952
5612,3011
5612,2570
5612,3269
5612,4832
5612,438
5612,4964
5612,2975
2468,1718
2468,2554
2468,2773
2468,1324
2468,3226
2468,2335
2468,3660
2468,623
2468,3519
2468,561
2468,127
2468,2468
2468,341
2468,5215
2468,747
2468,2351
2468,3838
2468,3321
2468,87
2468,3040
2468,4126
1099,3810
1099,4402
1099,5368
1099,4679
1099,1099
1099,2871
1099,282
1099,3572
1099,5574
1099,5017
1099,5130
1099,4229
1099,3636
5588,2531
5588,3804
5588,1830
5588,5588
5588,2533
5588,4740
5588,1029
5588,1975
5588,650
5588,2292
3708,456
3708,385
3708,5621
3708,5565
3708,1923
3708,4318
3708,5643
3708,4234
3708,2446
3708,470
3708,4525
3708,5557
3708,2750
3708,4097
3708,5551
3708,2270
3708,3737
3708,4939
3708,5308
3708,2977
3708,243
3708,1386
3708,2869
3708,3708
3708,2349
3708,4910
3708,1176
3708,3401
3708,1941
3708,1413
3708,220
3708,3637
3708,618
3708,2941
3708,430
3708,1741
3708,5315
3708,3448
3708,2309
3708,74
3708,2072
2555,442
2555,251
2555,2398
2555,2555
2555,260
2555,680
2555,99
2555,2870
2555,2587
2555,920
2555,2909
2555,2912
2555,1879
2555,4444
2555,1605
2349,456
2349,385
2349,5621
2349,1923
2349,4318
2349,5643
2349,3410
2349,470
2349,4525
2349,5557
2349,2750
2349,4097
2349,5551
2349,2270
2349,3737
2349,3144
2349,4939
2349,2977
2349,1477
2349,243
2349,1386
2349,2869
2349,3708
2349,2349
2349,1176
2349,2622
2349,3401
2349,1941
2349,1413
2349,220
2349,3637
2349,3402
2349,2199
2349,336
2349,618
2349,2941
2349,430
2349,5362
2349,1741
2349,5315
2349,3448
2349,2520
2349,1415
2349,2072
2349,2058
4349,172
4349,1607
4349,4513
4349,4485
4349,563
4349,4379
4349,4349
4349,4334
4349,1686
4349,2357
4349,353
4349,4353
4349,5414
4349,4191
4349,5164
4349,2202
4349,3297
4349,257
4349,1829
4349,937
3248,2245
3248,5356
3248,3429
3248,997
3248,1296
3248,5249
3248,3949
3248,3804
3248,5057
3248,18
3248,3415
3248,320
3248,3248
3248,2533
3248,3704
3248,4013
3248,5274
3248,4740
3248,4615
3248,2942
3248,1399
3248,4394
3248,12
3248,3671
3248,2371
3248,1163
3248,76
3248,4859
3248,650
3248,4256
3248,488
3248,4972
3248,541
3248,160
3248,2983
1453,1500
1453,4860
1453,2773
1453,5397
1453,3931
1453,4803
1453,5186
1453,617
1453,1096
1453,4064
1453,4590
1453,2913
1453,3660
1453,4308
1453,5088
1453,4918
1453,623
1453,1353
1453,3519
1453,5583
1453,127
1453,1453
1453,5392
1453,4613
1453,3067
1453,1442
1453,1978
1453,4651
1453,3621
1453,3192
1453,2486
1453,5402
1453,198
1453,5025
1453,4411
1453,2185
1453,588
1453,492
1453,5519
1453,2351
1453,3204
1453,2867
1453,496
1453,3838
1453,3349
1453,3447
1453,1939
1453,4588
1453,4221
1453,4245
1453,2367
1453,1172
1453,4986
1453,1745
1453,4126
1453,2514
1453,156
2533,3429
2533,997
2533,2531
2533,5249
2533,3804
2533,5057
2533,1249
2533,320
2533,5588
2533,3248
2533,2533
2533,4740
2533,1029
2533,4394
2533,12
2533,3671
2533,1975
2533,1163
2533,76
2533,650
2533,488
2533,699
4396,5364
4396,2239
4396,2464
4396,173
4396,4437
4396,3335
4396,1844
4396,2131
4396,3964
4396,5224
4396,5564
4396,4396
4396,1220
4396,5079
4396,4936
4396,2206
4396,4443
4396,4208
4396,2104
4396,4739
4396,2407
4396,4112
4396,1886
4396,365
4396,281
4382,5290
4382,256
4382,591
4382,2093
4382,3992
4382,899
4382,3827
4382,1834
4382,4226
4382,3612
4382,5087
4382,1646
4382,4382
4382,2451
4382,3723
4382,3880
4382,2240
4382,3904
4382,3191
4382,13
4382,1290
4382,123
3694,4002
3694,792
3694,5545
3694,2157
3694,2818
3694,2253
3694,647
3694,3694
3694,4460
3694,300
3694,3540
3694,986
3694,1480
3694,3891
3694,955
3694,1066
3694,296
3694,3656
3694,4965
3694,454
3694,1859
3694,2300
2775,366
2775,5424
2775,1572
2775,5627
2775,1153
2775,2775
2775,630
2775,3351
2775,4344
2775,5357
2775,1976
2775,109
2775,4240
1429,921
1429,1500
1429,4860
1429,1992
1429,1096
1429,5449
1429,4308
1429,5088
1429,1112
1429,1761
1429,5009
1429,1429
1429,4514
1429,3583
1429,2898
1429,3621
1429,5402
1429,198
1429,5025
1429,689
1429,2282
1429,4403
1429,5519
1429,2867
1429,3188
1429,2367
1429,1114
2470,3500
2470,247
2470,5565
2470,877
2470,3100
2470,2609
2470,891
2470,2446
2470,4492
2470,2391
2470,1692
2470,308
2470,1739
2470,2843
2470,2990
2470,121
2470,3250
2470,5308
2470,3052
2470,2470
2470,2165
2470,348
2470,4910
2470,2959
2470,2763
2470,295
2470,5227
2470,5515
2470,932
2470,4133
2470,1014
2470,1873
2470,725
2470,5315
2470,4627
2470,2309
2470,1089
2470,1576
2470,74
2470,3395
3721,2752
3721,2251
3721,4601
3721,3477
3721,3721
3721,965
3721,4301
3721,1919
3721,5250
3721,3770
3721,710
3721,1358
3721,2601
3721,3431
3721,3514
3721,2331
5392,921
5392,1500
5392,4860
5392,5397
5392,1992
5392,3931
5392,4803
5392,5186
5392,617
5392,1096
5392,4064
5392,4590
5392,5449
5392,4308
5392,5088
5392,4918
5392,623
5392,1761
5392,1353
5392,5583
5392,5009
5392,127
5392,1453
5392,5392
5392,4613
5392,3067
5392,1442
5392,3583
5392,1978
5392,4354
5392,4819
5392,3621
5392,3192
5392,2486
5392,5402
5392,198
5392,5025
5392,4411
5392,2185
5392,492
5392,5519
5392,2351
5392,3204
5392,2867
5392,496
5392,3838
5392,3349
5392,3447
5392,117
5392,4588
5392,4221
5392,4245
5392,4047
5392,2367
5392,1172
5392,4986
5392,1745
5392,2514
5392,156
5392,1114
49,1522
49,4473
49,49
49,1227
49,1691
49,3466
49,5006
49,5634
49,3162
49,5438
49,4135
49,4461
863,2368
863,3548
863,3633
863,186
863,1245
863,4385
863,2900
863,863
863,3227
863,4324
863,759
863,831
863,3897
863,3063
863,5269
863,4409
864,5520
864,1201
864,116
864,3592
864,1703
864,3097
864,267
864,864
864,5173
864,97
864,3814
864,688
864,2495
864,1905
864,4355
864,2215
700,2754
700,2110
700,2667
700,712
700,1186
700,700
700,416
700,1935
700,2355
700,3386
700,48
700,5000
700,4542
700,2224
700,5004
700,1312
700,1980
2638,1136
2638,2784
2638,5095
2638,4429
2638,4644
2638,579
2638,2053
2638,4665
2638,5189
2638,2620
2638,813
2638,2638
2638,2744
2638,613
2638,2782
2638,1420
2638,447
2638,1233
2638,1328
2638,1948
2638,1907
2638,2626
2638,1958
2638,3453
2638,724
2638,3012
2638,2429
2567,4949
2567,2016
2567,2275
2567,5320
2567,1157
2567,2567
2567,2082
2567,4521
2567,3919
2567,3643
2567,155
2567,2057
2567,3673
2567,398
2567,3581
2567,1738
501,106
501,2447
501,501
501,908
501,764
4071,4811
4071,5121
4071,974
4071,1180
4071,4071
4071,3774
4071,3781
4071,2339
4071,2095
4071,3967
4071,1423
4071,1459
4071,2815
4071,3262
4071,800
4071,5538
4071,1077
4071,5481
4071,2051
4071,111
4071,5465
4071,5264
4071,2582
942,29
942,856
942,2455
942,2920
942,4601
942,4128
942,2194
942,942
942,586
942,1205
942,4092
942,3770
942,1051
942,5359
942,4118
942,5101
942,103
942,1087
942,4906
942,2547
942,2330
942,1039
4535,4669
4535,4735
4535,422
4535,4541
4535,5217
4535,4835
4535,4535
4535,5291
4535,1585
4535,2421
4535,5460
4535,3562
4535,3906
4535,5239
4491,3792
4491,4318
4491,5643
4491,3144
4491,4491
4491,5531
4491,953
4491,2622
4491,770
4491,220
4491,336
4491,430
4491,5362
4491,3703
4491,2520
4491,1415
4491,2058
4398,4232
4398,3348
4398,716
4398,1679
4398,671
4398,5600
4398,4913
4398,4398
4398,411
4398,5255
4398,805
4398,2630
4398,3649
4398,3542
4398,4137
4398,3627
4398,2888
4398,3413
4398,4336
4398,2151
4398,3797
4398,4650
690,4741
690,2854
690,166
690,3055
690,4999
690,3532
690,1106
690,404
690,3695
690,690
690,939
690,4908
690,2137
690,2328
690,253
690,2227
690,4244
690,793
690,2077
690,428
690,5047
690,2278
510,2275
510,2479
510,2354
510,676
510,510
510,3863
510,1214
510,3594
510,695
510,851
510,2329
510,1774
510,398
510,1968
510,3252
4889,3084
4889,2799
4889,1988
4889,2664
4889,5332
4889,4630
4889,3586
4889,577
4889,2747
4889,1417
4889,2683
4889,3244
4889,2031
4889,4889
4889,1479
4889,2662
4889,5629
4889,4373
4889,538
4889,5043
4889,5056
4889,1831
4889,139
4889,89
2861,1043
2861,1520
2861,380
2861,3504
2861,570
2861,3439
2861,2201
2861,2259
2861,5568
2861,2861
2861,5379
2861,3779
2861,2356
2861,928
2861,5310
2861,3577
2861,1076
2861,468
2861,2672
2861,5149
2861,3485
2861,1744
2861,4426
2861,1187
2861,3366
2861,4812
2861,3873
1678,5277
1678,1342
1678,2676
1678,2738
1678,2416
1678,3812
1678,5283
1678,2993
1678,1846
1678,3613
1678,1678
1678,4074
1678,2966
1678,5155
1678,4248
1678,711
1678,3393
1678,4546
1678,3727
1678,3847
1678,2817
1678,1773
1678,1746
1678,1787
1678,204
1678,4447
1678,3058
1678,2280
1678,2956
1678,3685
1678,4309
1678,1737
1678,1586
1678,1924
1678,1885
2109,1151
2109,929
2109,2038
2109,1815
2109,2109
2109,2661
2109,4743
2109,66
2109,2580
2109,2892
2109,5323
2109,1305
2109,1281
2109,4580
2109,318
2109,547
2109,1364
2109,3604
2109,3101
3379,2682
3379,2592
3379,3379
3379,3564
3379,4905
1474,3124
1474,4468
1474,1445
1474,1474
1474,3560
1474,746
1474,2598
1474,1726
2499,4161
2499,1652
2499,5150
2499,2594
2499,4575
2499,2499
2499,2527
2499,1628
2499,1306
2499,2393
2499,2680
337,4790
337,5388
337,4966
337,1783
337,337
337,2124
337,4262
337,3492
337,1325
337,5194
337,4532
337,749
337,4442
337,2178
337,765
337,1954
337,3406
337,1226
337,1875
337,2704
4514,5440
4514,1567
4514,1112
4514,5444
4514,1429
4514,4514
4514,3583
4514,2898
4514,689
4514,4403
4514,3188
5497,3290
5497,3698
5497,2147
5497,1583
5497,2508
5497,3917
5497,542
5497,1016
5497,2955
5497,5497
5497,4841
5497,1893
5497,2643
5497,2874
5497,3772
5497,3558
5497,3455
5497,4855
5497,1285
5497,983
5497,1697
2804,1971
2804,4232
2804,1224
2804,5540
2804,452
2804,1679
2804,671
2804,3294
2804,4476
2804,1452
2804,1826
2804,2804
2804,4536
2804,1255
2804,771
2804,5216
2804,3441
2804,4137
2804,3778
2804,79
2804,5475
2804,4531
2804,3850
2804,1539
2804,3148
1963,934
1963,4797
1963,5316
1963,39
1963,3534
1963,2971
1963,1963
1963,4440
1963,768
1963,2569
1963,2493
1963,1003
1963,110
1963,552
1963,3750
1963,4761
4609,4790
4609,4687
4609,3346
4609,5229
4609,5388
4609,4966
4609,2633
4609,4982
4609,5398
4609,4609
4609,4262
4609,3121
4609,2113
4609,749
4609,2365
4609,996
4609,2178
4609,765
4609,1999
4609,5054
4609,4480
4609,3406
729,3202
729,5059
729,4053
729,2445
729,5370
729,4466
729,729
729,4645
729,4034
729,4163
729,3651
729,3625
729,3361
729,3267
729,2876
3412,3370
3412,2648
3412,4548
3412,4446
3412,837
3412,1878
3412,2611
3412,546
3412,3412
3412,260
3412,291
3412,2086
3412,4117
3412,1110
3412,1319
3412,1879
1223,2453
1223,3320
1223,1630
1223,2466
1223,1223
1223,2122
1223,3563
1223,1006
1223,2825
5526,3389
5526,4300
5526,4692
5526,1551
5526,624
5526,4319
5526,208
5526,1519
5526,3439
5526,5124
5526,1282
5526,4850
5526,2668
5526,5526
5526,169
5526,342
5526,1823
5526,2767
5526,1002
5526,1121
5526,4533
5526,42
5526,1952
5526,1744
5526,1411
5526,3783
5526,1228
5526,4279
5526,482
5526,3873
5526,2756
3337,3124
3337,392
3337,3337
3337,4550
3337,3004
3337,4228
3337,799
3337,310
3337,578
3337,5431
3337,3062
3337,530
3337,4146
3337,3424
3337,1822
3337,3328
3161,3389
3161,3480
3161,4771
3161,4300
3161,3518
3161,4285
3161,2439
3161,1754
3161,4319
3161,3137
3161,498
3161,3265
3161,3336
3161,238
3161,2004
3161,4864
3161,4684
3161,1519
3161,1115
3161,5124
3161,1664
3161,5631
3161,4767
3161,2400
3161,2087
3161,1282
3161,2668
3161,3161
3161,1383
3161,342
3161,5118
3161,2210
3161,3385
3161,3184
3161,4946
3161,2767
3161,1949
3161,4533
3161,2693
3161,321
3161,3418
3161,125
3161,1289
3161,5312
3161,3855
3161,4715
3161,3783
3161,4279
3161,3136
3161,4567
3161,5305
3161,3816
3161,2989
5112,4340
5112,5112
5112,1768
5112,5072
5112,2358
5112,609
5112,739
5112,344
5112,3088
5112,1877
5112,170
5112,2811
5112,19
5112,168
5112,5585
260,3370
260,251
260,837
260,2398
260,1878
260,2611
260,546
260,2555
260,3412
260,260
260,680
260,291
260,2587
260,2909
260,3240
260,1110
260,1879
4544,3028
4544,2726
4544,3005
4544,2431
4544,4544
4544,27
4544,3322
4544,1217
4544,2269
4544,334
4544,923
4544,102
4544,4893
4544,5387
4544,523
4544,5182
4544,976
4544,5205
4544,5236
4544,224
4544,4020
5280,3016
5280,5280
5280,2314
5280,371
5280,1861
5280,898
5280,64
5280,5581
5280,2893
2410,4548
2410,3015
2410,593
2410,4046
2410,1688
2410,5495
2410,3131
2410,775
2410,2410
2410,5463
2410,1384
2410,1232
2410,2699
2410,1565
2410,3784
2410,694
2410,4127
2410,2540
2410,3373
2410,5572
2410,4571
5458,4402
5458,5368
5458,852
5458,1653
5458,5458
5458,4757
5458,73
5458,1871
5458,2200
5458,3365
5458,1299
5458,4701
5458,5409
5458,1188
2687,3130
2687,2120
2687,1468
2687,5385
2687,1572
2687,2510
2687,1880
2687,5627
2687,1153
2687,2687
2687,4139
2687,3351
2687,2290
2687,4325
2687,3459
2687,5597
2687,1976
2687,1392
2687,2629
2687,3086
298,1091
298,3996
298,2097
298,4874
298,1734
298,5464
298,5005
298,3960
298,298
298,2424
298,1626
298,707
298,3950
298,5427
298,1315
298,772
298,1160
298,3146
298,2026
298,2635
1795,35
1795,5095
1795,2508
1795,579
1795,3314
1795,2053
1795,200
1795,5189
1795,1365
1795,2955
1795,1795
1795,4841
1795,2744
1795,2248
1795,2782
1795,1420
1795,2415
1795,369
1795,3158
1795,1328
1795,1948
1795,1907
1795,2626
1795,3453
1795,1055
1795,724
1795,2429
4493,25
4493,1986
4493,92
4493,5061
4493,4973
4493,4493
4493,5341
4493,2895
4493,3170
4493,1378
4493,2169
4493,969
4493,2463
4493,3330
4493,2481
4493,1027
4493,1742
4824,3828
4824,328
4824,2674
4824,4775
4824,4824
4824,4998
4824,1884
4824,2944
4824,2473
4824,1426
4824,3111
4824,2029
4824,3606
4824,2048
4824,1107
4824,682
4824,4462
4824,3885
4824,4012
4824,1514
3198,3041
3198,3616
3198,2831
3198,1753
3198,1199
3198,3198
3198,3308
3198,2234
3198,4646
3198,5293
3198,4868
3198,2998
3198,2652
3198,1571
3198,1661
3198,2788
3198,4822
4555,3795
4555,551
4555,4555
4555,3194
4555,1813
4555,1778
4555,1881
4555,3981
4555,925
4555,3222
4555,4608
4555,266
675,3638
675,5211
675,2079
675,2435
675,3436
675,3628
675,675
675,5220
675,1376
675,4537
675,1489
675,3345
675,3468
675,4750
675,2443
675,3061
675,4617
675,2044
675,4981
675,5589
980,1677
980,4423
980,107
980,4021
980,3022
980,3870
980,2721
980,4435
980,1139
980,4641
980,4809
980,1486
980,980
980,368
980,3296
980,2707
980,5435
980,2287
980,3761
980,2647
980,2166
980,2158
980,2033
980,2886
980,184
980,1435
980,1250
980,4791
980,2849
980,4888
980,699
1479,3084
1479,2799
1479,1988
1479,5332
1479,4630
1479,1417
1479,410
1479,2683
1479,4889
1479,1479
1479,4373
1479,538
1479,3323
1479,1831
1479,3861
1479,139
1479,4202
1479,89
5360,2216
5360,4500
5360,1334
5360,4427
5360,5360
5360,2536
5360,3551
5360,2384
5360,1911
5360,2856
5360,1024
5360,377
5360,2834
5360,3126
5360,1621
5341,25
5341,92
5341,5061
5341,2052
5341,3245
5341,3096
5341,131
5341,2313
5341,4493
5341,5341
5341,2169
5341,969
5341,2463
5341,2736
5341,269
5341,3330
5341,995
5341,5447
5341,5417
5341,1742
2124,508
2124,1783
2124,337
2124,2124
2124,2837
2124,2833
2124,3492
2124,1325
2124,5194
2124,5560
2124,4532
2124,2859
2124,4442
2124,646
2124,1954
2124,1226
2124,1875
2124,2704
27,3238
27,3028
27,2071
27,4674
27,5082
27,4544
27,27
27,4730
27,1643
27,3095
27,1217
27,419
27,923
27,102
27,922
27,3118
27,4893
27,1330
27,5387
27,523
27,5182
27,976
27,5205
27,5236
5349,3408
5349,3465
5349,3679
5349,5349
5349,1126
5349,1261
5349,1147
5349,445
5349,4840
2872,5169
2872,263
2872,1464
2872,1956
2872,3768
2872,2872
2872,1577
2872,2376
2872,1333
2872,3575
2872,5109
2872,1490
2872,1196
2872,2917
2872,701
2872,290
2872,2944
2872,5494
2872,752
2872,738
2872,1216
2872,2261
2872,2437
2872,5400
2872,5345
2872,1532
2872,4172
2872,3133
476,2563
476,5502
476,1599
476,476
476,952
476,2745
476,4192
476,3011
476,2078
476,3122
476,5269
476,2975
476,2910
2498,2426
2498,5225
2498,4313
2498,869
2498,5238
2498,3620
2498,2498
2498,3407
2498,3614
2498,2129
2498,572
2498,512
2498,3544
2498,3726
2498,3881
2498,4216
2498,4292
2498,3762
2498,2015
2498,603
3194,3795
3194,3285
3194,4581
3194,551
3194,4555
3194,3194
3194,1339
3194,1881
3194,3981
3194,2054
3194,4608
4019,1784
4019,2325
4019,4762
4019,4122
4019,4019
4019,4024
4019,2992
4019,4653
4019,2600
4019,2690
4019,2276
4019,483
4998,3828
4998,1595
4998,328
4998,2674
4998,3153
4998,4775
4998,3768
4998,4824
4998,4998
4998,1884
4998,5050
4998,2944
4998,2473
4998,3111
4998,5482
4998,2029
4998,3606
4998,2048
4998,1107
4998,2437
4998,682
4998,465
4998,4462
4998,3885
4998,4012
4998,1514
1302,4000
1302,1081
1302,3956
1302,5373
1302,4331
1302,2174
1302,1302
1302,3672
1302,2836
1302,2765
1302,3359
1302,364
1302,352
1302,3920
1302,5346
1302,5011
1302,2559
1302,713
1302,1985
1302,134
1302,4801
1302,3933
4841,2508
4841,3531
4841,200
4841,3917
4841,1016
4841,2955
4841,5497
4841,1795
4841,4841
4841,2248
4841,2415
4841,3158
4841,3772
4841,3455
4841,1285
4841,1033
478,4569
478,5523
478,2940
478,2035
478,1649
478,5230
478,990
478,4306
478,2218
478,301
478,727
478,478
478,1318
478,4217
478,2045
478,4616
478,3602
478,4066
478,4826
1577,1595
1577,5169
1577,1464
1577,4775
1577,1956
1577,3768
1577,2872
1577,1577
1577,2376
1577,1884
1577,5109
1577,1490
1577,1196
1577,2917
1577,2944
1577,5494
1577,752
1577,2029
1577,738
1577,1216
1577,1107
1577,2261
1577,2437
1577,682
1577,1532
1577,4172
1577,4012
30,9
30,1950
30,3952
30,3023
30,3371
30,5035
30,30
30,1838
30,5018
30,3021
30,4725
30,3132
30,4273
30,1140
30,1095
30,3986
30,1740
30,1983
30,2103
30,870
4074,5277
4074,1342
4074,1197
4074,2676
4074,2738
4074,2416
4074,3812
4074,5283
4074,2993
4074,4706
4074,2722
4074,1846
4074,187
4074,3613
4074,1678
4074,4074
4074,5091
4074,2966
4074,5155
4074,4248
4074,711
4074,57
4074,3393
4074,4060
4074,3727
4074,3847
4074,2286
4074,3223
4074,2817
4074,1773
4074,1168
4074,1787
4074,2395
4074,204
4074,3058
4074,2956
4074,3685
4074,4309
4074,3229
4074,3347
4074,1586
4074,1924
4074,1885
3490,4581
3490,3299
3490,3490
3490,633
3490,2090
3490,1085
3490,4911
3490,3981
3490,4705
3490,1619
3490,266
4713,5406
4713,1677
4713,3732
4713,5147
4713,1848
4713,4435
4713,4809
4713,1486
4713,1275
4713,4366
4713,4713
4713,368
4713,2707
4713,5510
4713,2287
4713,3524
4713,2033
4713,1177
4713,5117
4713,4543
4713,4791
4713,545
4713,3274
3152,1793
3152,2139
3152,2524
3152,3193
3152,4454
3152,2702
3152,154
3152,188
3152,142
3152,3273
3152,4144
3152,5300
3152,211
3152,3152
3152,2899
3152,3073
3152,2007
3152,3469
3152,4377
3152,91
3152,2440
3152,3731
3152,2417
5450,3238
5450,1297
5450,3657
5450,2071
5450,3257
5450,4674
5450,4035
5450,3164
5450,2229
5450,5082
5450,5450
5450,2603
5450,1622
5450,4730
5450,1643
5450,5404
5450,419
5450,1428
5450,1194
5450,2301
5450,5355
5450,922
5450,3118
5450,3853
5450,1330
5450,4472
5450,5595
5450,5286
5450,4723
5450,3857
2895,3286
2895,1986
2895,5061
2895,4925
2895,431
2895,4973
2895,833
2895,4493
2895,2895
2895,2092
2895,1378
2895,3892
2895,2281
2895,969
2895,2463
2895,269
2895,3330
2895,5344
2895,1027
2895,1543
2895,1742
2895,1918
4774,5413
4774,852
4774,526
4774,4356
4774,4774
4774,4894
4774,4912
4774,240
4774,3365
4774,429
4774,4556
4774,2902
4302,456
4302,2586
4302,1988
4302,2664
4302,3410
4302,470
4302,5557
4302,2747
4302,1739
4302,2843
4302,2750
4302,1417
4302,2990
4302,4097
4302,2683
4302,5551
4302,3244
4302,2270
4302,3737
4302,1477
4302,4302
4302,2165
4302,348
4302,2662
4302,5629
4302,4910
4302,4873
4302,4373
4302,3401
4302,295
4302,697
4302,1413
4302,3637
4302,1036
4302,932
4302,5043
4302,5056
4302,3402
4302,1014
4302,2199
4302,618
4302,4130
4302,5315
4302,3448
4302,621
4302,4627
4302,1906
4302,1576
3076,1520
3076,2988
3076,3015
3076,4046
3076,3504
3076,570
3076,4564
3076,4096
3076,548
3076,4600
3076,3131
3076,3076
3076,1510
3076,1843
3076,1525
3076,509
3076,2560
3076,5463
3076,3577
3076,1729
3076,4464
3076,694
3076,1431
3076,4127
3076,5297
3076,2540
3076,786
3076,3373
3076,1187
3076,11
3076,1660
3076,2332
3076,5068
3076,3741
5097,481
5097,2706
5097,514
5097,5097
5097,4560
5097,971
5097,3536
5097,3769
5097,3311
5097,3881
5097,4257
5097,4216
5097,3757
5097,1613
5097,1712
698,2448
698,3358
698,4798
698,2485
698,622
698,698
698,3106
698,3641
1128,1862
1128,4231
1128,1674
1128,1128
1128,565
1128,467
1128,1401
1128,2576
1128,2219
1128,5210
1128,86
1128,3929
1128,1242
4554,3100
4554,2006
4554,827
4554,108
4554,532
4554,3586
4554,577
4554,5399
4554,2291
4554,2031
4554,1509
4554,4554
4554,4599
4554,4133
4554,2404
4554,457
4554,3702
4554,560
4554,2896
4554,1277
4554,5299
4554,1133
4316,396
4316,4505
4316,2268
4316,4663
4316,3738
4316,3477
4316,3241
4316,2590
4316,1394
4316,2823
4316,4316
4316,5500
4316,1358
4316,4181
4316,2851
2691,328
2691,2674
2691,3324
2691,731
2691,1654
2691,4039
2691,2691
2691,941
2691,1108
2691,54
2691,2473
2691,1426
2691,3111
2691,2599
2691,744
2691,1149
2691,2737
2691,2136
3307,3488
3307,1471
3307,1841
3307,2503
3307,3307
3307,2190
3307,2021
3307,4904
3307,602
3307,5516
3307,4171
3307,944
85,987
85,2805
85,3215
85,213
85,4991
85,2971
85,85
85,1658
85,3985
85,4287
85,576
85,4249
85,4388
85,110
85,4732
85,3714
85,3003
85,3959
85,5
85,4761
85,1589
1284,5090
1284,2360
1284,1271
1284,2511
1284,1284
1284,2860
1284,5619
1284,2100
1284,2422
1284,2345
2122,1630
2122,2466
2122,859
2122,1223
2122,2122
2122,1129
2122,3563
2122,2577
2122,2825
818,4922
818,3506
818,359
818,818
818,4004
818,2411
818,2641
818,2902
1579,3168
1579,2490
1579,5278
1579,222
1579,819
1579,1579
1579,1632
1579,1545
1579,399
1579,1159
1579,2735
1579,3315
1579,2105
1579,4497
1579,4094
1579,2829
1579,1922
4357,856
4357,2760
4357,2920
4357,3940
4357,4357
4357,5271
4357,3334
4357,5311
4357,493
4357,1098
4357,4118
4357,3988
4357,4906
4357,2547
4357,2330
4357,1810
4357,3042
4357,930
4105,553
4105,1073
4105,5591
4105,345
4105,4105
4105,1641
4105,4304
4105,1034
4105,544
4105,4261
4105,978
368,5406
368,1677
368,4021
368,3732
368,5221
368,5147
368,3022
368,1848
368,3870
368,2721
368,4435
368,4809
368,1486
368,2019
368,1275
368,4366
368,980
368,4713
368,368
368,3296
368,2707
368,5435
368,5510
368,2287
368,3761
368,2647
368,2166
368,2158
368,2033
368,4543
368,1435
368,1250
368,4791
368,2849
368,4888
368,545
1227,3746
1227,1265
1227,49
1227,1227
1227,3467
1227,3466
1227,2419
1227,5171
1227,5634
1227,4200
1227,3162
1227,3268
1227,4284
1227,4135
1227,2689
1227,4461
1383,3389
1383,3480
1383,4771
1383,4300
1383,3518
1383,5575
1383,1754
1383,4319
1383,208
1383,498
1383,3265
1383,3336
1383,4864
1383,1519
1383,4767
1383,1282
1383,2668
1383,3161
1383,1383
1383,342
1383,5118
1383,3385
1383,4946
1383,807
1383,1949
1383,4533
1383,321
1383,3418
1383,4421
1383,3855
1383,4715
1383,3783
1383,1228
1383,4279
1383,3136
1383,4567
1383,5305
1383,3816
1383,2989
5528,702
5528,4703
5528,5524
5528,5528
5528,3181
5528,4673
5528,2311
5528,1529
5528,4938
5528,3564
5528,4006
5528,219
3322,2726
3322,332
3322,2008
3322,3005
3322,2431
3322,4544
3322,3322
3322,1124
3322,1298
3322,5471
3322,2855
3322,1217
3322,3902
3322,2269
3322,334
3322,830
3322,4893
3322,5387
3322,5182
3322,224
3322,4020
1262,5535
1262,3500
1262,4177
1262,877
1262,2609
1262,891
1262,1692
1262,308
1262,1603
1262,121
1262,392
1262,4707
1262,1702
1262,1262
1262,4550
1262,3497
1262,1257
1262,1666
1262,2708
1262,2959
1262,2763
1262,3145
1262,3884
1262,799
1262,5227
1262,1757
1262,310
1262,578
1262,4383
1262,5431
1262,1804
1262,1403
1262,1549
1262,2858
1262,1089
1262,3395
1838,9
1838,3023
1838,408
1838,5035
1838,30
1838,1838
1838,5018
1838,4725
1838,739
1838,2359
1838,4273
1838,1095
1838,3986
1838,1740
1838,5411
1838,885
1838,870
4550,5535
4550,4177
4550,2609
4550,308
4550,1603
4550,121
4550,392
4550,4707
4550,1702
4550,3337
4550,1262
4550,4550
4550,3497
4550,1257
4550,1666
4550,4746
4550,2708
4550,2959
4550,2763
4550,3145
4550,3884
4550,799
4550,5227
4550,1757
4550,310
4550,1338
4550,578
4550,4484
4550,4383
4550,5431
4550,1804
4550,1403
4550,1549
4550,2858
3774,4811
3774,5121
3774,974
3774,1180
3774,4071
3774,3774
3774,3781
3774,2339
3774,2095
3774,2815
3774,3262
3774,800
3774,5481
3774,5264
5220,3638
5220,1041
5220,820
5220,3436
5220,675
5220,5220
5220,1680
5220,1631
5220,1489
5220,3034
5220,3010
5220,349
5220,1459
5220,1343
5220,2443
5220,3061
5220,2044
5220,2051
5220,5465
5220,3958
2593,2062
2593,4959
2593,3474
2593,5211
2593,4756
2593,757
2593,1346
2593,3331
2593,1819
2593,1981
2593,5270
2593,2906
2593,2593
2593,4361
2593,5263
2593,2361
2593,2922
2593,5441
2593,4182
2593,4903
2593,4782
2593,3256
2593,3154
2593,2377
2593,1026
2593,1891
2593,543
2593,1355
2593,3298
2593,4794
2593,3578
2593,2903
2593,5589
2536,3041
2536,1753
2536,2216
2536,4500
2536,1380
2536,1334
2536,5040
2536,5360
2536,2536
2536,3551
2536,2856
2536,2834
2536,2450
2536,5055
2536,3053
5030,209
5030,403
5030,529
5030,383
5030,2644
5030,5030
5030,2787
5030,4916
5030,3651
5030,5135
5030,2761
5030,425
5030,1082
5030,3528
5030,3645
5030,2962
5030,2876
5030,407
3305,1241
3305,3698
3305,1583
3305,3917
3305,542
3305,3989
3305,1016
3305,3305
3305,5517
3305,1893
3305,4967
3305,674
3305,1759
3305,2874
3305,798
3305,2751
3305,1033
5193,3066
5193,5276
5193,5193
5193,3914
5193,354
5193,1671
5193,3275
5193,3973
5193,2168
1701,607
1701,1201
1701,4951
1701,379
1701,3872
1701,2153
1701,389
1701,3243
1701,1701
1701,2585
1701,1207
1701,876
1701,3381
1701,3814
1701,1705
1701,5640
1701,1736
2376,5169
2376,263
2376,1464
2376,1956
2376,2872
2376,1577
2376,2376
2376,1333
2376,3575
2376,5109
2376,1490
2376,1196
2376,701
2376,290
2376,5494
2376,738
2376,1216
2376,2261
2376,2437
2376,5400
2376,5345
2376,1532
2376,4172
882,263
882,228
882,1956
882,3748
882,3247
882,882
882,3030
882,2176
882,1333
882,1531
882,2610
882,3575
882,2703
882,5109
882,701
882,290
882,4048
882,3064
882,3571
882,752
882,738
882,1216
882,2261
882,5400
882,5345
882,1532
882,4172
882,3133
941,2964
941,3324
941,731
941,1654
941,4039
941,2691
941,941
941,1108
941,5080
941,54
941,1476
941,504
941,3871
941,2283
941,5202
941,1426
941,2599
941,744
941,1149
941,3589
941,2737
941,2136
4073,2933
4073,1516
4073,3099
4073,1041
4073,3116
4073,3622
4073,215
4073,5008
4073,426
4073,3512
4073,4815
4073,4073
4073,3691
4073,1680
4073,1904
4073,609
4073,4059
4073,3088
4073,2383
4073,2127
4073,5306
4073,349
4073,2724
4073,500
4073,2947
4073,2084
4073,168
4073,3958
4073,1951
4073,5354
4073,5585
3781,4811
3781,5121
3781,1913
3781,974
3781,1180
3781,4071
3781,3774
3781,3781
3781,2095
3781,1423
3781,2815
3781,1343
3781,800
3781,5481
3781,2051
3781,5465
3781,5264
3781,1809
1813,4555
1813,1813
1813,1778
1813,657
1813,4935
1813,2528
1813,4562
1813,4277
1813,925
1813,5333
1813,4961
1813,4016
1813,3222
1813,5462
2165,247
2165,3100
2165,2586
2165,2006
2165,2446
2165,4492
2165,2391
2165,577
2165,1739
2165,5399
2165,2843
2165,2291
2165,2990
2165,3250
2165,1509
2165,2470
2165,4302
2165,2165
2165,348
2165,2662
2165,4910
2165,295
2165,5515
2165,932
2165,5043
2165,4133
2165,5056
2165,1014
2165,725
2165,2896
2165,4627
2165,1576
5173,1201
5173,116
5173,903
5173,1703
5173,3097
5173,864
5173,5173
5173,3696
5173,769
5173,3814
5173,2495
5173,2953
5173,4869
5173,4342
5173,3173
5173,5204
5173,1905
5173,2233
5173,4355
5173,2215
2092,1294
2092,3454
2092,1212
2092,1986
2092,5061
2092,2530
2092,4925
2092,431
2092,1142
2092,4203
2092,4973
2092,5224
2092,833
2092,2895
2092,2092
2092,3170
2092,1378
2092,2281
2092,969
2092,2463
2092,4923
2092,1027
2092,1918
1618,3193
1618,3165
1618,154
1618,188
1618,5145
1618,4144
1618,5300
1618,211
1618,1618
1618,2899
1618,3775
1618,3963
1618,1116
1618,3469
1618,4377
1618,2440
1618,94
1618,3731
226,2441
226,3921
226,4269
226,655
226,1915
226,4534
226,5206
226,4025
226,790
226,3888
226,3478
226,631
226,3984
226,226
226,4743
226,812
226,262
226,5323
226,3776
226,762
226,547
226,3031
226,3875
226,5436
5041,3488
5041,1482
5041,3755
5041,2762
5041,3956
5041,4592
5041,1164
5041,4204
5041,4872
5041,5041
5041,4904
5041,4401
5041,5516
5041,862
5041,1222
5041,2559
5041,1985
5041,5555
5041,134
5041,2546
5041,944
3497,2164
3497,5535
3497,3500
3497,5618
3497,247
3497,2978
3497,877
3497,2497
3497,2609
3497,891
3497,3171
3497,1692
3497,308
3497,1603
3497,121
3497,4707
3497,2525
3497,3052
3497,1702
3497,1260
3497,1262
3497,4550
3497,3497
3497,4577
3497,4876
3497,1257
3497,4346
3497,1666
3497,2708
3497,2297
3497,2959
3497,2763
3497,3145
3497,3884
3497,5227
3497,1757
3497,1994
3497,1338
3497,1873
3497,4776
3497,2373
3497,4383
3497,3272
3497,1804
3497,1403
3497,3291
3497,1549
3497,2858
3497,2700
3497,2309
3497,1089
3497,3395
3497,5326
2787,209
2787,403
2787,529
2787,1937
2787,383
2787,2644
2787,5030
2787,2787
2787,4916
2787,3651
2787,5135
2787,2761
2787,425
2787,1082
2787,3528
2787,3267
2787,3645
2787,2962
2787,2876
2787,407
1691,1522
1691,4473
1691,49
1691,1691
1691,3466
1691,5006
1691,248
1691,4646
1691,3162
1691,5438
1691,4135
1691,2998
1691,3404
1691,4461
1691,4822
1691,3179
2852,4576
2852,3016
2852,4963
2852,3190
2852,5302
2852,4799
2852,3343
2852,358
2852,4065
2852,3338
2852,2852
2852,3951
2852,1852
2852,2272
475,626
475,796
475,2979
475,1304
475,1269
475,373
475,2055
475,2363
475,1272
475,3754
475,484
475,475
475,4063
475,1021
475,1384
475,1076
475,4877
475,1588
475,292
475,2719
475,2672
475,1655
475,2195
475,194
475,4785
475,4124
475,4666
475,3839
1510,1520
1510,2988
1510,4046
1510,3504
1510,570
1510,4564
1510,3212
1510,2055
1510,4096
1510,548
1510,4600
1510,2259
1510,3131
1510,3119
1510,3076
1510,1510
1510,1843
1510,509
1510,2560
1510,5463
1510,2356
1510,3577
1510,1076
1510,1729
1510,4464
1510,694
1510,1431
1510,4127
1510,5297
1510,786
1510,1187
1510,11
1510,1660
1510,2332
1510,5068
1510,3741
5499,1170
5499,4455
5499,4340
5499,350
5499,1828
5499,5289
5499,3944
5499,5035
5499,4272
5499,4055
5499,5499
5499,3293
5499,1053
5499,3132
5499,4273
5499,344
5499,1877
5499,1616
5499,3476
5499,3840
5499,170
5499,4642
5499,387
4632,900
4632,1503
4632,1642
4632,3491
4632,2320
4632,4632
4632,977
4632,4685
4632,4908
4632,629
4632,2328
4632,1794
4632,4244
4632,793
4632,4080
4632,428
4632,4339
4710,668
4710,2846
4710,3905
4710,4710
4710,1337
4710,1309
4710,3954
4710,44
4710,4958
4710,3098
4710,4447
4710,1457
4710,842
4710,4067
4710,2379
4710,1000
733,2908
733,4802
733,641
733,3089
733,1501
733,3670
733,733
733,3278
733,1597
733,3456
733,4570
733,5547
733,2116
113,1511
113,3474
113,4433
113,3923
113,5523
113,2671
113,4756
113,4098
113,1517
113,1346
113,1819
113,1981
113,5473
113,113
113,4361
113,2568
113,5263
113,2922
113,3159
113,5304
113,4903
113,4782
113,1026
113,3340
113,543
113,2732
113,2801
113,451
113,4794
113,5141
113,2457
113,2460
113,3578
113,3712
1126,1793
1126,5116
1126,3151
1126,3408
1126,3465
1126,3679
1126,5349
1126,1126
1126,3258
1126,4863
1126,1147
1126,1728
1126,81
4915,2961
4915,1035
4915,5422
4915,3687
4915,1833
4915,3092
4915,2304
4915,1037
4915,915
4915,2180
4915,3487
4915,785
4915,4915
4915,4823
4915,3806
4915,36
4915,2921
4915,717
4915,3074
4915,956
4915,2879
4915,3367
4915,440
4915,5455
4915,905
4915,4515
4915,4160
4915,2995
2140,637
2140,2519
2140,216
2140,4639
2140,2140
2140,3230
2140,162
2140,4487
2140,4789
2140,6
2140,1454
2140,3555
2140,3556
3296,5221
3296,3870
3296,265
3296,2721
3296,1139
3296,4641
3296,4809
3296,4205
3296,2019
3296,363
3296,1275
3296,980
3296,368
3296,3296
3296,2707
3296,2260
3296,3761
3296,2647
3296,2166
3296,1455
3296,2158
3296,3024
3296,4952
3296,2886
3296,184
3296,5511
3296,1250
3296,4884
3296,2849
3296,4888
3296,3978
3104,4468
3104,702
3104,3104
3104,3181
3104,4249
3104,4828
3104,3678
3104,3003
3104,2598
3104,5
3104,219
3104,1589
5604,65
5604,5448
5604,4042
5604,3465
5604,3451
5604,5604
5604,3729
5604,1147
5604,2650
5604,1764
5604,4840
5604,5321
5604,4758
2303,5157
2303,1073
2303,601
2303,2423
2303,2303
2303,4920
2303,59
2303,2550
2303,2369
2303,3449
2303,978
4440,4945
4440,1560
4440,934
4440,4797
4440,5316
4440,39
4440,4213
4440,3534
4440,1963
4440,4440
4440,768
4440,594
4440,2569
4440,2493
4440,1563
4440,1506
4440,552
4440,3750
4714,2368
4714,3019
4714,1816
4714,1204
4714,5391
4714,28
4714,709
4714,3510
4714,5259
4714,4714
4714,1013
4714,5219
4714,1927
4714,924
4714,3897
4714,319
4714,1747
4714,524
4714,2146
4714,4365
4714,4657
4714,865
4714,2027
4030,3041
4030,4158
4030,1025
4030,814
4030,1743
4030,2545
4030,5040
4030,3841
4030,4030
4030,4842
4030,2234
4030,5293
4030,2834
4030,2450
4030,5139
4030,4868
4030,1571
4030,1661
4030,2788
4030,5185
4030,3053
348,3500
348,456
348,385
348,247
348,5565
348,1923
348,3100
348,2586
348,2446
348,470
348,4492
348,2391
348,5557
348,1739
348,2843
348,2990
348,5551
348,3250
348,2270
348,3737
348,5308
348,2470
348,4302
348,2165
348,348
348,2662
348,5629
348,4910
348,295
348,3637
348,5515
348,932
348,5043
348,4133
348,5056
348,1014
348,725
348,618
348,5315
348,4627
348,2309
348,1576
348,74
3278,2494
3278,3815
3278,2908
3278,1088
3278,4802
3278,641
3278,3089
3278,3670
3278,4969
3278,2507
3278,733
3278,3278
3278,3580
3278,1175
3278,3456
3278,1456
3278,4570
3278,5547
2662,456
2662,3100
2662,2586
2662,2799
2662,1988
2662,2664
2662,5557
2662,2747
2662,1739
2662,2843
2662,1417
2662,2990
2662,4097
2662,2683
2662,5551
2662,3244
2662,3250
2662,2270
2662,1477
2662,4889
2662,4302
2662,2165
2662,348
2662,2662
2662,5629
2662,4910
2662,4373
2662,3401
2662,295
2662,697
2662,1413
2662,3637
2662,1036
2662,932
2662,5043
2662,4133
2662,5056
2662,1014
2662,2199
2662,618
2662,4130
2662,621
2662,4627
2662,1576
1108,3599
1108,2494
1108,3815
1108,2908
1108,1088
1108,3153
1108,3324
1108,1501
1108,1654
1108,4039
1108,2691
1108,941
1108,1108
1108,54
1108,3580
1108,3871
1108,5202
1108,1426
1108,1175
1108,2599
1108,744
1108,1149
1108,3606
1108,2737
1108,5547
1108,2136
4645,549
4645,4053
4645,3522
4645,4488
4645,4131
4645,5370
4645,729
4645,4645
4645,4034
4645,989
4645,4163
4645,4103
4645,1999
1749,2179
1749,70
1749,3987
1749,3690
1749,1722
1749,2980
1749,5372
1749,1934
1749,3993
1749,2196
1749,1749
1749,279
1749,2126
1749,628
1749,4434
1749,1286
1749,1234
1749,4206
1749,1483
1749,3009
1749,1079
1749,4175
1749,517
1749,261
1749,1421
1749,3910
2225,3234
2225,3548
2225,3633
2225,4385
2225,1599
2225,2145
2225,2900
2225,5612
2225,2225
2225,952
2225,4224
2225,1970
2225,3011
2225,2284
2225,3269
2225,4784
2225,5377
2225,5269
2225,4964
2225,1782
2744,1136
2744,2147
2744,5095
2744,2508
2744,579
2744,200
2744,2620
2744,2638
2744,1795
2744,2744
2744,613
2744,2782
2744,1420
2744,1233
2744,369
2744,1948
2744,2626
2744,1958
2744,3453
2744,3772
2744,724
2744,2429
875,1550
875,3190
875,5302
875,3877
875,4347
875,875
875,4719
875,1162
875,2418
875,1554
875,1120
875,5550
875,1240
875,64
875,5581
4270,806
4270,3957
4270,5520
4270,4517
4270,249
4270,2096
4270,5198
4270,1704
4270,5385
4270,1719
4270,1880
4270,3332
4270,4270
4270,1448
4270,4029
4270,3079
4270,1847
4270,5597
4270,1623
4270,2629
4270,847
4270,333
4270,3918
4270,3399
4270,1071
3004,3124
3004,392
3004,3337
3004,3004
3004,4228
3004,3533
3004,799
3004,310
3004,1135
3004,5431
3004,3062
3004,530
3004,4146
3004,3424
3004,1822
3004,3328
169,3389
169,3480
169,4300
169,4692
169,1551
169,2960
169,624
169,28
169,1754
169,5319
169,208
169,4684
169,1519
169,1115
169,5124
169,1664
169,2925
169,4767
169,3438
169,2400
169,1282
169,4850
169,2668
169,1481
169,5526
169,169
169,342
169,1650
169,1823
169,2767
169,1002
169,1121
169,1949
169,273
169,5489
169,4533
169,191
169,125
169,1411
169,5571
169,3050
169,2146
169,3783
169,1228
169,4279
169,3281
169,3136
169,4567
169,5305
169,3632
169,3873
169,2756
948,5266
948,441
948,792
948,880
948,5472
948,2253
948,647
948,608
948,948
948,986
948,1274
948,1066
948,4104
948,1859
948,2820
4460,4002
4460,5545
4460,2157
4460,2818
4460,3694
4460,4460
4460,300
4460,4198
4460,3540
4460,1480
4460,3891
4460,955
4460,296
4460,454
4460,2300
1843,1520
1843,380
1843,2988
1843,4046
1843,3504
1843,570
1843,4564
1843,3212
1843,2055
1843,4096
1843,548
1843,4600
1843,2259
1843,3119
1843,3076
1843,1510
1843,1843
1843,2560
1843,2356
1843,3577
1843,1076
1843,1729
1843,5149
1843,4464
1843,694
1843,1431
1843,4127
1843,5297
1843,786
1843,4426
1843,1187
1843,11
1843,1660
1843,2332
1843,5068
1843,3741
3112,1629
3112,423
3112,3112
3112,1644
3112,670
3112,2905
3112,945
3112,2175
3112,2816
2241,3821
2241,3996
2241,2097
2241,4800
2241,4874
2241,869
2241,5238
2241,5464
2241,5005
2241,3620
2241,2241
2241,2017
2241,3007
2241,1626
2241,707
2241,5484
2241,306
2241,1160
2241,3730
2241,2659
2241,603
4361,1511
4361,4959
4361,3474
4361,3923
4361,4756
4361,1517
4361,1346
4361,3331
4361,1819
4361,1981
4361,5473
4361,2593
4361,113
4361,4361
4361,2568
4361,5263
4361,2922
4361,5441
4361,3159
4361,4903
4361,4782
4361,3154
4361,1026
4361,3340
4361,543
4361,1355
4361,2732
4361,2801
4361,451
4361,4794
4361,5141
4361,2457
4361,2460
4361,3578
4361,3712
5091,5277
5091,129
5091,1342
5091,2828
5091,1197
5091,4015
5091,242
5091,1004
5091,4706
5091,2722
5091,187
5091,3613
5091,776
5091,2
5091,4074
5091,5091
5091,2966
5091,4698
5091,5155
5091,4248
5091,57
5091,4060
5091,3727
5091,3847
5091,2286
5091,3223
5091,5567
5091,2817
5091,1168
5091,2395
5091,2170
5091,3058
5091,2956
5091,3685
5091,4309
5091,3229
5091,3347
5091,1924
5091,1885
5593,1342
5593,2738
5593,2458
5593,1237
5593,559
5593,1266
5593,5593
5593,2619
5593,4546
5593,2406
5593,4179
5593,2864
5593,477
5593,4528
5593,145
5593,2280
5593,2228
5593,1586
5593,4604
5593,841
5593,589
3150,2581
3150,904
3150,4922
3150,4589
3150,2344
3150,2669
3150,5051
3150,3150
3150,3014
3150,4348
3150,1638
3150,4526
3150,5301
4536,1971
4536,4232
4536,452
4536,1679
4536,3294
4536,4476
4536,1452
4536,1826
4536,2804
4536,4536
4536,1255
4536,771
4536,5216
4536,3790
4536,3441
4536,56
4536,4137
4536,3778
4536,79
4536,5475
4536,4531
4536,1539
4536,3148
4577,2164
4577,4945
4577,5618
4577,2978
4577,910
4577,877
4577,2497
4577,522
4577,4180
4577,3171
4577,5334
4577,1692
4577,5316
4577,1603
4577,748
4577,4957
4577,3033
4577,4707
4577,2525
4577,1702
4577,1260
4577,3497
4577,4577
4577,4876
4577,1257
4577,4346
4577,1666
4577,2297
4577,2959
4577,3145
4577,3283
4577,1994
4577,5492
4577,1563
4577,569
4577,894
4577,4776
4577,2373
4577,1506
4577,4383
4577,3272
4577,1804
4577,1714
4577,1403
4577,3291
4577,2858
4577,2700
4577,1089
4577,5326
14,1465
14,516
14,1710
14,5606
14,4997
14,14
14,3368
14,3766
14,3483
14,3811
14,2873
14,1209
14,4861
14,126
14,2396
3876,1247
3876,2667
3876,712
3876,1186
3876,1471
3876,1841
3876,2503
3876,3876
3876,2190
3876,416
3876,1935
3876,2355
3876,3386
3876,2021
3876,602
3876,1849
3876,5004
3876,1312
2603,374
2603,1297
2603,2112
2603,3257
2603,4494
2603,4674
2603,4035
2603,5281
2603,427
2603,2229
2603,1101
2603,753
2603,5450
2603,2603
2603,1622
2603,419
2603,5127
2603,1194
2603,2301
2603,5355
2603,3378
2603,3118
2603,4472
2603,5595
2603,3475
2603,4723
2585,607
2585,4951
2585,379
2585,3872
2585,2153
2585,5167
2585,389
2585,3243
2585,1701
2585,2585
2585,1207
2585,876
2585,3381
2585,1705
2585,5640
2585,1736
23,4158
23,814
23,1059
23,2545
23,550
23,23
23,4436
23,4842
23,1029
23,4394
23,1975
23,1496
23,2003
23,338
23,650
23,5381
1966,4624
1966,856
1966,2760
1966,1495
1966,2920
1966,2716
1966,4128
1966,1404
1966,1966
1966,2488
1966,5271
1966,5311
1966,1098
1966,357
1966,4539
1966,2547
1966,1039
1966,3042
4415,332
4415,2008
4415,4076
4415,2753
4415,785
4415,4415
4415,4296
4415,4796
4415,1298
4415,2855
4415,3902
4415,3697
4415,4515
4415,1818
4415,2187
4415,4160
4415,830
4415,268
4415,2317
2190,3488
2190,1247
2190,4626
2190,1186
2190,1471
2190,1841
2190,2715
2190,2503
2190,3307
2190,3876
2190,2190
2190,416
2190,3386
2190,2021
2190,602
2190,1849
2190,5004
2190,4171
2190,944
2037,2211
2037,4495
2037,5591
2037,1311
2037,2037
2037,1555
2037,3631
2037,2970
2037,1427
2037,544
2037,5467
2037,4261
2037,5541
586,29
586,1974
586,2455
586,4601
586,4128
586,2194
586,942
586,586
586,1205
586,2868
586,4092
586,1051
586,5359
586,4118
586,5101
586,103
586,1087
586,4906
586,2547
586,2330
3123,5611
3123,1611
3123,2370
3123,2198
3123,2462
3123,3123
3123,326
3123,355
3123,4360
3123,507
3123,1542
4719,1550
4719,3190
4719,2688
4719,5302
4719,875
4719,4719
4719,1162
4719,2418
4719,1554
4719,1120
4719,5550
4719,1240
4719,4974
4719,849
2451,5290
2451,4569
2451,591
2451,5230
2451,727
2451,1684
2451,4382
2451,2451
2451,1318
2451,3880
2451,3904
2451,3191
2451,13
2451,1390
2451,1067
2451,123
2212,265
2212,5077
2212,1524
2212,4205
2212,4458
2212,887
2212,363
2212,2246
2212,2212
2212,2260
2212,5607
2212,3024
2212,2128
2212,4952
2212,3205
2212,5511
2212,3392
2212,3978
2212,4418
2212,4170
927,2262
927,5405
927,1936
927,4459
927,596
927,1326
927,4568
927,927
927,1183
927,288
927,3225
927,3773
927,2549
927,5176
927,2117
927,1751
680,251
680,2398
680,2555
680,260
680,680
680,2870
680,1161
680,2587
680,2912
680,1110
680,1879
680,867
680,1605
2860,5090
2860,5168
2860,2360
2860,1271
2860,2511
2860,1284
2860,2860
2860,2501
2860,2422
2860,1218
5419,2150
5419,1581
5419,3539
5419,51
5419,691
5419,5419
5419,2901
5419,2701
5419,3295
5419,4129
5419,3209
3467,3746
3467,1775
3467,3745
3467,1265
3467,1227
3467,3467
3467,3466
3467,2419
3467,5171
3467,5634
3467,4200
3467,3162
3467,3268
3467,4284
3467,4135
3467,2689
3467,4807
4034,549
4034,4053
4034,3522
4034,4687
4034,4488
4034,5229
4034,4131
4034,2633
4034,5370
4034,729
4034,4645
4034,4034
4034,4163
4034,4103
4034,996
4034,1999
5517,1241
5517,2741
5517,3989
5517,2106
5517,3305
5517,5517
5517,3722
5517,237
5517,674
5517,1759
5517,4345
5517,5162
5517,798
5517,3799
5517,2751
2899,2524
2899,3193
2899,3165
2899,154
2899,188
2899,5145
2899,142
2899,4144
2899,5300
2899,211
2899,3152
2899,1618
2899,2899
2899,3775
2899,3258
2899,3963
2899,3469
2899,4377
2899,2440
2899,3731
2966,5277
2966,1342
2966,2676
2966,2738
2966,2416
2966,4207
2966,2993
2966,1846
2966,1266
2966,2
2966,1678
2966,4074
2966,5091
2966,2966
2966,5155
2966,4248
2966,711
2966,57
2966,3393
2966,4546
2966,4060
2966,3727
2966,3847
2966,2286
2966,3223
2966,5567
2966,2817
2966,1168
2966,1787
2966,2395
2966,204
2966,3058
2966,2280
2966,2956
2966,3685
2966,4309
2966,1586
2966,1924
2966,1885
3551,2216
3551,4500
3551,1334
3551,5040
3551,5360
3551,2536
3551,3551
3551,1911
3551,2856
3551,1024
3551,377
3551,2834
3551,2450
3551,3126
3551,3053
3551,1621
3183,2670
3183,1091
3183,33
3183,3924
3183,1487
3183,3960
3183,3183
3183,4689
3183,4341
3183,1733
3183,2424
3183,840
3183,4312
3183,1626
3183,707
3183,4286
3183,5152
3183,2026
3183,2144
4613,1500
4613,3518
4613,4803
4613,5186
4613,5575
4613,617
4613,4064
4613,1361
4613,918
4613,4590
4613,2913
4613,4308
4613,5088
4613,4918
4613,1353
4613,5583
4613,127
4613,1453
4613,5392
4613,4613
4613,3067
4613,1442
4613,4651
4613,4819
4613,3621
4613,638
4613,3192
4613,2486
4613,5402
4613,4411
4613,2185
4613,588
4613,492
4613,3204
4613,4421
4613,496
4613,3838
4613,3349
4613,3447
4613,1939
4613,3801
4613,4588
4613,4221
4613,4245
4613,2367
4613,1172
4613,1258
4613,4986
4613,1745
4613,2514
4613,156
3170,1986
3170,1535
3170,1084
3170,1142
3170,5224
3170,4493
3170,2092
3170,3170
3170,1220
3170,1378
3170,969
3170,4443
3170,2481
3170,1699
3170,4923
3170,1027
1028,2754
1028,143
1028,2583
1028,988
1028,4087
1028,692
1028,584
1028,1972
1028,1393
1028,1028
1028,1959
1028,2152
1028,48
1028,5000
1028,5642
1028,4542
1028,2224
1028,2565
1028,4655
1028,1078
1028,1675
1028,277
1028,1980
1028,4082
768,1560
768,934
768,4797
768,4459
768,4213
768,359
768,4568
768,1963
768,4440
768,768
768,2569
768,288
768,2493
768,3744
768,552
768,3750
1932,2616
1932,3832
1932,5477
1932,4878
1932,4001
1932,721
1932,1932
1932,2492
1932,571
1932,2985
1932,1908
1932,4218
1932,4553
1932,4583
1932,497
1932,839
1932,1756
1162,2845
1162,1550
1162,4593
1162,3877
1162,875
1162,4719
1162,1162
1162,958
1162,2418
1162,3647
1162,1554
1162,1120
1162,779
1162,1240
1162,3699
3863,2275
3863,2479
3863,2354
3863,510
3863,3863
3863,1214
3863,4521
3863,3594
3863,695
3863,851
3863,2329
3863,1774
3863,398
3863,1968
3863,3252
1448,2120
1448,806
1448,4517
1448,249
1448,1899
1448,5198
1448,1704
1448,5385
1448,1880
1448,3332
1448,4270
1448,1448
1448,4029
1448,4325
1448,1847
1448,3459
1448,5597
1448,1623
1448,2629
1448,847
1448,3918
1448,3399
1448,1071
3407,33
3407,2426
3407,5225
3407,4313
3407,869
3407,5238
3407,3620
3407,2498
3407,3407
3407,4341
3407,2129
3407,512
3407,3544
3407,3881
3407,4216
3407,4292
3407,2015
4920,5157
4920,4762
4920,601
4920,2423
4920,2303
4920,4920
4920,2992
4920,4497
4920,2829
4920,1800
4920,2550
4920,3374
4698,5592
4698,129
4698,1197
4698,4015
4698,242
4698,481
4698,5283
4698,4706
4698,2722
4698,187
4698,3613
4698,776
4698,5091
4698,4698
4698,57
4698,1292
4698,3536
4698,4695
4698,2817
4698,3757
4698,3229
4698,3347
2314,4347
2314,5280
2314,2314
2314,5246
2314,371
2314,1861
2314,64
2314,5581
4296,332
4296,1928
4296,2008
4296,4076
4296,2753
4296,785
4296,4415
4296,4296
4296,1124
4296,4796
4296,1298
4296,2855
4296,3902
4296,3697
4296,1818
4296,2187
4296,4160
4296,830
4296,268
4296,2317
594,4945
594,1560
594,3372
594,2943
594,4213
594,3339
594,4440
594,594
594,2493
594,3744
594,1563
594,1777
594,552
594,3309
1644,918
1644,4690
1644,3112
1644,1644
1644,670
1644,3056
1644,666
1644,3251
1644,2175
1644,3801
1644,2816
3975,1136
3975,1566
3975,2618
3975,4881
3975,3609
3975,4644
3975,4027
3975,276
3975,4852
3975,2620
3975,3975
3975,613
3975,718
3975,447
3975,4753
3975,3213
3975,4954
3975,4061
3975,128
3975,2607
3975,3012
3975,370
2527,4161
2527,1652
2527,5150
2527,4575
2527,2433
2527,2499
2527,2527
2527,1628
2527,3629
2527,3937
2527,2393
2527,2680
2568,1511
2568,4433
2568,3923
2568,5523
2568,2671
2568,2806
2568,4098
2568,1517
2568,1346
2568,5243
2568,1819
2568,1981
2568,5473
2568,3318
2568,113
2568,4361
2568,2568
2568,5263
2568,2844
2568,347
2568,2922
2568,1134
2568,2502
2568,3159
2568,5304
2568,158
2568,4903
2568,4782
2568,1943
2568,1026
2568,1329
2568,181
2568,3340
2568,543
2568,2732
2568,2801
2568,3450
2568,451
2568,4794
2568,5141
2568,2457
2568,2460
2568,3578
2568,3712
5379,1043
5379,380
5379,624
5379,1269
5379,2925
5379,2201
5379,5568
5379,1481
5379,2861
5379,5379
5379,928
5379,5310
5379,1076
5379,1121
5379,1588
5379,2672
5379,5149
5379,4326
5379,1744
5379,1411
5379,5317
5379,4426
5379,1960
5379,1187
5379,3873
3067,1500
3067,3518
3067,4803
3067,5186
3067,5575
3067,617
3067,4064
3067,1361
3067,918
3067,4590
3067,2913
3067,4308
3067,5088
3067,4918
3067,1353
3067,5583
3067,127
3067,1453
3067,5392
3067,4613
3067,3067
3067,1442
3067,4651
3067,638
3067,3192
3067,2486
3067,5402
3067,4411
3067,2185
3067,588
3067,492
3067,3204
3067,4421
3067,496
3067,3838
3067,3349
3067,3447
3067,1939
3067,3801
3067,4588
3067,4221
3067,4245
3067,2367
3067,1172
3067,1258
3067,4986
3067,1745
3067,2514
3067,156
5080,3599
5080,5014
5080,2964
5080,731
5080,1501
5080,1796
5080,941
5080,5080
5080,54
5080,1476
5080,504
5080,3871
5080,2283
5080,5202
5080,1387
5080,744
5080,3589
5080,5197
5080,4125
5080,1407
5080,4976
5080,2116
5080,2136
1220,1294
1220,1212
1220,1986
1220,2239
1220,2464
1220,1084
1220,1142
1220,3964
1220,5224
1220,4396
1220,3170
1220,1220
1220,4101
1220,4742
1220,4936
1220,2206
1220,4443
1220,2104
1220,4739
1220,2407
1220,2481
1220,4923
1220,1886
1220,281
3775,3193
3775,3165
3775,886
3775,154
3775,5145
3775,142
3775,4144
3775,211
3775,1618
3775,2899
3775,3775
3775,3258
3775,3963
3775,7
3775,4863
3775,4377
3775,2440
3775,620
69,2657
69,5244
69,3277
69,316
69,4368
69,140
69,69
69,2339
69,3967
69,3279
69,1614
69,3468
69,2064
69,1077
69,3143
69,111
69,2582
5531,3792
5531,4491
5531,5531
5531,953
5531,5338
5531,2558
5531,3703
1013,3019
1013,1816
1013,4285
1013,2960
1013,5391
1013,28
1013,3287
1013,2076
1013,1301
1013,238
1013,4684
1013,3510
1013,1115
1013,3018
1013,5259
1013,1664
1013,5631
1013,3438
1013,2400
1013,1998
1013,1897
1013,2087
1013,4638
1013,4714
1013,1013
1013,5219
1013,1927
1013,1547
1013,1720
1013,5105
1013,1650
1013,458
1013,5002
1013,273
1013,5498
1013,5570
1013,15
1013,319
1013,3665
1013,5312
1013,524
1013,2380
1013,5571
1013,3050
1013,3600
1013,2146
1013,4400
1013,5318
1013,1791
1013,2792
1013,865
3691,2933
3691,1516
3691,3099
3691,1041
3691,3622
3691,215
3691,3553
3691,5008
3691,3512
3691,4815
3691,4073
3691,3691
3691,1904
3691,5072
3691,609
3691,2359
3691,4059
3691,3088
3691,2383
3691,5306
3691,4390
3691,5411
3691,349
3691,2724
3691,500
3691,2947
3691,2084
3691,168
3691,3958
3691,5354
3691,5585
5018,2933
5018,9
5018,5035
5018,3512
5018,30
5018,1838
5018,5018
5018,1904
5018,5072
5018,4725
5018,739
5018,2359
5018,4273
5018,1095
5018,3986
5018,1740
5018,5411
5018,2811
3704,2245
3704,5356
3704,3429
3704,4759
3704,4267
3704,1213
3704,18
3704,3415
3704,3248
3704,3704
3704,4013
3704,4615
3704,1399
3704,5023
3704,2371
3704,4451
3704,4859
3704,4156
3704,683
3704,5383
3704,4256
3704,4972
3704,541
3704,160
3704,3743
3704,2983
989,3522
989,75
989,1074
989,2434
989,4645
989,989
989,4465
989,122
989,4103
989,1545
989,1159
989,2105
989,1922
989,264
341,1718
341,3226
341,1148
341,2335
341,2468
341,341
341,5215
341,747
341,994
341,4620
341,3026
341,157
341,390
341,2882
341,2334
565,1862
565,2673
565,619
565,3282
565,1128
565,565
565,2209
565,5136
565,467
565,1401
565,2576
565,2219
565,5210
565,5262
565,1755
565,4481
565,4975
565,3135
2492,3432
2492,897
2492,4438
2492,1767
2492,4878
2492,4001
2492,2235
2492,1932
2492,2492
2492,1908
2492,914
2492,1264
2492,947
2492,497
2492,1874
2492,1756
803,5633
803,803
803,3275
803,3388
803,1559
803,1556
803,71
803,3394
803,5174
4560,481
4560,514
4560,5097
4560,4560
4560,971
4560,3536
4560,3769
4560,3881
4560,4257
4560,4216
4560,4292
4560,346
4560,1613
4560,2015
4876,2164
4876,5618
4876,2978
4876,910
4876,877
4876,2497
4876,522
4876,2609
4876,4180
4876,3171
4876,5334
4876,1692
4876,1603
4876,748
4876,4957
4876,4707
4876,2525
4876,5308
4876,3052
4876,1702
4876,1260
4876,3497
4876,4577
4876,4876
4876,1257
4876,4346
4876,1666
4876,2297
4876,2959
4876,2763
4876,1994
4876,5492
4876,894
4876,1873
4876,4776
4876,2373
4876,4383
4876,3272
4876,1804
4876,1032
4876,1714
4876,1403
4876,3291
4876,2858
4876,2700
4876,1089
4876,3395
4876,5326
1900,4119
1900,5256
1900,5628
1900,1221
1900,1900
1900,5020
1900,2929
1900,977
1900,5156
1900,2032
1900,590
1900,3793
1900,5479
3030,228
3030,3748
3030,3247
3030,949
3030,882
3030,3030
3030,2176
3030,1050
3030,958
3030,1531
3030,2610
3030,2703
3030,3647
3030,701
3030,834
3030,3064
3030,5337
3030,3571
3030,5461
3030,5400
416,1247
416,2667
416,4626
416,712
416,1186
416,1841
416,2715
416,2503
416,700
416,3876
416,2190
416,416
416,1935
416,2355
416,3386
416,2021
416,602
416,1849
416,2224
416,954
416,5004
416,1312
4013,2245
4013,5356
4013,3429
4013,1132
4013,5249
4013,3949
4013,4267
4013,1213
4013,2399
4013,18
4013,3415
4013,320
4013,3248
4013,3704
4013,4013
4013,4615
4013,2186
4013,2942
4013,1399
4013,12
4013,5023
4013,2371
4013,1163
4013,4451
4013,2088
4013,76
4013,4859
4013,4156
4013,683
4013,4256
4013,4972
4013,541
4013,160
4013,3743
4013,2983
571,2616
571,3832
571,5477
571,2772
571,2741
571,721
571,3802
571,1932
571,571
571,4218
571,4553
571,4583
571,497
571,798
571,5572
571,3799
571,839
5617,2062
5617,4959
5617,1450
5617,4896
5617,2024
5617,1961
5617,757
5617,1575
5617,5270
5617,2906
5617,5617
5617,2361
5617,4903
5617,4782
5617,3256
5617,5134
5617,2377
5617,3786
5617,1891
5617,4988
5617,4428
5617,3298
5617,1732
5263,1511
5263,4959
5263,2024
5263,3474
5263,1961
5263,3923
5263,4756
5263,757
5263,1517
5263,1346
5263,3331
5263,1575
5263,1819
5263,1981
5263,5473
5263,3318
5263,2593
5263,113
5263,4361
5263,2568
5263,5263
5263,347
5263,2361
5263,2922
5263,2502
5263,3159
5263,158
5263,4903
5263,4782
5263,1943
5263,1026
5263,1329
5263,181
5263,3340
5263,543
5263,2732
5263,2801
5263,451
5263,4794
5263,5141
5263,2457
5263,2460
5263,3578
5263,3712
5614,5272
5614,2904
5614,4220
5614,1304
5614,1269
5614,4233
5614,709
5614,4441
5614,1272
5614,484
5614,1481
5614,5614
5614,4063
5614,1021
5614,1440
5614,924
5614,292
5614,191
5614,2719
5614,828
5614,4326
5614,1747
5614,5317
5614,3710
5614,4365
5614,1960
5614,2223
5614,4657
5614,1916
5614,3907
5614,4785
5614,4124
5614,4666
5614,3839
1198,907
1198,3926
1198,518
1198,2426
1198,1693
1198,4834
1198,1198
1198,5252
1198,3545
1198,2946
1198,2968
1198,3301
1198,572
1198,3544
1198,1316
1198,2065
1198,4241
1198,4584
1198,2397
1198,3155
1198,3762
1198,3289
1198,3203
1198,1068
1198,4225
1198,3233
1198,705
1198,5534
2506,3352
2506,1921
2506,1395
2506,397
2506,4231
2506,3895
2506,4110
2506,2506
2506,413
2506,4603
2506,2723
2506,4887
2506,2822
2506,5102
2506,3890
2506,4290
2506,4167
2506,3927
2506,3502
2506,378
2506,2197
2506,723
2506,1366
2506,323
2082,4949
2082,4232
2082,3348
2082,1224
2082,2016
2082,716
2082,5320
2082,671
2082,5600
2082,1157
2082,587
2082,5231
2082,2567
2082,2082
2082,411
2082,5255
2082,805
2082,2630
2082,850
2082,3542
2082,155
2082,2057
2082,3627
2082,3413
2082,3581
2082,3797
2082,5166
5067,2069
5067,2115
5067,658
5067,2034
5067,3610
5067,714
5067,3868
5067,289
5067,4427
5067,5067
5067,2384
5067,83
5067,2976
5067,2623
2017,3821
2017,3996
2017,2288
2017,4874
2017,3396
2017,5464
2017,5005
2017,2241
2017,2017
2017,3007
2017,1836
2017,5484
2017,306
2017,1160
2017,3730
2017,2659
2017,4995
866,2110
866,5512
866,1530
866,3940
866,595
866,866
866,5506
866,5486
866,3354
866,4792
866,2562
866,2388
866,493
866,3607
866,4542
866,2224
866,3988
866,4598
866,930
1207,4289
1207,3550
1207,5167
1207,3243
1207,1701
1207,2585
1207,1207
1207,4085
1207,1705
1207,5640
1207,1736
1207,4417
1207,2893
1257,2164
1257,5535
1257,5618
1257,4177
1257,910
1257,877
1257,2497
1257,2609
1257,3171
1257,5334
1257,1692
1257,1603
1257,748
1257,121
1257,4957
1257,3033
1257,4707
1257,2525
1257,1702
1257,1260
1257,1262
1257,4550
1257,3497
1257,4577
1257,4876
1257,1257
1257,4346
1257,1666
1257,4746
1257,2708
1257,2297
1257,2959
1257,2763
1257,3145
1257,3283
1257,3884
1257,1757
1257,1994
1257,569
1257,1338
1257,4484
1257,894
1257,4776
1257,1506
1257,4383
1257,3272
1257,1804
1257,3006
1257,1714
1257,1403
1257,3291
1257,1549
1257,2858
1257,2700
1257,1089
1257,5326
223,3172
223,5413
223,4827
223,5037
223,4482
223,4293
223,3129
223,2266
223,526
223,4356
223,223
223,2614
223,4664
223,73
223,2449
223,4768
223,4069
223,60
223,1871
223,5442
223,2200
223,2047
223,1238
223,1534
223,2665
223,1592
223,868
223,2305
223,3701
223,1188
223,3360
223,3785
5215,1718
5215,1324
5215,3226
5215,2335
5215,4690
5215,3519
5215,561
5215,2468
5215,341
5215,5215
5215,747
5215,994
5215,4620
5215,3026
5215,2882
5215,3251
5215,2334
5215,3040
4378,4576
4378,3138
4378,3591
4378,2080
4378,3142
4378,4900
4378,4799
4378,720
4378,2595
4378,1357
4378,3338
4378,4378
4378,4649
4378,5609
4378,1863
4378,2838
4378,4891
4378,1850
4378,5596
4378,4718
4378,2009
4378,4749
4378,2840
4063,5272
4063,626
4063,1304
4063,3234
4063,4441
4063,1272
4063,484
4063,475
4063,5614
4063,4063
4063,1021
4063,218
4063,1440
4063,4877
4063,2727
4063,292
4063,4591
4063,2719
4063,828
4063,1655
4063,1681
4063,2195
4063,1747
4063,2073
4063,3710
4063,2223
4063,4657
4063,1916
4063,3907
4063,4785
4063,4124
4063,4666
4063,3839
1287,3484
1287,5208
1287,4412
1287,3591
1287,2244
1287,1974
1287,2455
1287,2230
1287,1669
1287,2194
1287,1287
1287,471
1287,2868
1287,4092
1287,1920
1287,4891
1287,1051
1287,5101
1287,103
1287,5584
1287,1723
1287,360
5020,5628
5020,1221
5020,1642
5020,3491
5020,2320
5020,1900
5020,5020
5020,2929
5020,977
5020,4908
5020,2227
5020,5156
5020,2032
5020,1794
2985,3832
2985,5477
2985,721
2985,1932
2985,2985
2985,4218
2985,4553
2176,263
2176,228
2176,1956
2176,3748
2176,3247
2176,882
2176,3030
2176,2176
2176,1333
2176,1531
2176,2610
2176,3575
2176,2703
2176,5109
2176,701
2176,290
2176,4048
2176,3064
2176,3571
2176,738
2176,1216
2176,2261
2176,5400
2176,5345
2176,1532
2176,4172
2176,3133
5246,434
5246,3877
5246,4347
5246,2314
5246,5246
5246,371
5246,1861
5246,779
5246,1475
5246,64
5246,1858
5246,2059
952,2563
952,5502
952,3633
952,4385
952,1599
952,2900
952,5612
952,476
952,2225
952,952
952,3011
952,3269
952,438
952,5269
952,4964
952,2975
3258,1793
3258,3193
3258,3165
3258,886
3258,3151
3258,142
3258,3679
3258,211
3258,1126
3258,2899
3258,3775
3258,3258
3258,3963
3258,7
3258,4863
3258,4377
3258,81
2901,106
2901,691
2901,5419
2901,2901
2901,2701
2901,3295
2901,3209
4436,4158
4436,518
4436,814
4436,1059
4436,550
4436,23
4436,4436
4436,4842
4436,3545
4436,2968
4436,3301
4436,1316
4436,1496
4436,2065
4436,2003
4436,4584
4436,5257
4436,338
4436,2397
4436,5381
4436,3155
4436,3289
4436,705
4465,3522
4465,75
4465,2434
4465,989
4465,4465
4465,3051
4465,122
4465,4103
4465,1159
4465,1424
4465,2891
4465,5367
4465,5028
4465,1922
1555,2211
1555,4495
1555,5591
1555,1311
1555,2037
1555,1555
1555,3416
1555,3631
1555,2970
1555,1427
1555,544
1555,5467
1555,4261
1555,5541
5219,1204
5219,5391
5219,3510
5219,3018
5219,5259
5219,2552
5219,4714
5219,1013
5219,5219
5219,1927
5219,5105
5219,5002
5219,3897
5219,319
5219,524
5219,2792
5219,865
5219,2027
1525,3832
1525,2988
1525,4046
1525,5495
1525,548
1525,721
1525,3131
1525,3076
1525,1525
1525,509
1525,5463
1525,2699
1525,4464
1525,4127
1525,5297
1525,2540
1525,3373
1525,5572
1525,3741
5291,4669
5291,4541
5291,5217
5291,4535
5291,5291
5291,5187
5291,1585
5291,3865
5291,2421
5291,5460
5291,5239
4139,2120
4139,3433
4139,3591
4139,1899
4139,5385
4139,1572
4139,2230
4139,720
4139,1669
4139,2687
4139,4139
4139,4649
4139,471
4139,1863
4139,2838
4139,2290
4139,4325
4139,3682
4139,3459
4139,5596
4139,5597
4139,5584
4139,360
4139,3086
4139,1439
3000,3843
3000,843
3000,437
3000,1052
3000,4188
3000,3057
3000,2740
3000,3000
3000,562
3000,3489
3000,4017
5350,2069
5350,112
5350,2115
5350,3610
5350,3147
5350,289
5350,4427
5350,5350
5350,2916
5350,2306
5350,2857
5350,2976
5350,5257
5350,2642
4346,2164
4346,3500
4346,5618
4346,247
4346,2978
4346,5565
4346,877
4346,2497
4346,522
4346,2609
4346,4180
4346,891
4346,3171
4346,5334
4346,1692
4346,1603
4346,748
4346,121
4346,4957
4346,4707
4346,2525
4346,5308
4346,3052
4346,1702
4346,1260
4346,3497
4346,4577
4346,4876
4346,1257
4346,4346
4346,1666
4346,2297
4346,2959
4346,2763
4346,5492
4346,894
4346,1873
4346,4776
4346,2373
4346,4383
4346,3272
4346,1804
4346,1032
4346,1714
4346,1403
4346,3291
4346,2858
4346,2700
4346,2309
4346,1089
4346,74
4346,3395
3021,1950
3021,3952
3021,2972
3021,5172
3021,30
3021,3021
3021,3800
3021,3292
3021,1095
3021,1740
3021,5019
3021,4849
3021,2103
3021,870
3021,1248
3021,2163
3842,4406
3842,396
3842,5013
3842,5183
3842,2823
3842,3842
3842,4989
3842,4502
3842,4623
3842,2786
1050,3110
1050,4408
1050,228
1050,453
1050,3185
1050,949
1050,3030
1050,1050
1050,958
1050,1716
1050,1531
1050,2703
1050,3647
1050,2538
1050,3306
1050,834
1050,5337
1050,2205
1050,916
1050,3571
1050,2403
1050,1504
1050,5461
1050,236
1050,2341
1050,2711
1933,4586
1933,274
1933,1267
1933,2447
1933,1933
1933,37
1933,275
1933,5140
2339,5121
2339,3277
2339,974
2339,1180
2339,4071
2339,3774
2339,69
2339,2339
2339,3967
2339,3279
2339,1459
2339,3262
2339,800
2339,5538
2339,1077
2339,5481
2339,111
2339,5264
2339,2582
3914,3066
3914,4691
3914,5193
3914,3914
3914,354
3914,4990
3914,3275
3914,3388
3914,1556
3914,1785
3914,71
3914,2631
3914,5174
3914,2168
509,2988
509,2157
509,4564
509,2818
509,4096
509,548
509,3131
509,3119
509,3076
509,1510
509,1525
509,509
509,2560
509,955
509,4464
509,4127
509,5297
509,454
509,786
509,11
509,1660
509,5068
509,3741
4372,2939
4372,2099
4372,1379
4372,5374
4372,4372
4372,1291
4372,444
4372,1167
4372,4712
4372,1855
4372,3427
4372,5261
4372,991
4372,474
4372,5106
4372,575
4372,3979
2707,1677
2707,4021
2707,3732
2707,5221
2707,5147
2707,3022
2707,1848
2707,3870
2707,2721
2707,4435
2707,4809
2707,1486
2707,2019
2707,1275
2707,980
2707,4713
2707,368
2707,3296
2707,2707
2707,5510
2707,2287
2707,3761
2707,2647
2707,2166
2707,2158
2707,3024
2707,2033
2707,4543
2707,1435
2707,1250
2707,4791
2707,2849
2707,4888
2707,545
4228,308
4228,4805
4228,4333
4228,392
4228,3337
4228,3004
4228,4228
4228,578
4228,5431
4228,3062
4228,530
4228,560
4228,1472
4228,4146
4228,133
4228,3424
4228,1822
4228,3328
5079,5364
5079,1379
5079,173
5079,4437
5079,3335
5079,1844
5079,2131
5079,5564
5079,4396
5079,5079
5079,1291
5079,2206
5079,4208
5079,3427
5079,991
5079,4112
5079,365
3722,2648
3722,4548
3722,4446
3722,837
3722,1878
3722,775
3722,5517
3722,3722
3722,237
3722,1759
3722,21
3722,4117
3722,4345
3722,1319
3722,5162
3722,3799
633,2075
633,4581
633,1837
633,3490
633,633
633,2090
633,3235
633,1085
633,2054
633,4705
633,3425
633,4608
3368,1465
3368,516
3368,1710
3368,5606
3368,14
3368,3368
3368,2873
3368,1802
3368,1955
3368,126
3368,2396
5500,2251
5500,396
5500,2268
5500,4663
5500,3477
5500,3241
5500,2590
5500,5183
5500,1394
5500,2823
5500,4316
5500,5500
5500,4181
5500,2851
2569,934
2569,4797
2569,5316
2569,39
2569,3534
2569,2971
2569,1963
2569,4440
2569,768
2569,2569
2569,2493
2569,1003
2569,110
2569,552
2569,3750
2569,4761
4689,5415
4689,2670
4689,1091
4689,3924
4689,3960
4689,3183
4689,4689
4689,2765
4689,1733
4689,3932
4689,3359
4689,2424
4689,840
4689,5427
4689,1315
4689,5152
4689,5340
4689,2026
4689,2144
460,1263
460,2020
460,2714
460,4424
460,460
460,1812
460,180
460,2333
460,4077
460,782
1255,1971
1255,1224
1255,5540
1255,452
1255,3294
1255,4476
1255,1452
1255,1826
1255,2804
1255,4536
1255,1255
1255,5216
1255,1771
1255,1064
1255,4456
1255,2932
1255,4137
1255,3778
1255,4422
1255,5475
1255,1409
1255,581
1255,3850
1255,1539
1255,3148
1641,5406
1641,553
1641,1073
1641,4105
1641,1641
1641,4304
1641,1034
1641,1177
1641,5117
1641,4261
1641,978
1812,1263
1812,2020
1812,559
1812,4207
1812,2714
1812,4424
1812,1266
1812,2
1812,460
1812,1812
1812,2864
1812,4077
1812,782
5155,5277
5155,1342
5155,1197
5155,2020
5155,559
5155,4207
5155,4901
5155,2993
5155,187
5155,1266
5155,2
5155,1678
5155,4074
5155,5091
5155,2966
5155,5155
5155,4248
5155,57
5155,4060
5155,3847
5155,2286
5155,3223
5155,5567
5155,2817
5155,1168
5155,2395
5155,3058
5155,2280
5155,2956
5155,3685
5155,4309
5155,1586
5155,782
5155,1885
1666,5535
1666,5618
1666,4177
1666,877
1666,2609
1666,3171
1666,1692
1666,308
1666,1603
1666,121
1666,4957
1666,4991
1666,3033
1666,4707
1666,2525
1666,1702
1666,1260
1666,1262
1666,4550
1666,3497
1666,4577
1666,4876
1666,1257
1666,4346
1666,1666
1666,4746
1666,2708
1666,2297
1666,2959
1666,2763
1666,3145
1666,3283
1666,3884
1666,799
1666,1757
1666,1994
1666,310
1666,569
1666,1338
1666,4484
1666,4383
1666,3272
1666,1804
1666,3006
1666,1714
1666,1403
1666,1549
1666,2858
1666,2700
1666,1089
1666,5326
835,5395
835,4847
835,881
835,1503
835,1642
835,3491
835,3421
835,835
835,303
835,1794
835,4080
835,4339
1124,2726
1124,332
1124,2008
1124,3005
1124,4076
1124,2431
1124,3322
1124,4296
1124,1124
1124,1298
1124,2855
1124,1217
1124,3902
1124,2269
1124,334
1124,830
1124,5387
1124,224
1124,4020
2844,5290
2844,256
2844,4857
2844,836
2844,1511
2844,4682
2844,4433
2844,3923
2844,2671
2844,2806
2844,2093
2844,4098
2844,1517
2844,3827
2844,1834
2844,4226
2844,5243
2844,5087
2844,3318
2844,2568
2844,2844
2844,347
2844,1134
2844,2502
2844,3159
2844,5304
2844,158
2844,4187
2844,2240
2844,2066
2844,1943
2844,1329
2844,181
2844,3340
2844,2732
2844,3080
2844,2801
2844,3450
2844,451
2844,5141
5435,1677
5435,4423
5435,4021
5435,3022
5435,3870
5435,2721
5435,4435
5435,1296
5435,4641
5435,1486
5435,1249
5435,4366
5435,980
5435,368
5435,5435
5435,3669
5435,2287
5435,2033
5435,2312
5435,184
5435,2865
5435,1435
5435,4791
5435,4888
5435,699
958,2845
958,4593
958,228
958,1162
958,3030
958,1050
958,958
958,1531
958,2703
958,3647
958,3064
958,3699
958,3571
958,2403
958,5461
279,3987
279,3573
279,1722
279,4269
279,773
279,4025
279,3984
279,1749
279,279
279,2126
279,812
279,2580
279,5128
279,628
279,4434
279,1234
279,4206
279,1483
279,1079
279,5144
279,3031
279,1421
279,3910
2929,4119
2929,5628
2929,1221
2929,1642
2929,3491
2929,2320
2929,1900
2929,5020
2929,2929
2929,977
2929,5156
2929,2032
2929,1794
2929,4080
2090,2075
2090,4581
2090,1837
2090,3490
2090,633
2090,2090
2090,1339
2090,1881
2090,3235
2090,1085
2090,2054
2090,3425
2090,4608
2090,4942
771,1971
771,452
771,1679
771,3294
771,4476
771,1452
771,1826
771,2804
771,4536
771,771
771,5216
771,3790
771,3441
771,56
771,4137
771,79
771,5475
771,4531
771,1539
771,3148
3420,3957
3420,4289
3420,5520
3420,1075
3420,2096
3420,5198
3420,1704
3420,1719
3420,3681
3420,3592
3420,2346
3420,3550
3420,2153
3420,3243
3420,3420
3420,3626
3420,876
3420,3381
3420,3079
3420,1705
3420,333
3420,4984
3420,1071
3672,4000
3672,5426
3672,1081
3672,5373
3672,4331
3672,2174
3672,1302
3672,3672
3672,2836
3672,2765
3672,3359
3672,364
3672,352
3672,3920
3672,5346
3672,5011
3672,4801
3672,2786
3672,3933
2209,2657
2209,1862
2209,2673
2209,619
2209,2258
2209,3282
2209,565
2209,2209
2209,5136
2209,467
2209,1401
2209,2576
2209,2219
2209,5262
2209,193
2209,1755
2209,4481
2209,4975
2209,3135
1442,921
1442,1500
1442,4860
1442,3518
1442,4803
1442,5186
1442,5575
1442,617
1442,1096
1442,4064
1442,4590
1442,2913
1442,4308
1442,5088
1442,4918
1442,1353
1442,5583
1442,5009
1442,127
1442,1453
1442,5392
1442,4613
1442,3067
1442,1442
1442,4651
1442,4819
1442,3621
1442,638
1442,3192
1442,2486
1442,5402
1442,198
1442,4411
1442,2185
1442,588
1442,492
1442,5519
1442,3204
1442,4421
1442,496
1442,3838
1442,3349
1442,3447
1442,1939
1442,4588
1442,4221
1442,4245
1442,2367
1442,1172
1442,1258
1442,4986
1442,1745
1442,2514
1442,156
3231,4624
3231,2208
3231,1441
3231,2716
3231,5375
3231,1404
3231,3231
3231,2488
3231,1070
3231,4647
3231,2660
3231,5271
3231,2881
3231,254
1680,3099
1680,1041
1680,3116
1680,820
1680,4511
1680,1913
1680,4815
1680,5220
1680,4073
1680,1680
1680,1489
1680,3034
1680,1423
1680,2127
1680,5306
1680,3010
1680,349
1680,2724
1680,1343
1680,2051
1680,5421
1680,5465
1680,3958
1680,1951
1680,1809
2488,4624
2488,2208
2488,5437
2488,1865
2488,1441
2488,1495
2488,2716
2488,1404
2488,1966
2488,3231
2488,2488
2488,1070
2488,4647
2488,2660
2488,5271
2488,1872
2488,357
2488,4539
2488,4808
2488,254
1205,29
1205,856
1205,2455
1205,2920
1205,4601
1205,4128
1205,942
1205,586
1205,1205
1205,4092
1205,3770
1205,1051
1205,5359
1205,4118
1205,5101
1205,1087
1205,4906
1205,2547
1205,2330
1205,1039
4993,2150
4993,3539
4993,691
4993,4993
4993,3417
4993,3860
4993,4075
3800,1950
3800,5251
3800,3952
3800,2972
3800,1097
3800,1048
3800,5172
3800,4795
3800,3021
3800,3800
3800,4849
3800,327
3800,2103
3800,1248
3800,2163
1927,2368
1927,3019
1927,1816
1927,1204
1927,5391
1927,709
1927,3510
1927,3018
1927,5259
1927,4714
1927,1013
1927,5219
1927,1927
1927,924
1927,3897
1927,319
1927,524
1927,2146
1927,865
1927,2027
3963,3193
3963,3165
3963,886
3963,154
3963,5145
3963,142
3963,4144
3963,211
3963,1618
3963,2899
3963,3775
3963,3258
3963,3963
3963,7
3963,4863
3963,4377
3963,2440
3963,620
977,1503
977,1221
977,1642
977,3491
977,2320
977,4632
977,1900
977,5020
977,2929
977,977
977,4908
977,2227
977,5156
977,2032
977,1794
977,4080
977,4339
3014,1694
3014,4804
3014,2336
3014,2344
3014,3642
3014,2669
3014,5184
3014,372
3014,3150
3014,3014
3014,1997
3014,1638
3014,4526
3014,5301
3249,356
3249,2684
3249,2608
3249,1540
3249,4697
3249,3249
3249,4317
3249,4806
3249,302
3249,1141
3249,2733
3249,1425
1944,1944
1944,4198
1944,5493
1944,3808
1944,2390
1944,5154
1944,797
1944,5042
300,4002
300,792
300,5545
300,2157
300,2818
300,2253
300,647
300,3694
300,4460
300,300
300,3540
300,986
300,1480
300,3891
300,955
300,1066
300,296
300,3656
300,4965
300,454
300,1859
300,2300
4823,5014
4823,5422
4823,3687
4823,3092
4823,2304
4823,1037
4823,915
4823,2180
4823,3487
4823,1796
4823,4915
4823,4823
4823,3806
4823,2921
4823,3074
4823,2879
4823,3367
4823,440
4823,5455
4823,905
4823,2295
4823,1387
4823,2995
4823,4125
1333,263
1333,1464
1333,1956
1333,3748
1333,3247
1333,2872
1333,2376
1333,882
1333,2176
1333,1333
1333,2610
1333,3575
1333,5109
1333,1490
1333,701
1333,290
1333,1216
1333,2261
1333,5400
1333,5345
1333,1532
1378,3286
1378,1986
1378,5061
1378,4925
1378,431
1378,4973
1378,833
1378,4493
1378,2895
1378,2092
1378,3170
1378,1378
1378,969
1378,2463
1378,3330
1378,2481
1378,1027
1378,1543
1378,1742
1378,1918
4334,3484
4334,2974
4334,3138
4334,4513
4334,4900
4334,4349
4334,4334
4334,1686
4334,2285
4334,4353
4334,5414
4334,153
4334,3297
4334,1829
4334,937
5629,456
5629,2586
5629,2799
5629,1988
5629,2664
5629,3410
5629,5557
5629,2747
5629,1739
5629,2843
5629,1417
5629,4097
5629,2683
5629,3244
5629,2270
5629,1477
5629,4889
5629,4302
5629,348
5629,2662
5629,5629
5629,4373
5629,3401
5629,295
5629,697
5629,1413
5629,3637
5629,1036
5629,932
5629,5043
5629,5056
5629,2199
5629,618
5629,4130
5629,621
5629,4627
5629,1906
54,3599
54,2494
54,3815
54,2908
54,1088
54,3324
54,731
54,1501
54,1654
54,4039
54,2691
54,941
54,1108
54,5080
54,54
54,3580
54,3871
54,5202
54,1426
54,2599
54,744
54,1149
54,2737
54,5547
54,2116
54,2136
3181,2682
3181,4468
3181,702
3181,4703
3181,4250
3181,5528
3181,3104
3181,3181
3181,3560
3181,2311
3181,1529
3181,2598
3181,3564
3181,219
2871,3810
2871,4847
2871,5368
2871,2768
2871,1099
2871,2871
2871,282
2871,303
2871,5574
2871,3636
613,1136
613,2618
613,2147
613,5095
613,4027
613,579
613,4852
613,2620
613,2638
613,2744
613,3975
613,613
613,718
613,2782
613,1420
613,447
613,1233
613,369
613,2626
613,1958
613,724
613,3012
5423,172
5423,1607
5423,1093
5423,4485
5423,1808
5423,4379
5423,5423
5423,3739
5423,2357
5423,353
5423,4353
5423,5594
5423,1634
5423,5414
5423,450
5423,3823
4649,3433
4649,3591
4649,2080
4649,1899
4649,3142
4649,4900
4649,2230
4649,720
4649,3332
4649,4378
4649,4139
4649,4649
4649,5609
4649,471
4649,4029
4649,1863
4649,2838
4649,4891
4649,3682
4649,5596
4649,2009
4649,4749
4649,2840
4649,1439
1591,4569
1591,990
1591,4578
1591,4306
1591,4733
1591,301
1591,1591
1591,1967
1591,902
1591,1390
1591,1067
1021,626
1021,796
1021,2979
1021,1304
1021,373
1021,4441
1021,2363
1021,1272
1021,3754
1021,484
1021,475
1021,5614
1021,4063
1021,1021
1021,1440
1021,4877
1021,292
1021,4591
1021,2719
1021,1655
1021,1681
1021,2195
1021,194
1021,2223
1021,3907
1021,4785
1021,4124
1021,4666
1021,3839
1935,2754
1935,1247
1935,2667
1935,712
1935,1186
1935,692
1935,1393
1935,700
1935,3876
1935,416
1935,1935
1935,2355
1935,3386
1935,48
1935,5000
1935,2224
1935,5004
1935,1078
1935,1312
1935,1980
1935,4082
4916,209
4916,403
4916,529
4916,1937
4916,383
4916,2644
4916,5030
4916,2787
4916,4916
4916,5135
4916,2761
4916,3065
4916,425
4916,1082
4916,3528
4916,3645
4916,2962
4916,407
206,2408
206,1995
206,4161
206,1652
206,1273
206,3576
206,206
206,2791
206,3629
206,2484
206,861
206,2393
1716,3110
1716,4408
1716,453
1716,3185
1716,409
1716,949
1716,1050
1716,1716
1716,2538
1716,834
1716,5337
1716,2205
1716,916
1716,272
1716,236
1716,2341
3583,921
3583,1500
3583,4860
3583,1992
3583,1096
3583,5449
3583,4308
3583,5088
3583,4918
3583,1112
3583,1761
3583,5583
3583,5009
3583,1429
3583,5392
3583,4514
3583,3583
3583,2898
3583,4819
3583,3621
3583,5402
3583,198
3583,5025
3583,689
3583,4411
3583,4403
3583,5519
3583,2867
3583,3188
3583,3349
3583,2875
3583,4588
3583,2367
3583,1114
4910,3500
4910,456
4910,385
4910,247
4910,5565
4910,1923
4910,3100
4910,2586
4910,2446
4910,470
4910,4492
4910,2391
4910,5557
4910,1739
4910,2843
4910,2990
4910,5551
4910,3250
4910,2270
4910,3737
4910,5308
4910,3708
4910,2470
4910,4302
4910,2165
4910,348
4910,2662
4910,4910
4910,1176
4910,295
4910,1413
4910,3637
4910,5515
4910,932
4910,5043
4910,4133
4910,5056
4910,1014
4910,725
4910,618
4910,5315
4910,4627
4910,2309
4910,1576
4910,74
4910,2072
3466,1522
3466,4473
3466,49
3466,1227
3466,1691
3466,3467
3466,3466
3466,3854
3466,5634
3466,3162
3466,5438
3466,4135
3466,3404
3466,4461
3466,3179
5216,1971
5216,452
5216,1679
5216,3294
5216,4476
5216,1452
5216,1826
5216,2804
5216,4536
5216,1255
5216,771
5216,5216
5216,3790
5216,3441
5216,2822
5216,56
5216,4137
5216,4290
5216,3778
5216,79
5216,5475
5216,4531
5216,1539
5216,3148
3779,1043
3779,380
3779,3211
3779,612
3779,3212
3779,3439
3779,2201
3779,2259
3779,608
3779,3276
3779,3119
3779,2861
3779,3779
3779,2356
3779,4510
3779,928
3779,5310
3779,3577
3779,468
3779,3485
3779,1377
3779,3366
3779,4812
3779,1385
3669,1677
3669,3782
3669,4423
3669,4021
3669,3022
3669,4435
3669,2516
3669,1486
3669,4366
3669,5435
3669,3669
3669,5510
3669,2287
3669,1494
3669,845
3669,2312
3669,5117
3669,1154
3669,2865
3669,1435
3669,5603
3669,4791
5609,4576
5609,3138
5609,3591
5609,2080
5609,3142
5609,4900
5609,4799
5609,720
5609,2595
5609,1357
5609,3338
5609,4378
5609,4649
5609,5609
5609,1863
5609,2838
5609,4891
5609,1850
5609,5596
5609,2009
5609,5164
5609,4749
5609,2202
5609,257
5609,2840
5609,1829
2050,1987
2050,434
2050,3844
2050,1402
2050,1359
2050,4134
2050,2050
2050,3535
2050,5050
2050,2656
2050,1475
2050,1858
2050,2059
1143,1715
1143,141
1143,1513
1143,4529
1143,1143
1143,1778
1143,2734
1143,4179
1143,4277
1143,5333
1143,4961
1143,1657
1143,1856
2560,1520
2560,2988
2560,3211
2560,3504
2560,570
2560,4564
2560,2818
2560,3212
2560,4096
2560,548
2560,4600
2560,2259
2560,3131
2560,3119
2560,3076
2560,1510
2560,1843
2560,509
2560,2560
2560,2356
2560,3577
2560,1729
2560,4464
2560,1431
2560,5297
2560,786
2560,11
2560,1385
2560,1660
2560,2332
2560,5068
2560,3741
2260,5221
2260,265
2260,4205
2260,2019
2260,887
2260,363
2260,4090
2260,2246
2260,1275
2260,3296
2260,2212
2260,2260
2260,3761
2260,2647
2260,2166
2260,2158
2260,3024
2260,2128
2260,4952
2260,3205
2260,5511
2260,1250
2260,3392
2260,3978
2260,4418
2260,4170
5506,2110
5506,5512
5506,1530
5506,595
5506,866
5506,5506
5506,4792
5506,2562
5506,3607
5506,2224
5506,3988
5506,954
5506,4598
5506,930
340,3048
340,1208
340,789
340,340
340,1215
340,469
340,1006
340,4307
340,3105
237,2772
237,2741
237,3989
237,3802
237,5517
237,3722
237,237
237,674
237,1759
237,21
237,4583
237,4345
237,5162
237,798
237,3799
5510,5406
5510,1677
5510,3732
5510,5147
5510,3022
5510,1848
5510,2721
5510,4435
5510,4809
5510,1486
5510,4366
5510,4713
5510,368
5510,2707
5510,3669
5510,5510
5510,2287
5510,1494
5510,2033
5510,2312
5510,5117
5510,4543
5510,1435
5510,4791
5510,545
3547,5490
3547,4944
3547,4610
3547,2264
3547,3547
3547,3199
3547,763
3547,3227
3547,2745
3547,2777
3547,4192
3547,2078
3547,855
3547,3122
3547,2910
4656,1581
4656,51
4656,1837
4656,4656
4656,4197
4656,3235
4656,3045
4656,324
4656,4129
4656,3425
4656,4942
4656,3423
4656,3209
4224,2368
4224,5272
4224,4220
4224,3234
4224,3548
4224,3633
4224,4441
4224,2145
4224,2225
4224,4224
4224,1970
4224,218
4224,759
4224,1440
4224,831
4224,924
4224,2727
4224,2284
4224,4591
4224,4784
4224,2073
4224,5377
4224,4657
4224,4785
4224,4409
1884,3828
1884,1595
1884,328
1884,2674
1884,4775
1884,3768
1884,4824
1884,4998
1884,1577
1884,1884
1884,1196
1884,2944
1884,2473
1884,5494
1884,3111
1884,2029
1884,3606
1884,2048
1884,1107
1884,2437
1884,682
1884,4462
1884,3885
1884,4012
1884,1514
3614,907
3614,2426
3614,4800
3614,4313
3614,2498
3614,3614
3614,3999
3614,2129
3614,3659
3614,3544
3614,3726
3614,5484
3614,306
3614,3916
3614,3762
3614,1103
3614,603
3614,5534
1291,2099
1291,1379
1291,3335
1291,5564
1291,4372
1291,5079
1291,1291
1291,1167
1291,1855
1291,3427
1291,5261
1291,991
1291,474
1291,5106
1291,575
1291,365
1291,3979
2596,3127
2596,5542
2596,2613
2596,3755
2596,4872
2596,1617
2596,2596
2596,148
2596,4904
2596,4401
2596,5516
2596,4171
2596,2546
1531,2845
1531,4593
1531,228
1531,882
1531,3030
1531,2176
1531,1050
1531,958
1531,1531
1531,2703
1531,3647
1531,834
1531,3064
1531,3699
1531,3571
1531,5461
4599,4948
4599,3084
4599,532
4599,5332
4599,3586
4599,577
4599,410
4599,2031
4599,4554
4599,4599
4599,235
4599,457
4599,1277
4599,5299
4599,2698
322,511
322,1839
322,421
322,322
322,246
322,3220
322,715
322,4351
322,4195
322,2570
322,2043
322,4832
322,4362
3568,31
3568,3501
3568,3568
3568,4512
3568,4077
3568,1062
3458,5251
3458,1432
3458,3141
3458,3458
3458,2712
3458,38
3458,3629
3458,3537
3458,101
3458,4057
3458,605
3458,327
3458,2883
3458,564
4746,5535
4746,987
4746,4177
4746,3215
4746,213
4746,4991
4746,3033
4746,4707
4746,4550
4746,1257
4746,1666
4746,4746
4746,1658
4746,2708
4746,3985
4746,576
4746,3145
4746,3283
4746,3884
4746,799
4746,1757
4746,1994
4746,310
4746,569
4746,1338
4746,4484
4746,4732
4746,3714
4746,3006
4746,1549
4746,5326
1318,5290
1318,4569
1318,4433
1318,5523
1318,2671
1318,2806
1318,2940
1318,4098
1318,5230
1318,4306
1318,3827
1318,727
1318,478
1318,2451
1318,1318
1318,4217
1318,1134
1318,3159
1318,5304
1318,3904
1318,3080
1318,2460
1318,4066
347,256
347,4857
347,836
347,1511
347,4682
347,4433
347,3923
347,2806
347,2093
347,1517
347,1346
347,1575
347,3827
347,1834
347,4226
347,5633
347,5243
347,5087
347,3318
347,2568
347,5263
347,2844
347,347
347,2361
347,2502
347,3159
347,5304
347,158
347,4187
347,2240
347,2066
347,1943
347,1329
347,181
347,3340
347,2732
347,2801
347,3450
347,451
347,4794
347,5141
347,1732
4685,1190
4685,900
4685,1503
4685,4856
4685,4632
4685,4685
4685,3400
4685,629
4685,2328
4685,5546
3806,2961
3806,1035
3806,5422
3806,3687
3806,1833
3806,3092
3806,2304
3806,1037
3806,915
3806,2180
3806,3487
3806,785
3806,4915
3806,4823
3806,3806
3806,2921
3806,717
3806,3074
3806,956
3806,2879
3806,3367
3806,440
3806,5455
3806,905
3806,4515
3806,2995
1090,1236
1090,3833
1090,663
1090,5180
1090,3824
1090,1396
1090,2061
1090,1090
1090,963
1090,4516
1090,1866
1090,4041
1090,1507
1090,1252
1090,313
1090,606
1090,2588
1376,132
1376,3638
1376,1231
1376,2757
1376,5211
1376,2435
1376,4176
1376,4404
1376,675
1376,1376
1376,4182
1376,3961
1376,3107
1376,4750
1376,2443
1376,3061
1376,4617
1376,4981
1376,5589
636,3313
636,3513
636,2677
636,3901
636,1405
636,3756
636,1179
636,2686
636,636
636,4681
636,2833
636,5626
636,3482
636,5566
636,4350
636,1890
636,3391
636,5165
636,4381
636,4008
1778,1715
1778,1467
1778,551
1778,5549
1778,4555
1778,1813
1778,1143
1778,1778
1778,4911
1778,3981
1778,43
1778,925
1778,5333
1778,4961
1778,266
471,3433
471,3484
471,4412
471,3591
471,2244
471,3142
471,2230
471,720
471,1669
471,1287
471,4139
471,4649
471,471
471,1920
471,1863
471,2838
471,4891
471,3682
471,5596
471,2009
471,5584
471,360
471,2840
471,1439
1904,2933
1904,1516
1904,3622
1904,215
1904,3553
1904,5008
1904,3512
1904,4073
1904,3691
1904,5018
1904,1904
1904,5072
1904,609
1904,739
1904,2359
1904,4059
1904,3088
1904,2383
1904,3986
1904,4390
1904,5411
1904,2724
1904,500
1904,2947
1904,19
1904,2084
1904,168
1904,5354
1904,5585
411,1145
411,4232
411,3348
411,716
411,5320
411,671
411,5600
411,587
411,5231
411,4913
411,4398
411,2082
411,411
411,5255
411,805
411,4978
411,2630
411,850
411,3649
411,3542
411,155
411,2057
411,3627
411,2888
411,3413
411,4336
411,4214
411,2151
411,3797
411,4650
411,5166
2126,3987
2126,3690
2126,1722
2126,1625
2126,773
2126,2980
2126,5372
2126,1934
2126,3993
2126,1749
2126,279
2126,2126
2126,5128
2126,628
2126,4434
2126,1286
2126,1234
2126,4206
2126,1483
2126,3009
2126,1079
2126,261
2126,5144
2126,1421
2126,3910
5274,3926
5274,3429
5274,4759
5274,997
5274,2236
5274,550
5274,5057
5274,3415
5274,320
5274,3248
5274,5274
5274,4615
5274,3693
5274,1029
5274,2946
5274,4394
5274,12
5274,4258
5274,4926
5274,2003
5274,1163
5274,338
5274,1914
5274,650
5274,1824
5274,488
5274,541
1771,1224
1771,5540
1771,1255
1771,1771
1771,3601
1771,1064
1771,4456
1771,2932
1771,480
1771,3778
1771,4422
1771,1409
1771,581
1771,3850
1771,3166
2948,5098
2948,3573
2948,1625
2948,4814
2948,2279
2948,2948
2948,2661
2948,2294
2948,3093
2948,959
2948,686
2948,857
2948,3013
2948,4580
2948,1894
2948,318
2948,2535
2948,3604
1622,374
1622,1297
1622,3257
1622,4494
1622,4035
1622,5281
1622,3164
1622,427
1622,2229
1622,753
1622,5450
1622,2603
1622,1622
1622,4978
1622,5127
1622,1194
1622,2301
1622,5355
1622,2472
1622,4472
1622,5595
1622,3475
1622,4214
1622,2780
953,3792
953,3144
953,4491
953,5531
953,953
953,2622
953,2558
953,3703
953,2520
5463,2988
5463,3015
5463,593
5463,4046
5463,1688
5463,5495
5463,548
5463,3131
5463,2410
5463,3076
5463,1510
5463,1525
5463,5463
5463,1232
5463,2699
5463,3784
5463,4464
5463,694
5463,4127
5463,5297
5463,2540
5463,3373
5463,3741
562,843
562,437
562,1052
562,4188
562,4413
562,2740
562,3000
562,562
562,3489
562,4017
2361,1511
2361,4959
2361,2024
2361,1961
2361,757
2361,1517
2361,1346
2361,1575
2361,1819
2361,5270
2361,3318
2361,2593
2361,5617
2361,5263
2361,347
2361,2361
2361,2922
2361,158
2361,4903
2361,4782
2361,1943
2361,1891
2361,1329
2361,181
2361,3340
2361,4988
2361,3298
2361,2801
2361,451
2361,4794
2361,5141
2361,3578
2361,1732
3199,5490
3199,4944
3199,4610
3199,2264
3199,3547
3199,3199
3199,763
3199,3227
3199,2777
3199,4192
3199,2078
3199,855
3199,3122
3199,2910
4248,5277
4248,1342
4248,2676
4248,2738
4248,2416
4248,4207
4248,3812
4248,5283
4248,2993
4248,1846
4248,1266
4248,3613
4248,2
4248,1678
4248,4074
4248,5091
4248,2966
4248,5155
4248,4248
4248,711
4248,57
4248,3393
4248,4546
4248,3727
4248,3847
4248,2817
4248,1773
4248,1746
4248,1787
4248,204
4248,3058
4248,2280
4248,2956
4248,3685
4248,4309
4248,1737
4248,1586
4248,1924
4248,1885
4985,1280
4985,3270
4985,2534
4985,3376
4985,165
4985,4853
4985,4018
4985,1202
4985,2954
4985,1523
4985,4136
4985,4985
4985,644
4985,4062
4985,3753
4985,4093
4985,1317
4985,5327
4985,395
4985,3887
4985,4439
4038,4363
4038,1130
4038,317
4038,1562
4038,4483
4038,5242
4038,4038
4038,5371
4038,750
4038,4770
4038,1239
4038,4938
4038,3939
1978,1500
1978,2554
1978,4860
1978,2773
1978,5397
1978,1992
1978,3931
1978,2655
1978,1096
1978,2325
1978,3660
1978,5449
1978,4308
1978,5088
1978,4918
1978,623
1978,1453
1978,5392
1978,1978
1978,4354
1978,4024
1978,3621
1978,3192
1978,198
1978,5025
1978,689
1978,2185
1978,2282
1978,2690
1978,5519
1978,2351
1978,3204
1978,2867
1978,496
1978,3838
1978,3349
1978,117
1978,4245
1978,4047
1978,1172
1978,4126
1978,2514
1978,156
1658,987
1658,3215
1658,213
1658,4991
1658,3033
1658,2971
1658,85
1658,4746
1658,1658
1658,3985
1658,576
1658,3283
1658,4388
1658,569
1658,1338
1658,1003
1658,4484
1658,110
1658,4732
1658,3714
1658,3006
1658,3959
1658,5
1658,4761
1658,1589
1768,1170
1768,4340
1768,1828
1768,5289
1768,4055
1768,5112
1768,1768
1768,5072
1768,4725
1768,2358
1768,739
1768,1053
1768,4273
1768,344
1768,3088
1768,1877
1768,1616
1768,170
1768,2811
1768,19
1768,5585
354,1450
354,4691
354,1138
354,5193
354,3914
354,354
354,4990
354,740
354,1671
354,1049
354,3275
354,1306
354,3419
354,5134
354,1785
354,71
354,2631
354,3973
354,5174
1193,3432
1193,3698
1193,897
1193,1767
1193,3055
1193,4999
1193,2235
1193,5548
1193,1193
1193,2643
1193,914
1193,2137
1193,3928
1193,947
1193,3558
1193,5089
1193,1874
1193,2077
1193,983
1193,1697
1173,5314
1173,5267
1173,4934
1173,1173
1173,1866
1173,3808
1173,5532
1173,5348
1173,5042
32,5115
32,4267
32,1213
32,2462
32,32
32,326
32,5023
32,44
32,4360
32,683
32,5383
32,304
32,2379
32,3743
965,5208
965,1974
965,4601
965,1047
965,2194
965,3721
965,965
965,4301
965,2868
965,1919
965,1051
965,5133
965,4210
965,710
965,1087
965,2601
965,1723
4894,5413
4894,5037
4894,2266
4894,526
4894,596
4894,4356
4894,1326
4894,4774
4894,4894
4894,2812
4894,4912
4894,60
4894,3611
4894,240
4894,2411
4894,429
4894,4556
4894,3701
4894,2327
4894,2902
4894,3360
1628,4161
1628,5150
1628,2594
1628,4575
1628,2433
1628,2499
1628,2527
1628,1628
1628,3937
1628,1049
1628,1306
1628,3419
1628,2315
1628,2680
3259,35
3259,1535
3259,3314
3259,3531
3259,4321
3259,314
3259,3259
3259,2248
3259,2415
3259,2203
3259,4635
3259,2663
3259,1699
3259,611
5066,3130
5066,1468
5066,1902
5066,2362
5066,2510
5066,1880
5066,3260
5066,5066
5066,1102
5066,536
5066,4344
5066,1976
5066,2584
5066,1392
5066,3650
5066,3918
4796,2961
4796,1035
4796,3843
4796,4188
4796,2753
4796,3057
4796,859
4796,4415
4796,4296
4796,4796
4796,717
4796,3902
4796,3697
4796,4515
4796,1818
4796,2187
4796,268
4796,4017
4796,2317
4651,1612
4651,2350
4651,3518
4651,4803
4651,5186
4651,5575
4651,617
4651,4064
4651,1361
4651,918
4651,4590
4651,2913
4651,3336
4651,4918
4651,1353
4651,5583
4651,1453
4651,4613
4651,3067
4651,1442
4651,4651
4651,5118
4651,2210
4651,4819
4651,4946
4651,638
4651,2486
4651,4411
4651,588
4651,492
4651,4421
4651,3447
4651,666
4651,1939
4651,3855
4651,4588
4651,4245
4651,1258
4651,4986
4651,1745
2708,5535
2708,5618
2708,4177
2708,2609
2708,3171
2708,1692
2708,308
2708,1603
2708,121
2708,213
2708,4991
2708,3033
2708,4707
2708,2525
2708,1702
2708,1262
2708,4550
2708,3497
2708,1257
2708,1666
2708,4746
2708,2708
2708,2959
2708,2763
2708,3145
2708,3283
2708,3884
2708,799
2708,1757
2708,1994
2708,310
2708,569
2708,1338
2708,4484
2708,4383
2708,3272
2708,1804
2708,3006
2708,1714
2708,1403
2708,1549
2708,2858
2708,2700
2708,1089
2708,5326
4740,3429
4740,997
4740,2531
4740,5249
4740,3804
4740,5057
4740,320
4740,5588
4740,3248
4740,2533
4740,4740
4740,1029
4740,4394
4740,12
4740,3671
4740,1975
4740,1163
4740,76
4740,650
4740,488
4740,4972
4740,541
4740,2983
4740,699
2922,1511
2922,4959
2922,3474
2922,1961
2922,3923
2922,4756
2922,1517
2922,1346
2922,3331
2922,1819
2922,1981
2922,5473
2922,3318
2922,2593
2922,113
2922,4361
2922,2568
2922,5263
2922,2361
2922,2922
2922,5441
2922,2502
2922,3159
2922,4903
2922,4782
2922,3154
2922,1943
2922,1026
2922,1329
2922,181
2922,3340
2922,543
2922,2732
2922,2801
2922,451
2922,4794
2922,5141
2922,2457
2922,2460
2922,3578
2922,3712
2916,907
2916,112
2916,518
2916,3147
2916,4834
2916,5350
2916,2916
2916,3301
2916,1316
2916,2065
2916,2857
2916,4241
2916,4584
2916,5257
2916,2397
2916,3289
2916,2642
2916,1103
2916,705
393,2726
393,1928
393,859
393,393
393,1129
393,5471
393,3902
393,2577
393,2187
393,268
393,5182
393,2317
2356,1043
2356,1520
2356,380
2356,3211
2356,612
2356,3504
2356,570
2356,4564
2356,3212
2356,4096
2356,2201
2356,4600
2356,2259
2356,3276
2356,3119
2356,2861
2356,1510
2356,1843
2356,3779
2356,2560
2356,2356
2356,928
2356,5310
2356,3577
2356,468
2356,3485
2356,1377
2356,1431
2356,786
2356,3366
2356,11
2356,4812
2356,1385
2356,2332
2356,5068
2193,1190
2193,3236
2193,5599
2193,2193
2193,2214
2193,3400
2193,2984
2193,629
2193,1
2193,1335
2193,5546
2791,2408
2791,5251
2791,1995
2791,5172
2791,3576
2791,206
2791,2791
2791,3292
2791,5019
2791,2484
2791,101
2791,2163
2791,2883
1214,2479
1214,5518
1214,2354
1214,3991
1214,510
1214,3863
1214,1214
1214,695
1214,4507
1214,2329
1214,2382
1214,3108
1214,1774
1214,4201
1214,1968
1214,3252
1970,3234
1970,3548
1970,3633
1970,4441
1970,2145
1970,2225
1970,4224
1970,1970
1970,218
1970,3011
1970,2727
1970,2284
1970,4591
1970,3269
1970,4784
1970,2073
1970,5377
1970,4964
1970,1782
4217,5290
4217,4569
4217,4433
4217,5523
4217,2671
4217,2940
4217,4098
4217,5230
4217,727
4217,478
4217,1318
4217,4217
4217,1134
4217,2045
4217,3159
4217,5304
4217,3904
4217,3602
4217,3080
4217,2460
4217,4066
711,5277
711,1342
711,668
711,2846
711,2676
711,2738
711,2416
711,2458
711,1237
711,4672
711,3812
711,3905
711,2993
711,1846
711,1678
711,4074
711,2966
711,4248
711,711
711,3393
711,2406
711,3727
711,3098
711,1773
711,1746
711,1787
711,204
711,4447
711,3182
711,1737
711,4067
711,1586
711,1924
711,1000
2287,5406
2287,1677
2287,4021
2287,3732
2287,3022
2287,2721
2287,4435
2287,1486
2287,4366
2287,980
2287,4713
2287,368
2287,2707
2287,5435
2287,3669
2287,5510
2287,2287
2287,1494
2287,2033
2287,2312
2287,5117
2287,1435
2287,4791
2287,4888
2287,545
2556,3913
2556,3287
2556,238
2556,2155
2556,3018
2556,5562
2556,1998
2556,1897
2556,2556
2556,1547
2556,1720
2556,5002
2556,3705
2556,5498
2556,15
2556,3665
2556,2380
2556,3894
2556,3600
2556,4400
2556,5470
2556,4295
2556,865
2556,1993
1547,1816
1547,4285
1547,2960
1547,3287
1547,2076
1547,1301
1547,238
1547,2155
1547,2004
1547,4864
1547,4684
1547,3510
1547,1115
1547,3018
1547,5259
1547,1664
1547,5631
1547,4767
1547,3438
1547,2400
1547,1998
1547,1897
1547,2087
1547,4638
1547,1013
1547,2556
1547,1547
1547,1720
1547,3385
1547,3184
1547,5105
1547,458
1547,5002
1547,273
1547,5498
1547,5570
1547,15
1547,2693
1547,321
1547,3418
1547,319
1547,125
1547,3665
1547,1289
1547,5312
1547,524
1547,2380
1547,5571
1547,3050
1547,3600
1547,2146
1547,4400
1547,5318
1547,5470
1547,4567
1547,1791
1547,2792
1547,865
1547,1993
2469,2035
2469,990
2469,4231
2469,4306
2469,4110
2469,1674
2469,4733
2469,301
2469,2469
2469,413
2469,4616
2469,5102
2469,86
2469,5065
448,2618
448,2884
448,3688
448,3609
448,135
448,4173
448,4852
448,448
448,718
448,3915
448,3618
448,1430
448,128
448,2526
4197,3285
4197,2938
4197,51
4197,1837
4197,4656
4197,4197
4197,1339
4197,3416
4197,3631
4197,3045
4197,2054
4197,3938
4197,324
4197,3425
4197,4942
4197,5541
4197,3423
1070,2025
1070,2208
1070,3597
1070,2378
1070,1865
1070,1441
1070,4711
1070,5375
1070,1946
1070,3231
1070,2488
1070,1070
1070,4647
1070,1526
1070,1687
1070,5226
1070,1363
1070,2881
1070,1065
1070,254
2837,3901
2837,1405
2837,3756
2837,508
2837,2686
2837,1783
2837,2124
2837,2837
2837,4681
2837,2833
2837,3492
2837,1325
2837,5560
2837,5566
2837,2859
2837,4442
2837,646
2837,1954
2837,1226
2837,1875
2837,2704
4813,3499
4813,5343
4813,4813
4813,4606
4813,2222
4813,3323
4813,4970
4813,1945
4813,4474
3326,2931
3326,2884
3326,135
3326,4734
3326,1574
3326,4449
3326,3326
3326,722
3326,1578
3326,3915
3326,2420
3326,3032
3326,4335
3326,815
3326,1425
3326,2541
3766,1465
3766,2677
3766,1710
3766,4997
3766,14
3766,3766
3766,3483
3766,1600
3766,1209
3766,4861
3766,126
3560,2682
3560,4468
3560,4250
3560,1474
3560,3181
3560,3560
3560,746
3560,1529
3560,2598
3790,1971
3790,1921
3790,1395
3790,452
3790,3294
3790,4476
3790,1826
3790,4536
3790,771
3790,5216
3790,3790
3790,3441
3790,2822
3790,56
3790,4290
3790,4167
3790,4531
3790,3148
413,3352
413,397
413,2035
413,4231
413,3895
413,4110
413,4733
413,2506
413,2469
413,413
413,3601
413,4603
413,2723
413,4887
413,5102
413,902
413,3502
413,378
413,723
413,1366
413,323
413,3166
413,5065
2661,5098
2661,3573
2661,929
2661,4814
2661,2279
2661,1815
2661,2109
2661,2948
2661,2661
2661,2294
2661,2580
2661,3093
2661,1305
2661,686
2661,857
2661,4580
2661,1894
2661,318
2661,2535
2661,1364
2661,3604
2661,3101
3293,4455
3293,4425
3293,350
3293,5289
3293,3944
3293,3363
3293,5554
3293,4055
3293,5499
3293,3293
3293,3476
3293,3840
3293,4141
3293,387
3293,762
3293,4818
3293,2156
4301,2752
4301,2251
4301,3477
4301,3721
4301,965
4301,4301
4301,1473
4301,1919
4301,4184
4301,5250
4301,710
4301,2387
4301,3431
4301,2331
5072,2933
5072,215
5072,5008
5072,3512
5072,5112
5072,3691
5072,5018
5072,1904
5072,1768
5072,5072
5072,2358
5072,609
5072,739
5072,4059
5072,344
5072,3088
5072,2383
5072,5411
5072,170
5072,2947
5072,2811
5072,19
5072,168
5072,5354
5072,5585
4029,3433
4029,806
4029,4517
4029,249
4029,1899
4029,5198
4029,1704
4029,5385
4029,2085
4029,3332
4029,4270
4029,1448
4029,4649
4029,4029
4029,2838
4029,4325
4029,1847
4029,4718
4029,5597
4029,1623
4029,847
4029,333
4029,4749
4029,2840
4029,3399
4029,1439
1116,188
1116,4144
1116,5253
1116,1618
1116,1116
1116,1485
1116,2440
1116,94
1116,3731
1116,506
3934,2885
3934,3410
3934,3452
3934,1860
3934,1417
3934,3219
3934,3244
3934,660
3934,67
3934,3934
3934,4873
3934,697
3934,770
3934,1019
3934,2513
3934,1036
3934,2094
3934,3402
3934,3387
3934,336
3934,418
3934,212
3934,4130
3934,5362
3934,1270
3934,621
3934,1906
3934,1415
3934,5307
2297,2164
2297,3500
2297,5618
2297,247
2297,2978
2297,5565
2297,877
2297,2497
2297,522
2297,2609
2297,4180
2297,891
2297,3171
2297,2446
2297,5334
2297,1692
2297,1603
2297,748
2297,121
2297,2525
2297,5308
2297,3052
2297,1702
2297,1260
2297,3497
2297,4577
2297,4876
2297,1257
2297,4346
2297,1666
2297,2297
2297,2959
2297,2763
2297,5492
2297,894
2297,1873
2297,4776
2297,2373
2297,4383
2297,3272
2297,1804
2297,1032
2297,1403
2297,3291
2297,2858
2297,2700
2297,2309
2297,1089
2297,74
2297,3395
3761,107
3761,4021
3761,3022
3761,3870
3761,2721
3761,1139
3761,4641
3761,4809
3761,4205
3761,1275
3761,980
3761,368
3761,3296
3761,2707
3761,2260
3761,3761
3761,2647
3761,2166
3761,1455
3761,2158
3761,3024
3761,2033
3761,4952
3761,2886
3761,184
3761,1435
3761,5511
3761,1250
3761,2849
3761,4888
3292,1995
3292,5172
3292,408
3292,3576
3292,3021
3292,2791
3292,3292
3292,5019
3292,2484
3292,2103
3292,2163
3483,1465
3483,1710
3483,4997
3483,14
3483,3766
3483,3483
3483,994
3483,1600
3483,1209
3483,3026
3483,2882
3483,4861
3483,2334
3483,126
406,4498
406,5253
406,406
406,1485
406,4392
406,94
406,487
406,4905
4615,3429
4615,4759
4615,997
4615,2236
4615,5057
4615,3415
4615,320
4615,3248
4615,3704
4615,4013
4615,5274
4615,4615
4615,3693
4615,1399
4615,4394
4615,12
4615,4258
4615,4926
4615,1163
4615,4451
4615,4859
4615,1914
4615,1824
4615,488
4615,541
4615,160
342,3389
342,3480
342,4771
342,4300
342,4692
342,1551
342,2960
342,1754
342,4319
342,208
342,498
342,3265
342,4864
342,4684
342,1519
342,1115
342,5124
342,1664
342,4767
342,3438
342,2400
342,2087
342,1282
342,4850
342,2668
342,5526
342,3161
342,1383
342,169
342,342
342,5118
342,3385
342,3184
342,4946
342,1823
342,2767
342,1002
342,1949
342,273
342,4533
342,321
342,125
342,5312
342,3855
342,5571
342,3050
342,4715
342,3783
342,1228
342,4279
342,3281
342,3136
342,4567
342,5305
342,3816
342,3632
342,2756
342,2989
3985,987
3985,4177
3985,3124
3985,3215
3985,213
3985,4991
3985,85
3985,4746
3985,1658
3985,3985
3985,576
3985,746
3985,3884
3985,799
3985,1757
3985,4388
3985,1338
3985,4484
3985,4732
3985,3714
3985,3006
3985,3959
3985,1549
3985,1726
3985,1589
4681,3901
4681,1405
4681,508
4681,636
4681,2837
4681,4681
4681,3482
4681,5560
4681,5566
4681,2859
4681,1955
4681,3391
4681,4008
3626,4963
3626,3957
3626,4289
3626,1075
3626,2096
3626,5198
3626,1704
3626,2085
3626,1719
3626,3681
3626,2346
3626,3550
3626,5167
3626,3243
3626,3420
3626,3626
3626,4085
3626,876
3626,1195
3626,3079
3626,1705
3626,847
3626,333
3626,4984
3626,4417
3626,1071
3601,5540
3601,4578
3601,4110
3601,4733
3601,1771
3601,413
3601,3601
3601,2723
3601,1064
3601,4456
3601,2932
3601,1967
3601,5102
3601,480
3601,902
3601,4422
3601,378
3601,723
3601,1409
3601,1366
3601,581
3601,3166
2739,2049
2739,5542
2739,2821
2739,5369
2739,144
2739,5069
2739,4265
2739,1734
2739,2739
2739,5010
2739,3932
2739,4522
2739,5073
2739,1315
2739,1991
2739,1854
2739,5340
2739,4010
2739,5559
2739,2635
4317,1449
4317,356
4317,2238
4317,104
4317,2684
4317,4697
4317,3249
4317,4317
4317,912
4317,1141
4317,2733
4317,1748
5118,1612
5118,3480
5118,4771
5118,2350
5118,3518
5118,4285
5118,2439
5118,5575
5118,1754
5118,1361
5118,3137
5118,498
5118,3265
5118,3336
5118,2004
5118,4864
5118,2087
5118,2668
5118,3161
5118,1383
5118,4651
5118,342
5118,5118
5118,2210
5118,3385
5118,3184
5118,4946
5118,638
5118,1949
5118,2693
5118,321
5118,3418
5118,4421
5118,125
5118,1289
5118,3855
5118,4715
5118,3783
5118,4279
5118,3136
5118,4567
5118,5305
5118,1258
5118,3816
5118,1745
5118,2989
5255,1145
5255,3348
5255,716
5255,5320
5255,671
5255,5600
5255,5231
5255,4913
5255,4398
5255,2082
5255,411
5255,5255
5255,805
5255,4978
5255,2630
5255,3649
5255,3542
5255,2057
5255,3627
5255,2888
5255,3413
5255,4336
5255,2151
5255,3797
5255,4650
1215,1630
1215,2466
1215,340
1215,1215
1215,469
1215,3563
1215,1006
1215,4307
1215,3105
1215,4848
2868,436
2868,5208
2868,4412
2868,2244
2868,1974
2868,2455
2868,1669
2868,2194
2868,586
2868,1287
2868,965
2868,2868
2868,1920
2868,1051
2868,5133
2868,5101
2868,103
2868,1087
2868,2601
2868,1723
2868,360
4521,2275
4521,3735
4521,1157
4521,2354
4521,2567
4521,3863
4521,4521
4521,3919
4521,851
4521,3673
4521,398
4521,1968
4521,3581
1686,2974
1686,172
1686,4513
1686,563
1686,4349
1686,4334
1686,1686
1686,2285
1686,2357
1686,353
1686,4353
1686,5414
1686,1942
1686,153
1686,120
1686,3297
1686,1829
1686,937
4287,904
4287,2805
4287,4922
4287,2971
4287,85
4287,4287
4287,1498
4287,4249
4287,4388
4287,4828
4287,3678
4287,3003
4287,3959
4287,5
4287,4761
4287,1589
3114,161
3114,2052
3114,2604
3114,2106
3114,82
3114,3114
3114,2203
3114,4635
3114,4314
3114,2802
3114,2751
1261,5394
1261,317
1261,1562
1261,4483
1261,2819
1261,2091
1261,5248
1261,5242
1261,5349
1261,1261
1261,445
1261,3939
1176,2164
1176,385
1176,5621
1176,2978
1176,5565
1176,1923
1176,4234
1176,2446
1176,470
1176,4525
1176,5557
1176,5551
1176,3737
1176,4939
1176,632
1176,5308
1176,3052
1176,2977
1176,243
1176,1386
1176,2869
1176,3708
1176,2349
1176,4910
1176,1176
1176,1941
1176,1413
1176,5492
1176,1873
1176,4776
1176,2373
1176,2941
1176,1032
1176,1741
1176,5315
1176,3448
1176,2309
1176,74
1176,2072
4211,3202
4211,1436
4211,5059
4211,4508
4211,403
4211,5077
4211,1524
4211,1775
4211,1937
4211,383
4211,4466
4211,4211
4211,648
4211,4885
4211,1789
4211,3065
4211,4890
4211,3361
4211,3267
4211,829
4211,3178
4211,4807
4376,92
4376,1535
4376,2052
4376,3245
4376,82
4376,4376
4376,2203
4376,2736
4376,4635
4376,2802
4376,1699
4376,611
2836,4000
2836,4406
2836,5426
2836,5013
2836,4331
2836,2174
2836,1302
2836,3672
2836,2836
2836,2765
2836,364
2836,352
2836,3920
2836,5346
2836,5011
2836,713
2836,568
2836,4801
2836,2786
2836,3933
982,5553
982,3955
982,3833
982,5314
982,3546
982,3526
982,1267
982,982
982,2628
982,4516
982,2475
982,1507
982,313
982,4971
982,606
2610,263
2610,228
2610,1956
2610,3748
2610,3247
2610,882
2610,3030
2610,2176
2610,1333
2610,2610
2610,3575
2610,701
2610,290
2610,5337
2610,3571
2610,2261
2610,5400
2610,5345
2610,1532
3575,263
3575,1464
3575,228
3575,1956
3575,3748
3575,3247
3575,2872
3575,2376
3575,882
3575,2176
3575,1333
3575,2610
3575,3575
3575,5109
3575,1490
3575,701
3575,290
3575,738
3575,1216
3575,2261
3575,5400
3575,5345
3575,1532
3575,4172
3575,3133
4348,2581
4348,904
4348,4922
4348,4589
4348,702
4348,4703
4348,5524
4348,3150
4348,4348
4348,1498
4348,4673
4348,2311
4348,4828
4348,3678
4348,4006
4348,219
4354,1500
4354,2554
4354,4860
4354,2773
4354,5397
4354,1992
4354,3931
4354,2655
4354,2325
4354,3660
4354,5449
4354,5088
4354,623
4354,5392
4354,1978
4354,4354
4354,4024
4354,3192
4354,198
4354,5025
4354,2185
4354,2282
4354,2690
4354,5519
4354,2351
4354,3204
4354,2867
4354,2276
4354,3838
4354,3349
4354,117
4354,4047
4354,1172
4354,4126
4354,2514
4354,156
246,511
246,637
246,1117
246,2519
246,3948
246,1839
246,4384
246,322
246,246
246,3220
246,715
246,4351
246,2570
246,2043
246,4450
246,4832
246,438
246,4362
1893,1241
1893,3698
1893,1583
1893,3917
1893,542
1893,1016
1893,5497
1893,3305
1893,1893
1893,4967
1893,2643
1893,2874
1893,947
1893,3558
1893,3455
1893,4855
1893,1285
1893,1874
1893,983
1893,1697
1893,1033
57,5592
57,5277
57,129
57,2828
57,1197
57,4015
57,242
57,1004
57,5283
57,4706
57,2722
57,187
57,3613
57,776
57,4074
57,5091
57,2966
57,4698
57,5155
57,4248
57,57
57,4060
57,3727
57,3847
57,2286
57,3223
57,2817
57,1168
57,2395
57,204
57,2170
57,3058
57,2956
57,4309
57,3229
57,3347
57,1924
57,1885
2573,1449
2573,1048
2573,2608
2573,3186
2573,239
2573,3658
2573,3141
2573,2573
2573,846
2573,605
2573,1141
2573,2733
2573,5100
1498,2581
1498,904
1498,2805
1498,4922
1498,3506
1498,5051
1498,2971
1498,4287
1498,4348
1498,1498
1498,4249
1498,4828
1498,4004
1498,3678
1498,5
3892,3286
3892,2530
3892,4925
3892,431
3892,4973
3892,833
3892,2895
3892,3892
3892,2281
3892,5344
3892,1543
3892,1918
4085,3016
4085,4289
4085,3681
4085,3550
4085,5167
4085,3243
4085,1207
4085,3626
4085,4085
4085,1195
4085,898
4085,1705
4085,5640
4085,4984
4085,1736
4085,4417
4085,2893
2384,658
2384,3610
2384,289
2384,4427
2384,5360
2384,5067
2384,2384
2384,2856
2384,2623
2384,3126
2384,1621
148,3127
148,5542
148,2613
148,3755
148,4872
148,1617
148,2596
148,148
148,4904
148,5516
148,4171
148,2546
5010,2049
5010,2821
5010,144
5010,5069
5010,4265
5010,1734
5010,2739
5010,5010
5010,5073
5010,1957
5010,1991
5010,772
5010,1854
5010,4010
5010,2635
1473,2251
1473,4254
1473,3807
1473,743
1473,4301
1473,1473
1473,4184
1473,5250
1473,5434
1473,1615
1473,710
1473,2387
1473,5146
3220,511
3220,637
3220,2519
3220,1839
3220,421
3220,322
3220,246
3220,3220
3220,715
3220,4351
3220,2570
3220,2043
3220,4668
3220,4832
3220,4362
2210,1612
2210,2350
2210,3518
2210,4285
2210,2439
2210,1361
2210,3137
2210,498
2210,918
2210,3336
2210,238
2210,2004
2210,4864
2210,1656
2210,2087
2210,3161
2210,4651
2210,5118
2210,2210
2210,3385
2210,3184
2210,4946
2210,638
2210,3056
2210,588
2210,2693
2210,321
2210,3418
2210,4421
2210,666
2210,1939
2210,1289
2210,3855
2210,3600
2210,4715
2210,5470
2210,3136
2210,1258
2210,3816
2210,1745
2210,1993
2210,2989
5114,4622
5114,453
5114,409
5114,5114
5114,4311
5114,1460
5114,2143
5114,272
5114,3521
5114,1060
5114,152
5114,4371
5114,2089
5114,4636
805,4232
805,3348
805,1224
805,2016
805,716
805,5320
805,671
805,5600
805,587
805,5231
805,4913
805,4398
805,2082
805,411
805,5255
805,805
805,2630
805,850
805,3542
805,155
805,2057
805,3627
805,2888
805,3413
805,4336
805,5475
805,2151
805,3797
1997,1694
1997,852
1997,2336
1997,2344
1997,3014
1997,1997
1997,1638
1997,3365
1997,4701
1997,4526
1997,2491
722,2931
722,2684
722,4734
722,1574
722,4449
722,3326
722,722
722,2420
722,3032
722,4335
722,815
722,1158
722,2374
722,1425
722,2541
5136,1862
5136,1649
5136,2218
5136,3282
5136,565
5136,2209
5136,5136
5136,467
5136,1401
5136,4616
5136,2576
5136,2219
5136,5210
5136,5262
5136,1755
5136,1707
5136,4826
1102,2362
1102,3260
1102,5066
1102,1102
1102,630
1102,4344
1102,4947
1102,3650
1102,2010
1102,1105
644,2534
644,165
644,4853
644,1202
644,2954
644,598
644,4917
644,2196
644,4985
644,644
644,4062
644,4294
644,3753
644,4820
644,4175
644,395
644,4439
4647,2025
4647,2208
4647,486
4647,5437
4647,4083
4647,1865
4647,1441
4647,1808
4647,1404
4647,1668
4647,3231
4647,2488
4647,1070
4647,4647
4647,3739
4647,1872
4647,4539
4647,4808
4647,254
2647,1677
2647,4021
2647,5221
2647,3022
2647,1848
2647,3870
2647,265
2647,2721
2647,1139
2647,4809
2647,1486
2647,4205
2647,2019
2647,887
2647,1275
2647,980
2647,368
2647,3296
2647,2707
2647,2260
2647,3761
2647,2647
2647,2166
2647,2158
2647,3024
2647,2033
2647,4543
2647,4952
2647,1435
2647,1250
2647,2849
2647,4888
2647,545
1384,796
1384,3015
1384,2979
1384,373
1384,1688
1384,3538
1384,2055
1384,2363
1384,3754
1384,2410
1384,475
1384,1384
1384,1232
1384,4877
1384,1565
1384,3784
1384,2195
1384,194
1384,694
1384,2540
1384,3373
1384,4571
5031,4837
5031,4252
5031,285
5031,1637
5031,4040
5031,1018
5031,931
5031,3925
5031,5031
5031,93
5031,2243
5031,684
5031,5181
3848,2776
3848,3527
3848,1017
3848,3848
3848,3533
3848,1135
3848,2237
3848,5204
3848,280
3848,4419
3848,225
3848,4395
3848,3836
2419,3746
2419,1775
2419,3745
2419,1265
2419,4680
2419,1227
2419,3467
2419,2419
2419,5171
2419,5634
2419,3162
2419,3268
2419,4284
2419,4135
2419,1347
2419,2689
2419,3706
2419,4807
4024,5397
4024,2655
4024,2325
4024,4019
4024,1978
4024,4354
4024,4024
4024,2282
4024,2690
4024,2351
4024,2276
4024,3321
4024,117
4024,4047
1959,143
1959,2583
1959,692
1959,584
1959,1972
1959,1393
1959,1028
1959,1959
1959,2152
1959,5000
1959,1078
1959,1675
1959,277
1959,1980
1959,4082
1959,906
1578,2931
1578,4881
1578,3609
1578,135
1578,3001
1578,34
1578,4449
1578,3326
1578,1578
1578,3829
1578,4671
1578,2541
718,1136
718,2618
718,2147
718,3688
718,4027
718,4852
718,2620
718,3975
718,613
718,448
718,718
718,1233
718,369
718,1430
718,128
718,1958
718,2526
2712,1432
2712,2433
2712,3141
2712,3458
2712,2712
2712,38
2712,3629
2712,3537
2712,4057
2712,2680
2712,2883
2712,564
5486,4505
5486,1530
5486,3940
5486,595
5486,866
5486,5486
5486,3354
5486,2562
5486,2388
5486,3334
5486,3607
5486,3988
5486,1358
5486,3514
5486,4598
5486,930
1298,2726
1298,332
1298,2008
1298,3005
1298,4076
1298,2431
1298,3322
1298,4415
1298,4296
1298,1124
1298,1298
1298,2855
1298,1217
1298,3902
1298,2269
1298,334
1298,830
1298,5387
1298,5182
1298,224
1298,4020
3073,1467
3073,1793
3073,2139
3073,2524
3073,4454
3073,2702
3073,142
3073,3273
3073,3299
3073,5549
3073,3152
3073,3073
3073,2007
3073,2734
3073,4911
3073,4237
3073,91
3073,1856
3073,1619
2186,5611
2186,5115
2186,5356
2186,1132
2186,2198
2186,3949
2186,4267
2186,1213
2186,2399
2186,18
2186,2462
2186,4013
2186,2186
2186,326
2186,2942
2186,1399
2186,5023
2186,845
2186,2371
2186,2088
2186,4156
2186,683
2186,5603
2186,4256
2186,3743
2186,1515
99,442
99,251
99,637
99,1117
99,2398
99,3948
99,2555
99,99
99,2870
99,2587
99,920
99,2909
99,4487
99,3240
99,2912
99,4789
99,1593
99,3555
99,4444
99,1605
4510,5266
4510,5472
4510,5188
4510,3200
4510,3276
4510,3779
4510,4510
4510,468
4510,1952
4510,1377
4101,5364
4101,1535
4101,1084
4101,4321
4101,3498
4101,1365
4101,314
4101,4765
4101,1220
4101,4101
4101,4742
4101,4936
4101,4443
4101,1584
4101,1063
4101,756
4101,4208
4101,178
4101,2663
4101,2407
4101,281
4978,1145
4978,1297
4978,5600
4978,5281
4978,427
4978,753
4978,4913
4978,411
4978,1622
4978,5255
4978,4978
4978,3649
4978,5127
4978,2301
4978,5355
4978,3627
4978,2888
4978,3413
4978,3475
4978,4214
4978,2151
4978,5166
4092,3484
4092,2974
4092,2244
4092,1974
4092,2455
4092,4128
4092,942
4092,586
4092,1287
4092,1205
4092,4092
4092,2285
4092,1051
4092,5359
4092,5101
4092,103
4092,1942
4092,153
4092,120
4092,1087
4092,1039
2898,921
2898,5440
2898,1567
2898,1112
2898,1761
2898,1717
2898,1429
2898,4514
2898,3583
2898,2898
2898,689
2898,2191
2898,3188
2898,2875
2898,1114
1183,1936
1183,4459
1183,359
1183,1326
1183,4568
1183,927
1183,1183
1183,288
1183,3744
1183,3773
1183,2549
1183,2117
4819,921
4819,1500
4819,3518
4819,5575
4819,617
4819,1096
4819,4064
4819,4590
4819,4308
4819,5088
4819,4918
4819,5583
4819,5009
4819,5392
4819,4613
4819,1442
4819,3583
4819,4651
4819,4819
4819,3621
4819,5402
4819,4411
4819,2191
4819,4421
4819,2875
4819,3855
4819,4588
4819,2367
4819,1258
4819,1745
4819,1114
2812,5037
2812,2266
2812,596
2812,4356
2812,359
2812,1326
2812,4894
2812,2812
2812,4912
2812,60
2812,3611
2812,2411
2812,2665
2812,2641
2812,429
2812,4556
2812,3701
2812,2327
2812,3360
4262,4790
4262,4687
4262,3346
4262,5229
4262,5388
4262,4966
4262,2633
4262,5398
4262,337
4262,4609
4262,4262
4262,3121
4262,5194
4262,2113
4262,4532
4262,749
4262,2365
4262,996
4262,2178
4262,765
4262,1999
4262,5054
4262,4480
4262,3406
2281,1294
2281,3454
2281,1212
2281,1986
2281,2239
2281,2530
2281,4925
2281,431
2281,1142
2281,4203
2281,4973
2281,5224
2281,833
2281,2895
2281,2092
2281,3892
2281,2281
2281,1918
59,4762
59,2423
59,2303
59,59
59,1288
59,2992
59,4653
59,2369
59,3449
59,3374
5006,1522
5006,4473
5006,3216
5006,49
5006,1691
5006,5006
5006,248
5006,4646
5006,5438
5006,2998
5006,4461
5006,4822
4730,3238
4730,3657
4730,2071
4730,4674
4730,2229
4730,5082
4730,27
4730,5450
4730,4730
4730,1643
4730,3095
4730,5404
4730,419
4730,1194
4730,922
4730,3853
4730,1330
4730,5205
4730,5236
4730,4848
4725,9
4725,1170
4725,3023
4725,1828
4725,3371
4725,5035
4725,4272
4725,4055
4725,30
4725,1838
4725,5018
4725,1768
4725,4725
4725,739
4725,1053
4725,3132
4725,4273
4725,344
4725,1140
4725,1095
4725,3986
4725,1877
4725,1740
4725,5411
4725,1616
4725,170
4725,2811
4725,4642
4725,870
715,511
715,637
715,2519
715,216
715,1839
715,421
715,322
715,246
715,3220
715,715
715,4351
715,778
715,2043
715,4668
715,4832
715,4362
1597,3599
1597,361
1597,3196
1597,641
1597,2337
1597,1501
1597,3670
1597,733
1597,1597
1597,3456
1597,1407
1597,2116
3354,4505
3354,2268
3354,1530
3354,3940
3354,3738
3354,595
3354,866
3354,5486
3354,3354
3354,2562
3354,2388
3354,3607
3354,3988
3354,1358
3354,4181
3354,3514
3354,4598
3354,930
4351,511
4351,1839
4351,421
4351,322
4351,246
4351,3220
4351,715
4351,4351
4351,2570
4351,2043
4351,4450
4351,4832
4351,4362
4351,2975
4990,1450
4990,4896
4990,4691
4990,1138
4990,3914
4990,354
4990,4990
4990,740
4990,1049
4990,3275
4990,3388
4990,5134
4990,1785
4990,71
4990,4988
4990,2631
4990,5174
1476,3599
1476,5014
1476,2964
1476,731
1476,1501
1476,1796
1476,941
1476,5080
1476,1476
1476,504
1476,3871
1476,2283
1476,5202
1476,2295
1476,1387
1476,744
1476,3589
1476,5197
1476,4125
1476,1407
1476,4976
1476,2116
291,2648
291,4548
291,837
291,1878
291,2611
291,775
291,3412
291,260
291,291
291,2086
291,1565
291,1110
291,1319
291,1879
291,4571
1832,681
1832,1832
1832,1150
1832,150
576,987
576,4177
576,3215
576,213
576,4991
576,3033
576,85
576,4746
576,1658
576,3985
576,576
576,3283
576,3884
576,4388
576,569
576,1338
576,1003
576,4484
576,110
576,4732
576,3714
576,3006
576,3959
576,1549
576,4761
576,1589
2765,4000
2765,5415
2765,2670
2765,5426
2765,1091
2765,1081
2765,5373
2765,4331
2765,3960
2765,1302
2765,4689
2765,3672
2765,2836
2765,2765
2765,3359
2765,364
2765,840
2765,4312
2765,3920
2765,5011
2765,5152
2765,2144
657,1611
657,1813
657,657
657,4935
657,2528
657,4562
657,507
657,4016
657,3222
657,2394
391,5015
391,4189
391,391
391,3596
391,2501
391,2289
391,1382
391,2797
1288,61
1288,59
1288,1288
1288,2970
1288,1427
1288,5467
1288,3449
3729,65
3729,1236
3729,5448
3729,3824
3729,1396
3729,4042
3729,4483
3729,2819
3729,5604
3729,3729
3729,5336
3729,2650
3729,750
3729,1764
3729,1507
3729,136
3729,4971
3729,1926
3729,606
3729,5321
2358,1170
2358,4340
2358,5289
2358,4055
2358,5112
2358,1768
2358,5072
2358,2358
2358,739
2358,1053
2358,344
2358,3088
2358,1877
2358,170
2358,2811
2358,19
2358,5585
2169,25
2169,92
2169,2052
2169,3096
2169,131
2169,2313
2169,4493
2169,5341
2169,2169
2169,2736
2169,269
2169,3330
2169,995
2169,5447
2169,5417
2169,1742
4341,33
4341,5225
4341,869
4341,3924
4341,5238
4341,1447
4341,1487
4341,3183
4341,3407
4341,4341
4341,1733
4341,840
4341,4312
4341,1626
4341,512
4341,4286
4341,3311
4341,4292
1720,3480
1720,4285
1720,2960
1720,2439
1720,1754
1720,3137
1720,2076
1720,498
1720,1301
1720,238
1720,2155
1720,2004
1720,4864
1720,4684
1720,3510
1720,1115
1720,5259
1720,1664
1720,5631
1720,4767
1720,3438
1720,2400
1720,1998
1720,2087
1720,4638
1720,1013
1720,2556
1720,1547
1720,1720
1720,3385
1720,3184
1720,5105
1720,458
1720,5002
1720,273
1720,5498
1720,5570
1720,15
1720,2693
1720,321
1720,3418
1720,319
1720,125
1720,3665
1720,1289
1720,5312
1720,2380
1720,5571
1720,3050
1720,3600
1720,2146
1720,4715
1720,4400
1720,5318
1720,5470
1720,3136
1720,4567
1720,1791
1720,2792
1720,865
1720,1993
2703,2845
2703,4593
2703,228
2703,882
2703,3030
2703,2176
2703,1050
2703,958
2703,1531
2703,2703
2703,3647
2703,4048
2703,3064
2703,3699
2703,3571
2703,5461
2703,5400
3664,4281
3664,4901
3664,2590
3664,5183
3664,3664
3664,1533
3664,4989
3664,4140
3664,5434
3664,4502
3664,884
3664,4623
3664,2949
93,4252
93,3690
93,2318
93,2781
93,1202
93,598
93,1018
93,5372
93,5483
93,1934
93,4917
93,931
93,3925
93,5031
93,93
93,2243
93,4294
93,684
93,4820
93,5181
93,3009
763,574
763,4944
763,4610
763,1552
763,2264
763,3547
763,3199
763,763
763,3227
763,2777
763,1461
763,855
763,3077
763,5052
763,3063
763,3038
3385,3389
3385,3480
3385,4285
3385,2960
3385,2439
3385,1754
3385,3137
3385,2076
3385,498
3385,1301
3385,3265
3385,3336
3385,238
3385,2155
3385,2004
3385,4864
3385,4684
3385,1115
3385,1664
3385,5631
3385,4767
3385,3438
3385,2400
3385,1998
3385,2087
3385,4638
3385,2668
3385,3161
3385,1383
3385,1547
3385,342
3385,5118
3385,2210
3385,1720
3385,3385
3385,3184
3385,4946
3385,458
3385,1949
3385,5498
3385,5570
3385,15
3385,2693
3385,321
3385,3418
3385,125
3385,3665
3385,1289
3385,5312
3385,3855
3385,2380
3385,5571
3385,3050
3385,3600
3385,4715
3385,3783
3385,5318
3385,5470
3385,4279
3385,3136
3385,4567
3385,5305
3385,1791
3385,3816
3385,1993
3385,2989
609,2933
609,3622
609,215
609,5008
609,426
609,3512
609,5112
609,4073
609,3691
609,1904
609,5072
609,609
609,4059
609,3088
609,2383
609,2724
609,500
609,2947
609,19
609,168
609,5354
609,5585
760,4622
760,4597
760,4151
760,634
760,2907
760,3508
760,1010
760,760
760,4311
760,3044
760,5594
760,152
760,1887
760,2089
760,3862
760,4636
760,3823
1485,4498
1485,5253
1485,1116
1485,406
1485,1485
1485,4392
1485,94
1485,506
1485,487
1485,4905
2833,3901
2833,1405
2833,3756
2833,508
2833,2686
2833,1783
2833,2124
2833,636
2833,2837
2833,2833
2833,3492
2833,1325
2833,5560
2833,5566
2833,2859
2833,4442
2833,646
2833,5165
2833,4008
3051,3522
3051,4131
3051,5398
3051,4465
3051,3051
3051,122
3051,4103
3051,2891
3051,4374
3051,5367
3051,5028
3051,3426
3829,2931
3829,4881
3829,3609
3829,2299
3829,276
3829,3001
3829,34
3829,1578
3829,3829
3829,4954
3829,4671
3829,2541
5371,5454
5371,5394
5371,1130
5371,1562
5371,2091
5371,1444
5371,5242
5371,4038
5371,5371
5371,445
5371,1321
5371,1239
5371,4938
5371,3939
3184,3389
3184,3480
3184,4285
3184,2960
3184,2439
3184,1754
3184,3137
3184,2076
3184,498
3184,1301
3184,3336
3184,238
3184,2155
3184,2004
3184,4864
3184,4684
3184,1115
3184,1664
3184,5631
3184,1656
3184,4767
3184,3438
3184,2400
3184,1998
3184,2087
3184,4638
3184,2668
3184,3161
3184,1547
3184,342
3184,5118
3184,2210
3184,1720
3184,3385
3184,3184
3184,4946
3184,458
3184,1949
3184,5498
3184,5570
3184,15
3184,2693
3184,321
3184,3418
3184,125
3184,3665
3184,1289
3184,5312
3184,2380
3184,3050
3184,3600
3184,4715
3184,5318
3184,5470
3184,4279
3184,3136
3184,4567
3184,5305
3184,1791
3184,2792
3184,3816
3184,1993
3184,2989
3492,508
3492,1783
3492,337
3492,2124
3492,2837
3492,2833
3492,3492
3492,1325
3492,5194
3492,5560
3492,4532
3492,2859
3492,4442
3492,646
3492,1954
3492,1226
3492,1875
3492,2704
3091,5395
3091,2768
3091,3421
3091,3091
3091,4757
3091,303
3091,973
371,3016
371,5280
371,2314
371,5246
371,371
371,1861
371,898
371,64
371,5581
371,2893
467,1862
467,2673
467,1649
467,619
467,3282
467,1128
467,565
467,2209
467,5136
467,467
467,1401
467,4616
467,2576
467,2219
467,5210
467,5262
467,86
467,1755
467,4481
467,4975
467,3135
5105,3389
5105,3019
5105,1816
5105,4285
5105,4692
5105,1551
5105,2960
5105,5391
5105,28
5105,1754
5105,2076
5105,1301
5105,238
5105,4864
5105,4684
5105,3510
5105,1115
5105,5259
5105,1664
5105,5631
5105,4767
5105,3438
5105,2400
5105,1998
5105,2087
5105,4638
5105,1013
5105,5219
5105,1547
5105,1720
5105,5105
5105,1650
5105,458
5105,2767
5105,5002
5105,273
5105,5498
5105,5489
5105,5570
5105,15
5105,2693
5105,319
5105,125
5105,3665
5105,5312
5105,524
5105,2380
5105,5571
5105,3050
5105,3600
5105,2146
5105,5318
5105,3281
5105,4567
5105,1791
5105,2792
5105,3632
5105,865
4792,988
4792,2110
4792,1530
4792,3940
4792,595
4792,866
4792,5506
4792,4792
4792,2562
4792,48
4792,2388
4792,493
4792,3607
4792,4542
4792,2224
4792,3988
4792,4598
4792,930
1733,2670
1733,1091
1733,2097
1733,33
1733,869
1733,3924
1733,5238
1733,1487
1733,3960
1733,3620
1733,3183
1733,4689
1733,4341
1733,1733
1733,2424
1733,840
1733,4312
1733,1626
1733,707
1733,5152
1733,2026
1733,2144
504,3599
504,5014
504,2964
504,731
504,1501
504,1796
504,941
504,5080
504,1476
504,504
504,2283
504,5202
504,2295
504,1387
504,744
504,3589
504,5197
504,4125
504,1407
504,4976
504,2116
1908,5477
1908,897
1908,1767
1908,4878
1908,2685
1908,4001
1908,1932
1908,2492
1908,1908
1908,4218
1908,914
1908,2783
1908,1756
4967,3432
4967,1241
4967,3698
4967,897
4967,1583
4967,4438
4967,2741
4967,542
4967,3989
4967,3305
4967,1893
4967,4967
4967,674
4967,1264
4967,947
4967,3558
4967,1874
4967,983
4967,1697
4673,2581
4673,4589
4673,702
4673,4703
4673,5524
4673,5528
4673,4348
4673,4673
4673,2311
4673,4828
4673,3678
4673,4006
4673,219
1129,1928
1129,859
1129,2122
1129,393
1129,1129
1129,5471
1129,3563
1129,2577
1129,2317
2959,2164
2959,5535
2959,3500
2959,5618
2959,247
2959,2978
2959,5565
2959,877
2959,2497
2959,522
2959,2609
2959,891
2959,3171
2959,1692
2959,308
2959,1603
2959,121
2959,4707
2959,2525
2959,5308
2959,3052
2959,1702
2959,1260
2959,2470
2959,1262
2959,4550
2959,3497
2959,4577
2959,4876
2959,1257
2959,4346
2959,1666
2959,2708
2959,2297
2959,2959
2959,2763
2959,3145
2959,5227
2959,1873
2959,4776
2959,2373
2959,4383
2959,3272
2959,1804
2959,1403
2959,3291
2959,2858
2959,2700
2959,2309
2959,1089
2959,3395
4873,456
4873,2885
4873,2664
4873,3410
4873,3452
4873,5557
4873,2747
4873,1860
4873,2750
4873,1417
4873,4097
4873,3219
4873,3244
4873,2270
4873,4939
4873,1477
4873,4302
4873,3934
4873,4873
4873,3401
4873,697
4873,770
4873,1413
4873,1019
4873,220
4873,2513
4873,3637
4873,1036
4873,2094
4873,3402
4873,3387
4873,2199
4873,336
4873,418
4873,618
4873,212
4873,4130
4873,5362
4873,3448
4873,621
4873,1906
4873,1415
4873,2058
4873,5307
4373,456
4373,3084
4373,2586
4373,2799
4373,1988
4373,2664
4373,577
4373,2747
4373,1739
4373,2843
4373,1417
4373,2990
4373,2683
4373,3244
4373,2270
4373,4889
4373,1479
4373,4302
4373,2662
4373,5629
4373,4373
4373,295
4373,697
4373,3637
4373,1036
4373,538
4373,932
4373,5043
4373,5056
4373,2199
4373,4130
4373,621
4373,4627
4373,89
3919,4949
3919,1224
3919,2016
3919,2275
3919,1157
3919,2567
3919,4521
3919,3919
3919,3673
3919,398
3919,3581
5109,5169
5109,263
5109,1464
5109,1956
5109,2872
5109,1577
5109,2376
5109,882
5109,2176
5109,1333
5109,3575
5109,5109
5109,1490
5109,1196
5109,2917
5109,701
5109,290
5109,4048
5109,5494
5109,752
5109,738
5109,1216
5109,2261
5109,5400
5109,5345
5109,1532
5109,4172
5109,3133
3932,5415
3932,5369
3932,144
3932,2762
3932,1081
3932,4592
3932,1734
3932,3960
3932,4689
3932,2739
3932,3932
3932,3359
3932,4522
3932,5073
3932,5427
3932,1315
3932,1991
3932,1222
3932,5152
3932,1854
3932,5340
3932,5559
3932,217
1911,2216
1911,1025
1911,3147
1911,4500
1911,1334
1911,5040
1911,3841
1911,5360
1911,3551
1911,1911
1911,2856
1911,2306
1911,1024
1911,377
1911,2834
1911,2450
1911,5139
1911,5185
1911,3126
1911,3053
36,5014
36,2961
36,5422
36,3196
36,4159
36,3687
36,3092
36,2337
36,2304
36,915
36,2180
36,3487
36,4915
36,36
36,2921
36,717
36,956
36,2879
36,5455
36,905
36,2295
36,1387
36,2995
36,4125
3393,5277
3393,668
3393,2676
3393,2738
3393,2416
3393,3812
3393,5283
3393,3905
3393,2993
3393,1846
3393,3613
3393,1678
3393,4074
3393,2966
3393,4248
3393,711
3393,3393
3393,1337
3393,3954
3393,3727
3393,3098
3393,2817
3393,1773
3393,1746
3393,1787
3393,204
3393,4447
3393,3182
3393,4309
3393,1737
3393,3229
3393,1586
3393,1924
5252,907
5252,2426
5252,4313
5252,1693
5252,4834
5252,1198
5252,5252
5252,3301
5252,572
5252,3544
5252,1316
5252,2065
5252,4241
5252,3726
5252,2397
5252,3762
5252,3203
5252,346
5252,1068
5252,4225
5252,1103
5252,705
5252,5534
3441,1971
3441,1921
3441,1395
3441,452
3441,397
3441,3294
3441,4476
3441,1826
3441,2804
3441,4536
3441,771
3441,5216
3441,3790
3441,3441
3441,2822
3441,56
3441,4290
3441,3778
3441,4167
3441,4531
3441,1539
3441,3148
5384,141
5384,2125
5384,31
5384,255
5384,4529
5384,1419
5384,935
5384,3501
5384,5384
5384,2627
5384,3102
5384,4528
3359,4000
3359,5415
3359,2670
3359,1081
3359,5373
3359,4331
3359,3960
3359,1302
3359,4689
3359,3672
3359,2765
3359,3932
3359,3359
3359,364
3359,1315
3359,3920
3359,5011
3359,5152
3359,2144
2248,35
2248,3314
2248,3531
2248,200
2248,4321
2248,314
2248,2955
2248,1795
2248,4841
2248,3259
2248,2248
2248,2415
2248,2203
2248,4635
2248,3158
2248,2663
2248,1055
2248,611
1643,3238
1643,1208
1643,3657
1643,2071
1643,4674
1643,4035
1643,2229
1643,5082
1643,27
1643,5450
1643,4730
1643,1643
1643,3095
1643,5404
1643,419
1643,1428
1643,1194
1643,922
1643,3118
1643,3853
1643,1330
1643,4472
1643,5595
1643,5205
1643,5236
1643,5286
1643,4848
2782,1136
2782,2784
2782,5095
2782,4429
2782,579
2782,2053
2782,5189
2782,1365
2782,2638
2782,1795
2782,2744
2782,613
2782,2782
2782,1420
2782,1233
2782,369
2782,1328
2782,1948
2782,1907
2782,2626
2782,1958
2782,3453
2782,1055
2782,724
2782,2429
4311,4622
4311,4597
4311,4151
4311,634
4311,2907
4311,1010
4311,5114
4311,760
4311,4311
4311,3044
4311,1460
4311,1060
4311,152
4311,4371
4311,1887
4311,2089
4311,4636
4311,3823
3230,3736
3230,216
3230,4639
3230,2313
3230,2140
3230,3230
3230,162
3230,4487
3230,2918
3230,4789
3230,6
3230,1454
3230,3555
3230,3556
3230,52
1292,5592
1292,129
1292,4015
1292,755
1292,242
1292,481
1292,4706
1292,2722
1292,187
1292,2159
1292,776
1292,4698
1292,1292
1292,3536
1292,4695
1292,5163
1292,3347
4842,4158
4842,1025
4842,814
4842,1743
4842,1059
4842,2545
4842,3841
4842,4030
4842,23
4842,4436
4842,4842
4842,2234
4842,1496
4842,5139
4842,4868
4842,1571
4842,5185
739,2933
739,9
739,1170
739,4340
739,5035
739,3512
739,5112
739,1838
739,5018
739,1904
739,1768
739,5072
739,4725
739,2358
739,739
739,1053
739,4273
739,4059
739,344
739,3088
739,3986
739,1877
739,1740
739,5411
739,170
739,2811
739,19
739,5354
739,5585
4198,4460
4198,1944
4198,4198
4198,5493
4198,3891
4198,296
4198,2390
3621,921
3621,1500
3621,4860
3621,5397
3621,1992
3621,3931
3621,617
3621,1096
3621,4064
3621,4590
3621,5449
3621,4308
3621,5088
3621,4918
3621,1761
3621,5583
3621,5009
3621,1453
3621,1429
3621,5392
3621,4613
3621,1442
3621,3583
3621,1978
3621,4819
3621,3621
3621,3192
3621,5402
3621,198
3621,5025
3621,689
3621,4411
3621,2185
3621,2282
3621,492
3621,5519
3621,3204
3621,2867
3621,3349
3621,3447
3621,117
3621,4588
3621,4245
3621,4047
3621,2367
3621,1172
3621,2514
3621,156
3621,1114
2619,2676
2619,2738
2619,2458
2619,1237
2619,5593
2619,2619
2619,4546
2619,2406
2619,4179
2619,2864
2619,477
2619,145
2619,2280
2619,2228
2619,1586
2619,4604
2619,841
2619,589
1134,5290
1134,1511
1134,4433
1134,3923
1134,5523
1134,2671
1134,2806
1134,2940
1134,4098
1134,5230
1134,1517
1134,3827
1134,5473
1134,727
1134,2568
1134,2844
1134,1318
1134,4217
1134,1134
1134,2045
1134,3159
1134,5304
1134,3602
1134,2732
1134,3080
1134,3450
1134,2457
1134,2460
1134,4066
2870,442
2870,251
2870,1117
2870,2398
2870,3948
2870,4384
2870,2555
2870,680
2870,99
2870,2870
2870,2587
2870,920
2870,2909
2870,4450
2870,2912
2870,4444
2870,1605
1232,796
1232,3015
1232,2979
1232,4046
1232,373
1232,1688
1232,2055
1232,2363
1232,3754
1232,2410
1232,5463
1232,1384
1232,1232
1232,1565
1232,3784
1232,194
1232,694
1232,4127
1232,2540
1232,3373
1232,4571
2763,5535
2763,3500
2763,5618
2763,247
2763,877
2763,2609
2763,891
2763,3171
2763,1692
2763,308
2763,1603
2763,121
2763,392
2763,4707
2763,2525
2763,3052
2763,1702
2763,1260
2763,2470
2763,1262
2763,4550
2763,3497
2763,4876
2763,1257
2763,4346
2763,1666
2763,2708
2763,2297
2763,2959
2763,2763
2763,3145
2763,3884
2763,5227
2763,1757
2763,578
2763,1873
2763,4383
2763,3272
2763,1804
2763,1403
2763,1549
2763,2858
2763,2700
2763,1089
2763,3395
939,2854
939,166
939,4999
939,3532
939,1106
939,404
939,3695
939,2320
939,690
939,939
939,4908
939,2328
939,253
939,2227
939,4244
939,793
939,428
939,2278
5626,3313
5626,3513
5626,2677
5626,3901
5626,1405
5626,5606
5626,1179
5626,636
5626,5626
5626,3482
5626,1600
5626,5566
5626,1955
5626,1890
5626,3391
5626,5165
5626,4381
5626,4008
2418,1550
2418,3190
2418,2688
2418,5302
2418,3877
2418,4347
2418,875
2418,4719
2418,1162
2418,2418
2418,1554
2418,1120
2418,5550
2418,1240
4946,1612
4946,3480
4946,4771
4946,2350
4946,3518
4946,4285
4946,2439
4946,1754
4946,3137
4946,498
4946,3265
4946,3336
4946,238
4946,2004
4946,4864
4946,4684
4946,1519
4946,4767
4946,2087
4946,2668
4946,3161
4946,1383
4946,4651
4946,342
4946,5118
4946,2210
4946,3385
4946,3184
4946,4946
4946,638
4946,1949
4946,2693
4946,321
4946,3418
4946,4421
4946,125
4946,1289
4946,3855
4946,4715
4946,3783
4946,4279
4946,3136
4946,4567
4946,5305
4946,1258
4946,3816
4946,1993
4946,2989
3007,3821
3007,4800
3007,5366
3007,5464
3007,2241
3007,2017
3007,3007
3007,3999
3007,3659
3007,1836
3007,5484
3007,306
3007,1160
3007,3916
3007,5630
3007,4393
3007,3730
3007,2659
3007,4995
3007,603
3693,2480
3693,3429
3693,4759
3693,2236
3693,3415
3693,5274
3693,4615
3693,3693
3693,2946
3693,2951
3693,4258
3693,4926
3693,2232
3693,1914
3693,1824
3693,541
3693,3233
5441,4959
5441,3474
5441,5211
5441,4756
5441,3331
5441,2435
5441,1819
5441,1981
5441,5270
5441,2593
5441,4361
5441,2922
5441,5441
5441,4537
5441,4182
5441,4903
5441,4782
5441,3154
5441,3345
5441,2377
5441,1026
5441,1891
5441,4750
5441,543
5441,1355
5441,3298
5441,4617
5441,3578
5441,2903
5441,3712
5441,5589
2294,5098
2294,3573
2294,1625
2294,4814
2294,2279
2294,1815
2294,2948
2294,2661
2294,2294
2294,2580
2294,3093
2294,959
2294,686
2294,857
2294,3013
2294,4580
2294,1894
2294,318
2294,2535
2294,3604
2294,3101
288,1560
288,1936
288,3029
288,4459
288,4568
288,927
288,768
288,1183
288,288
288,22
288,3744
288,3773
288,2549
2045,5523
2045,2671
2045,2940
2045,1649
2045,4098
2045,2218
2045,478
2045,4217
2045,1134
2045,2045
2045,3602
2045,1707
2045,2460
2045,4066
2045,4826
2921,5014
2921,5422
2921,4159
2921,3687
2921,3092
2921,2337
2921,2304
2921,915
2921,2180
2921,3487
2921,1796
2921,4915
2921,4823
2921,3806
2921,36
2921,2921
2921,2879
2921,3367
2921,5455
2921,905
2921,2295
2921,1387
2921,2995
2921,5197
2921,4125
2921,4976
2614,3172
2614,5413
2614,4827
2614,5037
2614,4482
2614,4293
2614,3129
2614,2266
2614,526
2614,4980
2614,596
2614,4356
2614,223
2614,2614
2614,4664
2614,2449
2614,4924
2614,4768
2614,4069
2614,60
2614,5442
2614,2047
2614,1238
2614,2665
2614,1592
2614,868
2614,4556
2614,2305
2614,3701
2614,3360
2614,3785
1420,2784
1420,5095
1420,2508
1420,579
1420,2053
1420,200
1420,5189
1420,1365
1420,2638
1420,1795
1420,2744
1420,613
1420,2782
1420,1420
1420,2415
1420,1233
1420,369
1420,3158
1420,1328
1420,1948
1420,1907
1420,2626
1420,1958
1420,3453
1420,1055
1420,724
1420,2429
3696,3303
3696,2776
3696,3527
3696,1703
3696,3097
3696,5173
3696,3696
3696,3533
3696,769
3696,4869
3696,2237
3696,3173
3696,5204
3696,4419
3696,1351
3696,1905
3696,2233
3696,2215
778,2519
778,216
778,715
778,778
778,162
778,4668
778,1454
746,987
746,3124
746,3215
746,1474
746,3560
746,3985
746,746
746,1726
2355,2754
2355,1247
2355,2667
2355,712
2355,1186
2355,692
2355,1393
2355,700
2355,3876
2355,416
2355,1935
2355,2355
2355,3386
2355,48
2355,5000
2355,2224
2355,5004
2355,1078
2355,1312
2355,1980
2355,4082
1094,2062
1094,4161
1094,5396
1094,2594
1094,2906
1094,1094
1094,3256
1094,376
1094,5134
1094,3786
1094,4428
3227,5490
3227,4944
3227,4610
3227,186
3227,1245
3227,4385
3227,2264
3227,863
3227,3547
3227,3199
3227,763
3227,3227
3227,2777
3227,4324
3227,4192
3227,855
3227,3063
3227,5269
3227,2910
4778,2848
4778,2632
4778,3286
4778,5507
4778,2887
4778,4639
4778,4778
4778,269
4778,3330
4778,4709
4778,5344
4778,5466
4778,6
4778,2254
4778,1454
4778,1543
4778,3556
326,5611
326,5115
326,5356
326,1132
326,2198
326,4267
326,1213
326,2399
326,2462
326,3123
326,32
326,2186
326,326
326,5023
326,845
326,2371
326,4360
326,2088
326,4156
326,683
326,5383
326,5603
326,304
326,3743
326,1515
4603,3352
4603,1395
4603,397
4603,4231
4603,3895
4603,1674
4603,2506
4603,413
4603,4603
4603,4887
4603,5102
4603,86
4603,3890
4603,3929
4603,3927
4603,3502
4603,378
4603,2197
4603,723
4603,323
4603,1242
4603,5065
4537,3638
4537,5211
4537,2079
4537,5244
4537,2435
4537,3628
4537,675
4537,5441
4537,4537
4537,3154
4537,3345
4537,1614
4537,3468
4537,4750
4537,1355
4537,3061
4537,4617
4537,3143
4537,5589
2745,2563
2745,5490
2745,485
2745,4610
2745,5502
2745,2264
2745,476
2745,3547
2745,2745
2745,4192
2745,2078
2745,3122
2745,5269
2745,2910
3854,795
3854,3496
3854,3745
3854,4458
3854,1192
3854,3466
3854,3854
3854,3308
3854,4646
3854,490
3854,3404
3854,1347
3854,1870
3854,3706
3854,3179
2651,436
2651,2621
2651,5208
2651,4282
2651,1047
2651,2651
2651,5133
2651,4210
2651,732
2651,1615
2651,2444
2651,1723
2651,3329
1650,3389
1650,3019
1650,1816
1650,2904
1650,4692
1650,1551
1650,2960
1650,28
1650,1754
1650,5319
1650,2076
1650,1301
1650,4233
1650,4684
1650,3510
1650,1115
1650,5259
1650,5124
1650,1664
1650,4767
1650,3438
1650,2400
1650,1998
1650,4638
1650,1481
1650,169
1650,1013
1650,5105
1650,1650
1650,458
1650,2767
1650,1002
1650,273
1650,5489
1650,5570
1650,191
1650,319
1650,125
1650,5312
1650,1411
1650,5571
1650,3050
1650,2146
1650,5318
1650,4365
1650,1960
1650,3281
1650,4567
1650,1791
1650,2792
1650,3632
1650,2756
638,1612
638,2350
638,3518
638,5186
638,2439
638,5575
638,617
638,4064
638,1361
638,918
638,4590
638,2913
638,3336
638,1353
638,5583
638,4613
638,3067
638,1442
638,4651
638,5118
638,2210
638,4946
638,638
638,2486
638,4411
638,588
638,492
638,4421
638,3447
638,666
638,1939
638,3855
638,4715
638,4588
638,1258
638,4986
638,1745
1920,436
1920,3484
1920,5208
1920,4412
1920,3591
1920,2244
1920,1974
1920,2455
1920,2230
1920,1669
1920,2194
1920,1287
1920,471
1920,2868
1920,1920
1920,4891
1920,1051
1920,3682
1920,103
1920,5584
1920,1723
1920,360
4743,2441
4743,1151
4743,929
4743,2038
4743,655
4743,1915
4743,4534
4743,5206
4743,5554
4743,790
4743,3888
4743,631
4743,1815
4743,2109
4743,226
4743,4743
4743,812
4743,2580
4743,262
4743,5323
4743,1305
4743,1281
4743,4580
4743,3776
4743,547
4743,4818
4743,1364
4743,5436
3145,5535
3145,5618
3145,4177
3145,2609
3145,3171
3145,1692
3145,1603
3145,121
3145,4957
3145,213
3145,4991
3145,3033
3145,4707
3145,2525
3145,1702
3145,1262
3145,4550
3145,3497
3145,4577
3145,1257
3145,1666
3145,4746
3145,2708
3145,2959
3145,2763
3145,3145
3145,3283
3145,3884
3145,799
3145,1757
3145,1994
3145,310
3145,569
3145,1338
3145,4484
3145,4383
3145,3272
3145,1804
3145,3006
3145,1714
3145,1403
3145,1549
3145,2858
3145,2700
3145,1089
3145,5326
2502,5290
2502,256
2502,4857
2502,836
2502,1511
2502,4682
2502,4433
2502,3923
2502,2671
2502,2806
2502,2093
2502,1517
2502,1346
2502,1575
2502,3827
2502,4226
2502,5243
2502,3318
2502,2568
2502,5263
2502,2844
2502,347
2502,2922
2502,2502
2502,3159
2502,5304
2502,158
2502,4187
2502,2240
2502,2066
2502,1943
2502,1329
2502,181
2502,3340
2502,2732
2502,3080
2502,2801
2502,3450
2502,451
2502,4794
2502,5141
2502,2457
2502,2460
4742,1535
4742,3314
4742,1084
4742,4321
4742,3498
4742,314
4742,4765
4742,1220
4742,4101
4742,4742
4742,4936
4742,4443
4742,1063
4742,178
4742,2663
4742,2407
4742,611
963,663
963,5180
963,2061
963,1090
963,963
963,5064
963,1866
963,4041
963,1252
963,5017
963,5453
963,2588
2660,4624
2660,4087
2660,2716
2660,5375
2660,1695
2660,287
2660,1404
2660,1505
2660,2252
2660,3231
2660,2488
2660,2660
2660,5271
2660,1098
2660,147
2660,2881
2660,254
2622,5621
2622,4318
2622,5643
2622,4525
2622,3144
2622,4939
2622,2977
2622,2869
2622,2349
2622,4491
2622,953
2622,2622
2622,1941
2622,220
2622,2941
2622,430
2622,1741
2622,2520
2622,2072
2622,2058
5187,4251
5187,325
5187,2409
5187,5291
5187,5187
5187,1585
5187,2421
5187,4825
670,1629
670,3913
670,423
670,5562
670,3112
670,1644
670,670
670,3705
670,2905
670,945
670,2175
670,2816
3739,2025
3739,4597
3739,486
3739,5437
3739,4083
3739,1093
3739,1865
3739,1808
3739,4379
3739,1668
3739,5423
3739,4647
3739,3739
3739,5594
3739,1634
3739,4808
3739,3823
674,1241
674,3698
674,1583
674,4438
674,2741
674,3989
674,3305
674,5517
674,237
674,4967
674,674
674,1759
674,2874
674,798
674,3799
674,2751
674,1033
2777,574
2777,4944
2777,1552
2777,2264
2777,3547
2777,3199
2777,763
2777,3227
2777,2777
2777,1461
2777,855
2777,3077
2777,5052
2777,3063
2777,3038
4182,2062
4182,5396
4182,5211
4182,4756
4182,3331
4182,5270
4182,2906
4182,4176
4182,2593
4182,1376
4182,5441
4182,4182
4182,3961
4182,3256
4182,376
4182,3154
4182,2377
4182,1891
4182,4750
4182,4428
4182,1355
4182,3298
4182,4617
4182,4981
4182,2903
4182,5589
2942,4423
2942,2245
2942,5356
2942,1132
2942,1296
2942,5249
2942,3949
2942,2399
2942,18
2942,1249
2942,3248
2942,4013
2942,2186
2942,2942
2942,3671
2942,845
2942,2088
2942,76
2942,4859
2942,2865
2942,4156
2942,5603
2942,4256
2942,4972
2942,1515
2942,2983
2942,699
38,2408
38,5251
38,5172
38,3576
38,3141
38,3458
38,2712
38,38
38,3629
38,3537
38,101
38,4057
38,605
38,327
38,2883
38,564
37,5553
37,4586
37,3715
37,274
37,3893
37,600
37,1267
37,2447
37,1933
37,37
37,2628
37,4369
3915,4741
3915,2931
3915,3180
3915,2884
3915,3688
3915,3609
3915,135
3915,4734
3915,4173
3915,448
3915,3326
3915,3915
3915,3618
3915,128
3915,2420
3915,1408
3915,4332
5471,2726
5471,1928
5471,859
5471,3322
5471,393
5471,1129
5471,5471
5471,3902
5471,2577
5471,5387
5471,5182
5471,224
5471,2317
3401,456
3401,385
3401,4318
3401,2586
3401,5643
3401,2664
3401,3410
3401,470
3401,4525
3401,3452
3401,5557
3401,2747
3401,2750
3401,4097
3401,3219
3401,5551
3401,3244
3401,2270
3401,3737
3401,4939
3401,2977
3401,1477
3401,3708
3401,2349
3401,4302
3401,2662
3401,5629
3401,4873
3401,3401
3401,295
3401,697
3401,1413
3401,1019
3401,220
3401,3637
3401,1036
3401,2094
3401,3402
3401,2199
3401,336
3401,418
3401,618
3401,4130
3401,2941
3401,430
3401,5362
3401,5315
3401,3448
3401,621
3401,1906
3401,1415
3401,2072
3401,2058
364,4000
364,1081
364,5373
364,4331
364,2174
364,1302
364,3672
364,2836
364,2765
364,3359
364,364
364,352
364,3920
364,5346
364,5011
364,2559
364,713
364,1985
364,134
364,4801
364,3933
4806,356
4806,2684
4806,1574
4806,1540
4806,4697
4806,4449
4806,3249
4806,4806
4806,302
4806,4671
4806,1425
4806,2541
355,1611
355,2370
355,2198
355,345
355,1031
355,3123
355,355
355,5446
355,4360
355,507
355,1542
1823,3389
1823,3480
1823,4771
1823,4300
1823,4692
1823,1551
1823,2960
1823,624
1823,1754
1823,4319
1823,5319
1823,208
1823,1519
1823,5124
1823,2925
1823,4767
1823,2400
1823,1282
1823,4850
1823,2668
1823,5526
1823,169
1823,342
1823,1823
1823,2767
1823,1002
1823,1121
1823,1949
1823,273
1823,5489
1823,4533
1823,42
1823,1411
1823,5571
1823,3783
1823,1228
1823,4279
1823,3281
1823,4567
1823,5305
1823,3632
1823,3873
1823,2756
447,1851
447,742
447,1136
447,1566
447,4644
447,4027
447,4643
447,4665
447,2620
447,4551
447,2638
447,3975
447,613
447,447
447,4753
447,3213
447,4061
447,2471
447,2607
447,3012
447,370
447,2847
717,2961
717,1035
717,5422
717,4159
717,3687
717,1833
717,1037
717,2180
717,785
717,3057
717,4915
717,3806
717,4796
717,36
717,717
717,3074
717,956
717,440
717,5455
717,3697
717,4515
717,4160
717,2995
4218,2616
4218,3832
4218,5477
4218,4001
4218,721
4218,1932
4218,571
4218,2985
4218,1908
4218,4218
4218,4553
4218,497
4218,839
4218,1756
1155,1851
1155,742
1155,2318
1155,2781
1155,4643
1155,4665
1155,4040
1155,1018
1155,4551
1155,1155
1155,4753
1155,2981
1155,1434
1155,4178
1155,2471
1155,4540
1155,2847
282,3810
282,4847
282,5368
282,4679
282,2768
282,1099
282,2871
282,282
282,5574
282,3636
295,456
295,385
295,1923
295,3100
295,2586
295,2446
295,470
295,4492
295,5557
295,2747
295,1739
295,5399
295,2843
295,2990
295,5551
295,3250
295,2270
295,3737
295,2470
295,4302
295,2165
295,348
295,2662
295,5629
295,4910
295,4373
295,3401
295,295
295,1413
295,3637
295,5515
295,932
295,5043
295,4133
295,5056
295,1014
295,2199
295,725
295,618
295,5315
295,3448
295,4627
295,1576
928,1043
928,380
928,624
928,3439
928,2201
928,2259
928,5568
928,2861
928,5379
928,3779
928,2356
928,928
928,5310
928,1121
928,468
928,5149
928,3485
928,1744
928,4426
928,3366
928,3873
2643,3432
2643,3698
2643,3055
2643,542
2643,2235
2643,5548
2643,5497
2643,1193
2643,1893
2643,2643
2643,2137
2643,3928
2643,947
2643,3558
2643,4855
2643,5089
2643,1874
2643,2077
2643,983
2643,1697
1053,1170
1053,3023
1053,4455
1053,4340
1053,1828
1053,5289
1053,3944
1053,3371
1053,5035
1053,4272
1053,4055
1053,5499
1053,1768
1053,4725
1053,2358
1053,739
1053,1053
1053,3132
1053,4273
1053,344
1053,1140
1053,1095
1053,1877
1053,1616
1053,170
1053,2811
1053,4642
1053,387
1053,870
1152,2288
1152,3396
1152,1152
1152,4259
1152,16
1152,1836
1152,4056
1152,3730
1152,2659
4664,3172
4664,4827
4664,874
4664,5037
4664,4482
4664,4293
4664,3129
4664,4980
4664,223
4664,2614
4664,4664
4664,2449
4664,4924
4664,4768
4664,4069
4664,60
4664,5442
4664,2047
4664,1056
4664,1238
4664,1534
4664,2665
4664,1592
4664,868
4664,2305
4664,3785
5310,1043
5310,1520
5310,380
5310,624
5310,3439
5310,2201
5310,2259
5310,5568
5310,2861
5310,5379
5310,3779
5310,2356
5310,928
5310,5310
5310,468
5310,5149
5310,3485
5310,1744
5310,4426
5310,3366
5310,4812
5310,3873
2166,1677
2166,4021
2166,5221
2166,3022
2166,1848
2166,3870
2166,265
2166,2721
2166,1139
2166,4809
2166,1486
2166,4205
2166,2019
2166,887
2166,1275
2166,980
2166,368
2166,3296
2166,2707
2166,2260
2166,3761
2166,2647
2166,2166
2166,2158
2166,3024
2166,2033
2166,4543
2166,4952
2166,1435
2166,1250
2166,2849
2166,4888
2166,545
180,2714
180,743
180,460
180,180
180,555
180,732
180,2333
180,3329
3159,5290
3159,4857
3159,1511
3159,4433
3159,3923
3159,5523
3159,2671
3159,2806
3159,4098
3159,1517
3159,1346
3159,3827
3159,4226
3159,5243
3159,1981
3159,5473
3159,3318
3159,113
3159,4361
3159,2568
3159,5263
3159,2844
3159,1318
3159,347
3159,2922
3159,4217
3159,1134
3159,2502
3159,3159
3159,5304
3159,158
3159,1943
3159,1329
3159,181
3159,3340
3159,2732
3159,3080
3159,2801
3159,3450
3159,451
3159,4794
3159,5141
3159,2457
3159,2460
3159,3578
1941,385
1941,5621
1941,4318
1941,5643
1941,4234
1941,4525
1941,2750
1941,4097
1941,5551
1941,3737
1941,3144
1941,4939
1941,2977
1941,243
1941,1386
1941,2869
1941,3708
1941,2349
1941,1176
1941,2622
1941,1941
1941,1413
1941,220
1941,2941
1941,430
1941,5362
1941,1741
1941,3448
1941,2520
1941,2072
1941,2058
5304,5290
5304,1511
5304,4433
5304,3923
5304,5523
5304,2671
5304,2806
5304,2940
5304,4098
5304,1517
5304,3827
5304,4226
5304,5243
5304,5473
5304,3318
5304,727
5304,113
5304,2568
5304,2844
5304,1318
5304,347
5304,4217
5304,1134
5304,2502
5304,3159
5304,5304
5304,1329
5304,181
5304,3340
5304,2732
5304,3080
5304,3450
5304,451
5304,4794
5304,5141
5304,2457
5304,2460
83,2115
83,2034
83,3610
83,5366
83,714
83,3868
83,5067
83,83
83,4960
83,2623
83,4393
971,481
971,2706
971,514
971,5097
971,4560
971,971
971,3536
971,3769
971,3881
971,4257
971,4216
971,3757
971,1613
971,1712
5365,5488
5365,3893
5365,600
5365,5365
5365,5493
5365,1251
5365,3886
5365,5154
876,3957
876,4289
876,5520
876,1201
876,3592
876,2346
876,3872
876,3550
876,2153
876,3243
876,1701
876,2585
876,3420
876,3626
876,876
876,3381
876,3814
876,3079
876,1705
876,5640
876,1736
876,1071
7,5454
7,5394
7,3165
7,886
7,3679
7,5248
7,211
7,3775
7,3258
7,3963
7,7
7,4863
7,445
7,620
3132,1170
3132,3023
3132,4455
3132,350
3132,1828
3132,3944
3132,3371
3132,5035
3132,4272
3132,4055
3132,30
3132,5499
3132,4725
3132,1053
3132,3132
3132,4273
3132,344
3132,2892
3132,1140
3132,1095
3132,1877
3132,1616
3132,4642
3132,1983
3132,870
3596,5015
3596,4189
3596,1684
3596,391
3596,3596
3596,2289
3596,3880
3596,1382
3596,1067
3596,2797
3596,1290
3596,4605
4753,1851
4753,742
4753,1566
4753,4644
4753,4027
4753,276
4753,4643
4753,4040
4753,1018
4753,2620
4753,4551
4753,3975
4753,447
4753,1155
4753,4753
4753,3213
4753,4954
4753,4061
4753,2471
4753,2607
4753,4518
4753,3012
4753,370
4753,2847
3192,1500
3192,2554
3192,4860
3192,2773
3192,5397
3192,3931
3192,4803
3192,1324
3192,2655
3192,617
3192,1096
3192,4064
3192,3660
3192,5449
3192,4308
3192,5088
3192,4918
3192,623
3192,1353
3192,5583
3192,561
3192,127
3192,1453
3192,5392
3192,4613
3192,3067
3192,1442
3192,1978
3192,4354
3192,3621
3192,3192
3192,2486
3192,198
3192,5025
3192,2185
3192,492
3192,5519
3192,2351
3192,3204
3192,2867
3192,496
3192,3838
3192,3349
3192,3447
3192,117
3192,4588
3192,4221
3192,4245
3192,4047
3192,2367
3192,1172
3192,4126
3192,2514
3192,156
3618,4741
3618,2618
3618,3180
3618,2884
3618,3688
3618,3532
3618,135
3618,4173
3618,3780
3618,448
3618,3915
3618,3618
3618,128
3618,253
3618,1408
3618,4332
458,3480
458,1816
458,4285
458,2960
458,2439
458,1754
458,3137
458,2076
458,498
458,1301
458,238
458,2155
458,2004
458,4864
458,4684
458,3510
458,1115
458,5259
458,1664
458,5631
458,4767
458,3438
458,2400
458,1998
458,2087
458,4638
458,1013
458,1547
458,1720
458,3385
458,3184
458,5105
458,1650
458,458
458,5002
458,273
458,5498
458,5570
458,15
458,2693
458,321
458,3418
458,319
458,125
458,3665
458,1289
458,5312
458,2380
458,5571
458,3050
458,3600
458,2146
458,4400
458,5318
458,5470
458,3136
458,4567
458,1791
458,2792
458,3632
458,865
458,1993
2856,2216
2856,4500
2856,1334
2856,4427
2856,5360
2856,2536
2856,3551
2856,2384
2856,1911
2856,2856
2856,377
2856,3126
2856,1621
1339,3795
1339,3285
1339,2938
1339,4581
1339,3194
1339,2090
1339,4197
1339,1339
1339,1881
1339,3416
1339,3045
1339,2054
1339,3425
1339,4608
1339,4942
1339,1929
2855,2726
2855,332
2855,2008
2855,4076
2855,2431
2855,2753
2855,3322
2855,4415
2855,4296
2855,1124
2855,1298
2855,2855
2855,3902
2855,2269
2855,334
2855,1818
2855,830
2855,224
2855,4020
218,2368
218,5272
218,4220
218,3234
218,3548
218,3633
218,4441
218,2145
218,4063
218,4224
218,1970
218,218
218,759
218,1440
218,831
218,924
218,2727
218,2284
218,292
218,4591
218,4784
218,2073
218,5377
218,4657
218,4785
218,4409
3540,4002
3540,792
3540,5545
3540,2157
3540,2818
3540,2253
3540,647
3540,3694
3540,4460
3540,300
3540,3540
3540,986
3540,1480
3540,3891
3540,955
3540,1066
3540,296
3540,3656
3540,4965
3540,454
3540,1859
3540,2300
812,3921
812,3987
812,3573
812,4269
812,4534
812,5206
812,4025
812,3478
812,631
812,3984
812,226
812,279
812,4743
812,812
812,2580
812,5128
812,262
812,5323
812,1305
812,1234
812,1483
812,3776
812,547
812,3031
812,3875
812,1421
1861,434
1861,3877
1861,4347
1861,5280
1861,2314
1861,5246
1861,371
1861,1861
1861,64
1861,1858
1861,5581
1861,2059
1919,2752
1919,5208
1919,4601
1919,2194
1919,3721
1919,965
1919,4301
1919,1919
1919,5250
1919,5133
1919,4210
1919,710
1919,2387
1919,2601
1919,1723
2214,104
2214,2684
2214,3236
2214,1574
2214,5599
2214,2193
2214,2214
2214,3400
2214,2984
2214,3032
2214,4335
2214,1158
2214,2374
2214,1425
2214,5546
469,3048
469,1208
469,3657
469,340
469,1215
469,469
469,5404
469,4507
469,1428
469,4307
469,3853
469,1330
469,3105
469,5286
469,4848
4935,1813
4935,657
4935,4935
4935,2528
4935,4562
4935,4277
4935,507
4935,5333
4935,4016
4935,3222
4935,2394
4935,5462
2486,1500
2486,3518
2486,4803
2486,5186
2486,5575
2486,617
2486,4064
2486,1361
2486,918
2486,4590
2486,2913
2486,4308
2486,4918
2486,1353
2486,5583
2486,127
2486,1453
2486,5392
2486,4613
2486,3067
2486,1442
2486,4651
2486,638
2486,3192
2486,2486
2486,4411
2486,2185
2486,588
2486,492
2486,3204
2486,4421
2486,496
2486,3838
2486,3349
2486,3447
2486,1939
2486,3801
2486,4588
2486,4221
2486,4245
2486,2367
2486,1172
2486,1258
2486,4986
2486,1745
2486,2514
2486,156
3545,3926
3545,518
3545,1693
3545,4834
3545,1198
3545,4436
3545,3545
3545,2946
3545,2968
3545,3301
3545,1316
3545,1496
3545,2065
3545,2003
3545,4241
3545,4584
3545,5257
3545,2397
3545,5381
3545,3155
3545,3289
3545,705
2415,35
2415,2508
2415,3314
2415,3531
2415,200
2415,3917
2415,2955
2415,1795
2415,4841
2415,3259
2415,2248
2415,1420
2415,2415
2415,3158
2415,1948
2415,3453
2415,1055
2415,724
2415,1285
2415,2429
2306,814
2306,3147
2306,2545
2306,5040
2306,3841
2306,5350
2306,1911
2306,2306
2306,1024
2306,377
2306,2834
2306,5139
2306,5257
2306,2642
2306,5185
2306,3053
2424,2670
2424,1091
2424,2097
2424,33
2424,869
2424,3924
2424,5238
2424,3960
2424,3620
2424,298
2424,3183
2424,4689
2424,1733
2424,2424
2424,1626
2424,707
2424,3950
2424,5427
2424,5152
2424,3146
2424,2026
2424,2144
1526,2208
1526,3597
1526,2378
1526,4711
1526,1965
1526,1946
1526,1070
1526,1526
1526,1323
1526,1687
1526,5226
1526,1363
1526,2302
1526,1065
2181,1989
2181,5013
2181,1447
2181,1487
2181,2181
2181,840
2181,4312
2181,4286
2181,3311
2181,568
3074,2961
3074,1035
3074,5422
3074,3687
3074,1833
3074,3092
3074,2304
3074,1037
3074,785
3074,4915
3074,4823
3074,3806
3074,717
3074,3074
3074,956
3074,2879
3074,3367
3074,440
3074,5455
3074,4515
3074,4160
3074,2995
969,25
969,1986
969,92
969,5061
969,3245
969,4493
969,5341
969,2895
969,2092
969,3170
969,1378
969,969
969,2463
969,2481
969,4923
969,1027
969,1742
697,456
697,2586
697,1988
697,2664
697,3410
697,3452
697,5557
697,2747
697,2750
697,1417
697,4097
697,2683
697,3219
697,5551
697,3244
697,2270
697,67
697,1477
697,4302
697,2662
697,5629
697,3934
697,4873
697,4373
697,3401
697,697
697,770
697,1413
697,1019
697,2513
697,3637
697,1036
697,2094
697,3402
697,3387
697,2199
697,336
697,418
697,618
697,212
697,4130
697,5362
697,3448
697,621
697,1906
697,1415
697,2058
536,116
536,1735
536,1902
536,267
536,3516
536,5066
536,536
536,688
536,4829
536,2584
536,3650
536,2996
1029,997
1029,3804
1029,550
1029,5057
1029,320
1029,5588
1029,2533
1029,23
1029,5274
1029,4740
1029,1029
1029,4394
1029,12
1029,4258
1029,1975
1029,2003
1029,1163
1029,338
1029,650
1029,488
3951,4576
3951,3190
3951,2688
3951,5302
3951,4799
3951,3343
3951,358
3951,2595
3951,1357
3951,4065
3951,3338
3951,2852
3951,3951
3951,1852
3951,1850
3951,5550
3951,2272
3951,5164
3951,257
3629,2408
3629,1995
3629,1652
3629,3576
3629,2527
3629,206
3629,3458
3629,2712
3629,38
3629,3629
3629,3537
3629,2484
3629,101
3629,4057
3629,327
3629,2393
3629,2680
3629,2883
3629,564
4259,3821
4259,2288
4259,3396
4259,1152
4259,4259
4259,16
4259,1836
4259,4056
4259,3730
4259,2659
1638,1694
1638,4804
1638,2336
1638,2344
1638,2669
1638,3150
1638,3014
1638,1997
1638,1638
1638,4526
1638,5301
1638,2491
2152,2754
2152,143
2152,2583
2152,692
2152,584
2152,1972
2152,1393
2152,1028
2152,1959
2152,2152
2152,5000
2152,4655
2152,1078
2152,1675
2152,277
2152,1980
2152,4082
2152,906
2243,4252
2243,3690
2243,1202
2243,598
2243,5372
2243,5483
2243,1934
2243,3993
2243,4917
2243,931
2243,2196
2243,3925
2243,5031
2243,93
2243,2243
2243,4294
2243,684
2243,4820
2243,5181
2243,3009
5402,921
5402,1500
5402,4860
5402,1992
5402,5575
5402,617
5402,1096
5402,4064
5402,4590
5402,4308
5402,5088
5402,4918
5402,1761
5402,5583
5402,5009
5402,1453
5402,1429
5402,5392
5402,4613
5402,3067
5402,1442
5402,3583
5402,4819
5402,3621
5402,5402
5402,198
5402,5025
5402,689
5402,4411
5402,2185
5402,492
5402,5519
5402,2867
5402,4421
5402,3349
5402,3447
5402,2875
5402,4588
5402,4245
5402,2367
5402,1172
5402,1258
5402,1745
5402,2514
5402,1114
2326,61
2326,3515
2326,4122
2326,2326
2326,2600
2326,4403
2326,4489
2326,483
3386,1247
3386,2667
3386,712
3386,1186
3386,2503
3386,700
3386,3876
3386,2190
3386,416
3386,1935
3386,2355
3386,3386
3386,2021
3386,602
3386,1849
3386,5004
3386,1312
3482,3513
3482,2677
3482,3901
3482,1405
3482,3756
3482,5606
3482,1179
3482,636
3482,4681
3482,5626
3482,3482
3482,5560
3482,5566
3482,1955
3482,3391
3482,5165
3482,4381
3482,4008
3647,2845
3647,4593
3647,1162
3647,3030
3647,1050
3647,958
3647,1531
3647,2703
3647,3647
3647,3306
3647,834
3647,3064
3647,3699
3647,3571
3647,2403
3647,5461
2628,5553
2628,3955
2628,3833
2628,5488
2628,3546
2628,3715
2628,3526
2628,1267
2628,982
2628,37
2628,2628
2628,4516
2628,2475
2628,4369
198,921
198,1500
198,4860
198,5397
198,1992
198,3931
198,2655
198,617
198,1096
198,4064
198,5449
198,4308
198,5088
198,4918
198,623
198,1761
198,5583
198,1453
198,1429
198,5392
198,1442
198,3583
198,1978
198,4354
198,3621
198,3192
198,5402
198,198
198,5025
198,689
198,4411
198,2185
198,2282
198,492
198,2690
198,5519
198,2351
198,3204
198,2867
198,496
198,3838
198,3349
198,3447
198,117
198,4588
198,4245
198,4047
198,2367
198,1172
198,2514
198,156
198,1114
1533,4281
1533,1004
1533,4901
1533,2590
1533,5183
1533,3664
1533,1533
1533,4989
1533,4140
1533,4502
1533,884
1533,4623
1533,2949
1533,1398
3536,5592
3536,481
3536,514
3536,5097
3536,4698
3536,4560
3536,1292
3536,971
3536,3536
3536,4695
3536,3311
3536,3757
3536,1613
1161,626
1161,796
1161,3538
1161,3754
1161,680
1161,1161
1161,292
1161,4591
1161,1655
1161,1110
1161,1681
1161,2195
1161,2073
1161,1322
1161,867
1161,4785
1863,3433
1863,3484
1863,3591
1863,2080
1863,1899
1863,3142
1863,4900
1863,2230
1863,720
1863,4378
1863,4139
1863,4649
1863,5609
1863,471
1863,1863
1863,2838
1863,4891
1863,3682
1863,5596
1863,2009
1863,4749
1863,360
1863,2840
1863,1439
1554,1550
1554,2688
1554,5302
1554,875
1554,4719
1554,1162
1554,2418
1554,1554
1554,1120
1554,5550
1554,1240
1554,4974
1554,849
4195,2563
4195,485
4195,1839
4195,421
4195,322
4195,4195
4195,4362
4195,2975
1325,508
1325,2686
1325,1783
1325,337
1325,2124
1325,2837
1325,2833
1325,3492
1325,1325
1325,5194
1325,4532
1325,2859
1325,4442
1325,646
1325,1954
1325,3406
1325,1226
1325,1875
1325,2704
2285,2974
2285,1495
2285,1940
2285,3304
2285,4128
2285,4334
2285,1686
2285,4092
2285,2285
2285,5359
2285,5101
2285,103
2285,1942
2285,153
2285,120
2285,1039
840,2670
840,5426
840,1091
840,1989
840,3924
840,1447
840,1487
840,3183
840,4689
840,2765
840,4341
840,1733
840,2181
840,840
840,4312
840,4286
840,568
840,2144
5493,1944
5493,4198
5493,5365
5493,5493
5493,1251
5493,296
5493,5154
2723,3352
2723,5540
2723,4578
2723,4110
2723,4733
2723,2506
2723,413
2723,3601
2723,2723
2723,4887
2723,1064
2723,4456
2723,2932
2723,5102
2723,480
2723,902
2723,4422
2723,378
2723,723
2723,1366
2723,3166
2359,2933
2359,9
2359,132
2359,1516
2359,1231
2359,408
2359,3553
2359,3512
2359,1838
2359,3691
2359,5018
2359,1904
2359,2359
2359,531
2359,3986
2359,1740
2359,4390
2359,5411
2359,885
2359,500
2359,2947
2359,2084
4989,4406
4989,396
4989,4281
4989,5183
4989,2823
4989,3842
4989,3664
4989,1533
4989,4989
4989,4502
4989,884
4989,4623
2021,3488
2021,1247
2021,4626
2021,712
2021,1186
2021,1471
2021,1841
2021,2503
2021,3307
2021,3876
2021,2190
2021,416
2021,3386
2021,2021
2021,602
2021,1849
2021,4171
4757,1653
4757,2768
4757,5458
4757,3091
4757,4757
4757,73
4757,303
4757,2200
4757,1299
4757,973
4757,5409
4757,1188
73,4827
73,4293
73,3129
73,1653
73,5458
73,223
73,4757
73,73
73,4768
73,4069
73,1871
73,2200
73,2047
73,1534
73,1592
73,868
73,5409
73,1188
2192,888
2192,2053
2192,3316
2192,813
2192,5564
2192,2574
2192,2192
2192,1584
2192,756
2192,2293
2192,461
2192,5261
2192,991
956,2961
956,1035
956,5422
956,4159
956,3687
956,1833
956,3092
956,2304
956,1037
956,2180
956,785
956,3057
956,4915
956,3806
956,36
956,717
956,3074
956,956
956,2879
956,3367
956,440
956,5455
956,3697
956,4515
956,4160
956,2995
3095,3238
3095,3657
3095,2071
3095,4674
3095,5082
3095,27
3095,4730
3095,1643
3095,3095
3095,419
3095,1194
3095,923
3095,922
3095,3118
3095,3853
3095,1330
3095,5182
3095,976
3095,5205
3095,5236
3095,4848
2562,2110
2562,5512
2562,1530
2562,595
2562,866
2562,5506
2562,5486
2562,3354
2562,4792
2562,2562
2562,2388
2562,3607
2562,4542
2562,2224
2562,3988
2562,954
2562,4598
2562,930
4904,3127
4904,3488
4904,1482
4904,3755
4904,1471
4904,1841
4904,1164
4904,4872
4904,1617
4904,3307
4904,5041
4904,2596
4904,148
4904,4904
4904,4401
4904,5516
4904,5555
4904,4171
4904,2546
4904,944
1323,2025
1323,4597
1323,4151
1323,486
1323,2378
1323,634
1323,4083
1323,3508
1323,4711
1323,1965
1323,1010
1323,1526
1323,1323
1323,3044
1323,5226
1323,2302
1323,3862
5271,4624
5271,2760
5271,4087
5271,2716
5271,1404
5271,4357
5271,1966
5271,3231
5271,2488
5271,2660
5271,5271
5271,5311
5271,1098
5271,357
5271,147
5271,1810
5271,3042
303,5395
303,2768
303,3421
303,835
303,2871
303,3091
303,4757
303,303
303,973
2992,1784
2992,4762
2992,4019
2992,4920
2992,59
2992,2992
2992,4653
2992,2829
2992,1800
2992,3374
3961,5396
3961,2757
3961,5211
3961,1273
3961,4176
3961,4404
3961,1376
3961,4182
3961,3961
3961,3107
3961,376
3961,4750
3961,3061
3961,4617
3961,4981
3961,2903
3961,5589
3803,65
3803,3451
3803,3803
3803,2475
3803,3728
3803,2650
3803,4971
3803,275
3803,5140
3803,4758
4936,5364
4936,1535
4936,1084
4936,4321
4936,1142
4936,3498
4936,4765
4936,5224
4936,4396
4936,1220
4936,4101
4936,4742
4936,4936
4936,2206
4936,4443
4936,4208
4936,2104
4936,4739
4936,2407
4936,4923
4936,1886
4936,281
3594,2354
3594,5168
3594,510
3594,3863
3594,3594
3594,695
3594,2501
3594,851
3594,2329
3594,1774
3594,1218
3594,1968
3594,3252
2311,4589
2311,702
2311,4703
2311,5524
2311,5528
2311,3181
2311,4348
2311,4673
2311,2311
2311,4938
2311,3564
2311,4006
2311,219
2528,677
2528,1813
2528,657
2528,4935
2528,2528
2528,4562
2528,4277
2528,507
2528,5333
2528,4016
2528,2394
2528,5462
2528,3953
4324,2368
4324,3548
4324,186
4324,1245
4324,4385
4324,2900
4324,863
4324,3227
4324,4324
4324,759
4324,831
4324,3897
4324,3063
4324,4409
740,1450
740,4691
740,5150
740,2594
740,1138
740,354
740,4990
740,740
740,1671
740,1049
740,1306
740,3419
740,5134
740,1785
740,2631
740,3973
648,1436
648,5059
648,4508
648,5077
648,1524
648,1775
648,1937
648,383
648,4466
648,4680
648,4211
648,648
648,4885
648,1789
648,3065
648,4890
648,3361
648,3267
648,829
648,3178
648,4807
759,2368
759,5272
759,4220
759,3234
759,3548
759,3633
759,186
759,1245
759,4385
759,2900
759,863
759,4224
759,218
759,4324
759,759
759,831
759,924
759,2284
759,3897
759,4784
759,4657
759,4409
3283,5618
3283,4177
3283,910
3283,3171
3283,5316
3283,1603
3283,4957
3283,213
3283,4991
3283,3033
3283,4707
3283,3534
3283,2525
3283,1702
3283,4577
3283,1257
3283,1666
3283,4746
3283,1658
3283,2708
3283,576
3283,3145
3283,3283
3283,3884
3283,1757
3283,1994
3283,569
3283,1338
3283,1003
3283,4484
3283,110
3283,1506
3283,4383
3283,3272
3283,1804
3283,3006
3283,1714
3283,1403
3283,1549
3283,2858
3283,2700
3283,5326
3121,4790
3121,4687
3121,3346
3121,5229
3121,5388
3121,4966
3121,2633
3121,4982
3121,4609
3121,4262
3121,3121
3121,2113
3121,749
3121,2365
3121,996
3121,2178
3121,765
3121,1999
3121,5054
3121,4480
3121,3406
1399,2245
1399,5356
1399,3429
1399,4267
1399,1213
1399,18
1399,3415
1399,3248
1399,3704
1399,4013
1399,4615
1399,2186
1399,1399
1399,5023
1399,2371
1399,4451
1399,4859
1399,4156
1399,683
1399,5383
1399,4256
1399,4972
1399,541
1399,160
1399,3743
1399,2983
3577,1043
3577,1520
3577,380
3577,2988
3577,3211
3577,612
3577,3504
3577,570
3577,4564
3577,3212
3577,4096
3577,4600
3577,2259
3577,3119
3577,2861
3577,3076
3577,1510
3577,1843
3577,3779
3577,2560
3577,2356
3577,3577
3577,1076
3577,1729
3577,3485
3577,4464
3577,1431
3577,786
3577,1187
3577,3366
3577,11
3577,4812
3577,1385
3577,1660
3577,2332
3577,5068
3577,3741
2357,172
2357,1607
2357,4513
2357,1940
2357,1808
2357,563
2357,4379
2357,4349
2357,5423
2357,1686
2357,2357
2357,353
2357,4353
2357,5414
2357,153
2357,937
770,2885
770,5643
770,3410
770,3452
770,1860
770,2750
770,4097
770,3219
770,660
770,3144
770,1477
770,4491
770,3934
770,4873
770,697
770,770
770,1019
770,220
770,2513
770,1036
770,2094
770,3402
770,3387
770,336
770,418
770,5362
770,3703
770,1906
770,1415
770,2058
770,5307
1494,5406
1494,1677
1494,3782
1494,3732
1494,4435
1494,2516
1494,1486
1494,4366
1494,3669
1494,5510
1494,2287
1494,1494
1494,4304
1494,1034
1494,2312
1494,5117
1494,1154
1494,4791
1494,545
2767,3389
2767,3480
2767,1816
2767,4300
2767,4692
2767,1551
2767,2960
2767,28
2767,1754
2767,5319
2767,208
2767,1301
2767,4864
2767,4684
2767,1519
2767,1115
2767,5124
2767,1664
2767,4767
2767,3438
2767,2400
2767,2087
2767,2668
2767,5526
2767,3161
2767,169
2767,342
2767,5105
2767,1650
2767,1823
2767,2767
2767,1002
2767,1121
2767,1949
2767,273
2767,5489
2767,5570
2767,4533
2767,321
2767,191
2767,125
2767,5312
2767,1411
2767,5571
2767,3050
2767,2146
2767,3783
2767,5318
2767,4279
2767,3281
2767,3136
2767,4567
2767,5305
2767,1791
2767,3632
2767,2756
4192,5490
4192,4944
4192,4610
4192,2264
4192,476
4192,3547
4192,3199
4192,3227
4192,2745
4192,4192
4192,2078
4192,855
4192,3122
4192,5269
4192,2910
353,172
353,1607
353,4513
353,4485
353,563
353,4379
353,4349
353,5423
353,1686
353,2357
353,353
353,4353
353,1634
353,5414
353,450
353,4191
353,3297
353,937
158,256
158,4857
158,836
158,1511
158,4682
158,2024
158,1961
158,3923
158,2806
158,2093
158,1517
158,1346
158,1575
158,1834
158,4226
158,5633
158,5243
158,5087
158,3318
158,2568
158,5263
158,2844
158,347
158,2361
158,2502
158,3159
158,158
158,4187
158,2240
158,2066
158,1943
158,1329
158,181
158,3340
158,2732
158,4763
158,2801
158,3450
158,451
158,5141
158,1732
747,1718
747,2554
747,1324
747,68
747,597
747,3226
747,2335
747,3660
747,3519
747,561
747,2468
747,341
747,5215
747,747
747,3321
747,87
747,4126
1233,1136
1233,2147
1233,5095
1233,2508
1233,579
1233,2620
1233,2638
1233,2744
1233,613
1233,718
1233,2782
1233,1420
1233,1233
1233,369
1233,2626
1233,1958
1233,3453
1233,3772
1233,724
1233,3012
5025,921
5025,1500
5025,4860
5025,5397
5025,1992
5025,3931
5025,2655
5025,1096
5025,5449
5025,4308
5025,5088
5025,4918
5025,623
5025,1761
5025,5583
5025,1453
5025,1429
5025,5392
5025,3583
5025,1978
5025,4354
5025,3621
5025,3192
5025,5402
5025,198
5025,5025
5025,689
5025,2185
5025,2282
5025,4403
5025,2690
5025,5519
5025,2351
5025,3204
5025,2867
5025,3349
5025,117
5025,4588
5025,4245
5025,4047
5025,2367
5025,1172
5025,2514
5025,156
2946,3926
2946,2236
2946,1693
2946,1198
2946,5274
2946,3693
2946,3545
2946,2946
2946,2968
2946,3301
2946,2951
2946,4258
2946,4926
2946,2003
2946,1914
2946,5381
2946,3155
2946,3203
2946,1824
2946,1068
2946,4225
2946,3233
2946,705
5404,3238
5404,3048
5404,1208
5404,3657
5404,2071
5404,2229
5404,5450
5404,4730
5404,1643
5404,469
5404,5404
5404,419
5404,1428
5404,922
5404,4307
5404,3853
5404,1330
5404,3105
5404,5286
5404,4848
4653,1784
4653,4762
4653,4019
4653,59
4653,2992
4653,4653
4653,2600
4653,1800
4653,483
4653,3449
4653,3374
986,4002
986,792
986,5545
986,2253
986,647
986,608
986,3694
986,948
986,300
986,3540
986,986
986,1480
986,1066
986,3656
986,4965
986,1859
986,2300
4163,3202
4163,549
4163,4053
4163,2445
4163,4488
4163,5229
4163,2633
4163,5370
4163,729
4163,4645
4163,4034
4163,4163
4163,3651
4163,3625
4163,5135
4163,425
4163,996
4163,3267
4163,1999
4163,5054
4163,2876
5194,4790
5194,5388
5194,4966
5194,337
5194,2124
5194,4262
5194,3492
5194,1325
5194,5194
5194,2113
5194,4532
5194,749
5194,4442
5194,2178
5194,765
5194,1954
5194,3406
5194,1226
5194,1875
5194,2704
4273,1170
4273,3023
4273,4340
4273,1828
4273,5289
4273,3371
4273,5035
4273,4272
4273,4055
4273,30
4273,1838
4273,5499
4273,5018
4273,1768
4273,4725
4273,739
4273,1053
4273,3132
4273,4273
4273,344
4273,1140
4273,1095
4273,1877
4273,1616
4273,170
4273,2811
4273,4642
4273,870
3533,3303
3533,1445
3533,2776
3533,3527
3533,3004
3533,3848
3533,3696
3533,3533
3533,1135
3533,2237
3533,3062
3533,530
3533,4419
3533,1351
3533,4146
3533,2233
3533,3424
3533,1822
3533,3328
5607,5077
5607,1524
5607,3745
5607,4458
5607,1192
5607,363
5607,4680
5607,2212
5607,5607
5607,2128
5607,3325
5607,3205
5607,5511
5607,1347
5607,3978
5607,4418
5607,4170
2493,4945
2493,910
2493,934
2493,4797
2493,5316
2493,39
2493,4213
2493,3534
2493,1963
2493,4440
2493,768
2493,594
2493,2569
2493,2493
2493,1563
2493,1003
2493,1506
2493,552
2493,3750
4885,3202
4885,1436
4885,5059
4885,4508
4885,5077
4885,1524
4885,4466
4885,4211
4885,648
4885,4885
4885,1789
4885,4890
4885,3361
4885,3205
4885,829
4885,3178
4885,4418
5064,663
5064,3824
5064,5184
5064,4414
5064,963
5064,5064
5064,5336
5064,4041
5064,1252
5064,2588
689,921
689,1500
689,4860
689,5397
689,1992
689,2655
689,1096
689,5449
689,4308
689,5088
689,1761
689,4122
689,1429
689,4514
689,3583
689,1978
689,2898
689,3621
689,5402
689,198
689,5025
689,689
689,2282
689,4403
689,2690
689,5519
689,2867
689,117
689,4047
689,2367
689,1114
4059,2933
4059,1516
4059,3099
4059,3622
4059,215
4059,3553
4059,5008
4059,3512
4059,4073
4059,3691
4059,1904
4059,5072
4059,609
4059,739
4059,4059
4059,3088
4059,2383
4059,4390
4059,5411
4059,2724
4059,500
4059,2947
4059,19
4059,2084
4059,168
4059,3958
4059,5354
4059,5585
2968,3926
2968,518
2968,1693
2968,550
2968,1198
2968,4436
2968,3545
2968,2946
2968,2968
2968,3301
2968,4258
2968,1316
2968,1496
2968,2065
2968,2003
2968,4584
2968,5257
2968,338
2968,2397
2968,5381
2968,3155
2968,3289
2968,1824
2968,1068
2968,4225
2968,705
122,3522
122,75
122,5278
122,2434
122,989
122,4465
122,3051
122,122
122,4103
122,1159
122,1424
122,2891
122,2105
122,5028
122,1922
4887,3352
4887,1921
4887,1395
4887,397
4887,4231
4887,3895
4887,4110
4887,4733
4887,2506
4887,413
4887,4603
4887,2723
4887,4887
4887,5102
4887,3890
4887,4290
4887,4167
4887,3927
4887,3502
4887,378
4887,2197
4887,723
4887,1366
4887,323
1076,1043
1076,1520
1076,380
1076,3504
1076,570
1076,373
1076,2055
1076,2363
1076,4096
1076,4600
1076,2259
1076,5568
1076,2861
1076,475
1076,1510
1076,1843
1076,5379
1076,3577
1076,1076
1076,4877
1076,1588
1076,2672
1076,1729
1076,5149
1076,4464
1076,694
1076,1431
1076,786
1076,4426
1076,1187
1076,2332
1881,3795
1881,3285
1881,4581
1881,551
1881,4555
1881,3194
1881,2090
1881,1339
1881,1881
1881,2054
1881,4608
1881,4942
1881,1929
3937,1171
3937,5150
3937,4575
3937,2433
3937,2527
3937,1628
3937,3937
3937,3419
3937,2315
3937,2728
3718,3168
3718,231
3718,2490
3718,130
3718,4467
3718,3605
3718,3718
3718,1632
3718,1545
3718,4497
3718,5086
4394,3429
4394,997
4394,2236
4394,3804
4394,550
4394,5057
4394,320
4394,3248
4394,2533
4394,23
4394,5274
4394,4740
4394,4615
4394,1029
4394,4394
4394,12
4394,4258
4394,1975
4394,2003
4394,1163
4394,338
4394,650
4394,1824
4394,488
4394,541
12,2245
12,3429
12,997
12,5249
12,3804
12,5057
12,18
12,320
12,3248
12,2533
12,4013
12,5274
12,4740
12,4615
12,1029
12,4394
12,12
12,3671
12,1975
12,1163
12,76
12,4859
12,650
12,4256
12,488
12,4972
12,541
12,160
12,2983
3884,5535
3884,4177
3884,1603
3884,213
3884,4991
3884,3033
3884,4707
3884,1702
3884,1262
3884,4550
3884,3497
3884,1257
3884,1666
3884,4746
3884,2708
3884,3985
3884,576
3884,2763
3884,3145
3884,3283
3884,3884
3884,799
3884,1757
3884,1994
3884,310
3884,569
3884,1338
3884,4484
3884,4383
3884,3272
3884,1804
3884,3006
3884,1403
3884,1549
3884,2858
3884,5326
3723,5290
3723,256
3723,591
3723,2093
3723,3992
3723,899
3723,3827
3723,1834
3723,4226
3723,3612
3723,5087
3723,1646
3723,4382
3723,3723
3723,3880
3723,2240
3723,3904
3723,3191
3723,13
3723,1290
4912,5413
4912,2266
4912,526
4912,4356
4912,4774
4912,4894
4912,2812
4912,4912
4912,4004
4912,3611
4912,240
4912,2411
4912,429
4912,4556
4912,2327
4912,2902
4912,3360
2203,3531
2203,3917
2203,82
2203,3259
2203,3114
2203,4376
2203,2248
2203,2203
2203,4635
2203,2802
2203,611
5336,1236
5336,663
5336,3824
5336,1396
5336,4414
5336,3729
5336,5064
5336,5336
5336,4041
5336,750
5336,1507
5336,1252
5336,136
5336,1926
2007,2139
2007,2524
2007,2125
2007,3193
2007,4454
2007,2702
2007,188
2007,142
2007,3273
2007,4144
2007,5300
2007,3152
2007,3073
2007,2007
2007,3469
2007,2734
2007,4377
2007,91
2007,3731
2007,1856
2007,2417
3301,907
3301,3926
3301,518
3301,1693
3301,4834
3301,1198
3301,4436
3301,2916
3301,5252
3301,3545
3301,2946
3301,2968
3301,3301
3301,1316
3301,1496
3301,2065
3301,4241
3301,4584
3301,5257
3301,2397
3301,5381
3301,3155
3301,3289
3301,1068
3301,4225
3301,1103
3301,705
3301,5534
2630,1145
2630,4232
2630,3348
2630,716
2630,5320
2630,671
2630,5600
2630,587
2630,5231
2630,4913
2630,4398
2630,2082
2630,411
2630,5255
2630,805
2630,2630
2630,850
2630,3649
2630,3542
2630,2057
2630,3627
2630,2888
2630,3413
2630,4336
2630,2151
2630,3797
2630,4650
1440,5272
1440,626
1440,2904
1440,4220
1440,1304
1440,3234
1440,709
1440,4441
1440,1272
1440,484
1440,5614
1440,4063
1440,1021
1440,4224
1440,218
1440,1440
1440,924
1440,2727
1440,2284
1440,292
1440,4591
1440,828
1440,1747
1440,2073
1440,3710
1440,2223
1440,4657
1440,1916
1440,3907
1440,4785
1440,4124
1440,4666
1440,3839
1440,4409
3469,2524
3469,2125
3469,3193
3469,4454
3469,2702
3469,154
3469,188
3469,3273
3469,4144
3469,5300
3469,3152
3469,1618
3469,2899
3469,2007
3469,3469
3469,4377
3469,2440
3469,3731
3469,2417
994,3226
994,2335
994,341
994,5215
994,3483
994,994
994,1600
994,1209
994,4620
994,3026
994,157
994,390
994,2882
994,4861
994,2334
850,4232
850,3348
850,1224
850,2016
850,716
850,5320
850,671
850,5600
850,1157
850,5231
850,2082
850,411
850,805
850,2630
850,850
850,3542
850,4137
850,2057
850,3627
850,3413
850,4336
850,5475
850,3581
850,3797
5002,3913
5002,3287
5002,2076
5002,1301
5002,238
5002,2155
5002,3510
5002,3018
5002,5259
5002,5631
5002,1998
5002,1897
5002,4638
5002,1013
5002,5219
5002,2556
5002,1547
5002,1720
5002,5105
5002,458
5002,5002
5002,5498
5002,5570
5002,15
5002,319
5002,3665
5002,524
5002,2380
5002,3894
5002,3600
5002,4400
5002,5318
5002,1791
5002,2792
5002,4295
5002,865
2449,3172
2449,2262
2449,874
2449,5037
2449,4482
2449,4980
2449,596
2449,223
2449,2614
2449,4664
2449,2449
2449,4924
2449,4069
2449,60
2449,5442
2449,2047
2449,1238
2449,2665
2449,868
2449,2305
2449,3701
2449,3785
1274,5266
1274,441
1274,880
1274,5472
1274,2253
1274,608
1274,3276
1274,948
1274,1274
1274,4104
1274,1859
1274,2820
4516,3955
4516,3833
4516,5314
4516,3546
4516,3526
4516,1267
4516,1090
4516,982
4516,2628
4516,4516
4516,2475
4516,1507
4516,313
4516,4971
4516,606
799,5535
799,4177
799,3124
799,392
799,4991
799,3033
799,3337
799,1262
799,4550
799,3004
799,1666
799,4746
799,2708
799,3985
799,3145
799,3884
799,799
799,1757
799,310
799,1338
799,4484
799,1549
799,1726
4606,3499
4606,5343
4606,4813
4606,4606
4606,4970
4606,4474
3416,2211
3416,3285
3416,4495
3416,2938
3416,1311
3416,1555
3416,4197
3416,1339
3416,3416
3416,3631
3416,3045
3416,2054
3416,3425
3416,4942
3416,5541
3416,3423
3416,1929
1217,3028
1217,2726
1217,3005
1217,2431
1217,4544
1217,27
1217,3322
1217,1124
1217,1298
1217,1217
1217,2269
1217,334
1217,923
1217,102
1217,4893
1217,5387
1217,523
1217,5182
1217,976
1217,5205
1217,5236
1217,224
1217,4020
4553,2616
4553,3832
4553,5477
4553,2772
4553,2741
4553,721
4553,3802
4553,1932
4553,571
4553,2985
4553,4218
4553,4553
4553,2699
4553,4583
4553,497
4553,5572
4553,839
3011,3548
3011,3633
3011,186
3011,4385
3011,1599
3011,2145
3011,2900
3011,5612
3011,476
3011,2225
3011,952
3011,1970
3011,3011
3011,3269
3011,4784
3011,5269
3011,4964
5227,5535
5227,3500
5227,247
5227,5565
5227,877
5227,2609
5227,891
5227,4492
5227,2391
5227,1692
5227,308
5227,121
5227,392
5227,1702
5227,2470
5227,1262
5227,4550
5227,3497
5227,2959
5227,2763
5227,5227
5227,5515
5227,578
5227,1873
5227,725
5227,5431
5227,1804
5227,1403
5227,2309
5227,1089
5227,3395
4323,2809
4323,2521
4323,4469
4323,5045
4323,4323
4323,3676
4323,4932
4323,3835
4323,1633
4323,4108
4323,4367
4323,1038
3381,607
3381,1201
3381,4951
3381,379
3381,3592
3381,2346
3381,3872
3381,2153
3381,3243
3381,1701
3381,2585
3381,3420
3381,876
3381,3381
3381,3814
3381,4342
3381,1705
3381,5640
3381,1736
3381,4355
3308,3616
3308,1199
3308,1522
3308,3198
3308,3854
3308,3308
3308,4646
3308,5438
3308,2998
3308,2652
3308,490
3308,3404
3308,4461
3308,1870
3308,4822
3308,3179
3056,1612
3056,2350
3056,2439
3056,1361
3056,3137
3056,918
3056,3336
3056,238
3056,2155
3056,2004
3056,1656
3056,1644
3056,2210
3056,3056
3056,15
3056,2693
3056,3418
3056,666
3056,1289
3056,2380
3056,3600
3056,4715
3056,2175
3056,5470
3056,2816
3056,1993
1024,1025
1024,3147
1024,5040
1024,3841
1024,5360
1024,3551
1024,1911
1024,2306
1024,1024
1024,377
1024,2834
1024,5139
1024,2642
1024,5185
1024,3126
1024,3053
2627,141
2627,2125
2627,31
2627,255
2627,4529
2627,1419
2627,935
2627,3501
2627,5384
2627,2627
2627,3102
2627,4528
2627,2228
66,2972
66,1151
66,1097
66,929
66,2038
66,4795
66,1815
66,2109
66,66
66,2892
66,1281
66,4580
66,1983
66,1364
66,3101
2078,2563
2078,5490
2078,485
2078,4610
2078,2264
2078,476
2078,3547
2078,3199
2078,2745
2078,4192
2078,2078
2078,3122
2078,2910
2570,511
2570,637
2570,1117
2570,5502
2570,3948
2570,1839
2570,4384
2570,5612
2570,322
2570,246
2570,3220
2570,4351
2570,2570
2570,2043
2570,4450
2570,4832
2570,438
2570,4362
2570,2975
3235,2075
3235,1581
3235,51
3235,1837
3235,633
3235,2090
3235,4656
3235,3235
3235,4364
3235,4129
3235,3425
695,2479
695,2354
695,3991
695,510
695,3863
695,1214
695,3594
695,695
695,851
695,2329
695,1774
695,4201
695,398
695,1968
695,3252
4411,921
4411,1500
4411,4860
4411,3518
4411,5186
4411,5575
4411,617
4411,1096
4411,4064
4411,4590
4411,4308
4411,5088
4411,4918
4411,1761
4411,1353
4411,5583
4411,5009
4411,1453
4411,5392
4411,4613
4411,3067
4411,1442
4411,3583
4411,4651
4411,4819
4411,3621
4411,638
4411,2486
4411,5402
4411,198
4411,4411
4411,2185
4411,492
4411,5519
4411,4421
4411,496
4411,3349
4411,3447
4411,1939
4411,2875
4411,4588
4411,4245
4411,2367
4411,1172
4411,1258
4411,4986
4411,1745
4411,2514
4411,156
4411,1114
4392,4498
4392,406
4392,1485
4392,4392
4392,487
4392,4905
2580,3573
2580,929
2580,773
2580,2279
2580,1815
2580,3984
2580,2109
2580,279
2580,2661
2580,2294
2580,4743
2580,812
2580,2580
2580,5128
2580,5323
2580,1305
2580,857
2580,4580
2580,1483
2580,318
2580,547
2580,1421
2580,3604
2580,3101
4924,3172
4924,874
4924,4482
4924,4980
4924,2614
4924,4664
4924,2449
4924,4924
4924,4069
4924,60
4924,5442
4924,2047
4924,1238
4924,2665
4924,868
4924,2305
4924,3785
3643,4949
3643,2016
3643,2602
3643,587
3643,3164
3643,676
3643,999
3643,2567
3643,3643
3643,155
3643,2472
3643,398
3643,3857
3643,1738
3643,5166
3643,2780
630,5424
630,2362
630,5627
630,3260
630,2775
630,1102
630,630
630,4344
630,5357
630,4005
630,4947
630,1105
630,2551
1631,132
1631,1516
1631,3099
1631,1231
1631,1041
1631,3553
1631,3436
1631,4815
1631,5220
1631,1631
1631,1489
1631,531
1631,3010
1631,4390
1631,349
1631,2443
1631,2044
1631,2084
1631,3958
1451,1011
1451,3089
1451,4969
1451,2507
1451,4134
1451,1451
1451,4652
1451,1456
48,2583
48,988
48,2110
48,2667
48,692
48,584
48,1393
48,700
48,1028
48,1935
48,4792
48,2355
48,48
48,5000
48,4542
48,2224
48,4655
48,1078
48,1980
4249,904
4249,2805
4249,2971
4249,85
4249,3104
4249,4287
4249,1498
4249,4249
4249,4388
4249,4828
4249,3678
4249,3003
4249,3959
4249,5
4249,4761
4249,1589
2501,4189
2501,5168
2501,2860
2501,391
2501,3594
2501,2501
2501,2289
2501,851
2501,2797
2501,1218
2501,3252
2951,3926
2951,1512
2951,4759
2951,2236
2951,2706
2951,3693
2951,2946
2951,2951
2951,5386
2951,4926
2951,2232
2951,3769
2951,1914
2951,4257
2951,3203
2951,346
2951,1824
2951,1068
2951,4225
2951,3233
4304,553
4304,3782
4304,2516
4304,345
4304,4366
4304,4105
4304,1641
4304,1494
4304,4304
4304,1034
4304,2312
4304,5117
4304,1154
4062,1280
4062,3270
4062,2534
4062,4252
4062,2318
4062,165
4062,4853
4062,2781
4062,1202
4062,2954
4062,598
4062,1523
4062,4136
4062,5483
4062,4917
4062,4985
4062,644
4062,4062
4062,3753
4062,4093
4062,1317
4062,4540
4062,5327
4062,395
4062,3887
5000,2754
5000,143
5000,2583
5000,988
5000,2667
5000,692
5000,584
5000,1972
5000,1393
5000,700
5000,1028
5000,1935
5000,1959
5000,2355
5000,2152
5000,48
5000,5000
5000,4542
5000,2224
5000,4655
5000,1078
5000,1675
5000,277
5000,1980
5000,4082
5128,3987
5128,3573
5128,1722
5128,1625
5128,773
5128,3984
5128,279
5128,2126
5128,812
5128,2580
5128,5128
5128,628
5128,4434
5128,686
5128,857
5128,1234
5128,4206
5128,1483
5128,1079
5128,5144
5128,3031
5128,1421
1401,1862
1401,2673
1401,1674
1401,3282
1401,1128
1401,565
1401,2209
1401,5136
1401,467
1401,1401
1401,2576
1401,2219
1401,5210
1401,5262
1401,86
1401,1755
1401,3929
1401,4481
1401,4975
1401,1242
4294,2534
4294,4252
4294,70
4294,3690
4294,1202
4294,598
4294,2980
4294,5372
4294,5483
4294,1934
4294,3993
4294,4917
4294,2196
4294,3925
4294,644
4294,93
4294,2243
4294,4294
4294,4820
4294,3009
4294,4175
4294,395
4294,4439
3537,1432
3537,3141
3537,3458
3537,2712
3537,38
3537,3629
3537,3537
3537,101
3537,4057
3537,605
3537,327
3537,2883
3537,564
4877,796
4877,2979
4877,1304
4877,1269
4877,373
4877,2055
4877,2363
4877,1272
4877,3754
4877,484
4877,475
4877,4063
4877,1021
4877,1384
4877,1076
4877,4877
4877,1588
4877,2719
4877,2672
4877,2195
4877,194
4877,4124
4877,4666
4877,3839
914,3432
914,897
914,1767
914,4878
914,4999
914,1106
914,4001
914,2235
914,2492
914,1193
914,1908
914,914
914,2137
914,1264
914,3928
914,947
914,3878
914,1874
914,2077
914,5047
914,1756
2222,3499
2222,1314
2222,4813
2222,2222
2222,3323
2222,1235
2222,4970
2222,1945
2222,2413
1337,668
1337,2846
1337,2416
1337,3812
1337,3905
1337,4710
1337,3393
1337,1337
1337,1309
1337,3954
1337,44
1337,4958
1337,3098
1337,1773
1337,1746
1337,4447
1337,3182
1337,1457
1337,1737
1337,3953
1337,4067
1337,1000
807,4771
807,4300
807,4319
807,208
807,3265
807,1519
807,3530
807,1717
807,1282
807,4850
807,1383
807,807
807,4533
807,42
807,1952
807,2191
807,2875
807,3783
807,1228
807,5305
807,482
4312,2670
4312,5426
4312,1989
4312,3924
4312,1447
4312,1487
4312,3183
4312,2765
4312,4341
4312,1733
4312,2181
4312,840
4312,4312
4312,4286
4312,568
4312,2144
4562,2846
4562,677
4562,1813
4562,657
4562,4935
4562,2528
4562,4562
4562,4277
4562,5333
4562,4016
4562,2394
4562,5462
4562,3953
2699,2772
2699,593
2699,4046
2699,5495
2699,3131
2699,3802
2699,2410
2699,1525
2699,5463
2699,4553
2699,2699
2699,21
2699,3784
2699,4127
2699,2540
2699,3373
2699,5572
2699,839
1480,4002
1480,3211
1480,792
1480,612
1480,5545
1480,2818
1480,2253
1480,647
1480,608
1480,3694
1480,4460
1480,300
1480,3540
1480,986
1480,1480
1480,955
1480,1066
1480,3656
1480,4965
1480,1859
1480,2300
1490,5169
1490,1464
1490,1956
1490,3768
1490,2872
1490,1577
1490,2376
1490,1333
1490,3575
1490,5109
1490,1490
1490,1196
1490,290
1490,2944
1490,5494
1490,1216
1490,1107
1490,2261
1490,2437
1490,5345
1490,1532
1490,4172
831,2368
831,5272
831,1204
831,4220
831,3548
831,3633
831,709
831,186
831,1245
831,2900
831,863
831,4224
831,218
831,4324
831,759
831,831
831,924
831,2284
831,3897
831,4657
831,4409
344,1170
344,4340
344,1828
344,5289
344,5035
344,4055
344,5112
344,5499
344,1768
344,5072
344,4725
344,2358
344,739
344,1053
344,3132
344,4273
344,344
344,1877
344,1616
344,170
344,2811
344,4642
344,387
3524,5157
3524,5147
3524,601
3524,2423
3524,4713
3524,3524
3524,1177
3524,2550
3524,3274
1455,795
1455,107
1455,3422
1455,3870
1455,1139
1455,4641
1455,3496
1455,3296
1455,3761
1455,1455
1455,2158
1455,3325
1455,4952
1455,2886
1455,184
1455,5511
1455,1250
1455,4884
1034,3782
1034,2516
1034,345
1034,4105
1034,1641
1034,1494
1034,4304
1034,1034
1034,2312
1034,5117
1034,1154
1195,3016
1195,4963
1195,3957
1195,4289
1195,1075
1195,2096
1195,5198
1195,2085
1195,1719
1195,3681
1195,3550
1195,5167
1195,4065
1195,3626
1195,4085
1195,1195
1195,898
1195,333
1195,4984
1195,4417
3093,5098
3093,3573
3093,1625
3093,4814
3093,2279
3093,2948
3093,2661
3093,2294
3093,3093
3093,959
3093,686
3093,857
3093,3013
3093,1894
3093,318
3093,2535
3093,3604
3999,907
3999,2426
3999,4800
3999,3614
3999,3007
3999,3999
3999,3659
3999,2857
3999,3726
3999,5484
3999,306
3999,3598
3999,3916
3999,5630
3999,4995
3999,1103
3999,603
1309,668
1309,2846
1309,4672
1309,3905
1309,4710
1309,1337
1309,1309
1309,3954
1309,44
1309,3098
1309,4447
1309,3182
1309,1457
1309,3953
1309,4067
1309,2379
1309,1000
3351,3130
3351,2120
3351,1468
3351,2621
3351,5424
3351,1572
3351,2510
3351,5627
3351,1153
3351,2775
3351,2687
3351,3351
3351,2290
3351,4325
3351,3459
3351,5597
3351,1976
3351,109
3351,2629
3351,3086
2981,1851
2981,2784
2981,888
2981,4429
2981,4644
2981,4643
2981,3316
2981,4665
2981,813
2981,4551
2981,1155
2981,2981
2981,1434
2981,4178
2981,2293
2981,2471
2981,4540
2981,3012
2981,2847
3891,4002
3891,2157
3891,2818
3891,3694
3891,4460
3891,300
3891,4198
3891,3540
3891,3891
3891,955
3891,296
3891,454
955,4002
955,5545
955,2157
955,2818
955,3694
955,4460
955,509
955,300
955,3540
955,1480
955,3891
955,955
955,296
955,454
955,2300
955,5068
3705,1629
3705,3913
3705,4669
3705,422
3705,4541
3705,3287
3705,5562
3705,1897
3705,2556
3705,670
3705,3705
3705,3894
3705,4400
3705,4295
262,2441
262,655
262,1915
262,4534
262,5206
262,4025
262,3363
262,790
262,3888
262,631
262,226
262,4743
262,812
262,262
262,5323
262,4141
262,3776
262,762
262,547
262,4818
262,2156
262,5436
2289,5015
2289,3735
2289,4189
2289,1684
2289,391
2289,3596
2289,2501
2289,2289
2289,2645
2289,1382
2289,1067
2289,2797
2289,2914
2289,4605
22,1560
22,2461
22,3029
22,2943
22,3339
22,288
22,22
22,3744
22,1777
22,2549
2587,3370
2587,442
2587,251
2587,1117
2587,2398
2587,3948
2587,2555
2587,260
2587,680
2587,99
2587,2870
2587,2587
2587,920
2587,2909
2587,4487
2587,3240
2587,2912
2587,4789
2587,1593
2587,4444
2587,1605
3902,2726
3902,332
3902,1928
3902,2008
3902,4076
3902,2431
3902,2753
3902,3322
3902,4415
3902,4296
3902,1124
3902,4796
3902,393
3902,1298
3902,5471
3902,2855
3902,3902
3902,3697
3902,1818
3902,2187
3902,830
3902,268
3902,224
3902,2317
1632,3168
1632,2490
1632,75
1632,1579
1632,3718
1632,1632
1632,1545
1632,1159
1632,3315
1632,2105
1632,4497
1632,1922
1002,3389
1002,3480
1002,4300
1002,4692
1002,1551
1002,2960
1002,624
1002,1754
1002,5319
1002,208
1002,4684
1002,1519
1002,1115
1002,5124
1002,2925
1002,4767
1002,2400
1002,1282
1002,4850
1002,2668
1002,1481
1002,5526
1002,169
1002,342
1002,1650
1002,1823
1002,2767
1002,1002
1002,1121
1002,1949
1002,273
1002,5489
1002,4533
1002,191
1002,125
1002,1411
1002,5571
1002,3050
1002,3783
1002,1228
1002,4279
1002,1960
1002,3281
1002,4567
1002,3632
1002,3873
1002,2756
2234,3616
2234,1025
2234,1743
2234,2545
2234,3841
2234,3198
2234,4030
2234,4842
2234,2234
2234,5293
2234,4868
2234,1571
2234,1661
2234,2788
2234,5185
2095,4811
2095,820
2095,5121
2095,4511
2095,1913
2095,974
2095,1180
2095,4071
2095,3774
2095,3781
2095,2095
2095,3034
2095,1423
2095,2815
2095,1343
2095,800
2095,2051
2095,5421
2095,5465
2095,5264
2095,1809
1066,4002
1066,792
1066,5545
1066,2253
1066,647
1066,608
1066,3694
1066,948
1066,300
1066,3540
1066,986
1066,1480
1066,1066
1066,3656
1066,4965
1066,1859
1066,2300
1489,3099
1489,3638
1489,1041
1489,820
1489,3436
1489,4815
1489,675
1489,5220
1489,1680
1489,1631
1489,1489
1489,3034
1489,3010
1489,349
1489,1343
1489,2443
1489,3061
1489,2044
1489,3958
1121,4300
1121,4692
1121,1551
1121,624
1121,5319
1121,208
1121,1519
1121,3439
1121,5124
1121,2925
1121,2201
1121,5568
1121,4850
1121,1481
1121,5526
1121,169
1121,5379
1121,1823
1121,928
1121,2767
1121,1002
1121,1121
1121,5489
1121,4533
1121,42
1121,191
1121,1744
1121,1411
1121,1228
1121,1960
1121,3873
1121,2756
1949,3389
1949,3480
1949,4771
1949,4300
1949,4285
1949,4692
1949,1551
1949,2960
1949,2439
1949,1754
1949,4319
1949,208
1949,498
1949,1301
1949,3265
1949,3336
1949,4864
1949,4684
1949,1519
1949,1115
1949,5124
1949,1664
1949,5631
1949,4767
1949,3438
1949,2400
1949,2087
1949,1282
1949,2668
1949,3161
1949,1383
1949,169
1949,342
1949,5118
1949,3385
1949,3184
1949,4946
1949,1823
1949,2767
1949,1002
1949,1949
1949,273
1949,4533
1949,2693
1949,321
1949,3418
1949,125
1949,1289
1949,5312
1949,3855
1949,5571
1949,3050
1949,4715
1949,3783
1949,1228
1949,4279
1949,3136
1949,4567
1949,5305
1949,1791
1949,3816
1949,3632
1949,2756
1949,2989
273,3389
273,3480
273,3019
273,1816
273,4285
273,4692
273,1551
273,2960
273,28
273,1754
273,5319
273,2076
273,1301
273,4233
273,4864
273,4684
273,3510
273,1115
273,5259
273,5124
273,1664
273,5631
273,4767
273,3438
273,2400
273,1998
273,2087
273,4638
273,2668
273,169
273,1013
273,1547
273,342
273,1720
273,5105
273,1650
273,1823
273,458
273,2767
273,1002
273,1949
273,273
273,5498
273,5489
273,5570
273,319
273,125
273,5312
273,1411
273,5571
273,3050
273,2146
273,5318
273,4279
273,4365
273,3281
273,3136
273,4567
273,1791
273,2792
273,3632
273,2756
1671,5276
1671,1138
1671,5193
1671,354
1671,740
1671,1671
1671,1049
1671,1306
1671,3419
1671,1327
1671,2315
1671,3973
1671,2168
4103,549
4103,3522
4103,4488
4103,4131
4103,5370
4103,2434
4103,4645
4103,4034
4103,989
4103,4465
4103,3051
4103,122
4103,4103
4103,2891
4103,5367
736,3792
736,2360
736,736
736,2329
736,5338
736,2422
736,4201
3671,4423
3671,2245
3671,3429
3671,1296
3671,2531
3671,5249
3671,3804
3671,18
3671,1249
3671,320
3671,3248
3671,2533
3671,4740
3671,2942
3671,12
3671,3671
3671,1163
3671,76
3671,4256
3671,488
3671,4972
3671,2983
3671,699
3880,591
3880,5015
3880,3992
3880,3612
3880,1646
3880,1684
3880,4382
3880,2451
3880,3596
3880,3723
3880,3880
3880,3904
3880,2160
3880,1382
3880,3191
3880,13
3880,1290
3880,123
97,5520
97,116
97,1704
97,3592
97,2346
97,864
97,97
97,688
97,3079
97,3918
97,1071
628,2179
628,70
628,3987
628,3690
628,1722
628,2980
628,5372
628,1934
628,3993
628,2196
628,1749
628,279
628,2126
628,5128
628,628
628,4434
628,1286
628,1234
628,4206
628,1483
628,3009
628,1079
628,4175
628,517
628,261
628,3031
628,1421
628,3910
2600,1784
2600,2325
2600,4122
2600,4019
2600,2326
2600,4653
2600,2600
2600,2282
2600,4403
2600,2690
2600,483
2129,33
2129,2426
2129,4800
2129,5225
2129,4313
2129,869
2129,5238
2129,3620
2129,2498
2129,3407
2129,3614
2129,2129
2129,512
2129,3544
2129,3726
2129,3881
2129,4292
2129,603
1413,456
1413,385
1413,5621
1413,1923
1413,4318
1413,2586
1413,5643
1413,3410
1413,470
1413,4525
1413,3452
1413,5557
1413,2747
1413,2750
1413,4097
1413,3219
1413,5551
1413,2270
1413,3737
1413,3144
1413,4939
1413,2977
1413,1477
1413,2869
1413,3708
1413,2349
1413,4302
1413,2662
1413,5629
1413,4910
1413,1176
1413,4873
1413,3401
1413,295
1413,1941
1413,697
1413,1413
1413,1019
1413,220
1413,3637
1413,1036
1413,2094
1413,3402
1413,2199
1413,336
1413,618
1413,4130
1413,2941
1413,430
1413,5362
1413,5315
1413,3448
1413,1906
1413,1415
1413,2072
1413,2058
2892,3952
2892,3023
2892,2972
2892,1151
2892,2038
2892,4795
2892,3371
2892,4272
2892,2109
2892,3132
2892,66
2892,2892
2892,1140
2892,1281
2892,1983
2892,870
2892,1364
2892,1248
2838,3433
2838,3591
2838,2080
2838,1899
2838,3142
2838,4900
2838,5385
2838,2230
2838,720
2838,3332
2838,4378
2838,4139
2838,4649
2838,5609
2838,471
2838,4029
2838,1863
2838,2838
2838,4891
2838,3682
2838,5596
2838,4718
2838,1623
2838,2009
2838,4749
2838,2840
2838,1439
2388,1530
2388,3940
2388,866
2388,5486
2388,3354
2388,4792
2388,2562
2388,2388
2388,3334
2388,493
2388,3607
2388,3988
2388,3514
2388,4598
2388,930
531,9
531,132
531,1516
531,1231
531,408
531,3553
531,2359
531,1631
531,531
531,3107
531,4390
531,5411
531,885
531,500
531,2947
531,2084
3107,132
3107,1231
3107,2757
3107,4176
3107,4404
3107,1376
3107,3961
3107,531
3107,3107
3107,4750
3107,2443
3107,4981
1869,2814
1869,1181
1869,61
1869,3515
1869,3239
1869,1869
1869,3909
1869,4489
1869,3444
1869,3295
1461,1552
1461,763
1461,2777
1461,1461
1461,855
1461,3077
2043,511
2043,637
2043,2519
2043,1839
2043,421
2043,322
2043,246
2043,3220
2043,715
2043,4351
2043,2570
2043,2043
2043,4450
2043,4832
2043,4362
4891,3484
4891,3138
4891,3591
4891,2080
4891,3142
4891,4900
4891,2230
4891,720
4891,4378
4891,1287
4891,4649
4891,5609
4891,471
4891,1920
4891,1863
4891,2838
4891,4891
4891,3682
4891,5596
4891,2009
4891,360
4891,2840
4891,1439
1852,4576
1852,3016
1852,4963
1852,3190
1852,5302
1852,4799
1852,3343
1852,358
1852,4065
1852,3338
1852,2852
1852,3951
1852,1852
1852,2272
377,2216
377,1025
377,3147
377,5040
377,3841
377,5360
377,3551
377,1911
377,2856
377,2306
377,1024
377,377
377,2834
377,5139
377,2642
377,5185
377,3126
377,3053
572,2426
572,4313
572,1693
572,2498
572,1198
572,5252
572,572
572,3544
572,3881
572,4257
572,4216
572,4292
572,3762
572,3203
572,346
572,1068
572,2015
572,4225
572,3233
572,5534
3580,2494
3580,3815
3580,2908
3580,1088
3580,3153
3580,641
3580,1501
3580,4039
3580,3278
3580,1108
3580,54
3580,3580
3580,3871
3580,1426
3580,1175
3580,2599
3580,5482
3580,744
3580,4570
3580,5547
3580,2136
2734,1715
2734,141
2734,1467
2734,2139
2734,4454
2734,2702
2734,3273
2734,5549
2734,1143
2734,3073
2734,2007
2734,2734
2734,4911
2734,4237
2734,91
2734,43
2734,925
2734,1657
2734,1856
4546,1342
4546,2676
4546,2738
4546,1237
4546,559
4546,4207
4546,2993
4546,4424
4546,1266
4546,2
4546,1678
4546,5593
4546,2966
4546,4248
4546,2619
4546,4546
4546,2864
4546,477
4546,145
4546,2280
4546,3685
4546,1586
4546,1885
2879,5014
2879,5422
2879,4159
2879,3687
2879,1833
2879,3092
2879,2304
2879,1037
2879,915
2879,2180
2879,3487
2879,1796
2879,4915
2879,4823
2879,3806
2879,36
2879,2921
2879,3074
2879,956
2879,2879
2879,3367
2879,440
2879,5455
2879,905
2879,2295
2879,1387
2879,2995
2879,4125
3659,907
3659,2426
3659,4800
3659,3614
3659,3007
3659,3999
3659,3659
3659,2857
3659,3726
3659,5484
3659,306
3659,3598
3659,3916
3659,5630
3659,4995
3659,1103
3659,603
1196,1595
1196,5169
1196,1464
1196,4775
1196,1956
1196,3768
1196,2872
1196,1577
1196,2376
1196,1884
1196,5109
1196,1490
1196,1196
1196,2917
1196,2944
1196,5494
1196,2029
1196,1216
1196,1107
1196,2437
1196,682
1196,1532
1196,4172
1196,4012
769,3303
769,903
769,108
769,2776
769,1703
769,3097
769,5173
769,3696
769,769
769,3232
769,2953
769,4869
769,5616
769,2237
769,3173
769,5204
769,4419
769,1706
769,1351
769,1905
769,2233
769,2215
444,1280
444,3270
444,2939
444,3376
444,2099
444,888
444,4018
444,5374
444,3316
444,1523
444,4136
444,4372
444,444
444,1434
444,4178
444,4093
444,1167
444,4712
444,1317
444,4540
444,5327
444,474
444,5106
444,575
444,3887
444,3979
2475,3955
2475,65
2475,3546
2475,3526
2475,3451
2475,982
2475,2628
2475,3803
2475,4516
2475,2475
2475,3728
2475,2650
2475,4971
2475,275
2475,5140
3334,1530
3334,3940
3334,4357
3334,5486
3334,2388
3334,3334
3334,5311
3334,493
3334,3770
3334,3607
3334,4118
3334,3988
3334,4906
3334,2330
3334,3514
3334,4598
3334,3042
3334,930
2917,1595
2917,5260
2917,3844
2917,3768
2917,2872
2917,1577
2917,5109
2917,1196
2917,2917
2917,3535
2917,4048
2917,2656
2917,752
2917,738
2917,2261
2917,465
2917,1766
2917,4172
2917,3133
4344,3130
4344,5424
4344,2362
4344,5627
4344,3260
4344,2775
4344,5066
4344,1102
4344,630
4344,4344
4344,5357
4344,1976
4344,109
4344,1105
4344,2551
2206,1294
2206,1212
2206,5364
2206,2239
2206,2464
2206,173
2206,4437
2206,1142
2206,3335
2206,1844
2206,2131
2206,3964
2206,5224
2206,4396
2206,1220
2206,5079
2206,4936
2206,2206
2206,4443
2206,4208
2206,2104
2206,4739
2206,2407
2206,4112
2206,1886
2206,365
2206,281
4522,2049
4522,5542
4522,5369
4522,2613
4522,144
4522,2762
4522,5069
4522,4592
4522,4265
4522,2739
4522,3932
4522,4522
4522,5073
4522,1315
4522,1991
4522,1222
4522,1854
4522,5340
4522,5559
4522,217
4863,1793
4863,3193
4863,3165
4863,886
4863,3151
4863,142
4863,3679
4863,211
4863,1126
4863,3775
4863,3258
4863,3963
4863,7
4863,4863
4863,4377
4863,81
3088,2933
3088,3622
3088,215
3088,5008
3088,3512
3088,5112
3088,4073
3088,3691
3088,1904
3088,1768
3088,5072
3088,2358
3088,609
3088,739
3088,4059
3088,3088
3088,2383
3088,2724
3088,500
3088,2947
3088,2811
3088,19
3088,2084
3088,168
3088,5354
3088,5585
3871,3599
3871,2494
3871,3815
3871,2908
3871,1088
3871,641
3871,1501
3871,4039
3871,941
3871,1108
3871,5080
3871,54
3871,1476
3871,3580
3871,3871
3871,5202
3871,1426
3871,1175
3871,2599
3871,744
3871,1407
3871,2737
3871,5547
3871,2116
3871,2136
3631,2211
3631,3285
3631,4495
3631,5591
3631,2938
3631,1311
3631,2037
3631,1555
3631,4197
3631,3416
3631,3631
3631,544
3631,3045
3631,5467
3631,4942
3631,5541
3631,3423
2185,1500
2185,2554
2185,4860
2185,2773
2185,5397
2185,1992
2185,3931
2185,4803
2185,2655
2185,617
2185,1096
2185,4064
2185,3660
2185,5449
2185,4308
2185,5088
2185,4918
2185,623
2185,1761
2185,1353
2185,5583
2185,127
2185,1453
2185,5392
2185,4613
2185,3067
2185,1442
2185,1978
2185,4354
2185,3621
2185,3192
2185,2486
2185,5402
2185,198
2185,5025
2185,4411
2185,2185
2185,492
2185,5519
2185,2351
2185,3204
2185,2867
2185,496
2185,3838
2185,3349
2185,3447
2185,117
2185,4588
2185,4221
2185,4245
2185,4047
2185,2367
2185,1172
2185,4126
2185,2514
2185,156
5323,2441
5323,1151
5323,3573
5323,929
5323,655
5323,4534
5323,5206
5323,4025
5323,790
5323,631
5323,1815
5323,3984
5323,2109
5323,226
5323,4743
5323,812
5323,2580
5323,262
5323,5323
5323,1305
5323,4580
5323,547
5323,1364
5323,5436
4060,5277
4060,129
4060,2828
4060,1197
4060,4015
4060,2020
4060,1004
4060,4901
4060,2722
4060,187
4060,776
4060,2
4060,4074
4060,5091
4060,2966
4060,5155
4060,57
4060,4060
4060,3847
4060,2286
4060,3223
4060,5567
4060,2817
4060,1168
4060,2395
4060,2170
4060,3058
4060,2956
4060,3685
4060,4309
4060,884
4060,782
4060,1398
4060,1885
2269,3028
2269,2726
2269,2008
2269,3005
2269,2431
2269,4544
2269,3322
2269,1124
2269,1298
2269,2855
2269,1217
2269,2269
2269,334
2269,923
2269,830
2269,4893
2269,5387
2269,5182
2269,224
2269,4020
2086,4548
2086,837
2086,1688
2086,3538
2086,1878
2086,2611
2086,775
2086,3412
2086,291
2086,2086
2086,1565
2086,3784
2086,1110
2086,1319
2086,1879
2086,4571
4258,3926
4258,997
4258,2236
4258,550
4258,5057
4258,5274
4258,4615
4258,3693
4258,1029
4258,2946
4258,2968
4258,4394
4258,4258
4258,4926
4258,2003
4258,338
4258,1914
4258,650
4258,5381
4258,3155
4258,1824
4258,488
4258,541
2406,1513
2406,2676
2406,2738
2406,2416
2406,2458
2406,1237
2406,4672
2406,677
2406,5593
2406,711
2406,2619
2406,2406
2406,4179
2406,145
2406,1746
2406,3182
2406,1737
2406,841
2406,589
3649,1145
3649,3348
3649,5600
3649,753
3649,4913
3649,4398
3649,411
3649,5255
3649,4978
3649,2630
3649,3649
3649,3542
3649,3627
3649,2888
3649,3413
3649,2151
3649,3797
3649,4650
4187,256
4187,4857
4187,836
4187,4682
4187,2806
4187,2093
4187,3992
4187,899
4187,1575
4187,3827
4187,1834
4187,4226
4187,5633
4187,5243
4187,5087
4187,3318
4187,2844
4187,347
4187,2502
4187,158
4187,4187
4187,2240
4187,2066
4187,1943
4187,1329
4187,181
4187,4763
4187,3450
1019,456
1019,2885
1019,3410
1019,3452
1019,1860
1019,2750
1019,4097
1019,3219
1019,3244
1019,660
1019,1477
1019,3934
1019,4873
1019,3401
1019,697
1019,770
1019,1413
1019,1019
1019,220
1019,2513
1019,1036
1019,2094
1019,3402
1019,3387
1019,2199
1019,336
1019,418
1019,212
1019,4130
1019,5362
1019,621
1019,1906
1019,1415
1019,2058
1019,5307
1757,5535
1757,4177
1757,1603
1757,121
1757,213
1757,4991
1757,3033
1757,4707
1757,1702
1757,1262
1757,4550
1757,3497
1757,1257
1757,1666
1757,4746
1757,2708
1757,3985
1757,2763
1757,3145
1757,3283
1757,3884
1757,799
1757,1757
1757,1994
1757,310
1757,569
1757,1338
1757,4484
1757,4383
1757,3272
1757,1804
1757,3006
1757,1403
1757,1549
1757,2858
1757,5326
162,2519
162,216
162,2140
162,3230
162,778
162,162
162,4668
162,1454
162,3555
162,3556
4184,2251
4184,4254
4184,3477
4184,3807
4184,3241
4184,2590
4184,4301
4184,1473
4184,4184
4184,5250
4184,5434
4184,710
4184,2387
4184,5146
4401,3127
4401,5542
4401,5369
4401,1482
4401,3755
4401,2762
4401,4592
4401,1164
4401,4872
4401,5041
4401,2596
4401,4904
4401,4401
4401,5516
4401,1222
4401,2559
4401,5555
4401,134
4401,5559
4401,2546
4401,217
4401,944
5498,4285
5498,2960
5498,2439
5498,1754
5498,3287
5498,3137
5498,2076
5498,1301
5498,238
5498,2155
5498,2004
5498,4864
5498,4684
5498,3510
5498,1115
5498,3018
5498,5259
5498,1664
5498,5631
5498,4767
5498,3438
5498,2400
5498,1998
5498,1897
5498,2087
5498,4638
5498,1013
5498,2556
5498,1547
5498,1720
5498,3385
5498,3184
5498,5105
5498,458
5498,5002
5498,273
5498,5498
5498,5570
5498,15
5498,2693
5498,321
5498,3418
5498,319
5498,125
5498,3665
5498,1289
5498,5312
5498,2380
5498,3050
5498,3600
5498,2146
5498,4400
5498,5318
5498,5470
5498,3136
5498,4567
5498,1791
5498,2792
5498,865
5498,1993
3535,1595
3535,5260
3535,3844
3535,1402
3535,2050
3535,2917
3535,3535
3535,5050
3535,2656
3535,1475
3535,465
3535,1766
3535,2059
924,2368
924,5272
924,2904
924,1204
924,4220
924,3234
924,709
924,4441
924,4714
924,5614
924,1927
924,4224
924,218
924,759
924,1440
924,831
924,924
924,2284
924,3897
924,1747
924,3710
924,2223
924,4657
924,4409
1049,5276
1049,5150
1049,2594
1049,1138
1049,354
1049,1628
1049,4990
1049,740
1049,1671
1049,1049
1049,1306
1049,3419
1049,5134
1049,2315
1049,3973
1626,1091
1626,3996
1626,2097
1626,33
1626,5225
1626,869
1626,5238
1626,5464
1626,5005
1626,3620
1626,298
1626,2241
1626,3183
1626,4341
1626,1733
1626,2424
1626,1626
1626,707
1626,512
1626,3950
1626,5427
1626,3146
1626,2026
1085,2075
1085,5116
1085,4581
1085,3299
1085,1837
1085,3490
1085,633
1085,2090
1085,1085
1085,4705
1085,1619
1085,1728
1759,4446
1759,2604
1759,2741
1759,3989
1759,2106
1759,3305
1759,5517
1759,3722
1759,237
1759,674
1759,1759
1759,4345
1759,5162
1759,798
1759,3799
1759,2751
707,1091
707,3996
707,2097
707,33
707,4874
707,869
707,5238
707,5464
707,5005
707,3960
707,3620
707,298
707,2241
707,3183
707,1733
707,2424
707,1626
707,707
707,3950
707,5427
707,3146
707,2026
898,3016
898,4963
898,5167
898,5280
898,4085
898,371
898,1195
898,898
898,4417
898,5581
898,2893
3728,65
3728,3546
3728,3526
3728,3451
3728,3803
3728,2475
3728,3728
3728,2650
3728,4971
3728,5321
3728,275
3728,5140
3728,4758
4768,5413
4768,4827
4768,4293
4768,3129
4768,1653
4768,223
4768,2614
4768,4664
4768,73
4768,4768
4768,4069
4768,1871
4768,5442
4768,2200
4768,2047
4768,1056
4768,1238
4768,1534
4768,2665
4768,1592
4768,868
4768,2305
4768,5409
4768,1188
1140,1170
1140,3023
1140,4455
1140,350
1140,1828
1140,3944
1140,3371
1140,5035
1140,4272
1140,4055
1140,30
1140,4725
1140,1053
1140,3132
1140,4273
1140,2892
1140,1140
1140,1095
1140,1616
1140,4642
1140,1983
1140,870
602,1247
602,4626
602,712
602,1186
602,1471
602,1841
602,2503
602,3307
602,3876
602,2190
602,416
602,3386
602,2021
602,602
602,1849
602,5004
602,1312
1585,325
1585,2409
1585,4535
1585,5291
1585,5187
1585,1585
1585,3865
1585,2421
1585,5460
5250,2251
5250,3477
5250,3807
5250,3241
5250,3721
5250,4301
5250,1473
5250,1919
5250,4184
5250,5250
5250,710
5250,2387
5250,3431
5250,2331
3367,1035
3367,5422
3367,3687
3367,1833
3367,3092
3367,2304
3367,1037
3367,915
3367,2180
3367,3487
3367,4915
3367,4823
3367,3806
3367,2921
3367,3074
3367,956
3367,2879
3367,3367
3367,440
3367,5455
3367,905
3367,2295
3367,1387
3367,2995
248,2831
248,1199
248,1522
248,4473
248,3216
248,1691
248,5006
248,248
248,4646
248,5438
248,2998
248,2652
248,4822
3400,1190
3400,900
3400,4734
3400,5599
3400,4856
3400,4685
3400,2193
3400,2214
3400,3400
3400,3032
3400,4335
3400,815
3400,1158
3400,5546
3954,668
3954,2846
3954,2416
3954,3812
3954,5283
3954,3905
3954,1846
3954,4710
3954,3393
3954,1337
3954,1309
3954,3954
3954,44
3954,4958
3954,3098
3954,1773
3954,1746
3954,4447
3954,3182
3954,1457
3954,842
3954,4067
3954,1000
468,1043
468,380
468,3439
468,2201
468,3200
468,2861
468,3779
468,2356
468,4510
468,928
468,5310
468,468
468,1952
468,3485
468,1744
468,1377
468,3366
468,4812
5386,2480
5386,1512
5386,4759
5386,2706
5386,2951
5386,5386
5386,4926
5386,2232
5386,3769
5386,4634
5386,1914
5386,4257
5386,4216
5386,3203
5386,346
5386,1068
5386,2015
5386,4225
5386,3233
2282,4860
2282,5397
2282,1992
2282,3931
2282,2655
2282,2325
2282,5449
2282,5088
2282,1761
2282,4122
2282,1429
2282,1978
2282,4354
2282,4024
2282,3621
2282,198
2282,5025
2282,689
2282,2600
2282,2282
2282,4403
2282,2690
2282,5519
2282,2867
2282,117
2282,4047
4507,3048
4507,2602
4507,2479
4507,5518
4507,1208
4507,3991
4507,676
4507,999
4507,1214
4507,469
4507,4507
4507,1428
4507,2382
4507,3108
4507,4307
4507,5286
4616,1862
4616,2035
4616,1649
4616,1674
4616,3282
4616,478
4616,2469
4616,5136
4616,467
4616,4616
4616,2576
4616,2219
4616,5210
4616,86
4616,1755
4616,4826
4616,5065
2727,5272
2727,626
2727,3234
2727,4441
2727,2145
2727,4063
2727,4224
2727,1970
2727,218
2727,1440
2727,2727
2727,2284
2727,292
2727,4591
2727,1655
2727,4784
2727,1681
2727,2195
2727,2073
2727,1322
2727,5377
2727,4785
2727,1782
21,4548
21,2772
21,593
21,5495
21,775
21,3802
21,3722
21,237
21,2699
21,21
21,3784
21,4345
21,5162
21,5572
21,839
2538,3110
2538,4408
2538,453
2538,3185
2538,409
2538,949
2538,1050
2538,1716
2538,2538
2538,1624
2538,3306
2538,834
2538,2143
2538,2205
2538,916
2538,272
2538,3521
2538,2403
2538,1504
2538,5461
2538,236
2538,84
2538,2341
2538,2711
3744,1560
3744,1936
3744,4459
3744,2943
3744,4213
3744,4568
3744,3339
3744,768
3744,594
3744,1183
3744,288
3744,22
3744,3744
3744,1777
3744,2549
1624,2538
1624,1624
1624,3306
1624,2143
1624,3521
1624,1634
1624,2403
1624,1504
1624,450
1624,5232
1624,84
1624,2711
2822,1971
2822,1921
2822,1395
2822,452
2822,397
2822,3294
2822,1826
2822,2506
2822,5216
2822,3790
2822,3441
2822,2822
2822,56
2822,4290
2822,4167
2822,378
2822,4531
2822,323
2822,3148
5357,366
5357,5424
5357,5627
5357,2775
5357,630
5357,4344
5357,5357
5357,732
5357,109
5357,4240
5357,2551
5023,5611
5023,5115
5023,5356
5023,1132
5023,4267
5023,1213
5023,2399
5023,2462
5023,3704
5023,4013
5023,32
5023,2186
5023,326
5023,1399
5023,5023
5023,2371
5023,4360
5023,4451
5023,2088
5023,4156
5023,683
5023,5383
5023,304
5023,3743
5023,1515
920,442
920,251
920,1117
920,2398
920,3948
920,2555
920,99
920,2870
920,2587
920,920
920,2909
920,4487
920,3240
920,2912
920,4789
920,1593
920,4444
920,1605
3034,4811
3034,3099
3034,1041
3034,3116
3034,820
3034,4511
3034,1913
3034,3436
3034,4815
3034,5220
3034,1680
3034,2095
3034,1489
3034,3034
3034,1423
3034,2127
3034,5306
3034,349
3034,2815
3034,1343
3034,2051
3034,5421
3034,5465
3034,1951
3034,5264
3034,1809
2984,2743
2984,5213
2984,3236
2984,2718
2984,5599
2984,2193
2984,2214
2984,2984
2984,1
2984,1310
2984,1335
220,456
220,385
220,5621
220,4318
220,5643
220,3410
220,4525
220,3452
220,5557
220,2750
220,4097
220,3219
220,5551
220,3737
220,3144
220,4939
220,2977
220,1477
220,2869
220,3708
220,2349
220,4491
220,4873
220,2622
220,3401
220,1941
220,770
220,1413
220,1019
220,220
220,1036
220,2094
220,3402
220,2199
220,336
220,618
220,2941
220,430
220,5362
220,3448
220,2520
220,1415
220,2072
220,2058
419,3238
419,3657
419,2071
419,4674
419,4035
419,2229
419,5082
419,27
419,5450
419,2603
419,4730
419,1643
419,3095
419,5404
419,419
419,1194
419,3378
419,922
419,3118
419,3853
419,1330
419,4472
419,5595
419,5205
419,5236
419,5286
419,4723
701,263
701,1464
701,228
701,1956
701,3748
701,3247
701,2872
701,2376
701,882
701,3030
701,2176
701,1333
701,2610
701,3575
701,5109
701,701
701,290
701,3571
701,738
701,1216
701,2261
701,5400
701,5345
701,1532
701,4172
701,3133
4179,1513
4179,2458
4179,1237
4179,4529
4179,1419
4179,5593
4179,1143
4179,2619
4179,2406
4179,4179
4179,4528
4179,145
4179,841
4179,589
4911,1715
4911,1467
4911,2139
4911,3299
4911,5549
4911,3490
4911,1778
4911,3073
4911,2734
4911,4911
4911,4237
4911,91
4911,3981
4911,43
4911,925
4911,1657
4911,4705
4911,1856
4911,266
3967,3277
3967,3628
3967,1180
3967,140
3967,4071
3967,69
3967,2339
3967,3967
3967,3279
3967,1614
3967,1459
3967,3468
3967,800
3967,1077
3967,3143
3967,111
3967,5264
3967,2582
3306,1050
3306,3647
3306,2538
3306,1624
3306,3306
3306,834
3306,2143
3306,2205
3306,3699
3306,3521
3306,2403
3306,1504
3306,5232
3306,84
3306,2711
4434,2179
4434,3921
4434,70
4434,3987
4434,1722
4434,4269
4434,773
4434,2980
4434,5372
4434,1934
4434,3993
4434,3478
4434,3984
4434,1749
4434,279
4434,2126
4434,5128
4434,628
4434,4434
4434,1286
4434,1234
4434,4206
4434,1483
4434,1079
4434,517
4434,261
4434,3031
4434,3875
4434,1421
4434,3910
2283,2964
2283,731
2283,1796
2283,941
2283,5080
2283,1476
2283,504
2283,2283
2283,5202
2283,1387
2283,3589
2283,5197
2283,4125
2283,4976
3213,1851
3213,742
3213,1566
3213,4644
3213,4027
3213,276
3213,4643
3213,1637
3213,4040
3213,1018
3213,3975
3213,447
3213,4753
3213,3213
3213,4954
3213,4061
3213,2471
3213,2607
3213,4518
3213,3012
3213,370
3213,2847
5489,3389
5489,3019
5489,1816
5489,2904
5489,4692
5489,1551
5489,2960
5489,624
5489,28
5489,5319
5489,4233
5489,4684
5489,3510
5489,1115
5489,5124
5489,1664
5489,2925
5489,4767
5489,3438
5489,2400
5489,1481
5489,169
5489,5105
5489,1650
5489,1823
5489,2767
5489,1002
5489,1121
5489,273
5489,5489
5489,5570
5489,191
5489,828
5489,4326
5489,1747
5489,1411
5489,5317
5489,5571
5489,3050
5489,2146
5489,5318
5489,4365
5489,1960
5489,3281
5489,1916
5489,3632
5489,2756
1251,5488
1251,3715
1251,3893
1251,600
1251,5365
1251,5493
1251,1251
1251,3886
1251,5154
1251,527
1251,4369
2513,2885
2513,3410
2513,3452
2513,1860
2513,2750
2513,3219
2513,3244
2513,660
2513,1477
2513,3934
2513,4873
2513,697
2513,770
2513,1019
2513,2513
2513,1036
2513,2094
2513,3402
2513,3387
2513,336
2513,418
2513,212
2513,4130
2513,5362
2513,621
2513,1906
2513,1415
2513,2058
2513,5307
2113,4790
2113,4687
2113,3346
2113,5229
2113,5388
2113,4966
2113,2633
2113,4982
2113,4609
2113,4262
2113,3121
2113,5194
2113,2113
2113,749
2113,2365
2113,996
2113,2178
2113,765
2113,5054
2113,4480
2113,3406
5050,3828
5050,1595
5050,3153
5050,1987
5050,3844
5050,1359
5050,4998
5050,2050
5050,3535
5050,5050
5050,2656
5050,1175
5050,5482
5050,465
5050,4462
5050,4012
3275,3066
3275,4691
3275,5193
3275,803
3275,3914
3275,354
3275,4990
3275,3275
3275,3388
3275,1559
3275,1556
3275,1785
3275,71
3275,3394
3275,2631
3275,5174
1423,4811
1423,820
1423,5121
1423,4511
1423,1913
1423,974
1423,3436
1423,1180
1423,4071
1423,3781
1423,1680
1423,2095
1423,3034
1423,1423
1423,2127
1423,1459
1423,2815
1423,1343
1423,2051
1423,5421
1423,5465
1423,5264
1423,2582
1423,1809
5202,3599
5202,2964
5202,1088
5202,731
5202,1501
5202,1796
5202,4039
5202,941
5202,1108
5202,5080
5202,54
5202,1476
5202,504
5202,3871
5202,2283
5202,5202
5202,744
5202,3589
5202,5197
5202,4125
5202,1407
5202,4976
5202,2737
5202,2116
5202,2136
1866,3833
1866,5314
1866,5180
1866,2061
1866,4934
1866,1090
1866,1173
1866,963
1866,1866
1866,4041
1866,313
1866,5453
1866,5348
1866,2588
3637,456
3637,385
3637,2586
3637,1988
3637,2664
3637,3410
3637,470
3637,5557
3637,2747
3637,1739
3637,2750
3637,4097
3637,2683
3637,5551
3637,3244
3637,2270
3637,3737
3637,1477
3637,3708
3637,2349
3637,4302
3637,348
3637,2662
3637,5629
3637,4910
3637,4873
3637,4373
3637,3401
3637,295
3637,697
3637,1413
3637,3637
3637,1036
3637,3402
3637,1014
3637,2199
3637,418
3637,618
3637,4130
3637,5315
3637,3448
3637,621
3637,4627
3637,1906
3637,1576
3637,2072
3106,2448
3106,3358
3106,5217
3106,4798
3106,2485
3106,622
3106,698
3106,3106
3106,3641
912,2743
912,2238
912,104
912,2118
912,5213
912,3236
912,4317
912,912
912,1
912,1360
912,2927
912,1748
588,1612
588,2350
588,3518
588,4803
588,5186
588,617
588,4064
588,1361
588,918
588,4590
588,2913
588,3336
588,1353
588,1453
588,4613
588,3067
588,1442
588,4651
588,2210
588,638
588,2486
588,588
588,492
588,4421
588,3447
588,666
588,1939
588,3801
588,4221
588,4245
588,1258
588,4986
588,1745
1872,5437
1872,1865
1872,1495
1872,1940
1872,3304
1872,1808
1872,1404
1872,2488
1872,4647
1872,1872
1872,357
1872,4539
1872,4808
1872,1942
1872,120
3814,607
3814,1201
3814,4951
3814,3592
3814,2346
3814,3872
3814,2153
3814,864
3814,1701
3814,5173
3814,876
3814,3381
3814,3814
3814,2495
3814,4342
3814,1905
3814,4355
3814,2215
5311,4624
5311,856
5311,2760
5311,2920
5311,2716
5311,4357
5311,1966
5311,5271
5311,3334
5311,5311
5311,493
5311,1098
5311,357
5311,4118
5311,4906
5311,2547
5311,2330
5311,1810
5311,3042
1306,5150
1306,2594
1306,1138
1306,4575
1306,2499
1306,354
1306,1628
1306,740
1306,1671
1306,1049
1306,1306
1306,3419
1306,5134
1306,2315
1306,3973
3758,4983
3758,4413
3758,3758
3758,1235
3758,2189
3758,2413
3758,167
369,1136
369,2147
369,5095
369,2508
369,579
369,200
369,1795
369,2744
369,613
369,718
369,2782
369,1420
369,1233
369,369
369,3158
369,1430
369,2626
369,1958
369,3453
369,3772
369,3455
369,724
369,1285
2383,2933
2383,3099
2383,3622
2383,215
2383,5008
2383,426
2383,3512
2383,4815
2383,4073
2383,3691
2383,1904
2383,5072
2383,609
2383,4059
2383,3088
2383,2383
2383,5306
2383,2724
2383,500
2383,2947
2383,19
2383,2084
2383,168
2383,1951
2383,5354
2383,5585
1120,1550
1120,3190
1120,2688
1120,5302
1120,3877
1120,4347
1120,875
1120,4719
1120,1162
1120,2418
1120,1554
1120,1120
1120,5550
1120,1240
5642,143
5642,2583
5642,988
5642,4087
5642,584
5642,1972
5642,287
5642,2252
5642,1028
5642,5642
5642,1098
5642,147
5642,2565
5642,4655
5642,1675
5642,1810
3388,1450
3388,4896
3388,2024
3388,4691
3388,5633
3388,803
3388,3914
3388,4990
3388,3275
3388,3388
3388,1556
3388,5134
3388,1785
3388,71
3388,4988
3388,2631
3388,5174
3388,1732
492,1500
492,4860
492,2773
492,3931
492,4803
492,5186
492,617
492,4064
492,4590
492,2913
492,3660
492,4308
492,5088
492,4918
492,623
492,1353
492,3519
492,5583
492,127
492,1453
492,5392
492,4613
492,3067
492,1442
492,4651
492,3621
492,638
492,3192
492,2486
492,5402
492,198
492,4411
492,2185
492,588
492,492
492,3204
492,496
492,3838
492,3349
492,3447
492,1939
492,3801
492,4588
492,4221
492,4245
492,2367
492,1172
492,4986
492,1745
492,4126
492,2514
492,156
2463,3286
2463,1986
2463,5061
2463,4925
2463,431
2463,4973
2463,833
2463,4493
2463,5341
2463,2895
2463,2092
2463,1378
2463,969
2463,2463
2463,269
2463,3330
2463,2481
2463,1027
2463,1543
2463,1742
2463,1918
440,2961
440,1035
440,5422
440,3687
440,1833
440,3092
440,2304
440,1037
440,915
440,2180
440,785
440,4915
440,4823
440,3806
440,717
440,3074
440,956
440,2879
440,3367
440,440
440,5455
440,4515
440,4160
440,2995
4403,1992
4403,5449
4403,1761
4403,4122
4403,1429
4403,4514
4403,3583
4403,2326
4403,5025
4403,689
4403,2600
4403,2282
4403,4403
4403,2690
4403,5519
4403,2867
4403,483
493,988
493,2110
493,2760
493,1530
493,3940
493,4357
493,866
493,4792
493,2388
493,3334
493,5311
493,493
493,1098
493,3607
493,4542
493,3988
493,1810
493,4598
493,3042
493,930
1036,456
1036,2586
1036,1988
1036,2664
1036,3410
1036,3452
1036,5557
1036,2747
1036,2750
1036,1417
1036,4097
1036,2683
1036,3219
1036,5551
1036,3244
1036,2270
1036,3737
1036,1477
1036,4302
1036,2662
1036,5629
1036,3934
1036,4873
1036,4373
1036,3401
1036,697
1036,770
1036,1413
1036,1019
1036,220
1036,2513
1036,3637
1036,1036
1036,2094
1036,3402
1036,3387
1036,2199
1036,336
1036,418
1036,618
1036,212
1036,4130
1036,5362
1036,3448
1036,621
1036,1906
1036,1415
1036,2058
512,33
512,5225
512,4313
512,869
512,5238
512,3620
512,2498
512,3407
512,4341
512,2129
512,1626
512,512
512,4292
512,603
538,3084
538,2799
538,1988
538,5332
538,4630
538,3586
538,410
538,2683
538,2031
538,4889
538,1479
538,4373
538,538
538,1831
538,3861
538,139
538,4202
538,89
5570,3389
5570,3480
5570,3019
5570,1816
5570,4285
5570,4692
5570,1551
5570,2960
5570,5391
5570,28
5570,1754
5570,2076
5570,1301
5570,238
5570,4864
5570,4684
5570,3510
5570,1115
5570,5259
5570,5124
5570,1664
5570,5631
5570,4767
5570,3438
5570,2400
5570,1998
5570,2087
5570,4638
5570,1013
5570,1547
5570,1720
5570,3385
5570,3184
5570,5105
5570,1650
5570,458
5570,2767
5570,5002
5570,273
5570,5498
5570,5489
5570,5570
5570,15
5570,2693
5570,321
5570,319
5570,125
5570,3665
5570,1289
5570,5312
5570,2380
5570,5571
5570,3050
5570,3600
5570,2146
5570,5318
5570,3281
5570,3136
5570,4567
5570,1791
5570,2792
5570,3632
5570,865
3811,1465
3811,2448
3811,4798
3811,2364
3811,2485
3811,4997
3811,14
3811,3811
3811,2873
3811,1374
3811,2396
2240,5290
2240,256
2240,4857
2240,836
2240,591
2240,4682
2240,2806
2240,2093
2240,3992
2240,899
2240,3827
2240,1834
2240,4226
2240,5243
2240,5087
2240,3318
2240,1646
2240,4382
2240,2844
2240,347
2240,2502
2240,158
2240,3723
2240,4187
2240,2240
2240,2066
2240,3904
2240,1329
2240,3191
2240,13
2240,4763
2240,3080
2240,3450
3279,2657
3279,3277
3279,316
3279,4368
3279,140
3279,69
3279,2339
3279,3967
3279,3279
3279,1614
3279,5538
3279,1707
3279,1077
3279,3143
3279,111
3279,3135
3770,2752
3770,29
3770,2920
3770,4601
3770,3940
3770,3721
3770,942
3770,1205
3770,3334
3770,3770
3770,4118
3770,1087
3770,4906
3770,2547
3770,2330
3770,3514
3770,3042
2127,3099
2127,1041
2127,3116
2127,820
2127,4511
2127,1913
2127,426
2127,4815
2127,4073
2127,1680
2127,3034
2127,1423
2127,2127
2127,5306
2127,349
2127,2724
2127,1343
2127,5421
2127,1951
2127,1809
4646,3616
4646,1199
4646,1522
4646,4473
4646,3198
4646,1691
4646,5006
4646,3854
4646,3308
4646,248
4646,4646
4646,5438
4646,2998
4646,2652
4646,490
4646,3404
4646,4461
4646,1870
4646,4822
4646,3179
3225,2461
3225,5405
3225,1936
3225,3029
3225,2220
3225,927
3225,3225
3225,4212
3225,2549
3225,5176
3225,2117
3225,1751
2066,256
2066,4857
2066,836
2066,4682
2066,2093
2066,899
2066,1575
2066,1834
2066,5633
2066,5243
2066,5087
2066,3318
2066,2844
2066,347
2066,2502
2066,158
2066,4187
2066,2240
2066,2066
2066,1943
2066,1329
2066,181
2066,4763
2066,451
2066,1732
2873,1465
2873,2448
2873,516
2873,1710
2873,4997
2873,14
2873,3368
2873,3811
2873,2873
2873,1374
2873,2396
845,4423
845,5611
845,2245
845,5356
845,1132
845,1296
845,2516
845,2198
845,3949
845,2399
845,18
845,3669
845,2186
845,326
845,2942
845,845
845,1154
845,2088
845,2865
845,4156
845,5603
845,4256
845,4972
845,1515
1434,1280
1434,2939
1434,2099
1434,888
1434,5374
1434,3316
1434,1523
1434,1155
1434,2981
1434,444
1434,1434
1434,4178
1434,4093
1434,1167
1434,4712
1434,4540
1434,5327
1434,3887
4377,1793
4377,2524
4377,3193
4377,3165
4377,3151
4377,154
4377,142
4377,4144
4377,5300
4377,211
4377,3152
4377,1618
4377,2899
4377,3775
4377,3258
4377,3963
4377,2007
4377,3469
4377,4863
4377,4377
4377,2440
4377,3731
4377,81
4377,2417
1305,1151
1305,3573
1305,929
1305,2038
1305,4534
1305,1815
1305,3984
1305,2109
1305,2661
1305,4743
1305,812
1305,2580
1305,5323
1305,1305
1305,4580
1305,547
1305,1364
1305,5436
1305,3101
1545,3168
1545,2490
1545,75
1545,1074
1545,2434
1545,1579
1545,989
1545,3718
1545,1632
1545,1545
1545,1159
1545,3315
1545,2105
1545,1922
4388,987
4388,2805
4388,39
4388,213
4388,4991
4388,2971
4388,85
4388,1658
4388,3985
4388,4287
4388,576
4388,4249
4388,4388
4388,1003
4388,110
4388,4732
4388,3714
4388,3006
4388,3959
4388,5
4388,4761
4388,1589
1051,29
1051,4412
1051,2244
1051,1974
1051,2455
1051,4601
1051,2194
1051,942
1051,586
1051,1287
1051,1205
1051,965
1051,2868
1051,4092
1051,1920
1051,1051
1051,5133
1051,5359
1051,5101
1051,103
1051,1087
1051,2601
1051,1723
1559,2220
1559,803
1559,3275
1559,1559
1559,1556
1559,3394
1559,4212
2094,456
2094,2885
2094,5643
2094,3410
2094,3452
2094,5557
2094,1860
2094,2750
2094,4097
2094,3219
2094,3244
2094,660
2094,4939
2094,1477
2094,3934
2094,4873
2094,3401
2094,697
2094,770
2094,1413
2094,1019
2094,220
2094,2513
2094,1036
2094,2094
2094,3402
2094,3387
2094,2199
2094,336
2094,418
2094,618
2094,212
2094,4130
2094,5362
2094,3448
2094,621
2094,1906
2094,1415
2094,2058
2094,5307
1600,3513
1600,2677
1600,1710
1600,5606
1600,1179
1600,3766
1600,3483
1600,5626
1600,994
1600,1600
1600,1209
1600,3026
1600,157
1600,390
1600,2882
1600,4861
1600,126
1600,5165
1600,4381
1147,3408
1147,3465
1147,5349
1147,1126
1147,5604
1147,1147
1147,4840
5455,5014
5455,2961
5455,1035
5455,5422
5455,4159
5455,3687
5455,1833
5455,3092
5455,2304
5455,1037
5455,915
5455,2180
5455,3487
5455,785
5455,4915
5455,4823
5455,3806
5455,36
5455,2921
5455,717
5455,3074
5455,956
5455,2879
5455,3367
5455,440
5455,5455
5455,905
5455,4515
5455,2295
5455,1387
5455,2995
5133,436
5133,5208
5133,1974
5133,4601
5133,4282
5133,1047
5133,2194
5133,965
5133,2868
5133,2651
5133,1919
5133,1051
5133,5133
5133,4210
5133,1087
5133,2601
5133,1723
3865,5291
3865,1585
3865,3865
3865,5460
1098,4624
1098,2760
1098,4087
1098,2716
1098,4357
1098,1966
1098,2660
1098,5271
1098,5311
1098,5642
1098,493
1098,1098
1098,357
1098,147
1098,2565
1098,1810
1098,3042
2158,3870
2158,265
2158,2721
2158,1139
2158,4641
2158,4809
2158,4205
2158,363
2158,1275
2158,980
2158,368
2158,3296
2158,2707
2158,2260
2158,3761
2158,2647
2158,2166
2158,1455
2158,2158
2158,3024
2158,4952
2158,2886
2158,184
2158,5511
2158,1250
2158,4884
2158,2849
2158,4888
2158,3978
4237,1467
4237,2139
4237,3299
4237,5549
4237,3073
4237,2734
4237,4911
4237,4237
4237,91
4237,3981
4237,43
4237,925
4237,4705
4237,1856
4237,1619
4237,266
2284,2368
2284,5272
2284,4220
2284,3234
2284,3548
2284,3633
2284,4441
2284,2145
2284,2900
2284,2225
2284,4224
2284,1970
2284,218
2284,759
2284,1440
2284,831
2284,924
2284,2727
2284,2284
2284,3897
2284,4784
2284,5377
2284,4657
2284,4409
290,263
290,1464
290,1956
290,3748
290,3247
290,2872
290,2376
290,882
290,2176
290,1333
290,2610
290,3575
290,5109
290,1490
290,701
290,290
290,1216
290,2261
290,5400
290,5345
290,1532
2736,25
2736,92
2736,2052
2736,3245
2736,3096
2736,131
2736,2313
2736,5341
2736,4376
2736,2169
2736,2736
2736,995
2736,5447
2736,2802
2736,5417
2736,1742
1994,5618
1994,4177
1994,910
1994,3171
1994,5334
1994,5316
1994,1603
1994,4957
1994,213
1994,4991
1994,3033
1994,4707
1994,3534
1994,2525
1994,1702
1994,1260
1994,3497
1994,4577
1994,4876
1994,1257
1994,1666
1994,4746
1994,2708
1994,3145
1994,3283
1994,3884
1994,1757
1994,1994
1994,569
1994,1338
1994,1003
1994,4484
1994,1506
1994,4383
1994,3272
1994,1804
1994,3006
1994,1714
1994,1403
1994,1549
1994,2858
1994,2700
1994,5326
3651,403
3651,529
3651,5229
3651,2633
3651,383
3651,4982
3651,2644
3651,729
3651,5030
3651,2787
3651,4163
3651,3651
3651,3625
3651,5135
3651,2761
3651,425
3651,1082
3651,3528
3651,3267
3651,5054
3651,3645
3651,5108
3651,2962
3651,2876
905,5014
905,5422
905,4159
905,3687
905,3092
905,2337
905,2304
905,915
905,2180
905,3487
905,1796
905,4915
905,4823
905,3806
905,36
905,2921
905,2879
905,3367
905,5455
905,905
905,2295
905,1387
905,2995
905,5197
905,4125
905,4976
2944,1595
2944,5169
2944,2674
2944,1464
2944,4775
2944,3768
2944,4824
2944,2872
2944,4998
2944,1577
2944,1884
2944,1490
2944,1196
2944,2944
2944,5494
2944,2029
2944,2048
2944,1107
2944,2437
2944,682
2944,4462
2944,3885
2944,4012
2944,1514
4899,2748
4899,4505
4899,2268
4899,4547
4899,4663
4899,3738
4899,3543
4899,3224
4899,1394
4899,4899
4899,713
4899,1985
4899,4181
4899,4801
4899,2851
3323,4630
3323,3499
3323,1314
3323,1479
3323,4813
3323,2222
3323,3323
3323,1831
3323,4970
3323,3861
3323,1945
3323,139
3323,4202
3323,89
3024,5221
3024,265
3024,4809
3024,4205
3024,2019
3024,887
3024,363
3024,4090
3024,2246
3024,1275
3024,3296
3024,2212
3024,2707
3024,2260
3024,3761
3024,2647
3024,2166
3024,2158
3024,3024
3024,2128
3024,4952
3024,5511
3024,1250
3024,3392
3024,2849
3024,3978
688,5520
688,116
688,1902
688,267
688,864
688,536
688,97
688,688
688,2495
688,2584
688,3918
15,3913
15,4285
15,2439
15,3287
15,3137
15,2076
15,498
15,1301
15,3336
15,238
15,2155
15,2004
15,4864
15,4684
15,1115
15,5259
15,1664
15,5631
15,1656
15,3438
15,1998
15,1897
15,2087
15,4638
15,1013
15,2556
15,1547
15,1720
15,3385
15,3184
15,5105
15,458
15,5002
15,3056
15,5498
15,5570
15,15
15,2693
15,321
15,3418
15,319
15,125
15,3665
15,1289
15,5312
15,2380
15,3894
15,3600
15,4715
15,4400
15,5318
15,5470
15,4567
15,1791
15,2792
15,865
15,1993
269,2848
269,2632
269,3286
269,5061
269,5507
269,2887
269,4639
269,4973
269,2313
269,5341
269,2895
269,2169
269,4778
269,2463
269,269
269,3330
269,4709
269,5344
269,995
269,6
269,2254
269,1543
269,3556
269,1742
4277,1513
4277,677
4277,1813
4277,1143
4277,4935
4277,2528
4277,4562
4277,4277
4277,5333
4277,4961
4277,4016
4277,5462
4277,3953
4443,1294
4443,5364
4443,2239
4443,1084
4443,1142
4443,3964
4443,5224
4443,4396
4443,3170
4443,1220
4443,4101
4443,4742
4443,4936
4443,2206
4443,4443
4443,4208
4443,2104
4443,4739
4443,2407
4443,4923
4443,1886
4443,281
357,4624
357,856
357,2760
357,5437
357,1495
357,2920
357,3304
357,2716
357,1404
357,1966
357,2488
357,5271
357,1872
357,5311
357,1098
357,357
357,4539
357,4808
357,1039
5560,3901
5560,508
5560,2124
5560,2837
5560,4681
5560,2833
5560,3492
5560,3482
5560,5560
5560,5566
5560,2859
5560,3391
5560,2704
5560,4008
959,5098
959,4837
959,2299
959,3001
959,4814
959,2279
959,1540
959,2948
959,2294
959,3093
959,959
959,686
959,3013
959,302
959,1894
959,2535
959,4671
5515,3500
5515,247
5515,3100
5515,2006
5515,891
5515,2446
5515,4492
5515,2391
5515,1739
5515,5399
5515,2843
5515,2291
5515,2990
5515,3250
5515,1509
5515,2470
5515,2165
5515,348
5515,4910
5515,295
5515,5227
5515,5515
5515,932
5515,5043
5515,4133
5515,5056
5515,1014
5515,725
5515,2896
5515,4627
5515,2309
5515,1576
5515,3395
5306,1516
5306,3099
5306,1041
5306,3116
5306,3622
5306,215
5306,4511
5306,426
5306,4815
5306,4073
5306,3691
5306,1680
5306,3034
5306,2383
5306,2127
5306,5306
5306,349
5306,2724
5306,500
5306,5421
5306,2084
5306,3958
5306,1951
4048,5260
4048,882
4048,2176
4048,2703
4048,5109
4048,2917
4048,4048
4048,3064
4048,752
4048,1475
4048,738
4048,2261
4048,5400
4048,1766
4048,4172
4048,3133
4635,3245
4635,3531
4635,82
4635,3259
4635,3114
4635,4376
4635,2248
4635,2203
4635,4635
4635,2802
4635,1699
4635,611
4533,3389
4533,3480
4533,4771
4533,4300
4533,4692
4533,1551
4533,1754
4533,4319
4533,208
4533,3265
4533,1519
4533,5124
4533,4767
4533,2400
4533,1282
4533,4850
4533,2668
4533,5526
4533,3161
4533,1383
4533,169
4533,342
4533,1823
4533,2767
4533,807
4533,1002
4533,1121
4533,1949
4533,4533
4533,42
4533,125
4533,1411
4533,5571
4533,3783
4533,1228
4533,4279
4533,3281
4533,3136
4533,4567
4533,5305
4533,3816
4533,3632
4533,2756
4533,2989
2690,4860
2690,5397
2690,1992
2690,3931
2690,2655
2690,2325
2690,5449
2690,4122
2690,4019
2690,1978
2690,4354
2690,4024
2690,198
2690,5025
2690,689
2690,2600
2690,2282
2690,4403
2690,2690
2690,5519
2690,2867
2690,117
2690,483
2690,4047
3753,3270
3753,2534
3753,3376
3753,165
3753,4853
3753,4018
3753,1202
3753,2954
3753,4136
3753,4985
3753,644
3753,4062
3753,3753
3753,1317
3753,5327
3753,395
3753,3887
3753,4439
3044,4597
3044,4151
3044,634
3044,3508
3044,1965
3044,1010
3044,760
3044,4311
3044,1323
3044,3044
3044,1887
3044,2089
3044,2302
3044,3862
3419,5276
3419,5150
3419,2594
3419,1138
3419,4575
3419,354
3419,1628
3419,740
3419,3937
3419,1671
3419,1049
3419,1306
3419,3419
3419,2315
3419,3973
2650,65
2650,5448
2650,4042
2650,3451
2650,5604
2650,3729
2650,3803
2650,2475
2650,3728
2650,2650
2650,1764
2650,4840
2650,4971
2650,5321
2650,275
2650,4758
4069,3172
4069,4827
4069,874
4069,5037
4069,4482
4069,4293
4069,3129
4069,223
4069,2614
4069,4664
4069,73
4069,2449
4069,4924
4069,4768
4069,4069
4069,60
4069,1871
4069,5442
4069,2200
4069,2047
4069,1056
4069,1238
4069,1534
4069,2665
4069,1592
4069,868
4069,2305
4069,1188
4069,3785
932,247
932,3100
932,2586
932,2006
932,2446
932,4492
932,2391
932,577
932,1739
932,5399
932,2843
932,2291
932,2990
932,3250
932,2270
932,1509
932,2470
932,4302
932,2165
932,348
932,2662
932,5629
932,4910
932,4373
932,295
932,5515
932,932
932,5043
932,4133
932,5056
932,1014
932,725
932,5315
932,4627
932,1576
4210,436
4210,5208
4210,4282
4210,1047
4210,2194
4210,965
4210,2651
4210,1919
4210,5133
4210,4210
4210,1615
4210,2387
4210,2444
4210,2601
4210,1723
3697,2961
3697,1035
3697,3843
3697,332
3697,1833
3697,4076
3697,2753
3697,785
3697,3057
3697,4415
3697,4296
3697,4796
3697,717
3697,956
3697,3902
3697,3697
3697,4515
3697,1818
3697,2187
3697,4160
3697,268
5293,3041
5293,1753
5293,1199
5293,1025
5293,1743
5293,2545
5293,5040
5293,3841
5293,3198
5293,4030
5293,2234
5293,5293
5293,2450
5293,4868
5293,2652
5293,1571
5293,1661
5293,2788
5293,5185
5293,3053
5516,3127
5516,3488
5516,3755
5516,4872
5516,1617
5516,3307
5516,5041
5516,2596
5516,148
5516,4904
5516,4401
5516,5516
5516,5555
5516,4171
5516,2546
5516,944
4041,1236
4041,663
4041,5180
4041,3824
4041,2061
4041,1090
4041,963
4041,5064
4041,5336
4041,1866
4041,4041
4041,1252
4041,5017
4041,5453
4041,2588
4903,1511
4903,4959
4903,2024
4903,3474
4903,1961
4903,4756
4903,757
4903,1517
4903,1346
4903,3331
4903,1819
4903,1981
4903,5270
4903,2593
4903,113
4903,4361
4903,2568
4903,5617
4903,5263
4903,2361
4903,2922
4903,5441
4903,4903
4903,4782
4903,3154
4903,1943
4903,2377
4903,1026
4903,1891
4903,181
4903,3340
4903,543
4903,3298
4903,2801
4903,451
4903,4794
4903,5141
4903,3578
2576,1862
2576,2673
2576,1649
2576,3282
2576,1128
2576,565
2576,2209
2576,5136
2576,467
2576,1401
2576,4616
2576,2576
2576,2219
2576,5210
2576,5262
2576,86
2576,1755
2576,4975
2576,3135
1588,624
1588,1304
1588,5319
1588,1269
1588,373
1588,2925
1588,5568
1588,1481
1588,475
1588,5379
1588,1076
1588,4877
1588,1588
1588,191
1588,2719
1588,2672
1588,828
1588,5149
1588,4326
1588,5317
1588,4426
1588,1960
1588,2223
1588,1916
1588,3907
1588,4124
1588,4666
1588,3839
2473,328
2473,2674
2473,4775
2473,3324
2473,1654
2473,4824
2473,4998
2473,2691
2473,1884
2473,2473
2473,1426
2473,3111
2473,2599
2473,2029
2473,1149
2473,3606
2473,2048
2473,682
2473,3885
2473,4012
2473,1514
4532,4790
4532,5388
4532,4966
4532,337
4532,2124
4532,4262
4532,3492
4532,1325
4532,5194
4532,4532
4532,749
4532,4442
4532,765
4532,1954
4532,3406
4532,1226
4532,1875
4532,2704
42,4771
42,4300
42,4319
42,208
42,1519
42,3439
42,3530
42,1282
42,4850
42,5526
42,1823
42,807
42,1121
42,4533
42,42
42,1952
42,3783
42,1228
42,482
3572,1694
3572,4402
3572,2336
3572,4679
3572,1099
3572,3572
3572,5574
3572,5017
3572,5130
3572,4229
3572,2491
4140,1263
4140,2020
4140,4281
4140,4901
4140,3664
4140,1533
4140,4140
4140,5434
4140,5146
4140,2949
4140,782
3607,2110
3607,1530
3607,3940
3607,595
3607,866
3607,5506
3607,5486
3607,3354
3607,4792
3607,2562
3607,2388
3607,3334
3607,493
3607,3607
3607,3988
3607,3514
3607,4598
3607,930
2421,4669
2421,4735
2421,422
2421,4541
2421,2409
2421,4535
2421,5291
2421,5187
2421,1585
2421,2421
2421,5460
2421,5239
310,5535
310,4177
310,3124
310,308
310,392
310,3337
310,1262
310,4550
310,3004
310,1666
310,4746
310,2708
310,3145
310,3884
310,799
310,1757
310,310
310,1338
310,4484
310,5431
310,1403
310,1549
3158,2147
3158,2508
3158,3531
3158,200
3158,3917
3158,1016
3158,2955
3158,1795
3158,4841
3158,2248
3158,1420
3158,2415
3158,369
3158,3158
3158,2626
3158,3453
3158,3772
3158,3455
3158,724
3158,1285
4668,637
4668,2519
4668,216
4668,3220
4668,715
4668,778
4668,162
4668,4668
4668,1454
5492,2164
5492,5618
5492,2978
5492,877
5492,339
5492,2497
5492,522
5492,4180
5492,3171
5492,4234
5492,5334
5492,1692
5492,748
5492,632
5492,2525
5492,5308
5492,3052
5492,243
5492,1386
5492,1260
5492,4577
5492,4876
5492,4346
5492,2297
5492,1176
5492,5492
5492,894
5492,1873
5492,4776
5492,2373
5492,1032
5492,3291
5492,1741
5492,2700
5492,1089
5492,74
3330,2848
3330,2632
3330,3286
3330,25
3330,5061
3330,2887
3330,4639
3330,4973
3330,2313
3330,4493
3330,5341
3330,2895
3330,1378
3330,2169
3330,4778
3330,2463
3330,269
3330,3330
3330,5344
3330,995
3330,6
3330,2254
3330,1543
3330,3556
3330,1742
1235,1314
1235,4983
1235,4413
1235,2222
1235,3758
1235,1235
1235,2189
1235,2413
1235,167
1095,1170
1095,3952
1095,3023
1095,2972
1095,1828
1095,3371
1095,5035
1095,4272
1095,30
1095,1838
1095,5018
1095,3021
1095,4725
1095,1053
1095,3132
1095,4273
1095,1140
1095,1095
1095,1740
1095,1616
1095,4642
1095,1983
1095,870
684,4252
684,3690
684,285
684,5372
684,5483
684,1934
684,931
684,3925
684,5031
684,93
684,2243
684,684
684,4820
684,5181
684,3013
684,3009
684,5144
749,4790
749,4687
749,3346
749,5229
749,5388
749,4131
749,4966
749,5398
749,337
749,4609
749,4262
749,3121
749,5194
749,2113
749,4532
749,749
749,2365
749,996
749,2178
749,765
749,1999
749,4480
749,1954
749,3406
749,1226
4709,2848
4709,2632
4709,3286
4709,5507
4709,2887
4709,4778
4709,269
4709,4709
4709,5344
4709,5466
4709,2254
4709,1454
4709,1543
779,2845
779,1550
779,4593
779,434
779,3877
779,4347
779,1162
779,5246
779,779
779,3064
779,1240
779,1475
779,2059
4954,742
4954,1566
4954,4881
4954,3609
4954,4644
4954,4027
4954,276
4954,1637
4954,3975
4954,3829
4954,4753
4954,3213
4954,4954
4954,4061
4954,2607
4954,4518
4954,370
3544,2426
3544,4313
3544,1693
3544,2498
3544,3407
3544,1198
3544,3614
3544,5252
3544,2129
3544,572
3544,3544
3544,3726
3544,3881
3544,4216
3544,4292
3544,3762
3544,346
3544,2015
3544,603
3544,5534
292,5272
292,626
292,1304
292,3234
292,4441
292,1272
292,3754
292,484
292,475
292,5614
292,4063
292,1021
292,218
292,1161
292,1440
292,2727
292,292
292,4591
292,2719
292,1655
292,1681
292,2195
292,194
292,2073
292,1322
292,4785
292,4124
292,4666
292,3839
4820,2534
4820,4252
4820,3690
4820,2318
4820,1202
4820,598
4820,5372
4820,5483
4820,1934
4820,3993
4820,4917
4820,2196
4820,3925
4820,644
4820,93
4820,2243
4820,4294
4820,684
4820,4820
4820,5181
4820,3009
4820,4175
686,5098
686,3573
686,1722
686,1625
686,773
686,4814
686,2279
686,2948
686,2661
686,2294
686,5128
686,3093
686,959
686,686
686,857
686,3013
686,1483
686,1894
686,5144
1850,4576
1850,3138
1850,2080
1850,3142
1850,4900
1850,4799
1850,3343
1850,358
1850,2595
1850,1357
1850,3338
1850,4378
1850,5609
1850,3951
1850,1850
1850,2272
1850,4718
1850,2009
1850,5164
1850,2202
1850,257
1850,2840
1850,1829
4583,2616
4583,5477
4583,2772
4583,2741
4583,3989
4583,3802
4583,1932
4583,571
4583,237
4583,4553
4583,4583
4583,497
4583,798
4583,5572
4583,3799
4583,839
3986,2933
3986,9
3986,408
3986,3512
3986,30
3986,1838
3986,5018
3986,1904
3986,4725
3986,739
3986,2359
3986,3986
3986,1740
3986,5411
3986,885
1286,2179
1286,3921
1286,70
1286,3987
1286,1722
1286,4269
1286,2980
1286,5372
1286,1934
1286,3993
1286,3478
1286,2196
1286,1749
1286,2126
1286,628
1286,4434
1286,1286
1286,1234
1286,4206
1286,3009
1286,1079
1286,4175
1286,517
1286,261
1286,3031
1286,1421
1286,3910
5494,5169
5494,1464
5494,4775
5494,1956
5494,3768
5494,2872
5494,1577
5494,2376
5494,1884
5494,5109
5494,1490
5494,1196
5494,2944
5494,5494
5494,2029
5494,1216
5494,1107
5494,2437
5494,682
5494,1532
5550,1550
5550,3190
5550,2688
5550,5302
5550,358
5550,875
5550,4719
5550,2418
5550,3951
5550,1554
5550,1120
5550,5550
5550,1240
5550,2272
5550,4974
2693,3480
2693,4285
2693,2960
2693,2439
2693,1754
2693,3137
2693,2076
2693,498
2693,1301
2693,3336
2693,238
2693,2155
2693,2004
2693,4864
2693,4684
2693,1115
2693,1664
2693,5631
2693,1656
2693,4767
2693,3438
2693,2400
2693,1998
2693,2087
2693,4638
2693,3161
2693,1547
2693,5118
2693,2210
2693,1720
2693,3385
2693,3184
2693,5105
2693,4946
2693,458
2693,3056
2693,1949
2693,5498
2693,5570
2693,15
2693,2693
2693,321
2693,3418
2693,319
2693,125
2693,3665
2693,1289
2693,5312
2693,2380
2693,3050
2693,3600
2693,4715
2693,4400
2693,5318
2693,5470
2693,3136
2693,4567
2693,1791
2693,2792
2693,3816
2693,1993
3010,1516
3010,3099
3010,3638
3010,1231
3010,1041
3010,820
3010,3553
3010,3436
3010,4815
3010,5220
3010,1680
3010,1631
3010,1489
3010,3010
3010,4390
3010,349
3010,2443
3010,2044
3010,3958
3625,4053
3625,529
3625,5229
3625,2633
3625,4982
3625,2644
3625,729
3625,4163
3625,3651
3625,3625
3625,5135
3625,2761
3625,2365
3625,425
3625,1082
3625,996
3625,3267
3625,1999
3625,5054
3625,5108
3625,2876
1428,3048
1428,2602
1428,1208
1428,3657
1428,2229
1428,999
1428,5450
1428,1643
1428,469
1428,5404
1428,4507
1428,1428
1428,2382
1428,4307
1428,3853
1428,1330
1428,3105
1428,5286
1428,4848
1428,3857
3727,5277
3727,1342
3727,668
3727,2676
3727,2738
3727,2416
3727,3812
3727,5283
3727,2993
3727,1846
3727,187
3727,3613
3727,1678
3727,4074
3727,5091
3727,2966
3727,4248
3727,711
3727,57
3727,3393
3727,3727
3727,3847
3727,2817
3727,1773
3727,1746
3727,1787
3727,204
3727,4447
3727,3058
3727,2956
3727,3685
3727,4309
3727,1737
3727,3229
3727,3347
3727,1586
3727,1924
1877,1170
1877,4455
1877,4340
1877,1828
1877,5289
1877,3944
1877,5035
1877,4272
1877,4055
1877,5112
1877,5499
1877,1768
1877,4725
1877,2358
1877,739
1877,1053
1877,3132
1877,4273
1877,344
1877,1877
1877,1616
1877,170
1877,2811
1877,4642
1877,387
399,5278
399,222
399,819
399,1579
399,399
399,1159
399,2735
399,3315
399,4094
399,2829
4539,5437
4539,1865
4539,1495
4539,1940
4539,3304
4539,1404
4539,1966
4539,2488
4539,4647
4539,1872
4539,357
4539,4539
4539,4808
4539,1039
5073,2049
5073,2821
5073,5369
5073,144
5073,5069
5073,4265
5073,1734
5073,2739
5073,5010
5073,3932
5073,4522
5073,5073
5073,1315
5073,1991
5073,1854
5073,5340
5073,4010
5073,5559
5073,2635
2909,3370
2909,3736
2909,442
2909,737
2909,3096
2909,2398
2909,546
2909,2555
2909,260
2909,99
2909,2870
2909,2587
2909,920
2909,2909
2909,4487
2909,2918
2909,3240
2909,1593
2909,1879
2909,52
2909,1605
296,2157
296,3694
296,4460
296,300
296,4198
296,3540
296,5493
296,3891
296,955
296,296
296,454
4353,2974
4353,172
4353,1607
4353,4513
4353,563
4353,4379
4353,4349
4353,4334
4353,5423
4353,1686
4353,2357
4353,353
4353,4353
4353,5414
4353,153
4353,4191
4353,3297
4353,1829
4353,937
1849,1247
1849,712
1849,1186
1849,1471
1849,1841
1849,2503
1849,3876
1849,2190
1849,416
1849,3386
1849,2021
1849,602
1849,1849
1849,5004
1849,1312
5519,921
5519,1500
5519,4860
5519,5397
5519,1992
5519,3931
5519,2655
5519,617
5519,1096
5519,4064
5519,5449
5519,4308
5519,5088
5519,4918
5519,1761
5519,5583
5519,5009
5519,1453
5519,1429
5519,5392
5519,1442
5519,3583
5519,1978
5519,4354
5519,3621
5519,3192
5519,5402
5519,198
5519,5025
5519,689
5519,4411
5519,2185
5519,2282
5519,4403
5519,2690
5519,5519
5519,3204
5519,2867
5519,3349
5519,3447
5519,117
5519,4588
5519,4245
5519,4047
5519,2367
5519,1172
5519,2514
5519,156
5519,1114
1802,516
1802,5606
1802,3368
1802,1802
1802,1955
1802,3391
3847,5277
3847,1342
3847,1197
3847,2020
3847,4207
3847,2993
3847,2722
3847,187
3847,1266
3847,776
3847,2
3847,1678
3847,4074
3847,5091
3847,2966
3847,5155
3847,4248
3847,57
3847,4060
3847,3727
3847,3847
3847,2286
3847,3223
3847,5567
3847,2817
3847,1168
3847,1787
3847,2395
3847,204
3847,2170
3847,3058
3847,2280
3847,2956
3847,3685
3847,4309
3847,1586
3847,1924
3847,782
3847,1885
4782,1511
4782,4959
4782,2024
4782,3474
4782,1961
4782,3923
4782,4756
4782,757
4782,1517
4782,1346
4782,3331
4782,1575
4782,1819
4782,1981
4782,5270
4782,3318
4782,2593
4782,113
4782,4361
4782,2568
4782,5617
4782,5263
4782,2361
4782,2922
4782,5441
4782,4903
4782,4782
4782,3154
4782,1943
4782,2377
4782,1026
4782,1891
4782,181
4782,3340
4782,543
4782,3298
4782,2801
4782,451
4782,4794
4782,5141
4782,2457
4782,3578
1687,2208
1687,3597
1687,2378
1687,1441
1687,4711
1687,1965
1687,5375
1687,1505
1687,1946
1687,1070
1687,1526
1687,1687
1687,5226
1687,1363
1687,2881
1687,1065
1687,254
3256,2062
3256,4959
3256,5396
3256,757
3256,5270
3256,2906
3256,2593
3256,5617
3256,1094
3256,4182
3256,3256
3256,376
3256,2377
3256,3786
3256,1891
3256,4988
3256,4428
3256,3298
3256,2903
321,3389
321,3480
321,4771
321,4285
321,2960
321,2439
321,1754
321,3137
321,2076
321,498
321,1301
321,3265
321,3336
321,238
321,2004
321,4864
321,4684
321,1519
321,1115
321,1664
321,5631
321,4767
321,3438
321,2400
321,2087
321,2668
321,3161
321,1383
321,1547
321,342
321,5118
321,2210
321,1720
321,3385
321,3184
321,4946
321,458
321,2767
321,1949
321,5498
321,5570
321,15
321,2693
321,321
321,3418
321,125
321,3665
321,1289
321,5312
321,3855
321,2380
321,5571
321,3050
321,3600
321,4715
321,3783
321,5318
321,5470
321,4279
321,3136
321,4567
321,5305
321,1791
321,3816
321,1993
321,2989
3656,4002
3656,3211
3656,792
3656,612
3656,5545
3656,3212
3656,2253
3656,647
3656,608
3656,3276
3656,3119
3656,3694
3656,300
3656,3540
3656,986
3656,1480
3656,1066
3656,3656
3656,4965
3656,1859
3656,2300
4591,626
4591,3234
4591,4441
4591,1272
4591,3754
4591,484
4591,2145
4591,4063
4591,1021
4591,4224
4591,1970
4591,218
4591,1161
4591,1440
4591,2727
4591,292
4591,4591
4591,1655
4591,4784
4591,1681
4591,2195
4591,2073
4591,1322
4591,5377
4591,867
4591,4785
4591,1782
5127,374
5127,1297
5127,2112
5127,3257
5127,4494
5127,4035
5127,5281
5127,427
5127,753
5127,2603
5127,1622
5127,4978
5127,5127
5127,2301
5127,5355
5127,4472
5127,5595
5127,3475
5127,4723
1374,2448
1374,4798
1374,2485
1374,3811
1374,2873
1374,1374
1374,2396
3563,2453
3563,3320
3563,1630
3563,2466
3563,1223
3563,2122
3563,1215
3563,1129
3563,3563
3563,1006
3563,2825
2290,2120
2290,3433
2290,1468
2290,4517
2290,1899
2290,5385
2290,1572
2290,2510
2290,1880
2290,1153
2290,2687
2290,4139
2290,3351
2290,2290
2290,4325
2290,3682
2290,3459
2290,5597
2290,1623
2290,2629
2290,5584
2290,3086
2290,1439
3897,2368
3897,5272
3897,1204
3897,4220
3897,5391
3897,709
3897,863
3897,4714
3897,5219
3897,1927
3897,4324
3897,759
3897,831
3897,924
3897,2284
3897,3897
3897,4657
3897,2027
3897,4409
1159,3168
1159,75
1159,5278
1159,2434
1159,1579
1159,989
1159,4465
1159,122
1159,1632
1159,1545
1159,399
1159,1159
1159,3315
1159,1424
1159,2891
1159,2105
1159,1922
750,3824
750,317
750,4042
750,1562
750,4483
750,2819
750,4038
750,3729
750,5336
750,750
750,4770
750,136
750,1926
750,3939
1556,3066
1556,4691
1556,803
1556,3914
1556,3275
1556,3388
1556,1559
1556,1556
1556,71
1556,3394
1556,2631
1556,5174
5574,3810
5574,4402
5574,5368
5574,4679
5574,1099
5574,2871
5574,282
5574,3572
5574,5574
5574,4229
5574,3636
4157,574
4157,4251
4157,4735
4157,2552
4157,2409
4157,4157
4157,4825
2656,1595
2656,1987
2656,5260
2656,3844
2656,1402
2656,2050
2656,2917
2656,3535
2656,5050
2656,2656
2656,752
2656,1475
2656,465
2656,1766
2656,2059
1563,4945
1563,910
1563,934
1563,4797
1563,5334
1563,5316
1563,3372
1563,748
1563,4957
1563,3534
1563,4440
1563,4577
1563,594
1563,2493
1563,1563
1563,894
1563,1506
1563,552
1563,3309
1563,1714
1281,1151
1281,4455
1281,4425
1281,350
1281,929
1281,2038
1281,4795
1281,4534
1281,5554
1281,4272
1281,790
1281,2109
1281,4743
1281,66
1281,2892
1281,1281
1281,547
1281,4818
1281,1364
1281,5436
2351,2554
2351,4860
2351,2773
2351,5397
2351,3931
2351,1324
2351,2655
2351,3660
2351,623
2351,561
2351,127
2351,2468
2351,1453
2351,5392
2351,1978
2351,4354
2351,4024
2351,3192
2351,198
2351,5025
2351,2185
2351,2351
2351,3204
2351,2867
2351,2276
2351,496
2351,3838
2351,3349
2351,3321
2351,117
2351,4221
2351,4047
2351,1172
2351,4126
2351,2514
2351,156
3886,5488
3886,3715
3886,3893
3886,600
3886,5365
3886,1251
3886,3886
3886,4104
3204,1500
3204,2554
3204,4860
3204,2773
3204,5397
3204,3931
3204,4803
3204,1324
3204,617
3204,4064
3204,3660
3204,4308
3204,5088
3204,4918
3204,623
3204,1353
3204,3519
3204,5583
3204,561
3204,127
3204,1453
3204,5392
3204,4613
3204,3067
3204,1442
3204,1978
3204,4354
3204,3621
3204,3192
3204,2486
3204,198
3204,5025
3204,2185
3204,492
3204,5519
3204,2351
3204,3204
3204,2867
3204,496
3204,3838
3204,3349
3204,3447
3204,117
3204,4588
3204,4221
3204,4245
3204,4047
3204,2367
3204,1172
3204,4986
3204,4126
3204,2514
3204,156
3676,2809
3676,2521
3676,5045
3676,4323
3676,3676
3676,4932
3676,1633
3676,4108
3676,4367
3676,1038
2371,5611
2371,2245
2371,5356
2371,4267
2371,1213
2371,2399
2371,18
2371,3415
2371,3248
2371,3704
2371,4013
2371,2186
2371,326
2371,1399
2371,5023
2371,2371
2371,4451
2371,2088
2371,4859
2371,4156
2371,683
2371,5383
2371,4256
2371,304
2371,4972
2371,541
2371,160
2371,3743
2371,2983
834,3110
834,4408
834,453
834,3185
834,949
834,3030
834,1050
834,1716
834,1531
834,3647
834,2538
834,3306
834,834
834,5337
834,2205
834,916
834,3571
834,272
834,2403
834,1504
834,5461
834,236
834,84
834,2341
834,2711
3808,5256
3808,5267
3808,4934
3808,1944
3808,1173
3808,3808
3808,2476
3808,2390
3808,590
3808,3793
3808,797
3808,5042
5344,2848
5344,2632
5344,3286
5344,5061
5344,5507
5344,4925
5344,431
5344,2887
5344,4973
5344,833
5344,2895
5344,3892
5344,4778
5344,269
5344,3330
5344,4709
5344,5344
5344,2254
5344,1543
1740,9
1740,408
1740,30
1740,1838
1740,5018
1740,3021
1740,4725
1740,739
1740,2359
1740,1095
1740,3986
1740,1740
1740,5411
1740,885
1740,2103
1740,870
4390,2933
4390,132
4390,1516
4390,1231
4390,3622
4390,3553
4390,3512
4390,3691
4390,1904
4390,2359
4390,4059
4390,1631
4390,531
4390,3010
4390,4390
4390,5411
4390,349
4390,885
4390,500
4390,2947
4390,2084
4390,3958
4390,5354
1952,208
1952,3439
1952,3530
1952,5188
1952,3200
1952,4850
1952,5526
1952,4510
1952,807
1952,468
1952,42
1952,1952
1952,1228
1952,482
5135,403
5135,529
5135,383
5135,4982
5135,2644
5135,5030
5135,2787
5135,4916
5135,4163
5135,3651
5135,3625
5135,5135
5135,2761
5135,425
5135,1082
5135,3528
5135,3267
5135,5054
5135,3645
5135,5108
5135,2962
5135,2876
1178,4566
1178,176
1178,2718
1178,3364
1178,1178
1178,5558
1178,4271
1178,1310
1178,1335
1460,4622
1460,409
1460,5114
1460,4311
1460,1460
1460,2143
1460,272
1460,3521
1460,1060
1460,152
1460,4371
1460,2089
1460,4636
1529,2682
1529,4468
1529,702
1529,4703
1529,4250
1529,5528
1529,3181
1529,3560
1529,1529
1529,2598
1529,3564
5446,1611
5446,2370
5446,1031
5446,355
5446,5446
5446,507
5446,1542
5446,3222
5446,1929
1316,907
1316,112
1316,518
1316,1693
1316,4834
1316,1198
1316,4436
1316,2916
1316,5252
1316,3545
1316,2968
1316,3301
1316,1316
1316,1496
1316,2065
1316,2857
1316,4241
1316,4584
1316,5257
1316,2397
1316,3289
1316,2642
1316,1103
1316,705
1316,5534
2219,1862
2219,2673
2219,1649
2219,1674
2219,3282
2219,1128
2219,565
2219,2209
2219,5136
2219,467
2219,1401
2219,4616
2219,2576
2219,2219
2219,5210
2219,5262
2219,86
2219,1755
2219,3929
2219,1242
569,5618
569,4177
569,910
569,3171
569,5316
569,1603
569,4957
569,213
569,4991
569,3033
569,4707
569,3534
569,2525
569,4577
569,1257
569,1666
569,4746
569,1658
569,2708
569,576
569,3145
569,3283
569,3884
569,1757
569,1994
569,569
569,1338
569,1003
569,4484
569,110
569,1506
569,4383
569,3272
569,3714
569,3006
569,1714
569,1549
569,2858
569,5326
2143,4622
2143,3110
2143,2907
2143,453
2143,409
2143,5114
2143,2538
2143,1624
2143,3306
2143,1460
2143,2143
2143,272
2143,3521
2143,1504
2143,1060
2143,152
2143,4371
2143,4636
2143,84
2143,2711
1194,3238
1194,374
1194,1297
1194,2112
1194,2071
1194,3257
1194,4494
1194,4674
1194,4035
1194,2229
1194,1101
1194,5082
1194,5450
1194,2603
1194,1622
1194,4730
1194,1643
1194,3095
1194,419
1194,1194
1194,2301
1194,3378
1194,922
1194,3118
1194,3853
1194,1330
1194,4472
1194,5595
1194,5205
1194,3475
1194,4723
1584,2784
1584,2053
1584,5189
1584,3498
1584,1365
1584,4765
1584,2574
1584,4101
1584,2192
1584,1584
1584,1063
1584,1328
1584,756
1584,178
1584,2293
1584,1907
1584,461
1135,3303
1135,1445
1135,2776
1135,3527
1135,3004
1135,3848
1135,3533
1135,1135
1135,2237
1135,3062
1135,530
1135,225
1135,4395
1135,4146
1135,3424
1135,1822
1135,3836
334,3028
334,2726
334,2008
334,3005
334,2431
334,4544
334,3322
334,1124
334,1298
334,2855
334,1217
334,2269
334,334
334,830
334,4893
334,5387
334,5182
334,224
334,4020
3950,1091
3950,3996
3950,2821
3950,2097
3950,4874
3950,1734
3950,5464
3950,5005
3950,3960
3950,298
3950,2424
3950,1626
3950,707
3950,3950
3950,5427
3950,772
3950,1160
3950,3146
3950,2026
3950,2635
923,3028
923,2726
923,2375
923,2071
923,4674
923,3005
923,5082
923,4544
923,27
923,3095
923,1217
923,2269
923,923
923,102
923,922
923,4893
923,5387
923,523
923,5182
923,976
923,5205
923,5236
923,224
1338,5535
1338,5618
1338,4177
1338,3171
1338,1603
1338,4957
1338,213
1338,4991
1338,3033
1338,4707
1338,2525
1338,1702
1338,4550
1338,3497
1338,1257
1338,1666
1338,4746
1338,1658
1338,2708
1338,3985
1338,576
1338,3145
1338,3283
1338,3884
1338,799
1338,1757
1338,1994
1338,310
1338,569
1338,1338
1338,4484
1338,4383
1338,3272
1338,1804
1338,3006
1338,1714
1338,1403
1338,1549
1338,2858
1338,2700
1338,5326
5359,29
5359,2974
5359,2455
5359,3304
5359,4128
5359,942
5359,586
5359,1205
5359,4092
5359,2285
5359,1051
5359,5359
5359,5101
5359,103
5359,1942
5359,153
5359,120
5359,1039
3418,1612
3418,3480
3418,2350
3418,3518
3418,4285
3418,2439
3418,1754
3418,3137
3418,498
3418,1301
3418,3336
3418,238
3418,2155
3418,2004
3418,4864
3418,4684
3418,1115
3418,1664
3418,5631
3418,1656
3418,4767
3418,2087
3418,2668
3418,3161
3418,1383
3418,1547
3418,5118
3418,2210
3418,1720
3418,3385
3418,3184
3418,4946
3418,458
3418,3056
3418,1949
3418,5498
3418,15
3418,2693
3418,321
3418,3418
3418,125
3418,3665
3418,1289
3418,5312
3418,3855
3418,2380
3418,3600
3418,4715
3418,5470
3418,4279
3418,3136
3418,4567
3418,5305
3418,1791
3418,3816
3418,1993
3418,2989
44,668
44,3905
44,4710
44,32
44,1337
44,1309
44,3954
44,44
44,1457
44,5383
44,304
44,4067
44,2379
44,1000
4960,2034
4960,5366
4960,714
4960,3868
4960,83
4960,4960
4960,16
4960,1836
4960,4056
4960,4393
4960,4995
5411,2933
5411,9
5411,408
5411,3553
5411,5008
5411,3512
5411,1838
5411,3691
5411,5018
5411,1904
5411,5072
5411,4725
5411,739
5411,2359
5411,4059
5411,531
5411,3986
5411,1740
5411,4390
5411,5411
5411,885
5411,500
5411,2947
5411,2084
5411,5354
5411,5585
4825,574
4825,4251
4825,325
4825,1552
4825,2409
4825,5187
4825,4157
4825,4825
4825,3077
4926,3926
4926,2480
4926,1512
4926,4759
4926,2236
4926,2706
4926,3415
4926,5274
4926,4615
4926,3693
4926,2946
4926,2951
4926,4258
4926,5386
4926,4926
4926,2232
4926,1914
4926,3203
4926,1824
4926,1068
4926,4225
4926,3233
1565,4548
1565,796
1565,3015
1565,593
1565,1688
1565,3538
1565,1878
1565,2611
1565,775
1565,2410
1565,1384
1565,291
1565,1232
1565,2086
1565,1565
1565,3784
1565,1110
1565,3373
1565,4571
2867,921
2867,1500
2867,4860
2867,5397
2867,1992
2867,3931
2867,2655
2867,1096
2867,5449
2867,4308
2867,5088
2867,4918
2867,623
2867,1761
2867,5583
2867,1453
2867,1429
2867,5392
2867,3583
2867,1978
2867,4354
2867,3621
2867,3192
2867,5402
2867,198
2867,5025
2867,689
2867,2185
2867,2282
2867,4403
2867,2690
2867,5519
2867,2351
2867,3204
2867,2867
2867,3349
2867,117
2867,4588
2867,4245
2867,4047
2867,2367
2867,1172
2867,2514
2867,156
191,3019
191,1816
191,2904
191,4692
191,1551
191,624
191,28
191,5319
191,1269
191,4233
191,2925
191,5568
191,1481
191,169
191,5614
191,1650
191,2767
191,1002
191,1121
191,5489
191,1588
191,191
191,828
191,4326
191,1747
191,1411
191,5317
191,3710
191,4365
191,1960
191,3281
191,2223
191,1916
191,3907
191,3632
191,3873
191,2756
191,3839
3909,2814
3909,1181
3909,3515
3909,3239
3909,1869
3909,3909
3909,4489
3909,3444
3909,3295
5043,3100
5043,2586
5043,2006
5043,2799
5043,4492
5043,577
5043,1739
5043,5399
5043,2843
5043,2291
5043,2990
5043,3250
5043,2031
5043,1509
5043,4889
5043,4302
5043,2165
5043,348
5043,2662
5043,5629
5043,4910
5043,4373
5043,295
5043,5515
5043,932
5043,5043
5043,4133
5043,5056
5043,1014
5043,725
5043,1277
5043,4627
5043,1576
851,2275
851,3735
851,2354
851,510
851,3863
851,4521
851,3594
851,695
851,2501
851,851
851,1774
851,1218
851,1968
851,3252
2033,5406
2033,1677
2033,4021
2033,3732
2033,5221
2033,5147
2033,3022
2033,1848
2033,3870
2033,2721
2033,4435
2033,4809
2033,1486
2033,2019
2033,1275
2033,4366
2033,980
2033,4713
2033,368
2033,2707
2033,5435
2033,5510
2033,2287
2033,3761
2033,2647
2033,2166
2033,2033
2033,4543
2033,1435
2033,4791
2033,2849
2033,4888
2033,545
2276,2554
2276,2773
2276,5397
2276,597
2276,2655
2276,2325
2276,4019
2276,4354
2276,4024
2276,2351
2276,2276
2276,3321
2276,117
3542,1145
3542,4232
3542,3348
3542,716
3542,5320
3542,671
3542,5600
3542,5231
3542,4913
3542,4398
3542,2082
3542,411
3542,5255
3542,805
3542,2630
3542,850
3542,3649
3542,3542
3542,2057
3542,3627
3542,2888
3542,3413
3542,4336
3542,2151
3542,3797
3542,4650
5210,1862
5210,1649
5210,1674
5210,3282
5210,1128
5210,565
5210,5136
5210,467
5210,1401
5210,4616
5210,2576
5210,2219
5210,5210
5210,5262
5210,86
5210,1755
5210,1242
5210,5065
60,3172
60,2262
60,5037
60,4482
60,2266
60,526
60,4980
60,596
60,4356
60,223
60,4894
60,2812
60,2614
60,4664
60,2449
60,4924
60,4069
60,60
60,5442
60,2047
60,1238
60,2665
60,1592
60,868
60,4556
60,2305
60,3701
60,3360
60,3785
1882,4897
1882,1882
1882,3417
1882,5209
1882,4840
1882,3860
1882,4758
319,3019
319,1816
319,4285
319,2960
319,5391
319,28
319,2076
319,1301
319,238
319,4864
319,4684
319,3510
319,1115
319,3018
319,5259
319,1664
319,5631
319,3438
319,2400
319,1998
319,1897
319,2087
319,4638
319,4714
319,1013
319,5219
319,1927
319,1547
319,1720
319,5105
319,1650
319,458
319,5002
319,273
319,5498
319,5570
319,15
319,2693
319,319
319,125
319,3665
319,5312
319,524
319,2380
319,5571
319,3050
319,3600
319,2146
319,4400
319,5318
319,3281
319,4567
319,1791
319,2792
319,3632
319,865
2719,626
2719,2979
2719,1304
2719,1269
2719,373
2719,2363
2719,1272
2719,484
2719,475
2719,5614
2719,4063
2719,1021
2719,4877
2719,1588
2719,292
2719,2719
2719,2672
2719,828
2719,4326
2719,2195
2719,194
2719,5317
2719,2223
2719,3907
2719,4785
2719,4124
2719,4666
2719,3839
1975,3429
1975,997
1975,3804
1975,550
1975,5057
1975,320
1975,5588
1975,2533
1975,23
1975,4740
1975,1029
1975,4394
1975,12
1975,1975
1975,2003
1975,1163
1975,76
1975,338
1975,650
1975,488
4133,3100
4133,2586
4133,2006
4133,4492
4133,2391
4133,577
4133,1739
4133,5399
4133,2843
4133,2291
4133,2990
4133,3250
4133,1509
4133,2470
4133,4554
4133,2165
4133,348
4133,2662
4133,4910
4133,295
4133,5515
4133,932
4133,5043
4133,4133
4133,5056
4133,1014
4133,725
4133,2896
4133,1277
4133,4627
4133,1576
578,5535
578,2391
578,308
578,4805
578,4333
578,121
578,392
578,3337
578,1262
578,4550
578,4228
578,2763
578,5227
578,578
578,5431
578,530
578,560
578,1472
578,3424
578,3328
376,2062
376,5396
376,1273
376,5270
376,2906
376,4176
376,1094
376,4182
376,3961
376,3256
376,376
376,2377
376,1891
376,4428
376,3298
376,2903
1177,5406
1177,553
1177,5157
1177,3732
1177,5147
1177,4713
1177,1641
1177,3524
1177,1177
1177,5117
1177,2550
1177,978
1177,3274
2672,624
2672,1304
2672,1269
2672,373
2672,2055
2672,2925
2672,2363
2672,5568
2672,2861
2672,475
2672,5379
2672,1076
2672,4877
2672,1588
2672,2719
2672,2672
2672,828
2672,1729
2672,5149
2672,4326
2672,5317
2672,4426
2672,1960
2672,1187
2672,4124
2672,3839
855,5490
855,4944
855,4610
855,1552
855,2264
855,3547
855,3199
855,763
855,3227
855,2777
855,4192
855,1461
855,855
855,3077
855,5052
855,3038
1003,934
1003,4797
1003,5316
1003,39
1003,213
1003,4991
1003,3033
1003,3534
1003,2971
1003,1963
1003,2569
1003,1658
1003,576
1003,3283
1003,2493
1003,4388
1003,1994
1003,569
1003,1003
1003,110
1003,1506
1003,3006
1003,1714
1003,3959
1003,4761
1003,5326
5558,4566
5558,1171
5558,176
5558,2718
5558,3364
5558,1178
5558,5558
5558,4271
5558,1310
1426,2494
1426,3815
1426,2908
1426,328
1426,2674
1426,1088
1426,3153
1426,3324
1426,1654
1426,4039
1426,4824
1426,2691
1426,941
1426,1108
1426,54
1426,3580
1426,3871
1426,2473
1426,1426
1426,3111
1426,1175
1426,2599
1426,744
1426,1149
1426,3606
1426,2048
1426,2737
1426,5547
1426,2136
5171,3746
5171,1775
5171,3745
5171,1265
5171,4680
5171,1227
5171,3467
5171,2419
5171,5171
5171,5634
5171,4200
5171,3162
5171,3268
5171,4284
5171,4135
5171,2689
5171,3706
5171,4807
3269,5502
3269,3633
3269,1599
3269,2145
3269,5612
3269,2225
3269,952
3269,1970
3269,3011
3269,3269
3269,4784
3269,5377
3269,438
3269,4964
3269,1782
4360,5611
4360,1611
4360,5115
4360,2198
4360,2462
4360,3123
4360,32
4360,326
4360,355
4360,5023
4360,4360
4360,507
4360,2394
1064,5540
1064,1826
1064,1255
1064,1771
1064,3601
1064,2723
1064,1064
1064,4456
1064,2932
1064,480
1064,3778
1064,4422
1064,1409
1064,1366
1064,581
1064,3850
1064,3166
102,3028
102,2112
102,2375
102,4674
102,3005
102,1101
102,5082
102,4544
102,27
102,1217
102,923
102,102
102,3378
102,3118
102,4893
102,523
102,976
102,5205
102,5236
102,4723
2735,597
2735,5278
2735,222
2735,819
2735,1579
2735,399
2735,2735
2735,3315
2735,4094
2735,2829
2191,921
2191,5575
2191,4319
2191,3530
2191,1717
2191,5009
2191,2898
2191,4819
2191,807
2191,2191
2191,3188
2191,2875
2191,482
2191,1114
352,4000
352,5373
352,4331
352,2174
352,1302
352,3672
352,2836
352,364
352,352
352,3920
352,5346
352,5011
352,713
352,1985
352,4801
352,3933
4829,1735
4829,2824
4829,892
4829,267
4829,3516
4829,536
4829,4829
4829,3650
4829,3082
4829,2996
1764,65
1764,5448
1764,4042
1764,4483
1764,2819
1764,3451
1764,5604
1764,3729
1764,2650
1764,1764
1764,4971
1764,5321
1063,35
1063,3314
1063,2053
1063,4321
1063,5189
1063,3498
1063,1365
1063,314
1063,4765
1063,4101
1063,4742
1063,1584
1063,1063
1063,1328
1063,756
1063,1948
1063,178
1063,2663
1063,1907
1063,461
1063,1055
1063,2429
5056,3100
5056,2586
5056,2006
5056,2799
5056,4492
5056,577
5056,1739
5056,5399
5056,2843
5056,2291
5056,2990
5056,3250
5056,2031
5056,1509
5056,4889
5056,4302
5056,2165
5056,348
5056,2662
5056,5629
5056,4910
5056,4373
5056,295
5056,5515
5056,932
5056,5043
5056,4133
5056,5056
5056,1014
5056,725
5056,1277
5056,4627
5056,1576
1871,5413
1871,4827
1871,852
1871,3129
1871,1653
1871,526
1871,5458
1871,223
1871,73
1871,4768
1871,4069
1871,1871
1871,2200
1871,3365
1871,1299
1871,4701
1871,1592
1871,868
1871,5409
1871,1188
4421,921
4421,3518
4421,5186
4421,5575
4421,617
4421,4064
4421,3265
4421,4590
4421,4308
4421,4918
4421,5583
4421,5009
4421,1383
4421,4613
4421,3067
4421,1442
4421,4651
4421,5118
4421,2210
4421,4819
4421,4946
4421,638
4421,2486
4421,5402
4421,4411
4421,588
4421,4421
4421,3447
4421,1939
4421,2875
4421,3855
4421,4588
4421,2367
4421,1258
4421,1745
4421,1114
4421,2989
3784,4548
3784,3015
3784,593
3784,4046
3784,1688
3784,5495
3784,3131
3784,775
3784,2410
3784,5463
3784,1384
3784,1232
3784,2699
3784,2086
3784,21
3784,1565
3784,3784
3784,4127
3784,2540
3784,3373
3784,5572
3784,4571
4487,3736
4487,442
4487,4639
4487,2313
4487,2140
4487,99
4487,3230
4487,2587
4487,920
4487,2909
4487,4487
4487,2918
4487,3240
4487,4789
4487,6
4487,1593
4487,3555
4487,4444
4487,3556
4487,52
4487,1605
3489,3843
3489,843
3489,437
3489,1052
3489,4188
3489,4983
3489,4413
3489,2740
3489,3000
3489,562
3489,3489
3489,4017
2301,374
2301,1297
2301,2112
2301,3257
2301,4494
2301,4035
2301,5281
2301,427
2301,1101
2301,753
2301,5450
2301,2603
2301,1622
2301,4978
2301,5127
2301,1194
2301,2301
2301,5355
2301,3378
2301,3118
2301,4472
2301,5595
2301,3475
2301,4723
4908,2854
4908,1503
4908,1642
4908,404
4908,2320
4908,690
4908,4632
4908,5020
4908,977
4908,939
4908,4908
4908,2328
4908,2227
4908,2032
4908,4244
4908,793
4908,428
4908,2278
4456,5540
4456,4110
4456,1255
4456,1771
4456,3601
4456,2723
4456,1064
4456,4456
4456,2932
4456,480
4456,3778
4456,902
4456,4422
4456,378
4456,723
4456,1409
4456,1366
4456,581
4456,3166
1496,4158
1496,518
1496,814
1496,1059
1496,550
1496,23
1496,4436
1496,4842
1496,3545
1496,2968
1496,3301
1496,1316
1496,1496
1496,2065
1496,2003
1496,4584
1496,5257
1496,338
1496,2397
1496,5381
1496,3155
1496,3289
1496,705
2834,3041
2834,2216
2834,1025
2834,1743
2834,4500
2834,2545
2834,1334
2834,5040
2834,3841
2834,5360
2834,2536
2834,4030
2834,3551
2834,1911
2834,2306
2834,1024
2834,377
2834,2834
2834,2450
2834,5139
2834,4868
2834,1571
2834,1661
2834,5185
2834,3053
5427,1091
5427,3996
5427,2821
5427,2097
5427,4874
5427,1734
5427,5005
5427,3960
5427,298
5427,4689
5427,3932
5427,2424
5427,1626
5427,707
5427,3950
5427,5427
5427,1315
5427,772
5427,3146
5427,2026
5427,2635
4005,630
4005,4005
4005,4947
4005,4512
4005,1105
4005,2551
4327,423
4327,540
4327,4798
4327,2364
4327,4835
4327,622
4327,4997
4327,4327
4327,2905
4327,945
4327,3562
4327,3906
3402,456
3402,4318
3402,5643
3402,3410
3402,3452
3402,5557
3402,1860
3402,2750
3402,4097
3402,3219
3402,5551
3402,3244
3402,2270
3402,3737
3402,3144
3402,4939
3402,2977
3402,1477
3402,2349
3402,4302
3402,3934
3402,4873
3402,3401
3402,697
3402,770
3402,1413
3402,1019
3402,220
3402,2513
3402,3637
3402,1036
3402,2094
3402,3402
3402,3387
3402,2199
3402,336
3402,418
3402,618
3402,4130
3402,2941
3402,430
3402,5362
3402,3448
3402,621
3402,1906
3402,1415
3402,2072
3402,2058
3402,5307
2065,907
2065,112
2065,518
2065,1693
2065,4834
2065,1198
2065,4436
2065,2916
2065,5252
2065,3545
2065,2968
2065,3301
2065,1316
2065,1496
2065,2065
2065,2857
2065,4241
2065,4584
2065,5257
2065,2397
2065,3289
2065,2642
2065,1103
2065,705
2065,5534
2918,3370
2918,3736
2918,737
2918,3096
2918,2313
2918,546
2918,3230
2918,2909
2918,4487
2918,2918
2918,3240
2918,5447
2918,1593
2918,3555
2918,5417
2918,3556
2918,52
2232,2480
2232,1512
2232,4759
2232,2236
2232,2706
2232,3415
2232,3693
2232,2951
2232,5386
2232,4926
2232,2232
2232,3769
2232,4634
2232,1914
2232,4503
2232,4257
2232,3233
496,1500
496,2554
496,4860
496,2773
496,5397
496,3931
496,4803
496,1324
496,5186
496,617
496,4064
496,2913
496,3660
496,4308
496,5088
496,4918
496,623
496,1353
496,3519
496,5583
496,561
496,127
496,1453
496,5392
496,4613
496,3067
496,1442
496,1978
496,3192
496,2486
496,198
496,4411
496,2185
496,492
496,2351
496,3204
496,496
496,3838
496,3349
496,3447
496,1939
496,3801
496,4588
496,4221
496,4245
496,2367
496,1172
496,4986
496,3040
496,4126
496,2514
496,156
349,1516
349,3099
349,1231
349,1041
349,3116
349,3622
349,820
349,4511
349,3553
349,3436
349,4815
349,5220
349,4073
349,3691
349,1680
349,1631
349,1489
349,3034
349,2127
349,5306
349,3010
349,4390
349,349
349,2724
349,500
349,2443
349,2044
349,2084
349,3958
349,1951
2003,3926
2003,997
2003,2236
2003,1059
2003,550
2003,5057
2003,23
2003,4436
2003,5274
2003,3545
2003,1029
2003,2946
2003,2968
2003,4394
2003,4258
2003,1975
2003,1496
2003,2003
2003,338
2003,650
2003,5381
2003,3155
2003,1824
2003,488
3064,2845
3064,4593
3064,228
3064,882
3064,3030
3064,2176
3064,958
3064,1531
3064,2703
3064,3647
3064,4048
3064,779
3064,3064
3064,3699
3064,3571
3064,5461
3064,738
3064,3133
3188,921
3188,1567
3188,1112
3188,1761
3188,3530
3188,1717
3188,5009
3188,1429
3188,4514
3188,3583
3188,2898
3188,2191
3188,3188
3188,2875
3188,1114
5337,3110
5337,4408
5337,228
5337,453
5337,3748
5337,3247
5337,3185
5337,949
5337,3030
5337,1050
5337,1716
5337,2610
5337,834
5337,5337
5337,2205
5337,916
5337,3571
5337,5461
5337,236
5337,2341
5262,2657
5262,1862
5262,2673
5262,1649
5262,619
5262,3282
5262,565
5262,2209
5262,5136
5262,467
5262,1401
5262,2576
5262,2219
5262,5210
5262,5262
5262,1755
5262,4481
5262,4975
5262,3135
5594,172
5594,1607
5594,4083
5594,2907
5594,1093
5594,1808
5594,4379
5594,5423
5594,760
5594,3739
5594,5594
5594,1634
5594,450
5594,3823
828,3019
828,2904
828,1304
828,5319
828,1269
828,4233
828,709
828,2925
828,1272
828,484
828,1481
828,5614
828,4063
828,1440
828,5489
828,1588
828,191
828,2719
828,2672
828,828
828,4326
828,1747
828,5317
828,3710
828,4365
828,1960
828,2223
828,1916
828,3907
828,4124
828,4666
828,3839
2577,3843
2577,1928
2577,4188
2577,859
2577,2122
2577,393
2577,1129
2577,5471
2577,2577
2577,268
2577,4017
2577,2317
1616,1170
1616,3023
1616,4455
1616,4340
1616,350
1616,1828
1616,5289
1616,3944
1616,3371
1616,5035
1616,4272
1616,4055
1616,5499
1616,1768
1616,4725
1616,1053
1616,3132
1616,4273
1616,344
1616,1140
1616,1095
1616,1877
1616,1616
1616,170
1616,2811
1616,4642
1616,387
5134,1450
5134,4896
5134,4691
5134,2594
5134,1138
5134,5617
5134,354
5134,4990
5134,1094
5134,740
5134,1049
5134,1306
5134,3388
5134,5134
5134,1785
5134,3786
5134,71
5134,4988
5134,2631
56,1971
56,1921
56,1395
56,452
56,397
56,3294
56,4476
56,1826
56,4536
56,771
56,5216
56,3790
56,3441
56,2822
56,56
56,4290
56,3778
56,4167
56,378
56,4531
56,3148
4515,2961
4515,1035
4515,5422
4515,3687
4515,1833
4515,1037
4515,2753
4515,785
4515,3057
4515,4915
4515,4415
4515,3806
4515,4796
4515,717
4515,3074
4515,956
4515,440
4515,5455
4515,3697
4515,4515
4515,1818
4515,2187
4515,4160
4515,2995
1789,209
1789,403
1789,1775
1789,1937
1789,383
1789,4211
1789,648
1789,4885
1789,1789
1789,3065
1789,4890
1789,3361
1789,4284
1789,3528
1789,2101
1789,3178
1789,3645
1789,4807
2205,3110
2205,4408
2205,453
2205,3185
2205,409
2205,949
2205,1050
2205,1716
2205,2538
2205,3306
2205,834
2205,5337
2205,2205
2205,916
2205,272
2205,2403
2205,1504
2205,5461
2205,236
2205,84
2205,2341
2205,2711
3417,4897
3417,2150
3417,3539
3417,4993
3417,1882
3417,3417
3417,3860
3417,4075
2724,2933
2724,1516
2724,3099
2724,1041
2724,3116
2724,3622
2724,215
2724,5008
2724,426
2724,3512
2724,4815
2724,4073
2724,3691
2724,1680
2724,1904
2724,609
2724,4059
2724,3088
2724,2383
2724,2127
2724,5306
2724,349
2724,2724
2724,500
2724,2947
2724,19
2724,2084
2724,168
2724,3958
2724,1951
2724,5354
2724,5585
1729,1520
1729,2988
1729,3015
1729,4046
1729,3504
1729,570
1729,373
1729,4564
1729,2055
1729,2363
1729,4096
1729,4600
1729,2259
1729,3076
1729,1510
1729,1843
1729,2560
1729,3577
1729,1076
1729,2672
1729,1729
1729,5149
1729,4464
1729,694
1729,1431
1729,786
1729,4426
1729,1187
1729,2332
1729,3741
3315,3168
3315,2490
3315,75
3315,222
3315,819
3315,1579
3315,1632
3315,1545
3315,399
3315,1159
3315,2735
3315,3315
3315,2105
3315,4497
3315,2829
3315,1922
2286,5277
2286,129
2286,2828
2286,1197
2286,4015
2286,2020
2286,1004
2286,4901
2286,4706
2286,2722
2286,187
2286,776
2286,2
2286,4074
2286,5091
2286,2966
2286,5155
2286,57
2286,4060
2286,3847
2286,2286
2286,3223
2286,5567
2286,2817
2286,5163
2286,1168
2286,2395
2286,2170
2286,3058
2286,2956
2286,4309
2286,884
2286,3347
2286,782
2286,1398
2286,1885
2495,1201
2495,116
2495,1703
2495,3097
2495,267
2495,864
2495,5173
2495,3814
2495,688
2495,2495
2495,5204
2495,1905
2495,4355
2495,2215
916,3110
916,4408
916,453
916,3185
916,409
916,949
916,1050
916,1716
916,2538
916,834
916,5337
916,2205
916,916
916,272
916,2403
916,1504
916,5461
916,236
916,2341
916,2711
3154,4959
3154,3474
3154,5211
3154,4756
3154,3331
3154,1819
3154,1981
3154,5270
3154,2906
3154,2593
3154,4361
3154,2922
3154,5441
3154,4537
3154,4182
3154,4903
3154,4782
3154,3154
3154,3345
3154,2377
3154,1026
3154,1891
3154,4750
3154,543
3154,1355
3154,3298
3154,4617
3154,3578
3154,2903
3154,5589
3240,3370
3240,3736
3240,737
3240,3096
3240,2398
3240,546
3240,260
3240,99
3240,2587
3240,920
3240,2909
3240,4487
3240,2918
3240,3240
3240,1593
3240,5417
3240,52
4450,511
4450,442
4450,637
4450,1117
4450,3948
4450,4384
4450,246
4450,4351
4450,2870
4450,2570
4450,2043
4450,4450
4450,2912
4450,4832
4450,438
4450,4444
4450,1605
3769,1512
3769,2706
3769,514
3769,5097
3769,4560
3769,971
3769,2951
3769,5386
3769,2232
3769,3769
3769,4634
3769,4503
3769,4257
3769,4216
3769,346
3769,1613
3769,2015
3769,1712
2476,4119
2476,5256
2476,5628
2476,1137
2476,5491
2476,3808
2476,2476
2476,2390
2476,3793
2476,797
2476,5479
2476,3208
2912,442
2912,251
2912,1117
2912,2398
2912,3948
2912,4384
2912,2555
2912,680
2912,99
2912,2870
2912,2587
2912,920
2912,4450
2912,2912
2912,4444
2912,867
2912,1605
5149,1043
5149,1520
5149,380
5149,624
5149,1269
5149,3504
5149,570
5149,3439
5149,2201
5149,4600
5149,2259
5149,5568
5149,2861
5149,1843
5149,5379
5149,928
5149,5310
5149,1076
5149,1588
5149,2672
5149,1729
5149,5149
5149,3485
5149,1744
5149,1431
5149,4426
5149,1187
5149,3366
5149,3873
5442,3172
5442,874
5442,5037
5442,4482
5442,4293
5442,3129
5442,4980
5442,223
5442,2614
5442,4664
5442,2449
5442,4924
5442,4768
5442,4069
5442,60
5442,5442
5442,2047
5442,1238
5442,1534
5442,2665
5442,868
5442,2305
5442,3701
5442,3785
91,1715
91,141
91,1467
91,2139
91,2524
91,2125
91,4454
91,2702
91,3273
91,5549
91,3152
91,3073
91,2007
91,2734
91,4911
91,4237
91,91
91,43
91,1657
91,1856
91,2417
3476,4455
3476,4425
3476,350
3476,3944
3476,1915
3476,3363
3476,5554
3476,790
3476,3888
3476,5499
3476,3293
3476,3476
3476,3840
3476,4141
3476,387
3476,762
3476,4818
3476,2156
3476,5436
2312,5406
2312,1677
2312,3782
2312,4021
2312,3732
2312,3022
2312,4435
2312,2516
2312,1486
2312,4366
2312,5435
2312,3669
2312,5510
2312,2287
2312,1494
2312,4304
2312,1034
2312,2312
2312,5117
2312,1154
2312,2865
2312,1435
2312,4791
2312,545
1328,2784
1328,35
1328,5095
1328,4429
1328,579
1328,3314
1328,2053
1328,5189
1328,3498
1328,1365
1328,4765
1328,2638
1328,1795
1328,2782
1328,1420
1328,1584
1328,1063
1328,1328
1328,756
1328,1948
1328,178
1328,1907
1328,3453
1328,461
1328,1055
1328,2429
3838,1718
3838,1500
3838,2554
3838,4860
3838,2773
3838,5397
3838,3931
3838,4803
3838,1324
3838,5186
3838,617
3838,4064
3838,2913
3838,3660
3838,4308
3838,5088
3838,4918
3838,623
3838,1353
3838,3519
3838,5583
3838,561
3838,127
3838,2468
3838,1453
3838,5392
3838,4613
3838,3067
3838,1442
3838,1978
3838,4354
3838,3192
3838,2486
3838,198
3838,2185
3838,492
3838,2351
3838,3204
3838,496
3838,3838
3838,3349
3838,3447
3838,3801
3838,4588
3838,4221
3838,4245
3838,4047
3838,2367
3838,1172
3838,4986
3838,3040
3838,4126
3838,2514
3838,156
1655,626
1655,796
1655,2979
1655,1304
1655,3538
1655,4441
1655,1272
1655,3754
1655,484
1655,475
1655,4063
1655,1021
1655,1161
1655,2727
1655,292
1655,4591
1655,1655
1655,1681
1655,2195
1655,194
1655,2073
1655,1322
1655,867
1655,4785
1655,4124
3102,141
3102,2125
3102,2702
3102,255
3102,4529
3102,1419
3102,935
3102,5384
3102,2627
3102,3102
1315,5415
1315,1091
1315,5369
1315,1734
1315,3960
1315,298
1315,4689
1315,2739
1315,3932
1315,3359
1315,4522
1315,5073
1315,5427
1315,1315
1315,1991
1315,1222
1315,5152
1315,1854
1315,5340
1315,3146
1315,5559
1315,217
1831,1988
1831,2664
1831,4630
1831,2747
1831,1314
1831,1417
1831,2683
1831,3244
1831,67
1831,4889
1831,1479
1831,538
1831,3323
1831,1831
1831,3387
1831,3861
1831,1945
1831,212
1831,4130
1831,139
1831,1270
1831,621
1831,4202
1831,89
1957,2049
1957,2821
1957,2288
1957,4265
1957,1734
1957,3396
1957,5010
1957,1957
1957,772
1957,4010
1957,2635
4484,5535
4484,987
4484,4177
4484,3215
4484,213
4484,4991
4484,3033
4484,4707
4484,4550
4484,1257
4484,1666
4484,4746
4484,1658
4484,2708
4484,3985
4484,576
4484,3145
4484,3283
4484,3884
4484,799
4484,1757
4484,1994
4484,310
4484,569
4484,1338
4484,4484
4484,4732
4484,3714
4484,3006
4484,1549
4484,5326
4784,3234
4784,3548
4784,3633
4784,4385
4784,4441
4784,1599
4784,2145
4784,2900
4784,2225
4784,4224
4784,1970
4784,218
4784,759
4784,3011
4784,2727
4784,2284
4784,4591
4784,3269
4784,4784
4784,2073
4784,5377
4784,4964
4784,1782
1014,3500
1014,385
1014,247
1014,5565
1014,1923
1014,3100
1014,2586
1014,2446
1014,470
1014,4492
1014,2391
1014,1739
1014,5399
1014,2843
1014,2291
1014,2990
1014,3250
1014,2270
1014,5308
1014,2470
1014,4302
1014,2165
1014,348
1014,2662
1014,4910
1014,295
1014,3637
1014,5515
1014,932
1014,5043
1014,4133
1014,5056
1014,1014
1014,725
1014,5315
1014,4627
1014,2309
1014,1576
1014,74
4695,5592
4695,129
4695,4015
4695,242
4695,481
4695,4706
4695,2722
4695,187
4695,2159
4695,4698
4695,1292
4695,3536
4695,4695
4695,3757
4695,3347
5117,5406
5117,3732
5117,4435
5117,1486
5117,4366
5117,4713
5117,1641
5117,3669
5117,5510
5117,2287
5117,1494
5117,4304
5117,1034
5117,1177
5117,2312
5117,5117
5117,4791
5117,545
2137,3432
2137,897
2137,1767
2137,3055
2137,4999
2137,1106
2137,2235
2137,3695
2137,690
2137,1193
2137,2643
2137,914
2137,2137
2137,3928
2137,947
2137,3878
2137,1874
2137,2077
2137,5047
2137,2278
857,5098
857,3573
857,1625
857,773
857,4814
857,2279
857,1815
857,2948
857,2661
857,2294
857,2580
857,5128
857,3093
857,686
857,857
857,3013
857,4580
857,1483
857,1894
857,318
857,5144
857,3604
555,366
555,2714
555,743
555,180
555,555
555,732
555,2333
555,3329
555,4240
555,2551
4117,2648
4117,161
4117,737
4117,4446
4117,2604
4117,837
4117,2106
4117,546
4117,3412
4117,3722
4117,4117
4117,4314
4117,4345
4117,1319
4543,5406
4543,1677
4543,3732
4543,5221
4543,5147
4543,1848
4543,2721
4543,4809
4543,1486
4543,2019
4543,887
4543,1275
4543,4713
4543,368
4543,2707
4543,5510
4543,2647
4543,2166
4543,2033
4543,4543
4543,1435
4543,2849
4543,545
3387,2885
3387,2664
3387,3410
3387,3452
3387,2747
3387,1417
3387,2683
3387,3219
3387,3244
3387,67
3387,1477
3387,3934
3387,4873
3387,697
3387,770
3387,1019
3387,2513
3387,1036
3387,2094
3387,3402
3387,1831
3387,3387
3387,336
3387,418
3387,212
3387,4130
3387,1270
3387,621
3387,1906
3387,1415
2932,5540
2932,1255
2932,1771
2932,3601
2932,2723
2932,1064
2932,4456
2932,2932
2932,480
2932,3778
2932,4422
2932,1409
2932,581
2932,3850
2932,3166
3840,4455
3840,4425
3840,350
3840,5289
3840,3944
3840,3363
3840,5554
3840,4055
3840,5499
3840,3293
3840,3476
3840,3840
3840,4141
3840,387
3840,2156
2864,559
2864,4207
2864,4424
2864,1266
2864,5593
2864,1812
2864,2619
2864,4546
2864,2864
2864,477
2864,145
2864,4077
2864,2280
2864,2228
2864,1062
2864,4604
5566,3313
5566,3513
5566,2677
5566,3901
5566,1405
5566,3756
5566,1179
5566,2686
5566,636
5566,2837
5566,4681
5566,2833
5566,5626
5566,3482
5566,5560
5566,5566
5566,4350
5566,1890
5566,3391
5566,646
5566,5165
5566,4381
5566,4008
125,3389
125,3480
125,4285
125,4692
125,1551
125,2960
125,2439
125,1754
125,2076
125,498
125,1301
125,3336
125,238
125,2004
125,4864
125,4684
125,1519
125,1115
125,5259
125,5124
125,1664
125,5631
125,4767
125,3438
125,2400
125,1998
125,2087
125,4638
125,2668
125,3161
125,169
125,1547
125,342
125,5118
125,1720
125,3385
125,3184
125,5105
125,4946
125,1650
125,458
125,2767
125,1002
125,1949
125,273
125,5498
125,5570
125,15
125,4533
125,2693
125,321
125,3418
125,319
125,125
125,3665
125,1289
125,5312
125,2380
125,5571
125,3050
125,3600
125,2146
125,4715
125,3783
125,5318
125,4279
125,3281
125,3136
125,4567
125,5305
125,1791
125,2792
125,3816
125,3632
125,2756
125,1993
125,2989
3349,921
3349,1500
3349,4860
3349,2773
3349,5397
3349,1992
3349,3931
3349,4803
3349,5186
3349,617
3349,1096
3349,4064
3349,4590
3349,3660
3349,5449
3349,4308
3349,5088
3349,4918
3349,623
3349,1761
3349,1353
3349,5583
3349,127
3349,1453
3349,5392
3349,4613
3349,3067
3349,1442
3349,3583
3349,1978
3349,4354
3349,3621
3349,3192
3349,2486
3349,5402
3349,198
3349,5025
3349,4411
3349,2185
3349,492
3349,5519
3349,2351
3349,3204
3349,2867
3349,496
3349,3838
3349,3349
3349,3447
3349,117
3349,4588
3349,4221
3349,4245
3349,4047
3349,2367
3349,1172
3349,4986
3349,4126
3349,2514
3349,156
170,1170
170,4340
170,1828
170,5289
170,5035
170,4055
170,5112
170,5499
170,1768
170,5072
170,4725
170,2358
170,739
170,1053
170,4273
170,344
170,1877
170,1616
170,170
170,2811
170,4642
170,387
1424,68
1424,5278
1424,4465
1424,122
1424,1159
1424,1424
1424,2891
1424,4094
1424,5028
1424,1922
1424,4844
1424,1244
894,2164
894,4945
894,5618
894,2978
894,910
894,339
894,2497
894,522
894,4180
894,3171
894,5334
894,748
894,4957
894,632
894,2525
894,3052
894,1260
894,4577
894,4876
894,1257
894,4346
894,2297
894,5492
894,1563
894,894
894,1873
894,4776
894,2373
894,1506
894,4383
894,3272
894,1032
894,1714
894,3291
894,2700
894,1089
3345,3638
3345,3474
3345,5211
3345,4756
3345,2079
3345,5244
3345,3331
3345,2435
3345,3628
3345,675
3345,5441
3345,4537
3345,3154
3345,3345
3345,1614
3345,1026
3345,3468
3345,2064
3345,4750
3345,543
3345,1355
3345,3061
3345,4617
3345,3143
3345,5589
4828,2581
4828,904
4828,2805
4828,4922
4828,4589
4828,702
4828,3104
4828,4287
4828,4348
4828,1498
4828,4673
4828,4249
4828,4828
4828,3678
4828,3003
4828,5
4828,219
3223,5277
3223,129
3223,2828
3223,1197
3223,4015
3223,2020
3223,4207
3223,1004
3223,4901
3223,2722
3223,187
3223,776
3223,2
3223,4074
3223,5091
3223,2966
3223,5155
3223,57
3223,4060
3223,3847
3223,2286
3223,3223
3223,5567
3223,2817
3223,1168
3223,2395
3223,2170
3223,3058
3223,2956
3223,3685
3223,4309
3223,884
3223,782
3223,1398
3223,1885
1234,3987
1234,3573
1234,1722
1234,4269
1234,1625
1234,773
1234,5372
1234,1934
1234,3993
1234,3984
1234,1749
1234,279
1234,2126
1234,812
1234,5128
1234,628
1234,4434
1234,1286
1234,1234
1234,4206
1234,1483
1234,3009
1234,1079
1234,5144
1234,3031
1234,1421
1234,3910
445,5454
445,5394
445,886
445,2091
445,1444
445,5248
445,5242
445,5349
445,1261
445,5371
445,7
445,445
445,1321
445,620
756,2053
756,5189
756,3498
756,1365
756,4765
756,5564
756,2574
756,4101
756,2192
756,1584
756,1063
756,1328
756,756
756,4208
756,178
756,2293
756,1907
756,461
4364,2075
4364,2150
4364,1581
4364,3539
4364,51
4364,3235
4364,4364
4364,4129
4364,3860
4364,4075
3447,1500
3447,3518
3447,4803
3447,5186
3447,5575
3447,617
3447,1096
3447,4064
3447,4590
3447,2913
3447,4308
3447,5088
3447,4918
3447,1353
3447,5583
3447,127
3447,1453
3447,5392
3447,4613
3447,3067
3447,1442
3447,4651
3447,3621
3447,638
3447,3192
3447,2486
3447,5402
3447,198
3447,4411
3447,2185
3447,588
3447,492
3447,5519
3447,3204
3447,4421
3447,496
3447,3838
3447,3349
3447,3447
3447,1939
3447,3801
3447,4588
3447,4221
3447,4245
3447,2367
3447,1172
3447,1258
3447,4986
3447,1745
3447,2514
3447,156
507,1611
507,2370
507,1031
507,3123
507,657
507,355
507,4935
507,2528
507,5446
507,4360
507,507
507,3222
507,2394
4932,2809
4932,2521
4932,4469
4932,4323
4932,3676
4932,4932
4932,3835
4932,2148
4932,1633
4932,487
4932,1038
5466,2848
5466,2632
5466,5507
5466,2887
5466,4778
5466,4709
5466,5466
5466,2254
5466,1454
477,559
477,1266
477,5593
477,2619
477,4546
477,2864
477,477
477,4528
477,145
477,2280
477,2228
477,4604
1240,2845
1240,1550
1240,4593
1240,3877
1240,4347
1240,875
1240,4719
1240,1162
1240,2418
1240,1554
1240,1120
1240,779
1240,5550
1240,1240
1240,3699
3835,2809
3835,2521
3835,4469
3835,2824
3835,892
3835,4323
3835,4932
3835,3835
3835,2148
3835,4367
3835,1038
2199,456
2199,385
2199,2586
2199,1988
2199,2664
2199,3410
2199,470
2199,3452
2199,5557
2199,2747
2199,2750
2199,1417
2199,4097
2199,2683
2199,3219
2199,5551
2199,3244
2199,2270
2199,3737
2199,4939
2199,1477
2199,2349
2199,4302
2199,2662
2199,5629
2199,4873
2199,4373
2199,3401
2199,295
2199,697
2199,1413
2199,1019
2199,220
2199,3637
2199,1036
2199,2094
2199,3402
2199,2199
2199,336
2199,418
2199,618
2199,4130
2199,2941
2199,5362
2199,3448
2199,621
2199,1906
2199,1415
2199,2072
1154,3782
1154,1132
1154,2516
1154,2198
1154,4366
1154,3669
1154,1494
1154,4304
1154,1034
1154,845
1154,2312
1154,1154
1154,5603
1154,1515
147,143
147,988
147,4624
147,4087
147,2716
147,5375
147,584
147,1972
147,1695
147,287
147,1505
147,2252
147,2660
147,5271
147,5642
147,1098
147,147
147,2565
147,4655
147,1675
147,1810
2390,2685
2390,1137
2390,5491
2390,1944
2390,4198
2390,3808
2390,2476
2390,2390
2390,2783
2390,797
2390,5479
2390,3208
110,934
110,4797
110,5316
110,39
110,213
110,4991
110,3534
110,2971
110,1963
110,85
110,2569
110,1658
110,576
110,3283
110,4388
110,569
110,1003
110,110
110,552
110,3006
110,3959
110,4761
336,456
336,4318
336,5643
336,3410
336,3452
336,1860
336,2750
336,4097
336,3219
336,660
336,3144
336,4939
336,1477
336,2349
336,4491
336,3934
336,4873
336,3401
336,697
336,770
336,1413
336,1019
336,220
336,2513
336,1036
336,2094
336,3402
336,3387
336,2199
336,336
336,418
336,618
336,4130
336,430
336,5362
336,3448
336,1906
336,1415
336,2058
336,5307
2905,423
2905,2364
2905,3112
2905,670
2905,4327
2905,2905
2905,945
2905,2816
2857,907
2857,2069
2857,112
2857,4834
2857,5350
2857,2916
2857,3999
2857,3659
2857,1316
2857,2065
2857,2857
2857,4241
2857,5257
2857,3598
2857,2397
2857,3916
2857,2642
2857,1103
4325,2120
4325,3433
4325,1468
4325,806
4325,4517
4325,249
4325,1899
4325,5385
4325,2510
4325,1880
4325,2687
4325,1448
4325,4139
4325,4029
4325,3351
4325,2290
4325,4325
4325,3682
4325,1847
4325,3459
4325,5597
4325,1623
4325,2629
4325,4749
4325,3086
4325,1439
3904,5290
3904,591
3904,5230
3904,3827
3904,4226
3904,727
3904,4382
3904,2451
3904,1318
3904,4217
3904,3723
3904,3880
3904,2240
3904,3904
3904,3191
3904,13
3904,1390
3904,3080
3904,123
2450,3041
2450,2831
2450,1753
2450,2216
2450,1025
2450,1743
2450,4500
2450,1380
2450,1334
2450,5040
2450,3841
2450,2536
2450,4030
2450,3551
2450,1911
2450,5293
2450,2834
2450,2450
2450,4868
2450,5055
2450,1571
2450,1661
2450,5185
2450,3053
193,2657
193,2673
193,619
193,2258
193,2209
193,193
193,3262
193,5538
193,4481
193,4975
193,3135
732,2621
732,366
732,5424
732,4282
732,2651
732,180
732,5357
732,555
732,732
732,1615
732,109
732,2444
732,3329
732,4240
4489,2814
4489,1181
4489,3515
4489,5444
4489,2326
4489,1869
4489,3909
4489,4489
4489,3444
2128,265
2128,5077
2128,1524
2128,4205
2128,4458
2128,363
2128,2246
2128,4680
2128,2212
2128,2260
2128,5607
2128,3024
2128,2128
2128,4952
2128,3205
2128,5511
2128,3392
2128,3978
2128,4418
2128,4170
666,1612
666,2350
666,5186
666,1361
666,918
666,2913
666,1656
666,4690
666,1644
666,4651
666,2210
666,638
666,3056
666,588
666,666
666,1939
666,3251
666,2175
666,3801
666,2816
666,4986
4178,1280
4178,2939
4178,2099
4178,888
4178,5374
4178,3316
4178,1523
4178,1155
4178,2981
4178,444
4178,1434
4178,4178
4178,4093
4178,1167
4178,2293
4178,4712
4178,4540
4178,5327
4178,474
4178,5106
4178,3887
629,1190
629,881
629,900
629,1503
629,5599
629,4632
629,4685
629,2193
629,629
629,4339
4958,668
4958,3812
4958,5283
4958,3905
4958,3613
4958,4710
4958,1337
4958,3954
4958,4958
4958,1773
4958,4503
4958,4447
4958,1457
4958,3757
4958,842
4958,3229
4958,1712
2859,3901
2859,508
2859,2124
2859,2837
2859,4681
2859,2833
2859,3492
2859,1325
2859,5560
2859,2859
2859,646
2859,1226
2859,1875
2859,2704
1943,4857
1943,836
1943,1511
1943,4682
1943,2024
1943,1961
1943,3923
1943,2806
1943,757
1943,1517
1943,1346
1943,1575
1943,5633
1943,5243
1943,3318
1943,2568
1943,5263
1943,2844
1943,347
1943,2361
1943,2922
1943,2502
1943,3159
1943,158
1943,4187
1943,2066
1943,4903
1943,4782
1943,1943
1943,1329
1943,181
1943,3340
1943,2732
1943,2801
1943,3450
1943,451
1943,4794
1943,5141
1943,3578
1943,1732
1264,3432
1264,3698
1264,897
1264,4438
1264,1767
1264,4001
1264,2235
1264,2492
1264,4967
1264,914
1264,1264
1264,947
1264,497
1264,1874
1264,1756
1006,2453
1006,3320
1006,1630
1006,2466
1006,3883
1006,789
1006,1223
1006,340
1006,1215
1006,3563
1006,1006
4104,441
4104,600
4104,2253
4104,948
4104,1274
4104,3886
4104,4104
4104,1859
4104,2820
1110,3538
1110,3754
1110,1878
1110,2611
1110,3412
1110,260
1110,680
1110,291
1110,1161
1110,2086
1110,1565
1110,1110
1110,1322
1110,1879
1110,4571
1110,867
2295,5014
2295,5422
2295,4159
2295,3687
2295,3092
2295,2337
2295,2304
2295,915
2295,2180
2295,3487
2295,1796
2295,4823
2295,1476
2295,504
2295,36
2295,2921
2295,2879
2295,3367
2295,5455
2295,905
2295,2295
2295,1387
2295,2995
2295,5197
2295,4125
2295,1407
2295,4976
1321,5454
1321,5394
1321,886
1321,2091
1321,1444
1321,5248
1321,2592
1321,5242
1321,5371
1321,445
1321,1321
1321,620
3699,2845
3699,1550
3699,4593
3699,1162
3699,958
3699,1531
3699,2703
3699,3647
3699,3306
3699,3064
3699,1240
3699,3699
3699,2403
3699,5461
4137,4232
4137,452
4137,716
4137,1679
4137,671
4137,4476
4137,1452
4137,1826
4137,4398
4137,2804
4137,4536
4137,1255
4137,771
4137,5216
4137,850
4137,4137
4137,79
4137,4336
4137,5475
4137,4531
4137,1539
4137,3148
5634,3746
5634,1265
5634,49
5634,1227
5634,3467
5634,3466
5634,2419
5634,5171
5634,5634
5634,3162
5634,3268
5634,4284
5634,4135
5634,2689
5634,4461
2200,5413
2200,4827
2200,852
2200,4293
2200,3129
2200,1653
2200,526
2200,5458
2200,223
2200,4757
2200,73
2200,4768
2200,4069
2200,1871
2200,2200
2200,3365
2200,1299
2200,1592
2200,868
2200,5409
2200,1188
3325,795
3325,3422
3325,382
3325,3496
3325,3745
3325,4458
3325,1192
3325,5607
3325,1455
3325,3325
3325,4952
3325,5511
3325,4884
3325,1347
3325,3706
3325,3978
3325,4170
1873,2164
1873,3500
1873,5618
1873,247
1873,2978
1873,5565
1873,1923
1873,877
1873,2497
1873,522
1873,2609
1873,4180
1873,891
1873,3171
1873,2446
1873,5334
1873,1692
1873,1603
1873,748
1873,121
1873,2525
1873,5308
1873,3052
1873,1702
1873,1260
1873,2470
1873,3497
1873,4876
1873,4346
1873,2297
1873,1176
1873,2959
1873,2763
1873,5227
1873,5492
1873,894
1873,1873
1873,4776
1873,2373
1873,4383
1873,1804
1873,1032
1873,1403
1873,3291
1873,2858
1873,2700
1873,2309
1873,1089
1873,74
1873,3395
2761,209
2761,403
2761,529
2761,1937
2761,383
2761,2644
2761,5030
2761,2787
2761,4916
2761,3651
2761,3625
2761,5135
2761,2761
2761,425
2761,1082
2761,3528
2761,3267
2761,3645
2761,2962
2761,2876
2761,407
1948,2784
1948,35
1948,5095
1948,4429
1948,579
1948,3314
1948,2053
1948,5189
1948,3498
1948,1365
1948,4765
1948,2638
1948,1795
1948,2744
1948,2782
1948,1420
1948,2415
1948,1063
1948,1328
1948,1948
1948,178
1948,1907
1948,2626
1948,3453
1948,1055
1948,724
1948,2429
862,3488
862,2748
862,1482
862,4626
862,4547
862,3956
862,1164
862,2715
862,4204
862,5041
862,862
862,2559
862,1985
862,5555
862,134
862,944
5355,1297
5355,3257
5355,4035
5355,587
5355,5281
5355,3164
5355,427
5355,2229
5355,753
5355,5450
5355,2603
5355,1622
5355,4978
5355,5127
5355,2301
5355,5355
5355,155
5355,2472
5355,5595
5355,3475
5355,4214
5355,3857
5355,5166
5355,2780
995,2848
995,25
995,5061
995,3096
995,4639
995,2313
995,5341
995,2169
995,2736
995,269
995,3330
995,995
995,6
995,5417
995,3556
995,1742
2160,5015
2160,2807
2160,3992
2160,899
2160,3612
2160,2646
2160,4132
2160,1646
2160,3880
2160,2160
2160,1786
2160,362
2160,1290
1163,2245
1163,3429
1163,997
1163,5249
1163,3804
1163,5057
1163,18
1163,320
1163,3248
1163,2533
1163,4013
1163,5274
1163,4740
1163,4615
1163,1029
1163,4394
1163,12
1163,3671
1163,1975
1163,1163
1163,76
1163,4859
1163,650
1163,4256
1163,488
1163,4972
1163,541
1163,160
1163,2983
2976,2069
2976,112
2976,2115
2976,658
2976,2034
2976,3610
2976,3147
2976,714
2976,3868
2976,289
2976,4427
2976,5067
2976,5350
2976,2976
2976,2623
2976,2642
4776,2164
4776,5618
4776,2978
4776,5565
4776,877
4776,2497
4776,522
4776,2609
4776,4180
4776,3171
4776,4234
4776,5334
4776,1692
4776,1603
4776,748
4776,4957
4776,632
4776,2525
4776,5308
4776,3052
4776,243
4776,1386
4776,1260
4776,3497
4776,4577
4776,4876
4776,1257
4776,4346
4776,2297
4776,1176
4776,2959
4776,5492
4776,894
4776,1873
4776,4776
4776,2373
4776,4383
4776,3272
4776,1804
4776,1032
4776,3291
4776,2858
4776,2700
4776,2309
4776,1089
4776,74
4776,3395
3077,574
3077,4944
3077,1552
3077,763
3077,2777
3077,1461
3077,4825
3077,855
3077,3077
3077,5052
3077,3038
1785,1450
1785,4896
1785,2024
1785,4691
1785,5633
1785,3914
1785,354
1785,4990
1785,740
1785,3275
1785,3388
1785,5134
1785,1785
1785,71
1785,4988
1785,2631
1785,5174
1785,1732
1939,1612
1939,2350
1939,3518
1939,4803
1939,5186
1939,5575
1939,617
1939,4064
1939,1361
1939,918
1939,4590
1939,2913
1939,4918
1939,1353
1939,5583
1939,127
1939,1453
1939,4613
1939,3067
1939,1442
1939,4651
1939,2210
1939,638
1939,2486
1939,4411
1939,588
1939,492
1939,4421
1939,496
1939,3447
1939,666
1939,1939
1939,3801
1939,4588
1939,4221
1939,4245
1939,1258
1939,4986
1939,1745
16,3821
16,5366
16,2288
16,1152
16,4259
16,4960
16,16
16,1836
16,4056
16,2659
3079,3957
3079,4289
3079,5520
3079,2096
3079,5198
3079,1704
3079,1719
3079,3681
3079,3592
3079,2346
3079,3550
3079,2153
3079,3243
3079,4270
3079,3420
3079,3626
3079,876
3079,97
3079,3079
3079,847
3079,333
3079,4984
3079,1071
4970,4630
4970,3499
4970,1314
4970,4813
4970,4606
4970,2222
4970,3323
4970,4970
4970,3861
4970,1945
4970,139
4970,4202
4326,2904
4326,624
4326,1304
4326,5319
4326,1269
4326,4233
4326,2925
4326,1272
4326,5568
4326,1481
4326,5379
4326,5614
4326,5489
4326,1588
4326,191
4326,2719
4326,2672
4326,828
4326,4326
4326,1747
4326,1411
4326,5317
4326,3710
4326,4365
4326,1960
4326,2223
4326,1916
4326,3907
4326,4124
4326,4666
4326,3839
155,4949
155,2016
155,5320
155,5600
155,587
155,5231
155,3164
155,2567
155,2082
155,411
155,805
155,3643
155,5355
155,155
155,2057
155,3627
155,2472
155,4214
155,1738
155,5166
155,2780
1209,1465
1209,1710
1209,4997
1209,14
1209,3766
1209,3483
1209,994
1209,1600
1209,1209
1209,2882
1209,4861
1209,126
3861,3084
3861,4630
3861,3499
3861,1314
3861,410
3861,1479
3861,538
3861,3323
3861,1831
3861,4970
3861,3861
3861,1945
3861,139
3861,4202
3861,89
3571,228
3571,3748
3571,3247
3571,949
3571,882
3571,3030
3571,2176
3571,1050
3571,958
3571,1531
3571,2610
3571,2703
3571,3647
3571,701
3571,834
3571,3064
3571,5337
3571,3571
3571,5461
3571,5400
3065,209
3065,403
3065,1775
3065,5401
3065,1937
3065,383
3065,4916
3065,4211
3065,648
3065,1789
3065,3065
3065,4284
3065,3528
3065,2101
3065,3178
3065,3645
3065,2962
3065,407
3065,4807
3682,3433
3682,4412
3682,3591
3682,1899
3682,2230
3682,720
3682,1669
3682,4139
3682,4649
3682,471
3682,1920
3682,1863
3682,2838
3682,4891
3682,2290
3682,4325
3682,3682
3682,3459
3682,5596
3682,5584
3682,360
3682,3086
3682,1439
2874,1241
2874,3698
2874,1583
2874,3531
2874,3917
2874,542
2874,1016
2874,2955
2874,5497
2874,3305
2874,1893
2874,674
2874,2874
2874,2751
2874,1033
1387,5014
1387,5422
1387,2964
1387,3092
1387,2304
1387,915
1387,2180
1387,3487
1387,1796
1387,5080
1387,4823
1387,1476
1387,504
1387,36
1387,2921
1387,2879
1387,3367
1387,2283
1387,5455
1387,905
1387,2295
1387,1387
1387,2995
1387,5197
1387,4125
1387,4976
4118,29
4118,856
4118,2920
4118,4128
4118,942
4118,4357
4118,586
4118,1205
4118,3334
4118,5311
4118,3770
4118,4118
4118,1087
4118,4906
4118,2547
4118,2330
4118,3042
3665,4285
3665,2960
3665,3287
3665,3137
3665,2076
3665,1301
3665,238
3665,2155
3665,2004
3665,4864
3665,4684
3665,3510
3665,1115
3665,3018
3665,5259
3665,1664
3665,5631
3665,3438
3665,2400
3665,1998
3665,1897
3665,2087
3665,4638
3665,1013
3665,2556
3665,1547
3665,1720
3665,3385
3665,3184
3665,5105
3665,458
3665,5002
3665,5498
3665,5570
3665,15
3665,2693
3665,321
3665,3418
3665,319
3665,125
3665,3665
3665,1289
3665,5312
3665,2380
3665,3050
3665,3600
3665,4400
3665,5318
3665,5470
3665,4567
3665,1791
3665,2792
3665,865
3665,1993
3602,5523
3602,2671
3602,2940
3602,1649
3602,4098
3602,2218
3602,5473
3602,478
3602,4217
3602,1134
3602,2045
3602,3602
3602,1707
3602,2460
3602,4066
3602,4826
2057,4949
2057,3348
2057,2016
2057,5320
2057,5600
2057,587
2057,5231
2057,2567
2057,2082
2057,411
2057,5255
2057,805
2057,2630
2057,850
2057,3542
2057,155
2057,2057
2057,3627
2057,2472
2057,3413
2057,4214
2057,3581
2057,5166
2057,2780
1614,2079
1614,5244
1614,3277
1614,316
1614,3628
1614,140
1614,69
1614,4537
1614,3967
1614,3279
1614,3345
1614,1614
1614,3468
1614,2064
1614,1355
1614,1077
1614,3143
1614,111
3920,4000
3920,5426
3920,1081
3920,5373
3920,4331
3920,2174
3920,1302
3920,3672
3920,2836
3920,2765
3920,3359
3920,364
3920,352
3920,3920
3920,5346
3920,5011
3920,5152
3920,134
3920,4801
3920,3933
272,3110
272,4408
272,453
272,3185
272,409
272,949
272,1716
272,5114
272,2538
272,834
272,1460
272,2143
272,2205
272,916
272,272
272,3521
272,1504
272,1060
272,4371
272,236
272,2341
4061,1851
4061,742
4061,1566
4061,4881
4061,4644
4061,4027
4061,276
4061,1637
4061,4040
4061,2620
4061,3975
4061,447
4061,4753
4061,3213
4061,4954
4061,4061
4061,2471
4061,2607
4061,4518
4061,3012
4061,370
2404,2006
2404,827
2404,903
2404,108
2404,532
2404,4333
2404,1509
2404,4554
2404,2404
2404,3232
2404,2953
2404,235
2404,5616
2404,4342
2404,1706
2404,3702
2404,560
2404,2896
2404,133
2404,1277
2404,5299
2404,1133
1542,3782
1542,1611
1542,2370
1542,2198
1542,345
1542,1031
1542,3123
1542,355
1542,5446
1542,1542
2373,2164
2373,3500
2373,5618
2373,2978
2373,5565
2373,1923
2373,877
2373,2497
2373,522
2373,2609
2373,4180
2373,3171
2373,4234
2373,2446
2373,5334
2373,1692
2373,748
2373,632
2373,2525
2373,5308
2373,3052
2373,243
2373,1386
2373,1260
2373,3497
2373,4577
2373,4876
2373,4346
2373,2297
2373,1176
2373,2959
2373,5492
2373,894
2373,1873
2373,4776
2373,2373
2373,4383
2373,1804
2373,1032
2373,3291
2373,2858
2373,2700
2373,2309
2373,1089
2373,74
2373,3395
4208,5364
4208,173
4208,4437
4208,3335
4208,1844
4208,5564
4208,4396
4208,5079
4208,4101
4208,4936
4208,2206
4208,4443
4208,756
4208,4208
4208,2407
4208,4112
4208,365
4208,281
3232,3303
3232,827
3232,903
3232,108
3232,532
3232,4805
3232,4333
3232,769
3232,2404
3232,3232
3232,2953
3232,4869
3232,5616
3232,3173
3232,1706
3232,3702
3232,560
3232,1351
3232,1472
3232,2896
3232,133
3232,2215
3232,1133
1681,626
1681,796
1681,3538
1681,4441
1681,1272
1681,3754
1681,484
1681,4063
1681,1021
1681,1161
1681,2727
1681,292
1681,4591
1681,1655
1681,1681
1681,2195
1681,194
1681,2073
1681,1322
1681,867
1681,4785
1681,4124
4093,1280
4093,3270
4093,2534
4093,2939
4093,2318
4093,4853
4093,2781
4093,1202
4093,2954
4093,1523
4093,4136
4093,5483
4093,4917
4093,4985
4093,4062
4093,444
4093,1434
4093,4178
4093,4093
4093,4712
4093,1317
4093,4540
4093,5327
4093,395
4093,3887
1167,1280
1167,2939
1167,2099
1167,888
1167,5374
1167,3316
1167,4372
1167,1291
1167,444
1167,1434
1167,4178
1167,1167
1167,4712
1167,3427
1167,5261
1167,991
1167,5327
1167,474
1167,5106
1167,575
1167,3979
5346,4000
5346,3956
5346,5373
5346,4331
5346,2174
5346,1302
5346,3672
5346,2836
5346,364
5346,352
5346,3920
5346,5346
5346,5011
5346,713
5346,1985
5346,4801
5346,3933
3521,4622
3521,2907
3521,409
3521,5114
3521,2538
3521,1624
3521,3306
3521,1460
3521,2143
3521,272
3521,3521
3521,1504
3521,1060
3521,152
3521,4371
3521,4636
3521,84
3521,2711
4141,2441
4141,4455
4141,4425
4141,350
4141,3944
4141,655
4141,1915
4141,4534
4141,5206
4141,3363
4141,5554
4141,790
4141,3888
4141,3293
4141,262
4141,3476
4141,3840
4141,4141
4141,762
4141,4818
4141,2156
4141,5436
3111,328
3111,2674
3111,4775
3111,3324
3111,1654
3111,4824
3111,4998
3111,2691
3111,1884
3111,2473
3111,1426
3111,3111
3111,2599
3111,2029
3111,1149
3111,3606
3111,2048
3111,682
3111,4462
3111,3885
3111,4012
3111,1514
2377,2062
2377,4959
2377,5396
2377,3474
2377,5211
2377,4756
2377,757
2377,3331
2377,1819
2377,5270
2377,2906
2377,4176
2377,2593
2377,5617
2377,5441
2377,4182
2377,4903
2377,4782
2377,3256
2377,376
2377,3154
2377,2377
2377,1891
2377,4428
2377,3298
2377,2903
2377,5589
1506,4945
1506,5618
1506,910
1506,934
1506,3171
1506,4797
1506,5334
1506,5316
1506,39
1506,748
1506,4957
1506,3534
1506,2525
1506,4440
1506,4577
1506,1257
1506,3283
1506,2493
1506,1994
1506,1563
1506,569
1506,1003
1506,894
1506,1506
1506,3272
1506,552
1506,1714
1506,5326
2891,3522
2891,75
2891,5278
2891,2434
2891,4465
2891,3051
2891,122
2891,4103
2891,1159
2891,1424
2891,2891
2891,5028
2891,1922
2891,4844
2891,1244
3378,374
3378,2112
3378,2375
3378,3257
3378,4494
3378,4674
3378,4035
3378,1101
3378,5082
3378,2603
3378,419
3378,1194
3378,102
3378,2301
3378,3378
3378,3118
3378,4472
3378,976
3378,5205
3378,4723
2970,1311
2970,2037
2970,1555
2970,1288
2970,2970
2970,1427
2970,5467
2970,3938
2970,3449
2970,5541
2329,2479
2329,5518
2329,2354
2329,510
2329,3863
2329,1214
2329,3594
2329,695
2329,736
2329,2329
2329,3108
2329,1774
2329,2422
2329,4201
2329,1968
2329,3252
4314,2648
4314,161
4314,737
4314,2052
4314,4446
4314,2604
4314,2106
4314,82
4314,131
4314,546
4314,3114
4314,4117
4314,4314
4314,2802
725,3500
725,247
725,5565
725,3100
725,891
725,2446
725,4492
725,2391
725,1739
725,5399
725,2843
725,2291
725,2990
725,3250
725,2470
725,2165
725,348
725,4910
725,295
725,5227
725,5515
725,932
725,5043
725,4133
725,5056
725,1014
725,725
725,5315
725,4627
725,2309
725,1576
725,3395
2328,2854
2328,3180
2328,1190
2328,166
2328,3532
2328,900
2328,1503
2328,404
2328,4856
2328,2320
2328,690
2328,4632
2328,4685
2328,939
2328,4908
2328,2328
2328,253
2328,4244
2328,793
2328,428
2328,4332
2195,626
2195,796
2195,2979
2195,1304
2195,3538
2195,4441
2195,2363
2195,1272
2195,3754
2195,484
2195,475
2195,4063
2195,1021
2195,1384
2195,1161
2195,4877
2195,2727
2195,292
2195,4591
2195,2719
2195,1655
2195,1681
2195,2195
2195,194
2195,2073
2195,1322
2195,4785
2195,4124
2195,4666
2953,607
2953,4951
2953,827
2953,903
2953,108
2953,5173
2953,769
2953,2404
2953,3232
2953,2953
2953,4869
2953,5616
2953,4342
2953,3173
2953,1706
2953,3702
2953,1905
2953,4355
2953,2215
2953,1133
3627,1145
3627,3348
3627,716
3627,5320
3627,5600
3627,587
3627,5231
3627,427
3627,4913
3627,4398
3627,2082
3627,411
3627,5255
3627,805
3627,4978
3627,2630
3627,850
3627,3649
3627,3542
3627,155
3627,2057
3627,3627
3627,2472
3627,2888
3627,3413
3627,4214
3627,2151
3627,3797
3627,4650
3627,5166
3627,2780
1430,3290
1430,2618
1430,2147
1430,3688
1430,2508
1430,4852
1430,448
1430,718
1430,369
1430,1430
1430,3772
1430,3455
1430,4855
1430,5089
1430,2526
1786,5015
1786,2807
1786,4189
1786,3612
1786,2646
1786,4132
1786,2160
1786,1786
1786,809
1786,1290
1786,2543
1786,1493
235,4948
235,4951
235,827
235,379
235,532
235,3586
235,389
235,4599
235,2404
235,235
235,457
235,5299
235,2698
5226,2025
5226,2208
5226,3597
5226,2378
5226,1441
5226,4711
5226,1965
5226,1946
5226,1070
5226,1526
5226,1323
5226,1687
5226,5226
5226,1363
5226,2302
5226,1065
5619,5090
5619,1271
5619,1990
5619,2511
5619,1284
5619,5619
5619,2012
5619,2100
5619,5432
5619,2345
4620,1718
4620,3226
4620,2335
4620,4690
4620,3519
4620,341
4620,5215
4620,994
4620,4620
4620,2882
4620,3251
4620,2334
4620,3801
4620,3040
1026,1511
1026,4959
1026,3474
1026,4756
1026,5244
1026,3331
1026,1819
1026,1981
1026,5473
1026,2593
1026,113
1026,4361
1026,2568
1026,5263
1026,2922
1026,5441
1026,4903
1026,4782
1026,3154
1026,3345
1026,1026
1026,2064
1026,543
1026,1355
1026,4794
1026,2457
1026,3578
1026,3712
2272,4576
2272,3190
2272,2688
2272,5302
2272,4799
2272,3343
2272,358
2272,2595
2272,1357
2272,4065
2272,3338
2272,2852
2272,3951
2272,1852
2272,1850
2272,5550
2272,2272
2272,5164
1289,1612
1289,3480
1289,2350
1289,4285
1289,2439
1289,1754
1289,3137
1289,2076
1289,498
1289,1301
1289,3336
1289,238
1289,2155
1289,2004
1289,4864
1289,4684
1289,1115
1289,1664
1289,5631
1289,1656
1289,4767
1289,3438
1289,1998
1289,2087
1289,4638
1289,3161
1289,1547
1289,5118
1289,2210
1289,1720
1289,3385
1289,3184
1289,4946
1289,458
1289,3056
1289,1949
1289,5498
1289,5570
1289,15
1289,2693
1289,321
1289,3418
1289,125
1289,3665
1289,1289
1289,5312
1289,2380
1289,3600
1289,4715
1289,4400
1289,5318
1289,5470
1289,3136
1289,4567
1289,1791
1289,2792
1289,3816
1289,1993
4004,4922
4004,3506
4004,818
4004,1498
4004,4912
4004,4004
4004,2411
4004,2641
4004,2902
128,2618
128,4881
128,2884
128,3688
128,3609
128,135
128,4173
128,4852
128,3975
128,448
128,718
128,3915
128,3618
128,128
4442,508
4442,2686
4442,1783
4442,5398
4442,337
4442,2124
4442,2837
4442,2833
4442,3492
4442,1325
4442,5194
4442,4532
4442,4442
4442,3426
4442,646
4442,1954
4442,3406
4442,1226
4442,1875
4442,2704
178,35
178,3314
178,2053
178,4321
178,5189
178,3498
178,1365
178,314
178,4765
178,4101
178,4742
178,1584
178,1063
178,1328
178,756
178,1948
178,178
178,2663
178,1907
178,461
178,1055
178,2429
4528,31
4528,4529
4528,1419
4528,935
4528,3501
4528,5593
4528,5384
4528,2627
4528,4179
4528,477
4528,4528
4528,145
4528,2228
4528,4604
3098,668
3098,2846
3098,2676
3098,2416
3098,4672
3098,3812
3098,677
3098,3905
3098,1846
3098,4710
3098,711
3098,3393
3098,1337
3098,1309
3098,3954
3098,3098
3098,1773
3098,1746
3098,4447
3098,3182
3098,1737
3098,3953
3098,4067
3098,1000
1634,172
1634,1607
1634,2907
1634,1093
1634,4379
1634,5423
1634,3739
1634,353
1634,1624
1634,5594
1634,1634
1634,450
1634,3823
4200,3746
4200,5401
4200,1265
4200,1227
4200,3467
4200,5171
4200,4200
4200,3268
4200,4284
4200,2101
4200,2689
2148,2809
2148,2521
2148,1735
2148,4469
2148,2824
2148,892
2148,4932
2148,3835
2148,2148
2148,280
2148,3082
2148,4367
2382,3048
2382,2479
2382,5518
2382,1208
2382,3991
2382,676
2382,999
2382,1214
2382,4507
2382,1428
2382,2382
2382,3108
2382,4307
5312,3389
5312,3480
5312,1816
5312,4285
5312,4692
5312,1551
5312,2960
5312,2439
5312,1754
5312,3137
5312,2076
5312,498
5312,1301
5312,238
5312,2155
5312,2004
5312,4864
5312,4684
5312,3510
5312,1115
5312,5259
5312,5124
5312,1664
5312,5631
5312,4767
5312,3438
5312,2400
5312,1998
5312,2087
5312,4638
5312,2668
5312,3161
5312,1013
5312,1547
5312,342
5312,1720
5312,3385
5312,3184
5312,5105
5312,1650
5312,458
5312,2767
5312,1949
5312,273
5312,5498
5312,5570
5312,15
5312,2693
5312,321
5312,3418
5312,319
5312,125
5312,3665
5312,1289
5312,5312
5312,2380
5312,5571
5312,3050
5312,3600
5312,2146
5312,4715
5312,5318
5312,5470
5312,4279
5312,3281
5312,3136
5312,4567
5312,1791
5312,2792
5312,3816
5312,3632
5312,865
5312,1993
1427,553
1427,1073
1427,4495
1427,5591
1427,1311
1427,2037
1427,1555
1427,1288
1427,2970
1427,1427
1427,5467
1427,4261
1427,2369
1427,3449
1427,978
1427,5541
5567,1263
5567,1342
5567,1197
5567,2020
5567,559
5567,4207
5567,1004
5567,4901
5567,1266
5567,2
5567,5091
5567,2966
5567,5155
5567,4060
5567,3847
5567,2286
5567,3223
5567,5567
5567,1168
5567,2395
5567,2170
5567,3058
5567,2956
5567,3685
5567,4309
5567,782
5567,1885
194,626
194,796
194,2979
194,1304
194,373
194,3538
194,2055
194,2363
194,1272
194,3754
194,484
194,475
194,1021
194,1384
194,1232
194,4877
194,292
194,2719
194,1655
194,1681
194,2195
194,194
194,4124
194,3839
4869,3303
4869,903
4869,108
4869,1703
4869,3097
4869,5173
4869,3696
4869,769
4869,3232
4869,2953
4869,4869
4869,5616
4869,4342
4869,3173
4869,1706
4869,1351
4869,1905
4869,2233
4869,133
4869,4355
4869,2215
4869,1133
1175,2494
1175,3815
1175,2908
1175,1088
1175,3153
1175,4969
1175,4039
1175,3278
1175,1108
1175,3580
1175,3871
1175,5050
1175,1426
1175,1175
1175,2599
1175,5482
1175,4570
1175,5547
3981,1467
3981,3299
3981,551
3981,4555
3981,3194
3981,3490
3981,1778
3981,4911
3981,4237
3981,3981
3981,43
3981,925
3981,4705
3981,266
4952,3870
4952,265
4952,1139
4952,4641
4952,4205
4952,363
4952,2246
4952,3296
4952,2212
4952,2260
4952,3761
4952,2647
4952,2166
4952,1455
4952,2158
4952,3024
4952,2128
4952,3325
4952,4952
4952,2886
4952,184
4952,5511
4952,1250
4952,3392
4952,4884
4952,2849
4952,3978
4952,4170
4770,4363
4770,1130
4770,3642
4770,1562
4770,4414
4770,372
4770,4038
4770,750
4770,4770
4770,1239
4770,4938
1847,2120
1847,3433
1847,806
1847,4517
1847,249
1847,1899
1847,5198
1847,1704
1847,5385
1847,1880
1847,3332
1847,4270
1847,1448
1847,4029
1847,4325
1847,1847
1847,3459
1847,5597
1847,1623
1847,2629
1847,847
1847,4749
1847,3399
1847,1071
4206,2179
4206,3921
4206,70
4206,3987
4206,1722
4206,4269
4206,2980
4206,5372
4206,1934
4206,3993
4206,3478
4206,3984
4206,2196
4206,1749
4206,279
4206,2126
4206,5128
4206,628
4206,4434
4206,1286
4206,1234
4206,4206
4206,1483
4206,3009
4206,1079
4206,4175
4206,517
4206,261
4206,3031
4206,1421
4206,3910
1459,4811
1459,820
1459,5121
1459,3436
1459,3628
1459,1180
1459,4071
1459,5220
1459,2339
1459,3967
1459,1423
1459,1459
1459,2815
1459,1343
1459,800
1459,1077
1459,2051
1459,5465
1459,5264
1459,2582
4241,907
4241,112
4241,518
4241,1693
4241,4834
4241,1198
4241,2916
4241,5252
4241,3545
4241,3301
4241,1316
4241,2065
4241,2857
4241,4241
4241,4584
4241,5257
4241,2397
4241,3762
4241,3289
4241,1068
4241,1103
4241,705
4241,5534
1507,65
1507,1236
1507,3833
1507,3546
1507,3824
1507,3526
1507,1396
1507,4042
1507,1090
1507,982
1507,3729
1507,5336
1507,4516
1507,1507
1507,1252
1507,136
1507,313
1507,4971
1507,1926
1507,606
1507,5321
3485,1043
3485,1520
3485,380
3485,3211
3485,612
3485,4564
3485,3212
3485,3439
3485,2201
3485,2259
3485,3276
3485,3119
3485,2861
3485,3779
3485,2356
3485,928
3485,5310
3485,3577
3485,468
3485,5149
3485,3485
3485,1744
3485,1377
3485,3366
3485,11
3485,4812
3485,1385
3485,2332
4451,2480
4451,4759
4451,4267
4451,1213
4451,18
4451,3415
4451,3704
4451,4013
4451,4615
4451,1399
4451,5023
4451,2371
4451,4451
4451,4859
4451,4156
4451,683
4451,5383
4451,304
4451,541
4451,160
4451,3743
642,339
642,4234
642,632
642,1386
642,642
642,299
1967,4569
1967,2035
1967,990
1967,4578
1967,4306
1967,4110
1967,4733
1967,301
1967,1591
1967,3601
1967,1967
1967,902
1967,1390
1967,3166
4464,1520
4464,2988
4464,3015
4464,4046
4464,3504
4464,570
4464,4564
4464,2055
4464,4096
4464,548
4464,4600
4464,2259
4464,3131
4464,3076
4464,1510
4464,1843
4464,1525
4464,509
4464,2560
4464,5463
4464,3577
4464,1076
4464,1729
4464,4464
4464,694
4464,1431
4464,4127
4464,5297
4464,2540
4464,786
4464,3373
4464,1187
4464,11
4464,1660
4464,2332
4464,5068
4464,3741
2403,1050
2403,958
2403,3647
2403,2538
2403,1624
2403,3306
2403,834
2403,2205
2403,916
2403,3699
2403,2403
2403,1504
2403,5461
2403,5232
2403,84
2403,2711
5102,3352
5102,1921
5102,1395
5102,397
5102,4231
5102,3895
5102,4110
5102,4733
5102,2506
5102,2469
5102,413
5102,3601
5102,4603
5102,2723
5102,4887
5102,5102
5102,3890
5102,4167
5102,902
5102,3927
5102,3502
5102,378
5102,2197
5102,723
5102,1366
5102,323
5102,3166
3459,2120
3459,3433
3459,1468
3459,4517
3459,1899
3459,5385
3459,1572
3459,2510
3459,1880
3459,1153
3459,2687
3459,1448
3459,4139
3459,3351
3459,2290
3459,4325
3459,3682
3459,1847
3459,3459
3459,5597
3459,1623
3459,2629
3459,5584
3459,3086
3459,1439
5019,5251
5019,1995
5019,5172
5019,408
5019,3576
5019,3021
5019,2791
5019,3292
5019,5019
5019,2484
5019,101
5019,2103
5019,2163
3026,3226
3026,1179
3026,341
3026,5215
3026,3483
3026,994
3026,1600
3026,3026
3026,157
3026,390
3026,2882
3026,4861
3026,2334
3026,4381
1777,1560
1777,3372
1777,2943
1777,4213
1777,3339
1777,594
1777,22
1777,3744
1777,1777
1777,3309
1777,5432
5434,4254
5434,4281
5434,3807
5434,743
5434,1473
5434,3664
5434,4184
5434,4140
5434,5434
5434,5146
5434,2949
4890,3202
4890,1436
4890,5059
4890,4508
4890,403
4890,5077
4890,2445
4890,1524
4890,1937
4890,383
4890,4466
4890,4211
4890,648
4890,4885
4890,1789
4890,4890
4890,3361
4890,3267
4890,829
4890,3178
4890,4418
2599,2494
2599,3815
2599,2908
2599,1088
2599,3153
2599,3324
2599,1654
2599,4039
2599,2691
2599,941
2599,1108
2599,54
2599,3580
2599,3871
2599,2473
2599,1426
2599,3111
2599,1175
2599,2599
2599,744
2599,1149
2599,3606
2599,2737
2599,5547
2599,2136
885,9
885,132
885,1516
885,1231
885,408
885,3553
885,1838
885,2359
885,531
885,3986
885,1740
885,4390
885,5411
885,885
885,2084
5101,3484
5101,29
5101,2974
5101,2244
5101,1974
5101,2455
5101,4128
5101,942
5101,586
5101,1287
5101,1205
5101,2868
5101,4092
5101,2285
5101,1051
5101,5359
5101,5101
5101,103
5101,1942
5101,1087
86,1862
86,2035
86,4231
86,1674
86,1128
86,2469
86,467
86,4603
86,1401
86,4616
86,2576
86,2219
86,5210
86,86
86,3929
86,3502
86,1242
86,5065
418,456
418,2885
418,1988
418,2664
418,3410
418,3452
418,2747
418,1860
418,2750
418,1417
418,4097
418,2683
418,3219
418,3244
418,67
418,1477
418,3934
418,4873
418,3401
418,697
418,770
418,1019
418,2513
418,3637
418,1036
418,2094
418,3402
418,3387
418,2199
418,336
418,418
418,212
418,4130
418,5362
418,621
418,1906
418,1415
418,5307
2088,5611
2088,2245
2088,5356
2088,1132
2088,2516
2088,2198
2088,3949
2088,4267
2088,1213
2088,2399
2088,18
2088,4013
2088,2186
2088,326
2088,2942
2088,5023
2088,845
2088,2371
2088,2088
2088,2865
2088,4156
2088,683
2088,5603
2088,4256
2088,4972
2088,3743
2088,1515
1239,4363
1239,1130
1239,3642
1239,1562
1239,4038
1239,5371
1239,4770
1239,1239
1239,4938
1239,4006
1239,3939
4383,2164
4383,5535
4383,5618
4383,2978
4383,877
4383,2497
4383,522
4383,2609
4383,891
4383,3171
4383,5334
4383,1692
4383,1603
4383,748
4383,121
4383,4957
4383,3033
4383,4707
4383,2525
4383,1702
4383,1260
4383,1262
4383,4550
4383,3497
4383,4577
4383,4876
4383,1257
4383,4346
4383,1666
4383,2708
4383,2297
4383,2959
4383,2763
4383,3145
4383,3283
4383,3884
4383,1757
4383,1994
4383,569
4383,1338
4383,894
4383,1873
4383,4776
4383,2373
4383,4383
4383,3272
4383,1804
4383,1714
4383,1403
4383,3291
4383,1549
4383,2858
4383,2700
4383,1089
4383,3395
4383,5326
500,2933
500,1516
500,3099
500,1041
500,3622
500,215
500,3553
500,5008
500,3512
500,4815
500,4073
500,3691
500,1904
500,609
500,2359
500,4059
500,531
500,3088
500,2383
500,5306
500,4390
500,5411
500,349
500,2724
500,500
500,2947
500,2084
500,168
500,3958
500,5354
500,5585
4732,987
4732,3215
4732,213
4732,4991
4732,85
4732,4746
4732,1658
4732,3985
4732,576
4732,4388
4732,4484
4732,4732
4732,3714
4732,3003
4732,3006
4732,3959
4732,5
4732,4761
4732,1589
5482,2494
5482,3828
5482,3815
5482,3153
5482,1987
5482,1359
5482,4998
5482,3580
5482,5050
5482,1175
5482,5482
5482,3606
5482,465
5482,4462
457,4948
457,3084
457,532
457,5332
457,3586
457,577
457,410
457,2031
457,1509
457,4554
457,4599
457,235
457,457
457,1277
457,5299
457,2698
5596,3433
5596,3591
5596,2080
5596,1899
5596,3142
5596,4900
5596,2230
5596,720
5596,4378
5596,4139
5596,4649
5596,5609
5596,471
5596,1863
5596,2838
5596,4891
5596,3682
5596,5596
5596,2009
5596,5584
5596,4749
5596,360
5596,2840
5596,1439
2645,3735
2645,4430
2645,1684
2645,2289
2645,2645
2645,1382
2645,1390
2645,1067
2645,2914
2645,4605
2817,5592
2817,5277
2817,129
2817,1197
2817,4015
2817,242
2817,3812
2817,5283
2817,2993
2817,4706
2817,2722
2817,1846
2817,187
2817,3613
2817,776
2817,1678
2817,4074
2817,5091
2817,2966
2817,4698
2817,5155
2817,4248
2817,57
2817,3393
2817,4060
2817,3727
2817,3847
2817,2286
2817,3223
2817,2817
2817,1773
2817,1168
2817,1787
2817,2395
2817,204
2817,2170
2817,3058
2817,2956
2817,4309
2817,3229
2817,3347
2817,1924
5181,4252
5181,3690
5181,285
5181,1018
5181,5372
5181,5483
5181,1934
5181,931
5181,3925
5181,5031
5181,93
5181,2243
5181,684
5181,4820
5181,5181
5181,3009
744,3599
744,3815
744,2908
744,2964
744,1088
744,3324
744,641
744,731
744,1501
744,1654
744,4039
744,2691
744,941
744,1108
744,5080
744,54
744,1476
744,504
744,3580
744,3871
744,5202
744,1426
744,2599
744,744
744,1407
744,2737
744,5547
744,2116
744,2136
3162,3746
3162,1265
3162,49
3162,1227
3162,1691
3162,3467
3162,3466
3162,2419
3162,5171
3162,5634
3162,3162
3162,3268
3162,4135
3162,2689
3162,4461
5011,4000
5011,4406
5011,5426
5011,5373
5011,4331
5011,2174
5011,1302
5011,3672
5011,2836
5011,2765
5011,3359
5011,364
5011,352
5011,3920
5011,5346
5011,5011
5011,713
5011,4801
5011,2786
5011,3933
4286,2670
4286,5426
4286,1989
4286,3924
4286,1447
4286,1487
4286,3183
4286,4341
4286,2181
4286,840
4286,4312
4286,4286
4286,3311
4286,568
4286,2144
4718,4576
4718,4963
4718,1075
4718,249
4718,5198
4718,2085
4718,1719
4718,3343
4718,2595
4718,3332
4718,4065
4718,3338
4718,4378
4718,4029
4718,2838
4718,1850
4718,4718
4718,847
4718,333
4718,4749
4718,2840
4718,3399
157,3313
157,3513
157,1148
157,1179
157,341
157,994
157,1600
157,3026
157,157
157,390
157,4350
157,2882
157,1890
157,5165
157,4381
4789,442
4789,637
4789,1117
4789,2519
4789,216
4789,3948
4789,2140
4789,99
4789,3230
4789,2587
4789,920
4789,4487
4789,4789
4789,3555
4789,4444
4789,1605
3928,3432
3928,897
3928,1767
3928,3055
3928,4999
3928,2235
3928,5548
3928,3695
3928,3780
3928,1193
3928,2643
3928,914
3928,2137
3928,3928
3928,947
3928,5089
3928,1874
3928,2077
3928,983
3928,1697
1991,2049
1991,5542
1991,5369
1991,2613
1991,144
1991,2762
1991,5069
1991,4592
1991,4265
1991,2739
1991,5010
1991,3932
1991,4522
1991,5073
1991,1315
1991,1991
1991,1222
1991,1854
1991,5340
1991,4010
1991,5559
1991,217
480,5540
480,4110
480,4430
480,1771
480,3601
480,2723
480,1064
480,4456
480,2932
480,480
480,3778
480,902
480,4422
480,1409
480,1366
480,581
480,3166
2105,3168
2105,2490
2105,75
2105,1074
2105,2434
2105,1579
2105,989
2105,122
2105,1632
2105,1545
2105,1159
2105,3315
2105,2105
2105,1922
6,2848
6,2632
6,4639
6,2313
6,2140
6,3230
6,4778
6,269
6,3330
6,4487
6,995
6,6
6,2254
6,1454
6,3555
6,3556
1747,5272
1747,3019
1747,1816
1747,2904
1747,4220
1747,28
1747,5319
1747,4233
1747,709
1747,1481
1747,4714
1747,5614
1747,4063
1747,1440
1747,924
1747,5489
1747,191
1747,828
1747,4326
1747,1747
1747,5317
1747,3710
1747,4365
1747,1960
1747,2223
1747,4657
1747,1916
1747,3907
1747,4666
1747,3839
3468,2079
3468,5244
3468,3277
3468,316
3468,2435
3468,3628
3468,140
3468,675
3468,69
3468,4537
3468,3967
3468,3345
3468,1614
3468,3468
3468,2064
3468,1355
3468,1077
3468,4617
3468,3143
3468,111
3890,3352
3890,1921
3890,1395
3890,397
3890,4231
3890,3895
3890,1674
3890,2506
3890,4603
3890,4887
3890,5102
3890,3890
3890,3929
3890,3927
3890,3502
3890,2197
3890,323
3890,1242
4290,1971
4290,3352
4290,1921
4290,1395
4290,397
4290,3294
4290,1826
4290,2506
4290,5216
4290,3790
4290,3441
4290,4887
4290,2822
4290,56
4290,4290
4290,4167
4290,3927
4290,378
4290,723
4290,323
5163,5592
5163,129
5163,2828
5163,1197
5163,4015
5163,755
5163,242
5163,1004
5163,4706
5163,2722
5163,2159
5163,776
5163,1292
5163,2286
5163,5163
5163,2170
5163,4502
5163,884
5163,1398
4542,988
4542,2110
4542,584
4542,1393
4542,700
4542,1028
4542,866
4542,4792
4542,2562
4542,48
4542,5000
4542,493
4542,4542
4542,2224
4542,2565
4542,4655
3611,2266
3611,596
3611,4356
3611,359
3611,1326
3611,4894
3611,2812
3611,4912
3611,3611
3611,2411
3611,2641
3611,429
3611,4556
3611,3701
3611,2327
3611,2902
3611,3360
1744,1043
1744,380
1744,624
1744,3439
1744,2925
1744,2201
1744,5568
1744,4850
1744,2861
1744,5526
1744,5379
1744,928
1744,5310
1744,1121
1744,468
1744,5149
1744,3485
1744,1744
1744,1411
1744,4426
1744,3366
1744,3873
3786,2062
3786,1450
3786,4896
3786,757
3786,5270
3786,2906
3786,5617
3786,1094
3786,3256
3786,5134
3786,3786
3786,1891
3786,4988
3786,4428
3786,3298
5447,3736
5447,737
5447,25
5447,92
5447,2052
5447,3245
5447,3096
5447,131
5447,2313
5447,5341
5447,2169
5447,2736
5447,2918
5447,5447
5447,2802
5447,5417
5447,1742
5447,52
2365,4790
2365,4687
2365,3346
2365,5229
2365,2633
2365,4982
2365,4609
2365,4262
2365,3121
2365,2113
2365,749
2365,3625
2365,2365
2365,996
2365,765
2365,1999
2365,5054
2365,4480
2365,5108
1377,380
1377,3211
1377,612
1377,3212
1377,608
1377,3276
1377,3119
1377,3779
1377,2356
1377,4510
1377,468
1377,3485
1377,1377
1377,4965
1377,3366
1377,4812
1377,1385
1945,4630
1945,3499
1945,1314
1945,4813
1945,2222
1945,3323
1945,1831
1945,4970
1945,3861
1945,1945
1945,139
1945,4202
5431,5535
5431,308
5431,4805
5431,121
5431,392
5431,3337
5431,1262
5431,4550
5431,3004
5431,4228
5431,5227
5431,310
5431,578
5431,5431
5431,3062
5431,530
5431,560
5431,1472
5431,3424
5431,3328
76,4423
76,2245
76,3429
76,1296
76,2531
76,5249
76,3949
76,3804
76,5057
76,18
76,1249
76,320
76,3248
76,2533
76,4013
76,4740
76,2942
76,12
76,3671
76,1975
76,1163
76,76
76,4859
76,650
76,4256
76,488
76,4972
76,541
76,2983
76,699
2064,5244
2064,3277
2064,316
2064,4368
2064,5473
2064,140
2064,69
2064,3345
2064,1614
2064,1026
2064,3468
2064,2064
2064,543
2064,1707
2064,1355
2064,3143
2064,111
2064,3712
2293,2784
2293,888
2293,4429
2293,2053
2293,3316
2293,4665
2293,813
2293,2574
2293,2192
2293,2981
2293,1584
2293,756
2293,4178
2293,2293
2293,1907
2293,461
390,3313
390,3513
390,3226
390,1148
390,1179
390,341
390,994
390,1600
390,3026
390,157
390,390
390,4350
390,2882
390,2334
390,1890
390,4381
103,3484
103,2974
103,2244
103,1974
103,2455
103,942
103,586
103,1287
103,2868
103,4092
103,1920
103,2285
103,1051
103,5359
103,5101
103,103
103,1942
103,153
4808,5437
4808,1865
4808,1441
4808,1495
4808,1940
4808,3304
4808,1808
4808,1404
4808,1668
4808,2488
4808,4647
4808,3739
4808,1872
4808,357
4808,4539
4808,4808
4808,254
2224,988
2224,2110
2224,2667
2224,700
2224,1028
2224,416
2224,866
2224,1935
2224,5506
2224,4792
2224,2355
2224,2562
2224,48
2224,5000
2224,4542
2224,2224
2224,5004
1891,2062
1891,4959
1891,2024
1891,1961
1891,4756
1891,757
1891,3331
1891,1819
1891,5270
1891,2906
1891,2593
1891,5617
1891,2361
1891,5441
1891,4182
1891,4903
1891,4782
1891,3256
1891,376
1891,3154
1891,2377
1891,3786
1891,1891
1891,4988
1891,4428
1891,3298
1891,2903
5616,3303
5616,827
5616,903
5616,108
5616,4805
5616,4333
5616,769
5616,2404
5616,3232
5616,2953
5616,4869
5616,5616
5616,3062
5616,3173
5616,1706
5616,3702
5616,560
5616,1351
5616,1472
5616,2233
5616,133
5616,2215
5616,3328
5616,1133
3013,5098
3013,4837
3013,285
3013,1722
3013,1625
3013,773
3013,4814
3013,2279
3013,931
3013,2948
3013,2294
3013,3093
3013,959
3013,684
3013,686
3013,857
3013,3013
3013,1483
3013,1894
3013,5144
2565,143
2565,2583
2565,988
2565,4087
2565,584
2565,1972
2565,287
2565,2252
2565,1028
2565,5642
2565,1098
2565,147
2565,4542
2565,2565
2565,4655
2565,1675
2565,1810
1252,1236
1252,3833
1252,663
1252,5180
1252,3824
1252,1396
1252,2061
1252,1090
1252,963
1252,5064
1252,5336
1252,4041
1252,1507
1252,1252
1252,136
1252,5453
1252,1926
1252,606
1252,2588
4584,3926
4584,518
4584,1693
4584,4834
4584,1198
4584,4436
4584,2916
4584,3545
4584,2968
4584,3301
4584,1316
4584,1496
4584,2065
4584,4241
4584,4584
4584,5257
4584,2397
4584,5381
4584,3155
4584,3289
4584,2642
4584,705
4580,3573
4580,929
4580,2279
4580,1815
4580,2109
4580,2948
4580,2661
4580,2294
4580,4743
4580,66
4580,2580
4580,5323
4580,1305
4580,857
4580,4580
4580,318
4580,547
4580,1364
4580,3604
4580,3101
2471,1851
2471,742
2471,4644
2471,4027
2471,4643
2471,4665
2471,4040
2471,2620
2471,4551
2471,447
2471,1155
2471,4753
2471,2981
2471,3213
2471,4061
2471,2471
2471,2607
2471,3012
2471,370
2471,2847
544,2211
544,4495
544,5591
544,345
544,1311
544,4105
544,2037
544,1555
544,3631
544,544
544,4261
544,1929
1504,3110
1504,4408
1504,453
1504,409
1504,1050
1504,2538
1504,1624
1504,3306
1504,834
1504,2143
1504,2205
1504,916
1504,272
1504,3521
1504,2403
1504,1504
1504,1060
1504,152
1504,5232
1504,84
1504,2341
1504,2711
752,1595
752,1464
752,5260
752,2872
752,1577
752,882
752,5109
752,2917
752,4048
752,2656
752,752
752,738
752,1216
752,2261
752,5400
752,1766
752,4172
752,3133
2802,161
2802,92
2802,2052
2802,2604
2802,3245
2802,82
2802,131
2802,3114
2802,4376
2802,2203
2802,2736
2802,4635
2802,4314
2802,5447
2802,2802
2047,3172
2047,4827
2047,874
2047,5037
2047,4482
2047,4293
2047,3129
2047,4980
2047,223
2047,2614
2047,4664
2047,73
2047,2449
2047,4924
2047,4768
2047,4069
2047,60
2047,5442
2047,2047
2047,1056
2047,1238
2047,1534
2047,2665
2047,1592
2047,868
2047,2305
2047,3785
947,3432
947,3698
947,897
947,4438
947,1767
947,3055
947,2235
947,2492
947,1193
947,1893
947,4967
947,2643
947,914
947,2137
947,1264
947,3928
947,947
947,3558
947,1874
947,2077
947,983
947,1697
922,3238
922,3657
922,2071
922,4674
922,4035
922,2229
922,5082
922,27
922,5450
922,4730
922,1643
922,3095
922,5404
922,419
922,1194
922,923
922,922
922,3118
922,3853
922,1330
922,4472
922,976
922,5205
922,5236
922,4848
3361,3202
3361,1436
3361,5059
3361,4053
3361,4508
3361,403
3361,2445
3361,1937
3361,383
3361,4466
3361,729
3361,4211
3361,648
3361,4885
3361,1789
3361,4890
3361,3361
3361,3267
3361,829
3361,3178
4342,607
4342,1201
4342,4951
4342,827
4342,903
4342,3872
4342,389
4342,5173
4342,3381
4342,3814
4342,2404
4342,2953
4342,4869
4342,4342
4342,3173
4342,1905
4342,4355
4342,2215
4342,1133
2663,35
2663,1535
2663,3314
2663,4321
2663,3498
2663,314
2663,4765
2663,3259
2663,4101
2663,2248
2663,4742
2663,1063
2663,178
2663,2663
2663,1699
2663,611
1615,366
1615,4254
1615,4282
1615,1047
1615,743
1615,1473
1615,2651
1615,4210
1615,732
1615,1615
1615,2387
1615,2444
1615,3329
1382,5015
1382,4189
1382,1684
1382,391
1382,3596
1382,2289
1382,3880
1382,2645
1382,1382
1382,1067
1382,2797
1382,1290
1382,123
1382,4605
2029,328
2029,5169
2029,2674
2029,4775
2029,3768
2029,4824
2029,4998
2029,1577
2029,1884
2029,1196
2029,2944
2029,2473
2029,5494
2029,3111
2029,2029
2029,3606
2029,2048
2029,1107
2029,2437
2029,682
2029,3885
2029,4012
2029,1514
2886,107
2886,3422
2886,3870
2886,1139
2886,2531
2886,4641
2886,980
2886,3296
2886,3761
2886,1455
2886,2158
2886,4952
2886,2886
2886,184
2886,5511
2886,1250
2886,4884
2886,2849
2886,4888
5414,172
5414,1607
5414,4513
5414,563
5414,4379
5414,4349
5414,4334
5414,5423
5414,1686
5414,2357
5414,353
5414,4353
5414,5414
5414,153
5414,4191
5414,3297
5414,1829
5414,937
3878,1767
3878,4878
3878,4999
3878,1106
3878,4001
3878,2235
3878,914
3878,2137
3878,3878
3878,5047
3878,1756
3878,2278
2875,921
2875,5575
2875,3265
2875,4590
2875,3530
2875,1717
2875,5009
2875,3583
2875,2898
2875,4819
2875,5402
2875,4411
2875,807
2875,2191
2875,4421
2875,3188
2875,2875
2875,3855
2875,1258
2875,1114
2012,3083
2012,2807
2012,5090
2012,1271
2012,1990
2012,4132
2012,2511
2012,5619
2012,2012
2012,2100
2012,809
2012,1493
1222,5415
1222,5542
1222,5369
1222,1482
1222,2762
1222,1081
1222,4592
1222,5373
1222,4872
1222,5041
1222,3932
1222,4522
1222,4401
1222,1315
1222,1991
1222,1222
1222,2559
1222,5340
1222,134
1222,5559
1222,2546
1222,217
524,1816
524,1204
524,5391
524,3287
524,2076
524,3510
524,3018
524,5259
524,2552
524,1998
524,1897
524,4638
524,4714
524,1013
524,5219
524,1927
524,1547
524,5105
524,5002
524,319
524,524
524,5318
524,2792
524,865
524,2027
2484,2408
2484,5251
2484,1995
2484,1652
2484,5172
2484,3576
2484,206
2484,2791
2484,3292
2484,3629
2484,5019
2484,2484
2484,861
2484,101
2484,2393
2484,2883
3311,1989
3311,1447
3311,1487
3311,5097
3311,4341
3311,2181
3311,3536
3311,4286
3311,3311
3272,2164
3272,5535
3272,5618
3272,910
3272,877
3272,2497
3272,522
3272,2609
3272,4180
3272,3171
3272,5334
3272,1692
3272,5316
3272,1603
3272,748
3272,4957
3272,3033
3272,4707
3272,2525
3272,1702
3272,1260
3272,3497
3272,4577
3272,4876
3272,1257
3272,4346
3272,1666
3272,2708
3272,2297
3272,2959
3272,2763
3272,3145
3272,3283
3272,3884
3272,1757
3272,1994
3272,569
3272,1338
3272,894
3272,4776
3272,1506
3272,4383
3272,3272
3272,1804
3272,3006
3272,1714
3272,1403
3272,3291
3272,1549
3272,2858
3272,2700
3272,1089
3272,5326
4965,4002
4965,3211
4965,792
4965,612
4965,5545
4965,2818
4965,3212
4965,2253
4965,647
4965,608
4965,3276
4965,3119
4965,3694
4965,300
4965,3540
4965,986
4965,1480
4965,1066
4965,3656
4965,1377
4965,4965
4965,1859
4965,2300
4965,4812
4965,1385
1836,3821
1836,5366
1836,2288
1836,2017
1836,3007
1836,1152
1836,4259
1836,4960
1836,16
1836,1836
1836,4056
1836,5630
1836,3730
1836,2659
1836,4995
2073,626
2073,3234
2073,4441
2073,1272
2073,484
2073,2145
2073,4063
2073,4224
2073,1970
2073,218
2073,1161
2073,1440
2073,2727
2073,292
2073,4591
2073,1655
2073,4784
2073,1681
2073,2195
2073,2073
2073,1322
2073,5377
2073,867
2073,4785
2073,1782
1705,3957
1705,4289
1705,1201
1705,379
1705,3592
1705,2346
1705,3872
1705,3550
1705,2153
1705,5167
1705,3243
1705,1701
1705,2585
1705,1207
1705,3420
1705,3626
1705,4085
1705,876
1705,3381
1705,1705
1705,5640
1705,4984
1705,1736
4374,3756
4374,2686
4374,1783
4374,3051
4374,4374
4374,5367
4374,5028
4374,3426
4374,4844
5367,549
5367,3522
5367,5388
5367,4131
5367,1783
5367,5398
5367,4465
5367,3051
5367,4103
5367,4374
5367,5367
5367,3426
5367,2178
425,403
425,529
425,383
425,4982
425,2644
425,5030
425,2787
425,4916
425,4163
425,3651
425,3625
425,5135
425,2761
425,425
425,1082
425,3528
425,3267
425,5054
425,3645
425,5108
425,2962
425,2876
3714,987
3714,4177
3714,3215
3714,213
3714,4991
3714,85
3714,4746
3714,1658
3714,3985
3714,576
3714,4388
3714,569
3714,4484
3714,4732
3714,3714
3714,3003
3714,3006
3714,3959
3714,5
3714,4761
3714,1589
1056,874
1056,4293
1056,4664
1056,4768
1056,4069
1056,2047
1056,1056
1056,1534
1056,1327
1056,868
1056,2305
3726,2426
3726,4800
3726,4313
3726,2498
3726,3614
3726,5252
3726,3999
3726,2129
3726,3659
3726,3544
3726,3726
3726,5484
3726,306
3726,3916
3726,3762
3726,603
3726,5534
3855,3480
3855,4771
3855,3518
3855,2439
3855,5575
3855,1754
3855,4319
3855,498
3855,3265
3855,4590
3855,3336
3855,1519
3855,1282
3855,2668
3855,3161
3855,1383
3855,4651
3855,342
3855,5118
3855,2210
3855,4819
3855,3385
3855,4946
3855,638
3855,1949
3855,321
3855,3418
3855,4421
3855,2875
3855,3855
3855,4715
3855,3783
3855,4279
3855,3136
3855,5305
3855,1258
3855,3816
3855,1745
3855,2989
1942,2974
1942,1495
1942,1940
1942,3304
1942,4128
1942,1686
1942,4092
1942,2285
1942,1872
1942,5359
1942,5101
1942,103
1942,1942
1942,153
1942,120
1942,1039
1483,3987
1483,3573
1483,1722
1483,1625
1483,773
1483,5372
1483,3984
1483,1749
1483,279
1483,2126
1483,812
1483,2580
1483,5128
1483,628
1483,4434
1483,686
1483,857
1483,1234
1483,4206
1483,3013
1483,1483
1483,1079
1483,5144
1483,3031
1483,1421
2254,2848
2254,2632
2254,3286
2254,5507
2254,431
2254,2887
2254,4639
2254,4973
2254,4778
2254,269
2254,3330
2254,4709
2254,5344
2254,5466
2254,6
2254,2254
2254,1543
5139,4158
5139,1025
5139,814
5139,1743
5139,3147
5139,2545
5139,5040
5139,3841
5139,4030
5139,1911
5139,4842
5139,2306
5139,1024
5139,377
5139,2834
5139,5139
5139,4868
5139,1571
5139,5185
5139,3053
552,4945
552,1560
552,910
552,934
552,4797
552,5316
552,39
552,4213
552,3534
552,1963
552,4440
552,768
552,594
552,2569
552,2493
552,1563
552,110
552,1506
552,552
552,3750
1411,3389
1411,4300
1411,4692
1411,1551
1411,624
1411,28
1411,5319
1411,208
1411,5124
1411,2925
1411,5568
1411,4850
1411,1481
1411,5526
1411,169
1411,5379
1411,1650
1411,1823
1411,2767
1411,1002
1411,1121
1411,273
1411,5489
1411,4533
1411,191
1411,4326
1411,1744
1411,1411
1411,5317
1411,5571
1411,1960
1411,3281
1411,3632
1411,3873
1411,2756
3641,2448
3641,3358
3641,4798
3641,2485
3641,622
3641,698
3641,3106
3641,3641
1773,5277
1773,668
1773,2676
1773,2416
1773,3812
1773,5283
1773,3905
1773,1846
1773,3613
1773,1678
1773,4074
1773,4248
1773,711
1773,3393
1773,1337
1773,3954
1773,3727
1773,4958
1773,3098
1773,2817
1773,1773
1773,1746
1773,1787
1773,204
1773,4447
1773,842
1773,3229
1773,3347
1773,4067
1773,1924
5597,2120
5597,3433
5597,1468
5597,806
5597,4517
5597,249
5597,1899
5597,5385
5597,2510
5597,1880
5597,2687
5597,4270
5597,1448
5597,4139
5597,4029
5597,3351
5597,2290
5597,4325
5597,1847
5597,3459
5597,5597
5597,1623
5597,2629
5597,3086
5597,1439
1060,4622
1060,3110
1060,453
1060,409
1060,5114
1060,4311
1060,1460
1060,2143
1060,272
1060,3521
1060,1504
1060,1060
1060,152
1060,4371
1060,4636
4868,3041
4868,1753
4868,2216
4868,1025
4868,1743
4868,2545
4868,5040
4868,3841
4868,3198
4868,4030
4868,4842
4868,2234
4868,5293
4868,2834
4868,2450
4868,5139
4868,4868
4868,1571
4868,1661
4868,5185
4868,3053
152,4622
152,2907
152,409
152,5114
152,760
152,4311
152,1460
152,2143
152,3521
152,1504
152,1060
152,152
152,4371
152,1887
152,2089
152,4636
152,84
4859,2245
4859,5356
4859,3429
4859,5249
4859,3949
4859,4267
4859,1213
4859,2399
4859,18
4859,3415
4859,320
4859,3248
4859,3704
4859,4013
4859,4615
4859,2942
4859,1399
4859,12
4859,2371
4859,1163
4859,4451
4859,76
4859,4859
4859,4156
4859,683
4859,4256
4859,4972
4859,541
4859,160
4859,3743
4859,2983
4350,3313
4350,3513
4350,1405
4350,3756
4350,1148
4350,1179
4350,636
4350,5566
4350,157
4350,390
4350,4350
4350,1890
4350,5165
4350,4381
2380,4285
2380,2439
2380,3287
2380,3137
2380,2076
2380,498
2380,1301
2380,3336
2380,238
2380,2155
2380,2004
2380,4864
2380,4684
2380,1115
2380,5259
2380,1664
2380,5631
2380,1656
2380,3438
2380,1998
2380,1897
2380,2087
2380,4638
2380,1013
2380,2556
2380,1547
2380,1720
2380,3385
2380,3184
2380,5105
2380,458
2380,5002
2380,3056
2380,5498
2380,5570
2380,15
2380,2693
2380,321
2380,3418
2380,319
2380,125
2380,3665
2380,1289
2380,5312
2380,2380
2380,3050
2380,3600
2380,4715
2380,4400
2380,5318
2380,5470
2380,3136
2380,4567
2380,1791
2380,2792
2380,865
2380,1993
1168,5277
1168,129
1168,1342
1168,2828
1168,1197
1168,4015
1168,2020
1168,1004
1168,4901
1168,4706
1168,2722
1168,187
1168,776
1168,2
1168,4074
1168,5091
1168,2966
1168,5155
1168,57
1168,4060
1168,3847
1168,2286
1168,3223
1168,5567
1168,2817
1168,1168
1168,2395
1168,2170
1168,3058
1168,2956
1168,3685
1168,4309
1168,3347
1168,782
1168,1398
1168,1885
4712,1280
4712,2939
4712,3376
4712,2099
4712,888
4712,5374
4712,3316
4712,1523
4712,4136
4712,4372
4712,444
4712,1434
4712,4178
4712,4093
4712,1167
4712,4712
4712,1317
4712,4540
4712,5327
4712,474
4712,5106
4712,3887
1976,3130
1976,2120
1976,1468
1976,5424
1976,1572
1976,1902
1976,2362
1976,2510
1976,1880
1976,5627
1976,1153
1976,3260
1976,2775
1976,2687
1976,5066
1976,3351
1976,4344
1976,1976
1976,1392
1976,2629
2104,1294
2104,1212
2104,5364
2104,2239
2104,2464
2104,173
2104,4437
2104,1142
2104,1844
2104,2131
2104,3964
2104,5224
2104,4396
2104,1220
2104,4936
2104,2206
2104,4443
2104,2104
2104,4739
2104,2407
2104,4112
2104,1886
2104,281
5640,4951
5640,379
5640,3872
5640,5167
5640,389
5640,3243
5640,1701
5640,2585
5640,1207
5640,4085
5640,876
5640,3381
5640,1705
5640,5640
5640,893
5640,1736
1855,1379
1855,4372
1855,1291
1855,1855
1855,3427
1855,5261
1855,991
1855,474
1855,5106
1855,575
1855,3979
2947,2933
2947,1516
2947,3099
2947,3622
2947,215
2947,3553
2947,5008
2947,3512
2947,4073
2947,3691
2947,1904
2947,5072
2947,609
2947,2359
2947,4059
2947,531
2947,3088
2947,2383
2947,4390
2947,5411
2947,2724
2947,500
2947,2947
2947,19
2947,2084
2947,168
2947,3958
2947,5354
2947,5585
450,172
450,1607
450,1093
450,4485
450,4379
450,5423
450,353
450,1624
450,5594
450,1634
450,450
450,5232
5055,3041
5055,2831
5055,1753
5055,2216
5055,4500
5055,1380
5055,3216
5055,2536
5055,2450
5055,5055
5055,1661
5055,3053
1593,3370
1593,3736
1593,737
1593,3096
1593,2398
1593,2313
1593,546
1593,99
1593,2587
1593,920
1593,2909
1593,4487
1593,2918
1593,3240
1593,1593
1593,3555
1593,5417
1593,52
4832,511
4832,637
4832,1117
4832,3948
4832,1839
4832,4384
4832,5612
4832,322
4832,246
4832,3220
4832,715
4832,4351
4832,2570
4832,2043
4832,4450
4832,4832
4832,438
4832,4362
4832,2975
1623,2120
1623,3433
1623,806
1623,4517
1623,249
1623,1899
1623,5198
1623,1704
1623,5385
1623,1880
1623,3332
1623,4270
1623,1448
1623,4029
1623,2838
1623,2290
1623,4325
1623,1847
1623,3459
1623,5597
1623,1623
1623,2629
1623,847
1623,4749
1623,3399
1623,1439
3321,2554
3321,2773
3321,1324
3321,597
3321,3660
3321,623
3321,561
3321,2468
3321,4024
3321,747
3321,2351
3321,2276
3321,3321
3321,87
3321,4126
145,2738
145,2458
145,1237
145,559
145,1266
145,5593
145,2619
145,4546
145,2406
145,4179
145,2864
145,477
145,4528
145,145
145,2280
145,2228
145,1586
145,4604
145,841
145,589
3988,2110
3988,1530
3988,3940
3988,595
3988,4357
3988,866
3988,5506
3988,5486
3988,3354
3988,4792
3988,2562
3988,2388
3988,3334
3988,493
3988,3607
3988,3988
3988,3514
3988,4598
3988,930
2811,1170
2811,4340
2811,1828
2811,5289
2811,5035
2811,4055
2811,5112
2811,5018
2811,1768
2811,5072
2811,4725
2811,2358
2811,739
2811,1053
2811,4273
2811,344
2811,3088
2811,1877
2811,1616
2811,170
2811,2811
2811,19
2811,5585
4497,3168
4497,2490
4497,601
4497,2423
4497,1579
4497,4920
4497,3718
4497,1632
4497,3315
4497,4497
4497,2829
4497,1800
4497,3374
1818,1035
1818,332
1818,1833
1818,2008
1818,4076
1818,2753
1818,785
1818,4415
1818,4296
1818,4796
1818,2855
1818,3902
1818,3697
1818,4515
1818,1818
1818,2187
1818,4160
1818,268
618,456
618,385
618,5621
618,1923
618,2586
618,2664
618,3410
618,470
618,4525
618,5557
618,2747
618,2750
618,4097
618,3219
618,5551
618,3244
618,2270
618,3737
618,4939
618,2977
618,1477
618,3708
618,2349
618,4302
618,348
618,2662
618,5629
618,4910
618,4873
618,3401
618,295
618,697
618,1413
618,220
618,3637
618,1036
618,2094
618,3402
618,2199
618,336
618,618
618,4130
618,2941
618,5362
618,5315
618,3448
618,621
618,4627
618,1906
618,1415
618,2072
618,2058
2440,2524
2440,3193
2440,3165
2440,154
2440,188
2440,5145
2440,4144
2440,5300
2440,211
2440,3152
2440,1618
2440,2899
2440,3775
2440,3963
2440,1116
2440,3469
2440,4377
2440,2440
2440,3731
2440,2417
1746,5277
1746,668
1746,2846
1746,2676
1746,2738
1746,2416
1746,2458
1746,1237
1746,4672
1746,3812
1746,3905
1746,2993
1746,1846
1746,1678
1746,4248
1746,711
1746,3393
1746,1337
1746,2406
1746,3954
1746,3727
1746,3098
1746,1773
1746,1746
1746,1787
1746,204
1746,4447
1746,3182
1746,1737
1746,4067
1746,1586
1746,1924
1746,1000
3773,2262
3773,1936
3773,3029
3773,4459
3773,1326
3773,4568
3773,927
3773,1183
3773,288
3773,3773
3773,2549
3773,2117
2237,3303
2237,2776
2237,3527
2237,1017
2237,1703
2237,3097
2237,3848
2237,3696
2237,3533
2237,769
2237,1135
2237,2237
2237,3173
2237,5204
2237,4419
2237,1351
2237,2233
71,1450
71,4896
71,2024
71,4691
71,5633
71,803
71,3914
71,354
71,4990
71,3275
71,3388
71,1556
71,5134
71,1785
71,71
71,4988
71,2631
71,5174
71,1732
4947,2809
4947,1102
4947,630
4947,4005
4947,4947
4947,4512
4947,2010
4947,4108
4947,1105
4947,4367
4947,1038
5209,4897
5209,5116
5209,3408
5209,1882
5209,5209
5209,3860
5209,4075
3062,3303
3062,3527
3062,4805
3062,4333
3062,3337
3062,3004
3062,4228
3062,3533
3062,1135
3062,5431
3062,5616
3062,3062
3062,530
3062,1706
3062,560
3062,1351
3062,1472
3062,4146
3062,2233
3062,133
3062,3424
3062,1822
3062,3328
3894,1629
3894,3913
3894,422
3894,3287
3894,2155
3894,3018
3894,5562
3894,1897
3894,2556
3894,5002
3894,3705
3894,15
3894,3894
3894,4400
3894,4295
94,5145
94,5253
94,1618
94,1116
94,406
94,1485
94,94
94,506
94,487
153,2974
153,1940
153,3304
153,4334
153,1686
153,4092
153,2285
153,2357
153,4353
153,5359
153,103
153,5414
153,1942
153,153
153,120
153,937
43,1715
43,1467
43,2139
43,5549
43,1778
43,2734
43,4911
43,4237
43,91
43,3981
43,43
43,925
43,1657
43,1856
43,266
1082,209
1082,403
1082,529
1082,383
1082,4982
1082,2644
1082,5030
1082,2787
1082,4916
1082,3651
1082,3625
1082,5135
1082,2761
1082,425
1082,1082
1082,3528
1082,5054
1082,3645
1082,5108
1082,2962
1082,2876
1082,407
954,2748
954,5512
954,4626
954,2715
954,595
954,416
954,5506
954,2562
954,954
954,5004
4371,4622
4371,2907
4371,409
4371,5114
4371,4311
4371,1460
4371,2143
4371,272
4371,3521
4371,1060
4371,152
4371,4371
4371,1887
4371,2089
4371,4636
694,1520
694,2988
694,3015
694,2979
694,4046
694,3504
694,570
694,373
694,1688
694,2055
694,2363
694,4096
694,548
694,4600
694,2410
694,3076
694,1510
694,1843
694,5463
694,1384
694,1232
694,1076
694,1729
694,4464
694,694
694,1431
694,4127
694,2540
694,786
694,3373
694,1187
694,2332
694,3741
4094,597
4094,5278
4094,222
4094,819
4094,1579
4094,399
4094,2735
4094,1424
4094,4094
4094,1244
4094,87
2815,4811
2815,820
2815,5121
2815,1913
2815,974
2815,1180
2815,4071
2815,3774
2815,3781
2815,2095
2815,3034
2815,1423
2815,1459
2815,2815
2815,1343
2815,800
2815,5481
2815,2051
2815,5421
2815,5465
2815,5264
2815,1809
2623,2069
2623,2115
2623,658
2623,2034
2623,3610
2623,714
2623,3868
2623,289
2623,4427
2623,5067
2623,2384
2623,83
2623,2976
2623,2623
5317,2904
5317,624
5317,1304
5317,5319
5317,1269
5317,4233
5317,2925
5317,5568
5317,1481
5317,5379
5317,5614
5317,5489
5317,1588
5317,191
5317,2719
5317,2672
5317,828
5317,4326
5317,1747
5317,1411
5317,5317
5317,3710
5317,4365
5317,1960
5317,2223
5317,1916
5317,3907
5317,3873
5317,2756
5317,4666
5317,3839
184,107
184,4021
184,3422
184,3022
184,3870
184,2721
184,1139
184,2531
184,4641
184,980
184,3296
184,5435
184,3761
184,1455
184,2158
184,4952
184,2886
184,184
184,1250
184,2849
184,4888
184,699
4655,143
4655,2583
4655,988
4655,4087
4655,584
4655,1972
4655,287
4655,1393
4655,2252
4655,1028
4655,2152
4655,48
4655,5000
4655,5642
4655,147
4655,4542
4655,2565
4655,4655
4655,1675
4655,277
4655,1810
1329,256
1329,4857
1329,836
1329,1511
1329,4682
1329,4433
1329,3923
1329,2806
1329,2093
1329,1517
1329,1346
1329,1575
1329,3827
1329,1834
1329,4226
1329,5243
1329,3318
1329,2568
1329,5263
1329,2844
1329,347
1329,2361
1329,2922
1329,2502
1329,3159
1329,5304
1329,158
1329,4187
1329,2240
1329,2066
1329,1943
1329,1329
1329,181
1329,3340
1329,2732
1329,2801
1329,3450
1329,451
1329,4794
1329,5141
1329,2457
861,2408
861,1995
861,4161
861,1652
861,5396
861,1273
861,206
861,2484
861,861
861,2393
1907,2784
1907,5095
1907,4429
1907,579
1907,2053
1907,4665
1907,5189
1907,3498
1907,1365
1907,813
1907,4765
1907,2638
1907,1795
1907,2782
1907,1420
1907,1584
1907,1063
1907,1328
1907,756
1907,1948
1907,178
1907,2293
1907,1907
1907,3453
1907,461
1907,1055
1907,2429
1238,3172
1238,4827
1238,874
1238,5037
1238,4482
1238,4293
1238,3129
1238,2266
1238,4980
1238,4356
1238,223
1238,2614
1238,4664
1238,2449
1238,4924
1238,4768
1238,4069
1238,60
1238,5442
1238,2047
1238,1238
1238,1534
1238,2665
1238,1592
1238,868
1238,2305
1238,3701
1238,3360
1238,3785
1431,1520
1431,380
1431,2988
1431,4046
1431,3504
1431,570
1431,4564
1431,3212
1431,2055
1431,4096
1431,548
1431,4600
1431,2259
1431,3119
1431,3076
1431,1510
1431,1843
1431,2560
1431,2356
1431,3577
1431,1076
1431,1729
1431,5149
1431,4464
1431,694
1431,1431
1431,4127
1431,5297
1431,786
1431,4426
1431,1187
1431,11
1431,1660
1431,2332
1431,5068
1431,3741
5438,1522
5438,4473
5438,3216
5438,49
5438,1691
5438,3466
5438,5006
5438,3308
5438,248
5438,4646
5438,5438
5438,4135
5438,2998
5438,3404
5438,4461
5438,4822
5438,3179
362,3992
362,4676
362,899
362,1834
362,3612
362,2646
362,5087
362,1646
362,2160
362,362
362,4763
362,1061
240,5413
240,526
240,4356
240,4774
240,4894
240,4912
240,240
240,2411
240,429
240,4556
240,2327
240,2902
2626,1136
2626,2147
2626,5095
2626,2508
2626,579
2626,200
2626,2638
2626,1795
2626,2744
2626,613
2626,2782
2626,1420
2626,1233
2626,369
2626,3158
2626,1948
2626,2626
2626,1958
2626,3453
2626,3772
2626,1055
2626,724
2626,2429
5004,1247
5004,2667
5004,4626
5004,712
5004,1186
5004,1841
5004,2715
5004,2503
5004,700
5004,3876
5004,2190
5004,416
5004,1935
5004,2355
5004,3386
5004,602
5004,1849
5004,2224
5004,954
5004,5004
5004,1312
2829,2490
2829,222
2829,4762
2829,819
2829,1579
2829,4920
2829,2992
2829,399
2829,2735
2829,3315
2829,4497
2829,2829
2829,1800
2829,3374
2882,3226
2882,2335
2882,341
2882,5215
2882,3483
2882,994
2882,1600
2882,1209
2882,4620
2882,3026
2882,157
2882,390
2882,2882
2882,4861
2882,2334
4345,4446
4345,3989
4345,2106
4345,5517
4345,3722
4345,237
4345,1759
4345,21
4345,4117
4345,4345
4345,1319
4345,5162
4345,798
4345,3799
136,1236
136,5448
136,3824
136,1396
136,4042
136,4483
136,2819
136,3729
136,5336
136,750
136,1507
136,1252
136,136
136,1926
136,606
136,5321
5113,1314
5113,4983
5113,67
5113,5113
5113,167
5113,1270
5113,1876
5113,5452
5113,4202
1343,4811
1343,1041
1343,3116
1343,820
1343,4511
1343,1913
1343,3436
1343,1180
1343,4815
1343,5220
1343,3781
1343,1680
1343,2095
1343,1489
1343,3034
1343,1423
1343,2127
1343,1459
1343,2815
1343,1343
1343,2051
1343,5421
1343,5465
1343,5264
1343,1809
212,2885
212,1988
212,2664
212,3410
212,3452
212,2747
212,1417
212,2683
212,3219
212,3244
212,67
212,3934
212,4873
212,697
212,1019
212,2513
212,1036
212,2094
212,1831
212,3387
212,418
212,212
212,4130
212,1270
212,621
212,1906
212,4202
3262,974
3262,1180
3262,2258
3262,4071
3262,3774
3262,2339
3262,193
3262,3262
3262,800
3262,5538
3262,1077
3262,5481
4652,1011
4652,3089
4652,4969
4652,2507
4652,4134
4652,1451
4652,4652
4652,1456
2701,1581
2701,3539
2701,3239
2701,51
2701,691
2701,5419
2701,2901
2701,2701
2701,3295
2701,4129
2701,3209
2472,4949
2472,2602
2472,1297
2472,5320
2472,5600
2472,587
2472,3164
2472,427
2472,999
2472,1622
2472,3643
2472,5355
2472,155
2472,2057
2472,3627
2472,2472
2472,4214
2472,3857
2472,1738
2472,5166
2472,2780
2187,3843
2187,332
2187,1928
2187,4076
2187,2753
2187,785
2187,3057
2187,4415
2187,4296
2187,4796
2187,393
2187,3902
2187,3697
2187,4515
2187,1818
2187,2187
2187,4160
2187,268
2187,2317
1804,2164
1804,5535
1804,3500
1804,5618
1804,2978
1804,877
1804,2497
1804,522
1804,2609
1804,4180
1804,891
1804,3171
1804,5334
1804,1692
1804,308
1804,1603
1804,748
1804,121
1804,4957
1804,3033
1804,4707
1804,2525
1804,3052
1804,1702
1804,1260
1804,1262
1804,4550
1804,3497
1804,4577
1804,4876
1804,1257
1804,4346
1804,1666
1804,2708
1804,2297
1804,2959
1804,2763
1804,3145
1804,3283
1804,3884
1804,5227
1804,1757
1804,1994
1804,1338
1804,1873
1804,4776
1804,2373
1804,4383
1804,3272
1804,1804
1804,1714
1804,1403
1804,3291
1804,1549
1804,2858
1804,2700
1804,1089
1804,3395
1804,5326
800,4811
800,5121
800,974
800,1180
800,4071
800,3774
800,3781
800,2339
800,2095
800,3967
800,1459
800,2815
800,3262
800,800
800,5538
800,1077
800,5481
800,5264
800,2582
3678,2581
3678,904
3678,2805
3678,4589
3678,702
3678,4703
3678,3104
3678,4287
3678,4348
3678,1498
3678,4673
3678,4249
3678,4828
3678,3678
3678,3003
3678,5
3678,219
4739,1294
4739,1212
4739,5364
4739,2239
4739,2464
4739,173
4739,4437
4739,1142
4739,4203
4739,2131
4739,3964
4739,5224
4739,4396
4739,1220
4739,4936
4739,2206
4739,4443
4739,2104
4739,4739
4739,2407
4739,4923
4739,4112
4739,1886
4739,281
710,2752
710,2251
710,4601
710,3477
710,3721
710,965
710,4301
710,1473
710,1919
710,4184
710,5250
710,710
710,2387
710,3431
710,2331
4849,1950
4849,3952
4849,2972
4849,1097
4849,1048
4849,4795
4849,3021
4849,3800
4849,4849
4849,1983
4849,1248
4127,2988
4127,3015
4127,4046
4127,1688
4127,5495
4127,2055
4127,4096
4127,548
4127,4600
4127,3131
4127,2410
4127,3076
4127,1510
4127,1843
4127,1525
4127,509
4127,5463
4127,1232
4127,2699
4127,3784
4127,4464
4127,694
4127,1431
4127,4127
4127,5297
4127,2540
4127,3373
4127,1660
4127,3741
3108,3048
3108,5518
3108,3991
3108,1214
3108,4507
3108,2329
3108,2382
3108,3108
3108,4201
2407,5364
2407,1084
2407,4437
2407,4321
2407,3498
2407,4765
2407,5224
2407,4396
2407,1220
2407,4101
2407,4742
2407,4936
2407,2206
2407,4443
2407,4208
2407,2104
2407,4739
2407,2407
2407,4112
2407,1886
2407,281
5297,2988
5297,4046
5297,2157
5297,4564
5297,2818
5297,4096
5297,548
5297,4600
5297,3131
5297,3119
5297,3076
5297,1510
5297,1843
5297,1525
5297,509
5297,2560
5297,5463
5297,4464
5297,1431
5297,4127
5297,5297
5297,454
5297,786
5297,11
5297,1660
5297,2332
5297,5068
5297,3741
1149,328
1149,2674
1149,3324
1149,1654
1149,4039
1149,2691
1149,941
1149,1108
1149,54
1149,2473
1149,1426
1149,3111
1149,2599
1149,1149
1149,2048
1149,2737
1149,2136
4160,2961
4160,1035
4160,332
4160,1833
4160,2008
4160,1037
4160,4076
4160,2753
4160,785
4160,4915
4160,4415
4160,4296
4160,717
4160,3074
4160,956
4160,440
4160,3697
4160,4515
4160,1818
4160,2187
4160,4160
3606,3828
3606,3815
3606,328
3606,2674
3606,3153
3606,4775
3606,3324
3606,4824
3606,4998
3606,1108
3606,1884
3606,2473
3606,1426
3606,3111
3606,2599
3606,5482
3606,2029
3606,3606
3606,2048
3606,682
3606,4462
3606,3885
3606,4012
3606,1514
3205,4508
3205,265
3205,5077
3205,1524
3205,4205
3205,363
3205,4090
3205,2246
3205,2212
3205,2260
3205,5607
3205,4885
3205,2128
3205,3205
3205,3392
3205,3978
3205,4418
3205,4170
3118,374
3118,2112
3118,2375
3118,2071
3118,3257
3118,4494
3118,4674
3118,4035
3118,2229
3118,1101
3118,5082
3118,27
3118,5450
3118,2603
3118,1643
3118,3095
3118,419
3118,1194
3118,102
3118,2301
3118,3378
3118,922
3118,3118
3118,4472
3118,5595
3118,976
3118,5205
3118,4723
945,1629
945,423
945,540
945,2364
945,5562
945,3112
945,670
945,4327
945,2905
945,945
945,2816
2995,2961
2995,1035
2995,5422
2995,3687
2995,1833
2995,3092
2995,2304
2995,1037
2995,915
2995,2180
2995,3487
2995,785
2995,4915
2995,4823
2995,3806
2995,36
2995,2921
2995,717
2995,3074
2995,956
2995,2879
2995,3367
2995,440
2995,5455
2995,905
2995,4515
2995,2295
2995,1387
2995,2995
3589,2964
3589,731
3589,1796
3589,941
3589,5080
3589,1476
3589,504
3589,2283
3589,5202
3589,3589
3589,5197
3589,4976
3589,2737
454,4002
454,5545
454,2157
454,2818
454,3694
454,4460
454,509
454,300
454,3540
454,3891
454,955
454,296
454,5297
454,454
454,2300
454,1660
454,5068
5461,228
5461,949
5461,3030
5461,1050
5461,958
5461,1531
5461,2703
5461,3647
5461,2538
5461,834
5461,3064
5461,5337
5461,2205
5461,916
5461,3699
5461,3571
5461,2403
5461,5461
1958,1136
1958,2618
1958,2147
1958,5095
1958,4027
1958,579
1958,4852
1958,2620
1958,2638
1958,2744
1958,613
1958,718
1958,2782
1958,1420
1958,1233
1958,369
1958,2626
1958,1958
1958,3453
1958,724
1958,3012
4130,456
4130,2586
4130,1988
4130,2664
4130,3410
4130,3452
4130,5557
4130,2747
4130,2750
4130,1417
4130,4097
4130,2683
4130,3219
4130,3244
4130,2270
4130,67
4130,1477
4130,4302
4130,2662
4130,5629
4130,3934
4130,4873
4130,4373
4130,3401
4130,697
4130,1413
4130,1019
4130,2513
4130,3637
4130,1036
4130,2094
4130,3402
4130,1831
4130,3387
4130,2199
4130,336
4130,418
4130,618
4130,212
4130,4130
4130,5362
4130,3448
4130,621
4130,1906
4130,1415
2888,1145
2888,3348
2888,716
2888,5600
2888,5231
2888,427
2888,753
2888,4913
2888,4398
2888,411
2888,5255
2888,805
2888,4978
2888,2630
2888,3649
2888,3542
2888,3627
2888,2888
2888,3413
2888,4214
2888,2151
2888,3797
2888,4650
2333,4254
2333,2714
2333,743
2333,460
2333,180
2333,555
2333,2333
2333,3329
1859,4002
1859,792
1859,5545
1859,2253
1859,647
1859,608
1859,3694
1859,948
1859,300
1859,3540
1859,986
1859,1274
1859,1480
1859,1066
1859,3656
1859,4104
1859,4965
1859,1859
1859,2300
4642,1170
4642,3023
4642,4455
4642,4340
4642,350
4642,1828
4642,5289
4642,3944
4642,3371
4642,5035
4642,4272
4642,4055
4642,5499
4642,4725
4642,1053
4642,3132
4642,4273
4642,344
4642,1140
4642,1095
4642,1877
4642,1616
4642,170
4642,4642
4642,387
4642,1983
4642,870
1787,5277
1787,1342
1787,668
1787,2676
1787,2738
1787,2416
1787,3812
1787,5283
1787,2993
1787,1846
1787,3613
1787,1678
1787,4074
1787,2966
1787,4248
1787,711
1787,3393
1787,3727
1787,3847
1787,2817
1787,1773
1787,1746
1787,1787
1787,204
1787,4447
1787,2280
1787,2956
1787,3685
1787,4309
1787,1737
1787,3229
1787,1586
1787,1924
3251,1718
3251,4803
3251,3226
3251,918
3251,2913
3251,4690
3251,3519
3251,1644
3251,5215
3251,666
3251,4620
3251,3251
3251,2334
3251,3801
3251,4221
3251,4986
3251,3040
3122,5490
3122,485
3122,4610
3122,2264
3122,476
3122,3547
3122,3199
3122,2745
3122,4192
3122,2078
3122,3122
3122,2910
846,1048
846,3186
846,239
846,3658
846,2681
846,3141
846,2573
846,846
846,605
846,1141
846,2733
846,5100
1534,874
1534,4293
1534,3129
1534,223
1534,4664
1534,73
1534,4768
1534,4069
1534,5442
1534,2047
1534,1056
1534,1238
1534,1534
1534,868
1534,2305
1534,1188
1534,3785
101,2408
101,5251
101,1995
101,5172
101,3576
101,3458
101,2791
101,38
101,3629
101,3537
101,5019
101,2484
101,101
101,327
101,2163
101,2883
101,564
2481,1986
2481,1535
2481,1084
2481,4493
2481,3170
2481,1220
2481,1378
2481,969
2481,2463
2481,2481
2481,1699
2481,4923
2481,1027
2584,3130
2584,116
2584,1902
2584,267
2584,3516
2584,3260
2584,5066
2584,536
2584,688
2584,2584
2584,1392
2584,3650
2584,3918
2584,2996
5571,3389
5571,3480
5571,3019
5571,1816
5571,4285
5571,4692
5571,1551
5571,2960
5571,28
5571,1754
5571,5319
5571,2076
5571,1301
5571,4233
5571,4864
5571,4684
5571,1519
5571,3510
5571,1115
5571,5259
5571,5124
5571,1664
5571,5631
5571,4767
5571,3438
5571,2400
5571,1998
5571,2087
5571,4638
5571,2668
5571,169
5571,1013
5571,1547
5571,342
5571,1720
5571,3385
5571,5105
5571,1650
5571,1823
5571,458
5571,2767
5571,1002
5571,1949
5571,273
5571,5489
5571,5570
5571,4533
5571,321
5571,319
5571,125
5571,5312
5571,1411
5571,5571
5571,3050
5571,2146
5571,3783
5571,5318
5571,4279
5571,3281
5571,3136
5571,4567
5571,1791
5571,2792
5571,3632
5571,2756
3456,4802
3456,1011
3456,641
3456,3089
3456,3670
3456,2507
3456,733
3456,3278
3456,1597
3456,3456
3456,2189
3456,4570
5338,3792
5338,5531
5338,736
5338,5338
5338,2422
5338,4201
2865,4423
2865,2245
2865,4021
2865,5356
2865,1132
2865,1296
2865,3949
2865,2399
2865,18
2865,1249
2865,5435
2865,3669
2865,2942
2865,845
2865,2312
2865,2088
2865,2865
2865,5603
2865,4256
2865,4972
2865,1515
2865,2983
2865,699
181,4857
181,836
181,1511
181,4682
181,2024
181,1961
181,4433
181,3923
181,2806
181,2093
181,1517
181,1346
181,1575
181,5243
181,3318
181,2568
181,5263
181,2844
181,347
181,2361
181,2922
181,2502
181,3159
181,5304
181,158
181,4187
181,2066
181,4903
181,4782
181,1943
181,1329
181,181
181,3340
181,2732
181,2801
181,3450
181,451
181,4794
181,5141
181,2457
181,3578
181,1732
3009,4252
3009,70
3009,3987
3009,3690
3009,1722
3009,598
3009,2980
3009,5372
3009,1934
3009,3993
3009,2196
3009,3925
3009,1749
3009,2126
3009,93
3009,2243
3009,4294
3009,628
3009,684
3009,4820
3009,1286
3009,1234
3009,4206
3009,5181
3009,3009
3009,1079
3009,4175
3009,261
3009,5144
3881,5225
3881,4313
3881,514
3881,2498
3881,5097
3881,3407
3881,4560
3881,971
3881,2129
3881,572
3881,3544
3881,3881
3881,4257
3881,4216
3881,4292
3881,346
3881,1613
3881,2015
3268,3746
3268,1775
3268,1265
3268,1227
3268,3467
3268,2419
3268,5171
3268,5634
3268,4200
3268,3162
3268,3268
3268,4284
3268,4135
3268,2101
3268,2689
3268,4807
302,5098
302,356
302,2608
302,3186
302,239
302,1540
302,4697
302,3249
302,4806
302,959
302,302
302,2535
302,1141
302,2733
302,5100
925,1715
925,1467
925,551
925,5549
925,4555
925,1813
925,1778
925,2734
925,4911
925,4237
925,3981
925,43
925,925
925,266
3776,2441
3776,3921
3776,4269
3776,655
3776,4534
3776,5206
3776,4025
3776,3478
3776,631
3776,3984
3776,226
3776,4743
3776,812
3776,262
3776,3776
3776,3031
3776,3875
253,4741
253,2854
253,3180
253,166
253,3055
253,4999
253,3532
253,5548
253,3695
253,3780
253,690
253,939
253,3618
253,2328
253,253
253,4244
253,1408
253,4332
830,2726
830,332
830,2008
830,4076
830,2431
830,3322
830,4415
830,4296
830,1124
830,1298
830,2855
830,3902
830,2269
830,334
830,830
830,5387
830,224
830,4020
5028,3522
5028,5278
5028,4465
5028,3051
5028,122
5028,1424
5028,2891
5028,4374
5028,5028
5028,3426
5028,4844
5028,1244
1435,5406
1435,1677
1435,4021
1435,3732
1435,3022
1435,1848
1435,3870
1435,2721
1435,4435
1435,4641
1435,4809
1435,1486
1435,1275
1435,4366
1435,980
1435,368
1435,2707
1435,5435
1435,3669
1435,5510
1435,2287
1435,3761
1435,2647
1435,2166
1435,2033
1435,2312
1435,4543
1435,1435
1435,1250
1435,4791
1435,2849
1435,4888
1435,545
1887,4622
1887,4597
1887,4151
1887,634
1887,2907
1887,1010
1887,760
1887,4311
1887,3044
1887,152
1887,4371
1887,1887
1887,2089
1887,3862
1887,4636
1887,3823
4893,3028
4893,2726
4893,3005
4893,2431
4893,5082
4893,4544
4893,27
4893,3322
4893,1217
4893,2269
4893,334
4893,923
4893,102
4893,4893
4893,5387
4893,523
4893,5182
4893,976
4893,5205
4893,5236
4893,224
4893,4020
2189,3089
2189,3670
2189,3758
2189,1235
2189,3456
2189,2189
2189,2413
3173,3303
3173,903
3173,108
3173,1703
3173,3097
3173,5173
3173,3696
3173,769
3173,3232
3173,2953
3173,4869
3173,5616
3173,4342
3173,2237
3173,3173
3173,5204
3173,1706
3173,1351
3173,1905
3173,2233
3173,4355
3173,2215
5484,3821
5484,3996
5484,4800
5484,4874
5484,5464
5484,5005
5484,3620
5484,2241
5484,2017
5484,3614
5484,3007
5484,3999
5484,3659
5484,3726
5484,5484
5484,306
5484,1160
5484,3916
5484,5630
5484,3730
5484,2659
5484,4995
5484,603
4271,4566
4271,1171
4271,176
4271,3364
4271,1178
4271,5558
4271,4271
4271,1310
4057,1432
4057,3141
4057,3458
4057,2712
4057,38
4057,3629
4057,3537
4057,4057
4057,605
4057,2883
4057,564
2420,2931
2420,3180
2420,2884
2420,1190
2420,135
2420,4734
2420,4173
2420,4856
2420,4449
2420,3326
2420,722
2420,3915
2420,2420
2420,3032
2420,4335
2420,815
2420,1408
2420,5546
2420,4332
1392,3130
1392,2120
1392,1468
1392,1902
1392,2362
1392,2510
1392,1880
1392,5627
1392,3260
1392,2687
1392,5066
1392,1976
1392,2584
1392,1392
1392,2629
1392,3918
3003,987
3003,2805
3003,3215
3003,702
3003,85
3003,3104
3003,4287
3003,4249
3003,4828
3003,4732
3003,3714
3003,3678
3003,3003
3003,2598
3003,3959
3003,5
3003,1589
2395,5277
2395,129
2395,1342
2395,2828
2395,1197
2395,4015
2395,2020
2395,4207
2395,1004
2395,4901
2395,4706
2395,2722
2395,187
2395,776
2395,2
2395,4074
2395,5091
2395,2966
2395,5155
2395,57
2395,4060
2395,3847
2395,2286
2395,3223
2395,5567
2395,2817
2395,1168
2395,2395
2395,2170
2395,3058
2395,2956
2395,3685
2395,4309
2395,884
2395,782
2395,1885
4284,3746
4284,1775
4284,5401
4284,1265
4284,1227
4284,3467
4284,2419
4284,5171
4284,1789
4284,5634
4284,3065
4284,4200
4284,3268
4284,4284
4284,2101
4284,2689
4284,4807
2540,2988
2540,3015
2540,593
2540,4046
2540,1688
2540,5495
2540,2055
2540,548
2540,3131
2540,2410
2540,3076
2540,1525
2540,5463
2540,1384
2540,1232
2540,2699
2540,3784
2540,4464
2540,694
2540,4127
2540,2540
2540,3373
117,1500
117,2554
117,4860
117,2773
117,5397
117,1992
117,3931
117,2655
117,2325
117,5449
117,5088
117,623
117,5392
117,1978
117,4354
117,4024
117,3621
117,3192
117,198
117,5025
117,689
117,2185
117,2282
117,2690
117,5519
117,2351
117,3204
117,2867
117,2276
117,3349
117,117
117,4047
117,1172
117,2514
117,156
3365,5413
3365,4827
3365,4402
3365,852
3365,1653
3365,526
3365,5458
3365,4774
3365,1997
3365,1871
3365,2200
3365,3365
3365,1299
3365,4701
3365,1592
3365,5409
4307,3048
4307,1208
4307,3657
4307,340
4307,1215
4307,469
4307,5404
4307,4507
4307,1428
4307,2382
4307,4307
4307,3105
4307,4848
3453,35
3453,5095
3453,2508
3453,579
3453,3314
3453,2053
3453,200
3453,5189
3453,1365
3453,2638
3453,1795
3453,2744
3453,2782
3453,1420
3453,2415
3453,1233
3453,369
3453,3158
3453,1328
3453,1948
3453,1907
3453,2626
3453,1958
3453,3453
3453,1055
3453,724
3453,2429
2100,3083
2100,5090
2100,1271
2100,1990
2100,2511
2100,1284
2100,5619
2100,2012
2100,2100
2100,5432
2100,2345
2100,1493
3050,3389
3050,3480
3050,3019
3050,1816
3050,4285
3050,4692
3050,1551
3050,2960
3050,28
3050,1754
3050,2076
3050,1301
3050,4233
3050,4864
3050,4684
3050,3510
3050,1115
3050,5259
3050,5124
3050,1664
3050,5631
3050,4767
3050,3438
3050,2400
3050,1998
3050,2087
3050,4638
3050,169
3050,1013
3050,1547
3050,342
3050,1720
3050,3385
3050,3184
3050,5105
3050,1650
3050,458
3050,2767
3050,1002
3050,1949
3050,273
3050,5498
3050,5489
3050,5570
3050,2693
3050,321
3050,319
3050,125
3050,3665
3050,5312
3050,2380
3050,5571
3050,3050
3050,3600
3050,2146
3050,5318
3050,4279
3050,3281
3050,3136
3050,4567
3050,1791
3050,2792
3050,3632
3050,865
3050,2756
2825,437
2825,1609
2825,2466
2825,4188
2825,859
2825,1223
2825,2122
2825,3563
2825,2825
2825,4017
2825,1876
2825,5452
605,1449
605,2238
605,1432
605,239
605,3658
605,3141
605,3458
605,2573
605,38
605,3537
605,846
605,4057
605,605
605,1141
605,2733
605,564
2413,4413
2413,2222
2413,3758
2413,1235
2413,2189
2413,2413
5204,2776
5204,3527
5204,1017
5204,1703
5204,3097
5204,267
5204,5173
5204,3848
5204,3696
5204,769
5204,2495
5204,2237
5204,3173
5204,5204
5204,4419
5204,2233
109,2621
109,366
109,5424
109,1572
109,5627
109,1153
109,2775
109,3351
109,4344
109,5357
109,732
109,109
109,2444
109,4240
4840,4897
4840,3408
4840,3465
4840,5349
4840,5604
4840,1147
4840,2650
4840,1882
4840,4840
4840,4758
204,5277
204,668
204,2676
204,2738
204,2416
204,3812
204,5283
204,2993
204,1846
204,187
204,3613
204,1678
204,4074
204,2966
204,4248
204,711
204,57
204,3393
204,3727
204,3847
204,2817
204,1773
204,1746
204,1787
204,204
204,4447
204,2956
204,4309
204,1737
204,3229
204,3347
204,1586
204,1924
1894,5098
1894,4837
1894,1625
1894,4814
1894,2279
1894,2948
1894,2661
1894,2294
1894,3093
1894,959
1894,686
1894,857
1894,3013
1894,1894
1894,318
1894,2535
1894,3604
3006,4177
3006,5316
3006,213
3006,4991
3006,3033
3006,4707
3006,3534
3006,1257
3006,1666
3006,4746
3006,1658
3006,2708
3006,3985
3006,576
3006,3145
3006,3283
3006,3884
3006,1757
3006,4388
3006,1994
3006,569
3006,1338
3006,1003
3006,4484
3006,110
3006,4732
3006,3272
3006,3714
3006,3006
3006,1714
3006,3959
3006,1549
3006,4761
3006,5326
4191,2688
4191,172
4191,4513
4191,4485
4191,1357
4191,563
4191,4349
4191,353
4191,4353
4191,5414
4191,4191
4191,5164
4191,4974
4191,2202
4191,3297
4191,257
4191,1829
4191,937
3853,3238
3853,1208
3853,3657
3853,2071
3853,4674
3853,4035
3853,2229
3853,5450
3853,4730
3853,1643
3853,469
3853,3095
3853,5404
3853,419
3853,1428
3853,1194
3853,922
3853,3853
3853,1330
3853,4472
3853,5595
3853,5286
3853,4848
3853,3857
2559,4000
2559,5369
2559,1482
2559,2762
2559,1081
2559,3956
2559,4592
2559,5373
2559,1164
2559,4331
2559,4204
2559,1302
2559,5041
2559,364
2559,4401
2559,862
2559,1222
2559,2559
2559,1985
2559,5555
2559,134
2559,2546
2559,217
1800,5157
1800,1784
1800,4762
1800,601
1800,2423
1800,4920
1800,2992
1800,4653
1800,4497
1800,2829
1800,1800
1800,3374
3427,2099
3427,1379
3427,3335
3427,5564
3427,4372
3427,5079
3427,1291
3427,1167
3427,1855
3427,3427
3427,5261
3427,991
3427,474
3427,5106
3427,575
3427,3979
3750,934
3750,4797
3750,4459
3750,39
3750,359
3750,3534
3750,1963
3750,4440
3750,768
3750,2569
3750,2493
3750,552
3750,3750
5017,3810
5017,5180
5017,1099
5017,963
5017,4041
5017,3572
5017,5017
5017,5130
5017,5453
5017,2588
5017,3636
3045,3285
3045,2938
3045,1311
3045,4656
3045,4197
3045,1339
3045,3416
3045,3631
3045,3045
3045,2054
3045,3938
3045,324
3045,3425
3045,4942
3045,5541
3045,3423
2598,2682
2598,4468
2598,702
2598,4250
2598,1474
2598,3104
2598,3181
2598,3560
2598,1529
2598,3003
2598,2598
1327,874
1327,5276
1327,1171
1327,176
1327,1671
1327,1056
1327,1327
1327,2315
1327,3973
4861,1465
4861,1710
4861,4997
4861,14
4861,3766
4861,3483
4861,994
4861,1600
4861,1209
4861,3026
4861,2882
4861,4861
4861,2334
4861,126
2300,4002
2300,3211
2300,792
2300,612
2300,5545
2300,2157
2300,2818
2300,3212
2300,2253
2300,647
2300,3119
2300,3694
2300,4460
2300,300
2300,3540
2300,986
2300,1480
2300,955
2300,1066
2300,3656
2300,4965
2300,454
2300,1859
2300,2300
2300,5068
306,3821
306,4800
306,5464
306,3620
306,2241
306,2017
306,3614
306,3007
306,3999
306,3659
306,3726
306,5484
306,306
306,3916
306,5630
306,3730
306,2659
306,4995
306,603
4512,3568
4512,4005
4512,4947
4512,4512
4512,4077
4512,1062
4512,2551
2009,3484
2009,3138
2009,3591
2009,2080
2009,3142
2009,4900
2009,2230
2009,720
2009,2595
2009,4378
2009,4649
2009,5609
2009,471
2009,1863
2009,2838
2009,4891
2009,1850
2009,5596
2009,2009
2009,4749
2009,2840
2009,1439
3340,4857
3340,1511
3340,4433
3340,3923
3340,2671
3340,2806
3340,1517
3340,1346
3340,1575
3340,5243
3340,1819
3340,1981
3340,5473
3340,3318
3340,113
3340,4361
3340,2568
3340,5263
3340,2844
3340,347
3340,2361
3340,2922
3340,2502
3340,3159
3340,5304
3340,158
3340,4903
3340,4782
3340,1943
3340,1329
3340,181
3340,3340
3340,2732
3340,2801
3340,3450
3340,451
3340,4794
3340,5141
3340,2457
3340,2460
3340,3578
1078,2754
1078,2583
1078,2667
1078,692
1078,1972
1078,1393
1078,1028
1078,1935
1078,1959
1078,2355
1078,2152
1078,48
1078,5000
1078,1078
1078,1312
1078,277
1078,1980
1078,4082
280,1735
280,1017
280,892
280,3848
280,2148
280,280
280,225
280,4395
280,3082
280,3836
5257,907
5257,112
5257,518
5257,3147
5257,4834
5257,4436
5257,5350
5257,2916
5257,3545
5257,2306
5257,2968
5257,3301
5257,1316
5257,1496
5257,2065
5257,2857
5257,4241
5257,4584
5257,5257
5257,2397
5257,3289
5257,2642
5257,1103
5257,705
2941,456
2941,385
2941,5621
2941,1923
2941,4318
2941,5643
2941,4234
2941,470
2941,4525
2941,5557
2941,2750
2941,4097
2941,5551
2941,2270
2941,3737
2941,3144
2941,4939
2941,2977
2941,1477
2941,243
2941,1386
2941,2869
2941,3708
2941,2349
2941,1176
2941,2622
2941,3401
2941,1941
2941,1413
2941,220
2941,3402
2941,2199
2941,618
2941,2941
2941,430
2941,5362
2941,1741
2941,5315
2941,3448
2941,2520
2941,1415
2941,2072
2941,2058
120,2974
120,1495
120,1940
120,3304
120,1686
120,4092
120,2285
120,1872
120,5359
120,1942
120,153
120,120
120,1039
5467,2211
5467,4495
5467,5591
5467,1311
5467,2037
5467,1555
5467,1288
5467,3631
5467,2970
5467,1427
5467,5467
5467,4261
5467,3938
5467,5541
5467,3423
3598,3821
3598,2069
3598,2115
3598,2034
3598,5366
3598,714
3598,3868
3598,3999
3598,3659
3598,2857
3598,3598
3598,3916
3598,5630
3598,4393
3598,4995
3309,1560
3309,3372
3309,2943
3309,4213
3309,3339
3309,594
3309,1563
3309,1777
3309,3309
3309,5432
3394,5633
3394,803
3394,3275
3394,1559
3394,1556
3394,3394
3394,5174
3600,4285
3600,2439
3600,1754
3600,3137
3600,2076
3600,498
3600,1301
3600,3336
3600,238
3600,2155
3600,2004
3600,4864
3600,4684
3600,1115
3600,5259
3600,1664
3600,5631
3600,1656
3600,3438
3600,2400
3600,1998
3600,2087
3600,4638
3600,1013
3600,2556
3600,1547
3600,2210
3600,1720
3600,3385
3600,3184
3600,5105
3600,458
3600,5002
3600,3056
3600,5498
3600,5570
3600,15
3600,2693
3600,321
3600,3418
3600,319
3600,125
3600,3665
3600,1289
3600,5312
3600,2380
3600,3050
3600,3600
3600,4715
3600,4400
3600,5318
3600,5470
3600,3136
3600,4567
3600,1791
3600,2792
3600,865
3600,1993
3650,2809
3650,2362
3650,2824
3650,3516
3650,3260
3650,5066
3650,1102
3650,536
3650,4829
3650,2584
3650,3650
3650,2010
3650,2996
2315,5276
2315,1171
2315,5150
2315,1628
2315,3937
2315,1671
2315,1049
2315,1306
2315,3419
2315,1327
2315,2315
2315,3973
1675,143
1675,2583
1675,988
1675,4087
1675,584
1675,1972
1675,287
1675,1393
1675,2252
1675,1028
1675,1959
1675,2152
1675,5000
1675,5642
1675,147
1675,2565
1675,4655
1675,1675
1675,277
1675,4082
1675,906
338,4158
338,997
338,1059
338,3804
338,550
338,5057
338,23
338,4436
338,5274
338,1029
338,2968
338,4394
338,4258
338,1975
338,1496
338,2003
338,338
338,650
338,5381
338,3155
338,1824
338,488
2227,1106
2227,404
2227,2320
2227,690
2227,5020
2227,977
2227,939
2227,4908
2227,2227
2227,2032
2227,4244
2227,793
2227,428
2227,5047
2227,2278
2146,3389
2146,3019
2146,1816
2146,4692
2146,1551
2146,2960
2146,5391
2146,28
2146,5319
2146,2076
2146,1301
2146,4233
2146,4684
2146,3510
2146,1115
2146,5259
2146,5124
2146,1664
2146,5631
2146,4767
2146,3438
2146,2400
2146,1998
2146,2087
2146,4638
2146,4714
2146,169
2146,1013
2146,1927
2146,1547
2146,1720
2146,5105
2146,1650
2146,458
2146,2767
2146,273
2146,5498
2146,5489
2146,5570
2146,319
2146,125
2146,5312
2146,5571
2146,3050
2146,2146
2146,5318
2146,4365
2146,3281
2146,4567
2146,1791
2146,2792
2146,3632
2146,865
2146,2756
4056,3821
4056,5366
4056,2288
4056,1152
4056,4259
4056,4960
4056,16
4056,1836
4056,4056
4056,3730
4056,2659
4056,4995
3528,209
3528,403
3528,529
3528,1937
3528,383
3528,2644
3528,5030
3528,2787
3528,4916
3528,3651
3528,5135
3528,1789
3528,2761
3528,3065
3528,425
3528,1082
3528,3528
3528,3267
3528,3645
3528,2962
3528,2876
3528,407
2397,907
2397,3926
2397,518
2397,1693
2397,4834
2397,1198
2397,4436
2397,2916
2397,5252
2397,3545
2397,2968
2397,3301
2397,1316
2397,1496
2397,2065
2397,2857
2397,4241
2397,4584
2397,5257
2397,2397
2397,5381
2397,3155
2397,3289
2397,1068
2397,1103
2397,705
2397,5534
5511,795
5511,3422
5511,265
5511,1139
5511,3496
5511,4205
5511,4458
5511,363
5511,3296
5511,2212
5511,2260
5511,3761
5511,5607
5511,1455
5511,2158
5511,3024
5511,2128
5511,3325
5511,4952
5511,2886
5511,5511
5511,1250
5511,3392
5511,4884
5511,3978
5511,4170
5333,1513
5333,677
5333,1813
5333,1143
5333,1778
5333,4935
5333,2528
5333,4562
5333,4277
5333,5333
5333,4961
5333,4016
5333,5462
2170,129
2170,2828
2170,1197
2170,4015
2170,755
2170,242
2170,1004
2170,4706
2170,2722
2170,187
2170,2159
2170,776
2170,5091
2170,57
2170,4060
2170,3847
2170,2286
2170,3223
2170,5567
2170,2817
2170,5163
2170,1168
2170,2395
2170,2170
2170,3058
2170,2956
2170,884
2170,3347
2170,1398
2411,2266
2411,4356
2411,359
2411,1326
2411,818
2411,4894
2411,2812
2411,4912
2411,4004
2411,3611
2411,240
2411,2411
2411,2641
2411,429
2411,4556
2411,2327
2411,2902
2411,3360
2054,3285
2054,2938
2054,4581
2054,1837
2054,3194
2054,633
2054,2090
2054,4197
2054,1339
2054,1881
2054,3416
2054,3045
2054,2054
2054,3425
2054,4608
2054,4942
3032,2684
3032,4734
3032,1574
3032,4449
3032,3326
3032,722
3032,2214
3032,3400
3032,2420
3032,3032
3032,4335
3032,815
3032,1158
3032,2374
3032,1425
3032,5546
4750,3638
4750,5211
4750,2079
4750,2435
4750,4176
4750,675
4750,1376
4750,5441
4750,4537
4750,4182
4750,3961
4750,3107
4750,3154
4750,3345
4750,4750
4750,2443
4750,1355
4750,3061
4750,4617
4750,4981
4750,5589
4715,1612
4715,3480
4715,4771
4715,2350
4715,3518
4715,4285
4715,2439
4715,1754
4715,1361
4715,3137
4715,498
4715,1301
4715,3265
4715,3336
4715,238
4715,2155
4715,2004
4715,4864
4715,4684
4715,1664
4715,5631
4715,1656
4715,4767
4715,2087
4715,2668
4715,3161
4715,1383
4715,342
4715,5118
4715,2210
4715,1720
4715,3385
4715,3184
4715,4946
4715,638
4715,3056
4715,1949
4715,15
4715,2693
4715,321
4715,3418
4715,125
4715,1289
4715,5312
4715,3855
4715,2380
4715,3600
4715,4715
4715,3783
4715,5470
4715,4279
4715,3136
4715,4567
4715,5305
4715,3816
4715,1993
4715,2989
2175,1612
2175,2350
2175,1361
2175,3137
2175,918
2175,2155
2175,2004
2175,1656
2175,3112
2175,1644
2175,670
2175,3056
2175,666
2175,2175
2175,5470
2175,2816
2175,1993
1755,1862
1755,1649
1755,3282
1755,565
1755,2209
1755,5136
1755,467
1755,1401
1755,4616
1755,2576
1755,2219
1755,5210
1755,5262
1755,1755
1755,1707
1755,3135
1755,4826
3783,3389
3783,3480
3783,4771
3783,4300
3783,4692
3783,1551
3783,1754
3783,4319
3783,208
3783,498
3783,3265
3783,4864
3783,4684
3783,1519
3783,5124
3783,4767
3783,2400
3783,1282
3783,4850
3783,2668
3783,5526
3783,3161
3783,1383
3783,169
3783,342
3783,5118
3783,3385
3783,4946
3783,1823
3783,2767
3783,807
3783,1002
3783,1949
3783,4533
3783,42
3783,321
3783,125
3783,3855
3783,5571
3783,4715
3783,3783
3783,1228
3783,4279
3783,3136
3783,4567
3783,5305
3783,3816
3783,3632
3783,2756
3783,2989
5052,574
5052,4944
5052,1552
5052,763
5052,2777
5052,855
5052,3077
5052,5052
5052,3063
5052,3038
1079,2179
1079,3921
1079,70
1079,3987
1079,3690
1079,1722
1079,2980
1079,5372
1079,1934
1079,3993
1079,2196
1079,1749
1079,279
1079,2126
1079,5128
1079,628
1079,4434
1079,1286
1079,1234
1079,4206
1079,1483
1079,3009
1079,1079
1079,4175
1079,517
1079,261
1079,3031
1079,1421
1079,3910
4988,1450
4988,4896
4988,2024
4988,1961
4988,757
4988,4691
4988,1575
4988,5270
4988,5617
4988,2361
4988,4990
4988,3388
4988,3256
4988,5134
4988,1785
4988,3786
4988,1891
4988,71
4988,4988
4988,4428
4988,2631
4988,1732
3191,5290
3191,591
3191,5230
3191,3827
3191,4226
3191,1684
3191,4382
3191,2451
3191,3723
3191,3880
3191,2240
3191,3904
3191,3191
3191,13
3191,1390
3191,3080
3191,1290
3191,123
327,5251
327,1048
327,5172
327,3576
327,3141
327,3800
327,3458
327,38
327,3629
327,3537
327,101
327,327
327,2883
327,564
4156,5611
4156,2245
4156,5356
4156,1132
4156,3949
4156,4267
4156,1213
4156,2399
4156,18
4156,3704
4156,4013
4156,2186
4156,326
4156,2942
4156,1399
4156,5023
4156,845
4156,2371
4156,4451
4156,2088
4156,4859
4156,4156
4156,683
4156,5603
4156,4256
4156,4972
4156,160
4156,3743
4156,1515
4156,2983
2010,2809
2010,2521
2010,2362
2010,2824
2010,3260
2010,1102
2010,4947
2010,3650
2010,2010
2010,1105
2010,4367
1228,4771
1228,4300
1228,4319
1228,208
1228,3265
1228,1519
1228,3530
1228,5124
1228,1282
1228,4850
1228,2668
1228,5526
1228,1383
1228,169
1228,342
1228,1823
1228,807
1228,1002
1228,1121
1228,1949
1228,4533
1228,42
1228,1952
1228,3783
1228,1228
1228,4279
1228,5305
1228,482
786,1520
786,380
786,2988
786,3504
786,570
786,4564
786,3212
786,4096
786,548
786,4600
786,2259
786,3119
786,3076
786,1510
786,1843
786,509
786,2560
786,2356
786,3577
786,1076
786,1729
786,4464
786,694
786,1431
786,5297
786,786
786,1187
786,11
786,1385
786,1660
786,2332
786,5068
786,3741
4400,3913
4400,4285
4400,3287
4400,2076
4400,1301
4400,238
4400,2155
4400,2004
4400,3018
4400,5259
4400,5631
4400,1998
4400,1897
4400,4638
4400,1013
4400,2556
4400,1547
4400,1720
4400,458
4400,5002
4400,3705
4400,5498
4400,15
4400,2693
4400,319
4400,3665
4400,1289
4400,2380
4400,3894
4400,3600
4400,4400
4400,5318
4400,5470
4400,1791
4400,2792
4400,4295
4400,865
4400,1993
5460,4541
5460,5217
5460,4835
5460,4535
5460,5291
5460,1585
5460,3865
5460,2421
5460,5460
5460,3906
5460,5239
2048,328
2048,2674
2048,4775
2048,3324
2048,4824
2048,4998
2048,1884
2048,2944
2048,2473
2048,1426
2048,3111
2048,2029
2048,1149
2048,3606
2048,2048
2048,1107
2048,682
2048,4462
2048,3885
2048,4012
2048,1514
530,3303
530,4805
530,392
530,3337
530,3004
530,4228
530,3533
530,1135
530,578
530,5431
530,3062
530,530
530,1472
530,4146
530,3424
530,1822
530,3328
4077,4424
4077,460
4077,1812
4077,3568
4077,2864
4077,4512
4077,4077
4077,1062
4634,2480
4634,1512
4634,4759
4634,2706
4634,5386
4634,2232
4634,3769
4634,4634
4634,1914
4634,4503
4634,1457
4634,1712
1454,2848
1454,2519
1454,216
1454,4639
1454,2140
1454,3230
1454,778
1454,4778
1454,162
1454,4668
1454,4709
1454,5466
1454,6
1454,1454
1454,3555
1454,3556
4261,553
4261,2211
4261,1073
4261,4495
4261,5591
4261,4105
4261,2037
4261,1555
4261,1641
4261,1427
4261,544
4261,5467
4261,4261
4261,978
4175,70
4175,3690
4175,598
4175,2980
4175,5372
4175,1934
4175,3993
4175,2196
4175,1749
4175,644
4175,4294
4175,628
4175,4820
4175,1286
4175,4206
4175,3009
4175,1079
4175,4175
4175,261
4175,4439
1475,2845
1475,4593
1475,434
1475,5260
1475,5246
1475,2050
1475,3535
1475,4048
1475,779
1475,2656
1475,1475
1475,1766
1475,2059
5156,4119
5156,5256
5156,5628
5156,1221
5156,1642
5156,3491
5156,1900
5156,5020
5156,2929
5156,977
5156,5156
5156,2032
5156,1794
4135,3746
4135,1265
4135,49
4135,1227
4135,1691
4135,3467
4135,3466
4135,2419
4135,5171
4135,5634
4135,3162
4135,5438
4135,3268
4135,4135
4135,4461
1914,2480
1914,1512
1914,4759
1914,2236
1914,2706
1914,3415
1914,5274
1914,4615
1914,3693
1914,2946
1914,2951
1914,4258
1914,5386
1914,4926
1914,2232
1914,4634
1914,1914
1914,3203
1914,1824
1914,4225
1914,3233
1330,3238
1330,3657
1330,2071
1330,4674
1330,2229
1330,5082
1330,27
1330,5450
1330,4730
1330,1643
1330,469
1330,3095
1330,5404
1330,419
1330,1428
1330,1194
1330,922
1330,3853
1330,1330
1330,3105
1330,5205
1330,5236
1330,5286
1330,4848
4503,2480
4503,1512
4503,2706
4503,2232
4503,3769
4503,4958
4503,4634
4503,4503
4503,1457
4503,842
4503,1712
483,1784
483,2325
483,4122
483,4019
483,2326
483,4653
483,2600
483,4403
483,2690
483,483
3063,4944
3063,186
3063,1245
3063,863
3063,763
3063,3227
3063,2777
3063,4324
3063,5052
3063,3063
3063,3038
2629,3130
2629,2120
2629,1468
2629,806
2629,4517
2629,249
2629,5385
2629,1572
2629,1902
2629,2510
2629,1880
2629,1153
2629,2687
2629,4270
2629,1448
2629,3351
2629,2290
2629,4325
2629,1847
2629,3459
2629,5597
2629,1976
2629,1623
2629,1392
2629,2629
2629,3918
4502,2828
4502,4406
4502,755
4502,5013
4502,4281
4502,5183
4502,3842
4502,3664
4502,1533
4502,4989
4502,5163
4502,4502
4502,884
4502,4623
4502,1398
3373,2988
3373,3015
3373,593
3373,4046
3373,1688
3373,5495
3373,548
3373,3131
3373,2410
3373,3076
3373,1525
3373,5463
3373,1384
3373,1232
3373,2699
3373,1565
3373,3784
3373,4464
3373,694
3373,4127
3373,2540
3373,3373
3373,5572
4447,668
4447,2846
4447,2676
4447,2416
4447,4672
4447,3812
4447,5283
4447,3905
4447,1846
4447,1678
4447,4710
4447,711
4447,3393
4447,1337
4447,1309
4447,3954
4447,3727
4447,4958
4447,3098
4447,1773
4447,1746
4447,1787
4447,204
4447,4447
4447,3182
4447,1737
4447,4067
4447,1924
4447,1000
1363,2208
1363,3597
1363,2378
1363,1441
1363,4711
1363,1965
1363,1946
1363,1070
1363,1526
1363,1687
1363,5226
1363,1363
1363,2881
1363,1065
1,2743
1,104
1,2118
1,5213
1,3236
1,5599
1,2193
1,2984
1,912
1,1
1,1360
1,1335
1,1748
1087,2752
1087,29
1087,1974
1087,2455
1087,4601
1087,4128
1087,2194
1087,942
1087,586
1087,1205
1087,965
1087,2868
1087,4092
1087,3770
1087,1051
1087,5133
1087,4118
1087,5101
1087,1087
1087,4906
1087,2547
1087,2601
1087,2330
2998,3616
2998,1199
2998,1522
2998,4473
2998,3198
2998,1691
2998,5006
2998,3308
2998,248
2998,4646
2998,5438
2998,2998
2998,2652
2998,490
2998,3404
2998,4822
2998,3179
1032,2164
1032,5621
1032,2978
1032,5565
1032,1923
1032,877
1032,339
1032,2497
1032,522
1032,4180
1032,4234
1032,5334
1032,748
1032,632
1032,5308
1032,3052
1032,243
1032,1386
1032,1260
1032,4876
1032,4346
1032,2297
1032,1176
1032,5492
1032,894
1032,1873
1032,4776
1032,2373
1032,1032
1032,3291
1032,1741
1032,2700
1032,2309
1032,1089
1032,74
5538,2657
5538,619
5538,2258
5538,4071
5538,2339
5538,3279
5538,193
5538,3262
5538,800
5538,5538
5538,4481
5538,5481
5538,3135
4472,374
4472,1297
4472,2112
4472,2375
4472,2071
4472,3257
4472,4494
4472,4674
4472,4035
4472,5281
4472,2229
4472,1101
4472,5082
4472,5450
4472,2603
4472,1622
4472,1643
4472,419
4472,5127
4472,1194
4472,2301
4472,3378
4472,922
4472,3118
4472,3853
4472,4472
4472,5595
4472,5205
4472,3475
4472,4723
5152,5415
5152,2670
5152,1091
5152,1081
5152,5373
5152,3960
5152,3183
5152,4689
5152,2765
5152,1733
5152,3932
5152,3359
5152,2424
5152,1315
5152,3920
5152,5152
5152,5340
5152,2026
5152,2144
4426,1043
4426,1520
4426,380
4426,1269
4426,3504
4426,570
4426,373
4426,2201
4426,4600
4426,2259
4426,5568
4426,2861
4426,1843
4426,5379
4426,928
4426,5310
4426,1076
4426,1588
4426,2672
4426,1729
4426,5149
4426,1744
4426,1431
4426,4426
4426,1187
4426,3873
4961,1715
4961,1513
4961,677
4961,1813
4961,1143
4961,1778
4961,4277
4961,5333
4961,4961
4961,4016
4961,5462
4961,841
2387,2251
2387,4254
2387,4282
2387,1047
2387,3807
2387,4301
2387,1473
2387,1919
2387,4184
2387,5250
2387,4210
2387,1615
2387,710
2387,2387
2387,5146
4419,3303
4419,2776
4419,3527
4419,1017
4419,1703
4419,3097
4419,3848
4419,3696
4419,3533
4419,769
4419,2237
4419,5204
4419,4419
4419,1351
4419,2233
268,3843
268,332
268,1928
268,4188
268,859
268,4415
268,4296
268,4796
268,393
268,3902
268,3697
268,2577
268,1818
268,2187
268,268
268,4017
268,2317
3413,1145
3413,4232
3413,3348
3413,716
3413,5320
3413,671
3413,5600
3413,5231
3413,4913
3413,4398
3413,2082
3413,411
3413,5255
3413,805
3413,4978
3413,2630
3413,850
3413,3649
3413,3542
3413,2057
3413,3627
3413,2888
3413,3413
3413,4336
3413,2151
3413,3797
3413,4650
3929,4231
3929,3895
3929,1674
3929,1128
3929,4603
3929,1401
3929,2219
3929,86
3929,3890
3929,3929
3929,3502
3929,2197
3929,1242
543,1511
543,4959
543,3474
543,4756
543,5244
543,3331
543,1819
543,1981
543,5473
543,2593
543,113
543,4361
543,2568
543,5263
543,2922
543,5441
543,4903
543,4782
543,3154
543,3345
543,1026
543,2064
543,543
543,1355
543,4794
543,2457
543,3578
543,3712
430,385
430,5621
430,4318
430,5643
430,4525
430,5557
430,2750
430,4097
430,5551
430,3737
430,3144
430,4939
430,2977
430,2869
430,3708
430,2349
430,4491
430,2622
430,3401
430,1941
430,1413
430,220
430,3402
430,336
430,2941
430,430
430,5362
430,1741
430,3448
430,2520
430,1415
430,2072
430,2058
5318,3389
5318,3480
5318,1816
5318,4285
5318,4692
5318,1551
5318,2960
5318,5391
5318,28
5318,1754
5318,2076
5318,1301
5318,238
5318,4864
5318,4684
5318,3510
5318,1115
5318,5259
5318,1664
5318,5631
5318,4767
5318,3438
5318,2400
5318,1998
5318,2087
5318,4638
5318,1013
5318,1547
5318,1720
5318,3385
5318,3184
5318,5105
5318,1650
5318,458
5318,2767
5318,5002
5318,273
5318,5498
5318,5489
5318,5570
5318,15
5318,2693
5318,321
5318,319
5318,125
5318,3665
5318,1289
5318,5312
5318,524
5318,2380
5318,5571
5318,3050
5318,3600
5318,2146
5318,4400
5318,5318
5318,3281
5318,3136
5318,4567
5318,1791
5318,2792
5318,3632
5318,865
1317,1280
1317,3270
1317,2939
1317,3376
1317,165
1317,4853
1317,4018
1317,5374
1317,2954
1317,1523
1317,4136
1317,4985
1317,4062
1317,444
1317,3753
1317,4093
1317,4712
1317,1317
1317,5327
1317,395
1317,3887
847,806
847,3957
847,1075
847,4517
847,249
847,2096
847,1899
847,5198
847,1704
847,5385
847,2085
847,1719
847,3681
847,3332
847,4270
847,1448
847,4029
847,3626
847,3079
847,1847
847,4718
847,1623
847,847
847,333
847,4749
847,4984
847,3399
847,1071
497,2616
497,5477
497,4438
497,2741
497,3989
497,1932
497,2492
497,571
497,4218
497,4553
497,4583
497,1264
497,497
497,798
497,839
167,1609
167,4983
167,4413
167,3758
167,1235
167,5113
167,167
167,1876
167,5452
4257,1512
4257,2706
4257,514
4257,5097
4257,4560
4257,971
4257,2951
4257,572
4257,5386
4257,2232
4257,3769
4257,3881
4257,4257
4257,4216
4257,3203
4257,346
4257,1613
4257,2015
4257,3233
3182,668
3182,2846
3182,2416
3182,4672
3182,3812
3182,677
3182,3905
3182,711
3182,3393
3182,1337
3182,1309
3182,2406
3182,3954
3182,3098
3182,1746
3182,4447
3182,3182
3182,1737
3182,5462
3182,3953
3182,4067
3182,1000
313,3955
313,3833
313,5314
313,3526
313,2061
313,1090
313,982
313,4516
313,1866
313,1507
313,313
313,606
313,5348
461,2784
461,4429
461,2053
461,4665
461,5189
461,3498
461,1365
461,813
461,4765
461,2574
461,2192
461,1584
461,1063
461,1328
461,756
461,178
461,2293
461,1907
461,461
1706,3303
1706,827
1706,903
1706,108
1706,4805
1706,4333
1706,769
1706,2404
1706,3232
1706,2953
1706,4869
1706,5616
1706,3062
1706,3173
1706,1706
1706,3702
1706,560
1706,1351
1706,1472
1706,2896
1706,133
1706,3424
1706,3328
1706,1133
1955,2677
1955,3901
1955,516
1955,5606
1955,3368
1955,4681
1955,5626
1955,3482
1955,1802
1955,1955
1955,3391
1955,4008
2881,2208
2881,3597
2881,1441
2881,5375
2881,1695
2881,287
2881,1505
2881,1946
2881,3231
2881,1070
2881,2660
2881,1687
2881,1363
2881,2881
2881,1065
2881,254
5261,2099
5261,888
5261,1379
5261,3316
5261,5564
5261,2574
5261,4372
5261,1291
5261,2192
5261,1167
5261,1855
5261,3427
5261,5261
5261,991
5261,474
5261,5106
5261,575
5261,3979
4216,2426
4216,4313
4216,514
4216,2498
4216,5097
4216,3407
4216,4560
4216,971
4216,572
4216,5386
4216,3544
4216,3769
4216,3881
4216,4257
4216,4216
4216,4292
4216,3762
4216,3203
4216,346
4216,1613
4216,2015
4292,2426
4292,5225
4292,4313
4292,2498
4292,3407
4292,4560
4292,4341
4292,2129
4292,572
4292,512
4292,3544
4292,3881
4292,4216
4292,4292
4292,346
4292,2015
5232,4485
5232,1624
5232,3306
5232,2403
5232,1504
5232,450
5232,5232
5232,4974
5232,84
5232,2711
5232,849
5130,1694
5130,2336
5130,4679
5130,1099
5130,3572
5130,5017
5130,5130
5130,4229
5130,2491
996,549
996,4790
996,4687
996,3346
996,4488
996,5229
996,5388
996,2633
996,4982
996,5398
996,4609
996,4034
996,4262
996,3121
996,4163
996,2113
996,749
996,3625
996,2365
996,996
996,2178
996,765
996,1999
996,5054
996,4480
2334,1718
2334,3226
2334,2335
2334,4690
2334,341
2334,5215
2334,3483
2334,994
2334,4620
2334,3026
2334,390
2334,2882
2334,3251
2334,4861
2334,2334
2334,3040
1250,107
1250,3422
1250,3022
1250,3870
1250,2721
1250,1139
1250,4641
1250,4809
1250,4205
1250,363
1250,1275
1250,980
1250,368
1250,3296
1250,2707
1250,2260
1250,3761
1250,2647
1250,2166
1250,1455
1250,2158
1250,3024
1250,4952
1250,2886
1250,184
1250,1435
1250,5511
1250,1250
1250,4884
1250,2849
1250,4888
3710,5272
3710,3019
3710,2904
3710,4220
3710,1304
3710,4233
3710,709
3710,4441
3710,1272
3710,484
3710,1481
3710,5614
3710,4063
3710,1440
3710,924
3710,191
3710,828
3710,4326
3710,1747
3710,5317
3710,3710
3710,4365
3710,1960
3710,2223
3710,4657
3710,1916
3710,3907
3710,4124
3710,4666
3710,3839
893,4948
893,379
893,389
893,5640
893,893
893,1736
893,1001
893,2698
738,263
738,1464
738,5260
738,1956
738,2872
738,1577
738,2376
738,882
738,2176
738,3575
738,5109
738,2917
738,701
738,4048
738,3064
738,752
738,738
738,1216
738,2261
738,5400
738,5345
738,1766
738,1532
738,4172
738,3133
3392,5221
3392,265
3392,5077
3392,4205
3392,2019
3392,887
3392,363
3392,4090
3392,2246
3392,2212
3392,2260
3392,3024
3392,2128
3392,4952
3392,3205
3392,5511
3392,3392
3392,3978
3392,4418
3392,4170
3702,2006
3702,827
3702,903
3702,108
3702,532
3702,2291
3702,4333
3702,1509
3702,4554
3702,2404
3702,3232
3702,2953
3702,5616
3702,1706
3702,3702
3702,560
3702,2896
3702,133
3702,1277
3702,5299
3702,1133
2081,3202
2081,1436
2081,231
2081,2445
2081,1074
2081,4090
2081,4466
2081,2081
2081,829
2081,703
2081,5086
2081,264
225,1445
225,1017
225,3848
225,1135
225,280
225,225
225,4395
225,3836
64,434
64,3877
64,4347
64,5280
64,875
64,2314
64,5246
64,371
64,1861
64,64
64,5581
3938,3239
3938,1311
3938,4197
3938,2970
3938,3045
3938,5467
3938,3938
3938,324
3938,5541
3938,3423
3938,3209
1319,2648
1319,4548
1319,4446
1319,837
1319,1878
1319,2611
1319,775
1319,3412
1319,3722
1319,291
1319,2086
1319,4117
1319,4345
1319,1319
1319,5162
1319,1879
713,4000
713,4406
713,4547
713,4663
713,3224
713,4331
713,2174
713,1302
713,2836
713,364
713,4899
713,352
713,5346
713,5011
713,713
713,4801
713,2851
713,3933
1633,255
1633,5045
1633,4323
1633,3676
1633,4932
1633,1633
1633,1598
1633,4108
1633,506
1633,1038
809,5015
809,2807
809,4189
809,5090
809,1271
809,4132
809,1786
809,2012
809,809
809,1493
3731,2524
3731,3193
3731,4454
3731,154
3731,188
3731,3273
3731,4144
3731,5300
3731,3152
3731,1618
3731,2899
3731,1116
3731,2007
3731,3469
3731,4377
3731,2440
3731,3731
3731,2417
772,3996
772,2821
772,2097
772,2288
772,4874
772,1734
772,3396
772,5464
772,5005
772,298
772,5010
772,3950
772,5427
772,1957
772,772
772,1160
772,3730
772,3146
772,2635
650,3429
650,997
650,3804
650,550
650,5057
650,320
650,5588
650,3248
650,2533
650,23
650,5274
650,4740
650,1029
650,4394
650,12
650,4258
650,1975
650,2003
650,1163
650,76
650,338
650,650
650,488
650,541
560,827
560,903
560,108
560,4805
560,4333
560,4554
560,4228
560,578
560,2404
560,3232
560,5431
560,5616
560,3062
560,1706
560,3702
560,560
560,1351
560,1472
560,2896
560,133
560,3424
560,3328
560,1133
2550,5157
2550,601
2550,2423
2550,2303
2550,4920
2550,3524
2550,1177
2550,2550
2550,2369
2550,3274
1985,4000
1985,2748
1985,1482
1985,4547
1985,3956
1985,3543
1985,1164
1985,4204
1985,1302
1985,5041
1985,364
1985,4899
1985,352
1985,862
1985,5346
1985,2559
1985,1985
1985,134
1985,4801
1985,3933
5532,177
5532,5267
5532,4934
5532,1173
5532,5532
5532,590
5532,5348
1299,4402
1299,5368
1299,852
1299,4679
1299,1653
1299,5458
1299,4757
1299,1871
1299,2200
1299,3365
1299,1299
1299,4701
1299,4229
1299,5409
1322,626
1322,796
1322,3538
1322,3754
1322,1161
1322,2727
1322,292
1322,4591
1322,1655
1322,1110
1322,1681
1322,2195
1322,2073
1322,1322
1322,867
1322,4785
1322,1782
3778,1971
3778,5540
3778,452
3778,3294
3778,4476
3778,1826
3778,2804
3778,4536
3778,1255
3778,5216
3778,1771
3778,3441
3778,1064
3778,4456
3778,56
3778,2932
3778,480
3778,3778
3778,4422
3778,5475
3778,1409
3778,3850
3778,1539
3778,3148
3038,574
3038,4944
3038,1245
3038,763
3038,2777
3038,855
3038,3077
3038,5052
3038,3063
3038,3038
387,1170
387,4455
387,4340
387,350
387,1828
387,5289
387,3944
387,4055
387,5499
387,3293
387,1053
387,344
387,1877
387,1616
387,3476
387,3840
387,170
387,4642
387,387
991,2099
991,888
991,1379
991,3316
991,5564
991,2574
991,4372
991,5079
991,1291
991,2192
991,1167
991,1855
991,3427
991,5261
991,991
991,474
991,5106
991,575
991,3979
333,4963
333,3957
333,4289
333,1075
333,249
333,2096
333,5198
333,1704
333,2085
333,1719
333,3681
333,3550
333,3332
333,3243
333,4270
333,3420
333,4029
333,3626
333,1195
333,3079
333,4718
333,847
333,333
333,4984
333,4417
333,3399
333,1071
3801,1718
3801,4803
3801,5186
3801,1361
3801,918
3801,2913
3801,1353
3801,4690
3801,3519
3801,127
3801,4613
3801,1644
3801,3067
3801,2486
3801,588
3801,492
3801,496
3801,3838
3801,3447
3801,666
3801,1939
3801,4620
3801,3251
3801,3801
3801,4221
3801,4986
3801,3040
3267,3202
3267,1436
3267,5059
3267,4053
3267,403
3267,2445
3267,1937
3267,383
3267,4466
3267,729
3267,2787
3267,4211
3267,648
3267,4163
3267,3651
3267,3625
3267,5135
3267,2761
3267,4890
3267,3361
3267,425
3267,3528
3267,3267
3267,3178
3267,3645
3267,2962
3267,2876
2369,5157
2369,1073
2369,2423
2369,2303
2369,59
2369,1427
2369,2550
2369,2369
2369,3449
2369,978
1160,3996
1160,2097
1160,2288
1160,4874
1160,3396
1160,5464
1160,5005
1160,298
1160,2241
1160,2017
1160,3007
1160,3950
1160,5484
1160,772
1160,1160
1160,3730
1160,3146
1160,2659
1160,2635
1714,4945
1714,5618
1714,910
1714,2497
1714,3171
1714,5334
1714,5316
1714,1603
1714,748
1714,4957
1714,213
1714,4991
1714,3033
1714,4707
1714,3534
1714,2525
1714,1702
1714,1260
1714,4577
1714,4876
1714,1257
1714,4346
1714,1666
1714,2708
1714,3145
1714,3283
1714,1994
1714,1563
1714,569
1714,1338
1714,1003
1714,894
1714,1506
1714,4383
1714,3272
1714,1804
1714,3006
1714,1714
1714,1403
1714,1549
1714,2858
1714,2700
1714,5326
5362,456
5362,4318
5362,5643
5362,3410
5362,3452
5362,5557
5362,1860
5362,2750
5362,4097
5362,3219
5362,5551
5362,660
5362,3144
5362,4939
5362,2977
5362,1477
5362,2349
5362,4491
5362,3934
5362,4873
5362,3401
5362,1941
5362,697
5362,770
5362,1413
5362,1019
5362,220
5362,2513
5362,1036
5362,2094
5362,3402
5362,2199
5362,336
5362,418
5362,618
5362,4130
5362,2941
5362,430
5362,5362
5362,3448
5362,1906
5362,2520
5362,1415
5362,2058
5362,5307
973,5395
973,2768
973,3421
973,3091
973,4757
973,303
973,973
2652,3041
2652,2831
2652,1753
2652,1199
2652,1522
2652,3216
2652,3198
2652,3308
2652,248
2652,4646
2652,5293
2652,2998
2652,2652
2652,1661
2652,4822
4016,1513
4016,677
4016,1813
4016,657
4016,4935
4016,2528
4016,4562
4016,4277
4016,5333
4016,4961
4016,4016
4016,5462
4016,3953
517,2179
517,3921
517,4269
517,4025
517,3478
517,3984
517,1749
517,628
517,4434
517,1286
517,4206
517,1079
517,517
517,261
517,3031
517,3875
517,1421
517,3910
683,5611
683,2245
683,5115
683,5356
683,4267
683,1213
683,2399
683,18
683,3704
683,4013
683,32
683,2186
683,326
683,1399
683,5023
683,2371
683,4451
683,2088
683,4859
683,4156
683,683
683,5383
683,4256
683,304
683,4972
683,160
683,3743
2665,3172
2665,2262
2665,4827
2665,5037
2665,4482
2665,3129
2665,2266
2665,526
2665,4980
2665,596
2665,4356
2665,223
2665,2812
2665,2614
2665,4664
2665,2449
2665,4924
2665,4768
2665,4069
2665,60
2665,5442
2665,2047
2665,1238
2665,2665
2665,1592
2665,868
2665,4556
2665,2305
2665,3701
2665,3360
2665,3785
5470,1612
5470,2350
5470,4285
5470,2439
5470,3137
5470,498
5470,1301
5470,3336
5470,238
5470,2155
5470,2004
5470,4864
5470,5631
5470,1656
5470,1998
5470,2087
5470,2556
5470,1547
5470,2210
5470,1720
5470,3385
5470,3184
5470,458
5470,3056
5470,5498
5470,15
5470,2693
5470,321
5470,3418
5470,3665
5470,1289
5470,5312
5470,2380
5470,3600
5470,4715
5470,2175
5470,4400
5470,5470
5470,1993
5162,4548
5162,2772
5162,593
5162,1878
5162,775
5162,3802
5162,5517
5162,3722
5162,237
5162,1759
5162,21
5162,4345
5162,1319
5162,5162
5162,5572
5162,3799
4906,29
4906,856
4906,2920
4906,4128
4906,942
4906,4357
4906,586
4906,1205
4906,3334
4906,5311
4906,3770
4906,4118
4906,1087
4906,4906
4906,2547
4906,2330
4906,3042
4701,1694
4701,4402
4701,5368
4701,852
4701,4679
4701,1653
4701,5458
4701,1997
4701,1871
4701,3365
4701,1299
4701,4701
4701,4229
4701,2491
4701,5409
1571,3041
1571,4158
1571,1025
1571,814
1571,1743
1571,2545
1571,5040
1571,3841
1571,3198
1571,4030
1571,4842
1571,2234
1571,5293
1571,2834
1571,2450
1571,5139
1571,4868
1571,1571
1571,1661
1571,2788
1571,5185
1571,3053
1707,2657
1707,1649
1707,2218
1707,316
1707,4368
1707,5136
1707,2045
1707,3279
1707,3602
1707,2064
1707,1755
1707,1707
1707,4066
1707,4826
3444,2814
3444,1181
3444,61
3444,3515
3444,3239
3444,1869
3444,3909
3444,4489
3444,3444
3444,3295
3426,3756
3426,2686
3426,1783
3426,3051
3426,4442
3426,4374
3426,5367
3426,5028
3426,3426
3426,4844
2443,132
2443,1516
2443,3638
2443,1231
2443,3553
2443,3436
2443,675
2443,5220
2443,1376
2443,1631
2443,1489
2443,3107
2443,3010
2443,349
2443,4750
2443,2443
2443,3061
2443,2044
2443,4981
2443,3958
1854,2049
1854,5542
1854,2821
1854,5369
1854,144
1854,5069
1854,4265
1854,1734
1854,2739
1854,5010
1854,3932
1854,4522
1854,5073
1854,1315
1854,1991
1854,1854
1854,5340
1854,4010
1854,5559
1854,2635
4540,1280
4540,2939
4540,2318
4540,888
4540,2781
4540,3316
4540,1523
4540,4136
4540,4551
4540,1155
4540,4062
4540,2981
4540,444
4540,1434
4540,4178
4540,4093
4540,4712
4540,4540
4540,5327
4540,3887
1922,3522
1922,75
1922,5278
1922,2434
1922,1579
1922,989
1922,4465
1922,122
1922,1632
1922,1545
1922,1159
1922,3315
1922,1424
1922,2891
1922,2105
1922,1922
5584,436
5584,3433
5584,4412
5584,2244
5584,1572
5584,2230
5584,1669
5584,1287
5584,4139
5584,471
5584,1920
5584,2290
5584,3682
5584,3459
5584,5596
5584,5584
5584,360
5584,3086
5584,1439
5377,3234
5377,3633
5377,4441
5377,2145
5377,2225
5377,4224
5377,1970
5377,218
5377,2727
5377,2284
5377,4591
5377,3269
5377,4784
5377,2073
5377,5377
5377,4964
5377,1782
126,1465
126,2677
126,516
126,1710
126,5606
126,4997
126,14
126,3368
126,3766
126,3483
126,1600
126,1209
126,4861
126,126
126,2396
1312,2754
1312,1247
1312,2667
1312,712
1312,1186
1312,692
1312,700
1312,3876
1312,416
1312,1935
1312,2355
1312,3386
1312,602
1312,1849
1312,5004
1312,1078
1312,1312
1312,1980
4167,1971
4167,3352
4167,1921
4167,1395
4167,397
4167,3895
4167,3294
4167,2506
4167,3790
4167,3441
4167,4887
4167,2822
4167,56
4167,5102
4167,4290
4167,4167
4167,3927
4167,378
4167,2197
4167,723
4167,1366
4167,323
798,1241
798,4438
798,2741
798,3989
798,3305
798,5517
798,571
798,237
798,674
798,1759
798,4583
798,4345
798,497
798,798
798,3799
1592,5413
1592,4827
1592,852
1592,5037
1592,4293
1592,3129
1592,1653
1592,526
1592,4356
1592,223
1592,2614
1592,4664
1592,73
1592,4768
1592,4069
1592,60
1592,1871
1592,2200
1592,2047
1592,1238
1592,3365
1592,2665
1592,1592
1592,868
1592,4556
1592,5409
1592,1188
1592,3360
3673,4949
3673,2016
3673,2275
3673,1157
3673,2354
3673,2567
3673,4521
3673,3919
3673,3673
3673,398
3673,3581
3673,1738
3772,3290
3772,2147
3772,2508
3772,200
3772,1016
3772,2955
3772,5497
3772,4841
3772,2744
3772,1233
3772,369
3772,3158
3772,1430
3772,2626
3772,3772
3772,3455
3772,4855
3772,724
3772,1285
3772,2526
3916,907
3916,3821
3916,4800
3916,5366
3916,3614
3916,3007
3916,3999
3916,3659
3916,2857
3916,3726
3916,5484
3916,306
3916,3598
3916,3916
3916,5630
3916,4393
3916,4995
3916,1103
3916,603
4279,3389
4279,3480
4279,4771
4279,4300
4279,4285
4279,4692
4279,1551
4279,2960
4279,1754
4279,4319
4279,208
4279,498
4279,3265
4279,4864
4279,4684
4279,1519
4279,1115
4279,5124
4279,1664
4279,4767
4279,3438
4279,2400
4279,2087
4279,1282
4279,4850
4279,2668
4279,5526
4279,3161
4279,1383
4279,169
4279,342
4279,5118
4279,3385
4279,3184
4279,4946
4279,1823
4279,2767
4279,1002
4279,1949
4279,273
4279,4533
4279,321
4279,3418
4279,125
4279,5312
4279,3855
4279,5571
4279,3050
4279,4715
4279,3783
4279,1228
4279,4279
4279,3281
4279,3136
4279,4567
4279,5305
4279,3816
4279,3632
4279,2756
4279,2989
4229,1694
4229,4402
4229,5368
4229,4679
4229,1099
4229,3572
4229,5574
4229,5130
4229,1299
4229,4701
4229,4229
4229,2491
4229,3636
2178,549
2178,4790
2178,4687
2178,3346
2178,4488
2178,5229
2178,5388
2178,4131
2178,4966
2178,1783
2178,5398
2178,337
2178,4609
2178,4262
2178,3121
2178,5194
2178,2113
2178,749
2178,5367
2178,996
2178,2178
2178,765
2178,1999
2178,1954
2178,3406
4971,65
4971,3833
4971,3546
4971,5448
4971,3526
4971,1396
4971,4042
4971,3451
4971,982
4971,3729
4971,3803
4971,4516
4971,2475
4971,3728
4971,2650
4971,1764
4971,1507
4971,4971
4971,606
4971,5321
4971,275
4971,5140
2032,5628
2032,1221
2032,1642
2032,404
2032,2320
2032,1900
2032,5020
2032,2929
2032,977
2032,4908
2032,2227
2032,5156
2032,2032
2032,793
2032,428
2032,2278
13,5290
13,256
13,591
13,3992
13,3827
13,4226
13,3612
13,1646
13,1684
13,4382
13,2451
13,3723
13,3880
13,2240
13,3904
13,3191
13,13
13,1290
13,123
2641,4459
2641,3506
2641,359
2641,1326
2641,818
2641,2812
2641,4004
2641,3611
2641,2411
2641,2641
2641,2327
902,3352
902,2035
902,990
902,4578
902,4110
902,4733
902,301
902,1591
902,413
902,3601
902,2723
902,4456
902,1967
902,5102
902,480
902,902
902,4422
902,378
902,723
902,1366
902,3166
79,1971
79,4232
79,452
79,1679
79,671
79,3294
79,4476
79,1452
79,1826
79,2804
79,4536
79,771
79,5216
79,4137
79,79
79,4336
79,5475
79,4531
79,1539
79,3148
324,3239
324,51
324,4656
324,4197
324,3045
324,3938
324,324
324,4129
324,5541
324,3423
324,3209
4588,921
4588,1500
4588,4860
4588,3518
4588,4803
4588,5186
4588,5575
4588,617
4588,1096
4588,4064
4588,4590
4588,4308
4588,5088
4588,4918
4588,1761
4588,1353
4588,5583
4588,5009
4588,1453
4588,5392
4588,4613
4588,3067
4588,1442
4588,3583
4588,4651
4588,4819
4588,3621
4588,638
4588,3192
4588,2486
4588,5402
4588,198
4588,5025
4588,4411
4588,2185
4588,492
4588,5519
4588,3204
4588,2867
4588,4421
4588,496
4588,3838
4588,3349
4588,3447
4588,1939
4588,4588
4588,4221
4588,4245
4588,2367
4588,1172
4588,1258
4588,4986
4588,1745
4588,2514
4588,156
4588,1114
5387,3028
5387,2726
5387,3005
5387,2431
5387,4544
5387,27
5387,3322
5387,1124
5387,1298
5387,5471
5387,1217
5387,2269
5387,334
5387,923
5387,830
5387,4893
5387,5387
5387,5182
5387,976
5387,5236
5387,224
5387,4020
4335,2931
4335,1190
4335,2684
4335,4734
4335,1574
4335,4856
4335,4449
4335,3326
4335,722
4335,2214
4335,3400
4335,2420
4335,3032
4335,4335
4335,815
4335,1158
4335,2374
4335,1425
4335,5546
1794,1503
1794,1221
1794,1642
1794,3491
1794,2320
1794,4632
1794,5020
1794,835
1794,2929
1794,977
1794,5156
1794,1794
1794,4080
1794,4339
3927,3352
3927,1921
3927,1395
3927,397
3927,4231
3927,3895
3927,2506
3927,4603
3927,4887
3927,5102
3927,3890
3927,4290
3927,4167
3927,3927
3927,3502
3927,378
3927,2197
3927,323
1390,4578
1390,4306
1390,1684
1390,2451
1390,1591
1390,3904
1390,1967
1390,2645
1390,3191
1390,1390
1390,1067
1390,123
1457,3905
1457,4710
1457,1337
1457,1309
1457,3954
1457,44
1457,4958
1457,4634
1457,4503
1457,1457
1457,842
1457,2379
1457,1712
139,3084
139,4630
139,1314
139,1417
139,2683
139,67
139,4889
139,1479
139,538
139,3323
139,1831
139,4970
139,3861
139,1945
139,139
139,1270
139,4202
139,89
815,2931
815,2884
815,1190
815,4734
815,1574
815,4856
815,4449
815,3326
815,722
815,3400
815,2420
815,3032
815,4335
815,815
815,1158
815,2374
815,5546
815,4332
4938,4363
4938,1130
4938,3642
4938,1562
4938,5524
4938,5528
4938,4038
4938,5371
4938,2311
4938,4770
4938,1239
4938,4938
4938,4006
1890,3313
1890,3513
1890,1405
1890,3756
1890,1148
1890,1179
1890,636
1890,5626
1890,5566
1890,157
1890,390
1890,4350
1890,1890
1890,5165
1890,4381
4428,2062
4428,4959
4428,5396
4428,757
4428,5270
4428,2906
4428,5617
4428,1094
4428,4182
4428,3256
4428,376
4428,2377
4428,3786
4428,1891
4428,4988
4428,4428
4428,3298
4428,2903
4365,3019
4365,1816
4365,2904
4365,5391
4365,28
4365,5319
4365,4233
4365,709
4365,3510
4365,2925
4365,1481
4365,4714
4365,5614
4365,1650
4365,273
4365,5489
4365,191
4365,828
4365,4326
4365,1747
4365,5317
4365,2146
4365,3710
4365,4365
4365,1960
4365,3281
4365,2223
4365,4657
4365,1916
4365,3907
1055,35
1055,5095
1055,579
1055,3314
1055,2053
1055,5189
1055,3498
1055,1365
1055,314
1055,4765
1055,1795
1055,2248
1055,2782
1055,1420
1055,2415
1055,1063
1055,1328
1055,1948
1055,178
1055,1907
1055,2626
1055,3453
1055,1055
1055,724
1055,2429
3918,3130
3918,806
3918,5520
3918,1902
3918,1880
3918,4270
3918,1448
3918,5066
3918,97
3918,688
3918,2584
3918,1392
3918,2629
3918,3918
3918,1071
5630,3821
5630,2115
5630,2034
5630,4800
5630,5366
5630,3868
5630,3007
5630,3999
5630,3659
5630,1836
5630,5484
5630,306
5630,3598
5630,3916
5630,5630
5630,4393
5630,2659
5630,4995
1403,5535
1403,3500
1403,5618
1403,4177
1403,877
1403,2497
1403,2609
1403,891
1403,3171
1403,1692
1403,308
1403,1603
1403,121
1403,3033
1403,4707
1403,2525
1403,1702
1403,1260
1403,1262
1403,4550
1403,3497
1403,4577
1403,4876
1403,1257
1403,4346
1403,1666
1403,2708
1403,2297
1403,2959
1403,2763
1403,3145
1403,3283
1403,3884
1403,5227
1403,1757
1403,1994
1403,310
1403,1338
1403,1873
1403,4383
1403,3272
1403,1804
1403,1714
1403,1403
1403,1549
1403,2858
1403,2700
1403,1089
1403,3395
1403,5326
4526,2336
4526,2344
4526,2669
4526,5051
4526,3150
4526,3014
4526,1997
4526,1638
4526,4526
4526,5301
1598,31
1598,255
1598,5045
1598,935
1598,3501
1598,1633
1598,1598
1598,506
3295,106
3295,3239
3295,691
3295,5419
3295,2901
3295,1869
3295,3909
3295,2701
3295,3444
3295,3295
4108,2809
4108,2521
4108,5045
4108,4323
4108,3676
4108,4947
4108,1633
4108,4108
4108,4367
4108,1038
318,929
318,4814
318,2279
318,2681
318,1815
318,2109
318,2948
318,2661
318,2294
318,2580
318,3093
318,857
318,4580
318,1894
318,318
318,2535
318,1364
318,3604
318,3101
4393,3821
4393,2069
4393,2115
4393,2034
4393,5366
4393,714
4393,3868
4393,3007
4393,83
4393,4960
4393,3598
4393,3916
4393,5630
4393,4393
4393,4995
1879,3370
1879,837
1879,2398
1879,1878
1879,2611
1879,2555
1879,3412
1879,260
1879,680
1879,291
1879,2086
1879,2909
1879,1110
1879,1319
1879,1879
438,511
438,5502
438,4384
438,5612
438,952
438,246
438,2570
438,3269
438,4450
438,4832
438,438
438,4964
438,2975
2089,4622
2089,4597
2089,4151
2089,634
2089,2907
2089,1010
2089,5114
2089,760
2089,4311
2089,3044
2089,1460
2089,152
2089,4371
2089,1887
2089,2089
2089,3862
2089,4636
1657,1715
1657,141
1657,1467
1657,2139
1657,4454
1657,2702
1657,4529
1657,5549
1657,1143
1657,2734
1657,4911
1657,91
1657,43
1657,1657
1657,1856
2393,2408
2393,1995
2393,4161
2393,1652
2393,1273
2393,2499
2393,2527
2393,206
2393,3629
2393,2484
2393,861
2393,2393
2393,2680
3555,3736
3555,442
3555,216
3555,4639
3555,2313
3555,2140
3555,99
3555,3230
3555,162
3555,4487
3555,2918
3555,4789
3555,6
3555,1593
3555,1454
3555,3555
3555,3556
3555,52
5555,3488
5555,2748
5555,1482
5555,3755
5555,3956
5555,1164
5555,4204
5555,4872
5555,5041
5555,4904
5555,4401
5555,5516
5555,862
5555,2559
5555,5555
5555,134
5555,4171
5555,2546
5555,944
3757,5592
3757,481
3757,514
3757,5097
3757,4698
3757,971
3757,3536
3757,4695
3757,4958
3757,3757
3757,842
3757,3229
3757,1712
5383,5611
5383,5115
5383,4267
5383,1213
5383,2462
5383,3704
5383,32
5383,326
5383,1399
5383,5023
5383,2371
5383,44
5383,4451
5383,683
5383,5383
5383,304
5383,2379
5383,3743
3558,3432
3558,3698
3558,1583
3558,4438
3558,542
3558,1016
3558,5497
3558,1193
3558,1893
3558,4967
3558,2643
3558,947
3558,3558
3558,3455
3558,4855
3558,1874
3558,983
3558,1697
1158,2684
1158,3236
1158,4734
1158,1574
1158,5599
1158,4449
1158,722
1158,2214
1158,3400
1158,3032
1158,4335
1158,815
1158,1158
1158,2374
1158,1425
1158,5546
1960,3019
1960,2904
1960,1551
1960,624
1960,28
1960,5319
1960,1269
1960,4233
1960,2925
1960,5568
1960,1481
1960,5379
1960,5614
1960,1650
1960,1002
1960,1121
1960,5489
1960,1588
1960,191
1960,2672
1960,828
1960,4326
1960,1747
1960,1411
1960,5317
1960,3710
1960,4365
1960,1960
1960,3281
1960,2223
1960,1916
1960,3907
1960,3873
1960,2756
1960,3839
1355,3474
1355,5211
1355,4756
1355,2079
1355,5244
1355,3331
1355,2435
1355,1819
1355,1981
1355,2593
1355,4361
1355,5441
1355,4537
1355,4182
1355,3154
1355,3345
1355,1614
1355,1026
1355,3468
1355,2064
1355,4750
1355,543
1355,1355
1355,4617
1355,3712
1355,5589
3291,2164
3291,5618
3291,2978
3291,5565
3291,877
3291,2497
3291,522
3291,2609
3291,4180
3291,3171
3291,5334
3291,1692
3291,1603
3291,748
3291,4957
3291,632
3291,2525
3291,5308
3291,3052
3291,243
3291,1260
3291,3497
3291,4577
3291,4876
3291,1257
3291,4346
3291,2297
3291,2959
3291,5492
3291,894
3291,1873
3291,4776
3291,2373
3291,4383
3291,3272
3291,1804
3291,1032
3291,3291
3291,2858
3291,2700
3291,2309
3291,1089
3291,74
1774,2479
1774,2354
1774,510
1774,3863
1774,1214
1774,3594
1774,695
1774,851
1774,2329
1774,1774
1774,4201
1774,1968
1774,3252
3502,3352
3502,397
3502,4231
3502,3895
3502,1674
3502,2506
3502,413
3502,4603
3502,4887
3502,5102
3502,86
3502,3890
3502,3929
3502,3927
3502,3502
3502,378
3502,2197
3502,323
3502,1242
3502,5065
5301,4363
5301,2581
5301,4804
5301,4589
5301,2344
5301,3642
5301,2669
5301,5184
5301,372
5301,3150
5301,3014
5301,1638
5301,4526
5301,5301
5301,4006
1358,2752
1358,4505
1358,2268
1358,3738
1358,3477
1358,3721
1358,4316
1358,5486
1358,3354
1358,1358
1358,3431
1358,4181
1358,3514
1358,2331
5164,3138
5164,2688
5164,2080
5164,4513
5164,4900
5164,4799
5164,3343
5164,358
5164,2595
5164,1357
5164,563
5164,4349
5164,5609
5164,3951
5164,1850
5164,2272
5164,4191
5164,5164
5164,2202
5164,3297
5164,257
5164,1829
261,2179
261,70
261,3690
261,2980
261,5372
261,1934
261,3993
261,2196
261,1749
261,2126
261,628
261,4434
261,1286
261,4206
261,3009
261,1079
261,4175
261,517
261,261
261,3910
1351,3303
1351,903
1351,108
1351,2776
1351,3527
1351,4805
1351,4333
1351,3696
1351,3533
1351,769
1351,3232
1351,4869
1351,5616
1351,2237
1351,3062
1351,3173
1351,4419
1351,1706
1351,560
1351,1351
1351,1472
1351,4146
1351,2233
1351,133
1351,3424
1351,2215
1351,3328
4705,4581
4705,3299
4705,3490
4705,633
4705,1085
4705,4911
4705,4237
4705,3981
4705,4705
4705,1619
4705,266
4129,2150
4129,1581
4129,3539
4129,51
4129,691
4129,5419
4129,4656
4129,3235
4129,4364
4129,2701
4129,324
4129,4129
4129,3209
2732,5290
2732,4857
2732,1511
2732,4433
2732,3923
2732,2671
2732,2806
2732,2093
2732,4098
2732,1517
2732,1346
2732,3827
2732,4226
2732,5243
2732,1981
2732,5473
2732,3318
2732,113
2732,4361
2732,2568
2732,5263
2732,2844
2732,347
2732,2922
2732,1134
2732,2502
2732,3159
2732,5304
2732,158
2732,1943
2732,1329
2732,181
2732,3340
2732,2732
2732,3080
2732,2801
2732,3450
2732,451
2732,4794
2732,5141
2732,2457
2732,2460
2732,3578
5154,5488
5154,1944
5154,5365
5154,5493
5154,1251
5154,5154
5154,527
5154,5042
1077,2657
1077,3277
1077,316
1077,4368
1077,3628
1077,1180
1077,140
1077,4071
1077,69
1077,2339
1077,3967
1077,3279
1077,1614
1077,1459
1077,3468
1077,3262
1077,800
1077,1077
1077,3143
1077,111
1077,2582
2816,918
2816,3112
2816,1644
2816,670
2816,3056
2816,2905
2816,666
2816,945
2816,2175
2816,2816
2374,104
2374,2684
2374,1574
2374,4449
2374,722
2374,2214
2374,3032
2374,4335
2374,815
2374,1158
2374,2374
2374,1425
2374,5546
908,441
908,880
908,2447
908,501
908,908
908,764
908,2820
523,3028
523,2375
523,3005
523,4544
523,27
523,1217
523,923
523,102
523,4893
523,523
523,976
523,5205
1216,5169
1216,263
1216,1464
1216,1956
1216,2872
1216,1577
1216,2376
1216,882
1216,2176
1216,1333
1216,3575
1216,5109
1216,1490
1216,1196
1216,701
1216,290
1216,5494
1216,752
1216,738
1216,1216
1216,2261
1216,5400
1216,5345
1216,1532
1216,4172
1216,3133
5381,3926
5381,4158
5381,518
5381,1059
5381,550
5381,23
5381,4436
5381,3545
5381,2946
5381,2968
5381,3301
5381,4258
5381,1496
5381,2003
5381,4584
5381,338
5381,2397
5381,5381
5381,3155
5381,3289
5381,1824
5381,705
5340,2049
5340,5415
5340,5369
5340,144
5340,2762
5340,5069
5340,4592
5340,1734
5340,3960
5340,4689
5340,2739
5340,3932
5340,4522
5340,5073
5340,1315
5340,1991
5340,1222
5340,5152
5340,1854
5340,5340
5340,5559
5340,217
3058,5277
3058,129
3058,1342
3058,1197
3058,2020
3058,4207
3058,1004
3058,4901
3058,2993
3058,2722
3058,187
3058,1266
3058,776
3058,2
3058,1678
3058,4074
3058,5091
3058,2966
3058,5155
3058,4248
3058,57
3058,4060
3058,3727
3058,3847
3058,2286
3058,3223
3058,5567
3058,2817
3058,1168
3058,2395
3058,2170
3058,3058
3058,2956
3058,3685
3058,4309
3058,1586
3058,782
3058,1885
5146,4254
5146,3807
5146,743
5146,1473
5146,4184
5146,4140
5146,5434
5146,2387
5146,5146
5146,2949
4749,3433
4749,2080
4749,4517
4749,249
4749,1899
4749,3142
4749,5385
4749,720
4749,2595
4749,3332
4749,4378
4749,4649
4749,5609
4749,4029
4749,1863
4749,2838
4749,4325
4749,1847
4749,5596
4749,4718
4749,1623
4749,2009
4749,847
4749,4749
4749,2840
4749,3399
4749,1439
5453,663
5453,5180
5453,2061
5453,963
5453,1866
5453,4041
5453,1252
5453,5017
5453,5453
5453,2588
1107,328
1107,5169
1107,2674
1107,4775
1107,3768
1107,4824
1107,4998
1107,1577
1107,1884
1107,1490
1107,1196
1107,2944
1107,5494
1107,2029
1107,2048
1107,1107
1107,2437
1107,682
1107,3885
1107,4012
1107,1514
1456,4802
1456,1011
1456,3089
1456,4969
1456,2507
1456,4134
1456,3278
1456,1451
1456,4652
1456,1456
1456,4570
3298,2062
3298,4959
3298,2024
3298,1961
3298,4756
3298,757
3298,3331
3298,1819
3298,5270
3298,2906
3298,2593
3298,5617
3298,2361
3298,5441
3298,4182
3298,4903
3298,4782
3298,3256
3298,376
3298,3154
3298,2377
3298,3786
3298,1891
3298,4428
3298,3298
3298,2903
2396,1465
2396,2448
2396,516
2396,1710
2396,4997
2396,14
2396,3368
2396,3811
2396,2873
2396,1374
2396,126
2396,2396
1856,1715
1856,141
1856,1467
1856,2139
1856,2125
1856,4454
1856,2702
1856,3273
1856,5549
1856,1143
1856,3073
1856,2007
1856,2734
1856,4911
1856,4237
1856,91
1856,43
1856,1657
1856,1856
3959,987
3959,2805
3959,3215
3959,213
3959,4991
3959,2971
3959,85
3959,1658
3959,3985
3959,4287
3959,576
3959,4249
3959,4388
3959,1003
3959,110
3959,4732
3959,3714
3959,3003
3959,3006
3959,3959
3959,5
3959,4761
3959,1589
1360,2743
1360,2118
1360,4566
1360,5213
1360,3236
1360,912
1360,1
1360,1360
1360,2927
1360,1748
1360,1930
3425,3285
3425,2938
3425,4581
3425,1837
3425,633
3425,2090
3425,4656
3425,4197
3425,1339
3425,3416
3425,3235
3425,3045
3425,2054
3425,3425
3425,4608
3425,4942
4763,256
4763,4857
4763,836
4763,4682
4763,2093
4763,3992
4763,899
4763,1834
4763,5633
4763,5087
4763,158
4763,4187
4763,2240
4763,2066
4763,362
4763,4763
2302,2025
2302,4597
2302,4151
2302,2208
2302,486
2302,2378
2302,634
2302,4083
2302,1441
2302,3508
2302,4711
2302,1965
2302,1010
2302,1668
2302,1526
2302,1323
2302,3044
2302,5226
2302,2302
2302,3862
2302,3823
1741,385
1741,5621
1741,1923
1741,339
1741,4318
1741,5643
1741,4234
1741,470
1741,4525
1741,5551
1741,3737
1741,4939
1741,632
1741,5308
1741,2977
1741,243
1741,1386
1741,2869
1741,3708
1741,2349
1741,1176
1741,2622
1741,1941
1741,5492
1741,2941
1741,1032
1741,430
1741,1741
1741,2520
1741,74
1741,2072
3080,5290
3080,4433
3080,3923
3080,2671
3080,2806
3080,2940
3080,4098
3080,5230
3080,3827
3080,4226
3080,5243
3080,727
3080,2844
3080,1318
3080,4217
3080,1134
3080,2502
3080,3159
3080,5304
3080,2240
3080,3904
3080,3191
3080,2732
3080,3080
3080,3450
3080,2460
4444,442
4444,251
4444,637
4444,1117
4444,2398
4444,3948
4444,4384
4444,2555
4444,99
4444,2870
4444,2587
4444,920
4444,4487
4444,4450
4444,2912
4444,4789
4444,4444
4444,1605
2631,1450
2631,4896
2631,4691
2631,1138
2631,3914
2631,354
2631,4990
2631,740
2631,3275
2631,3388
2631,1556
2631,5134
2631,1785
2631,71
2631,4988
2631,2631
2631,5174
5603,3782
5603,5611
5603,5356
5603,1132
5603,2516
5603,2198
5603,3949
5603,2399
5603,3669
5603,2186
5603,326
5603,2942
5603,845
5603,1154
5603,2088
5603,2865
5603,4156
5603,5603
5603,1515
3155,3926
3155,518
3155,550
3155,1198
3155,4436
3155,3545
3155,2946
3155,2968
3155,3301
3155,4258
3155,1496
3155,2003
3155,4584
3155,338
3155,2397
3155,5381
3155,3155
3155,3289
3155,1824
3155,1068
3155,4225
3155,705
4395,1445
4395,2776
4395,3527
4395,1017
4395,3848
4395,1135
4395,280
4395,225
4395,4395
4395,3836
590,4119
590,177
590,5256
590,5267
590,5628
590,4934
590,1900
590,3808
590,5532
590,590
590,3793
3281,3389
3281,3480
3281,3019
3281,1816
3281,2904
3281,4692
3281,1551
3281,2960
3281,624
3281,28
3281,1754
3281,5319
3281,2076
3281,1301
3281,4233
3281,4684
3281,3510
3281,1115
3281,5259
3281,5124
3281,1664
3281,2925
3281,4767
3281,3438
3281,2400
3281,4638
3281,1481
3281,169
3281,342
3281,5105
3281,1650
3281,1823
3281,2767
3281,1002
3281,273
3281,5489
3281,5570
3281,4533
3281,191
3281,319
3281,125
3281,5312
3281,1411
3281,5571
3281,3050
3281,2146
3281,5318
3281,4279
3281,4365
3281,1960
3281,3281
3281,4567
3281,1791
3281,3632
3281,2756
3730,3821
3730,3996
3730,2288
3730,4874
3730,3396
3730,5464
3730,5005
3730,2241
3730,2017
3730,3007
3730,1152
3730,4259
3730,1836
3730,5484
3730,306
3730,4056
3730,772
3730,1160
3730,3730
3730,2659
5572,2616
5572,3832
5572,2772
5572,593
5572,5495
5572,3802
5572,2410
5572,571
5572,1525
5572,4553
5572,2699
5572,21
5572,4583
5572,3784
5572,3373
5572,5162
5572,5572
5572,839
620,5454
620,5394
620,3165
620,886
620,5145
620,2091
620,1444
620,5248
620,2592
620,3775
620,3963
620,7
620,445
620,1321
620,620
4571,4548
4571,796
4571,593
4571,1688
4571,3538
4571,1878
4571,2611
4571,775
4571,2410
4571,1384
4571,291
4571,1232
4571,2086
4571,1565
4571,3784
4571,1110
4571,4571
2444,436
2444,2621
2444,366
2444,4282
2444,1047
2444,2651
2444,4210
2444,732
2444,1615
2444,109
2444,2444
2444,3329
2444,4240
3222,3795
3222,1611
3222,551
3222,1031
3222,4555
3222,1813
3222,657
3222,4935
3222,5446
3222,507
3222,3222
3061,3638
3061,5211
3061,2079
3061,2435
3061,3436
3061,3628
3061,675
3061,5220
3061,1376
3061,4537
3061,3961
3061,1489
3061,3345
3061,4750
3061,2443
3061,3061
3061,4617
3061,2044
3061,4981
3061,5589
4791,5406
4791,1677
4791,4021
4791,3732
4791,3022
4791,1848
4791,2721
4791,4435
4791,4809
4791,1486
4791,4366
4791,980
4791,4713
4791,368
4791,2707
4791,5435
4791,3669
4791,5510
4791,2287
4791,1494
4791,2033
4791,2312
4791,5117
4791,1435
4791,4791
4791,4888
4791,545
4884,795
4884,3422
4884,1139
4884,382
4884,3496
4884,4458
4884,1192
4884,3296
4884,1455
4884,2158
4884,3325
4884,4952
4884,2886
4884,5511
4884,1250
4884,4884
4884,3978
4884,4170
5182,2726
5182,1928
5182,3005
5182,4544
5182,27
5182,3322
5182,393
5182,1298
5182,5471
5182,3095
5182,1217
5182,2269
5182,334
5182,923
5182,4893
5182,5387
5182,5182
5182,5236
5182,224
5182,2317
1187,1043
1187,1520
1187,380
1187,3504
1187,570
1187,373
1187,4564
1187,2055
1187,2363
1187,4096
1187,4600
1187,2259
1187,2861
1187,3076
1187,1510
1187,1843
1187,5379
1187,3577
1187,1076
1187,2672
1187,1729
1187,5149
1187,4464
1187,694
1187,1431
1187,786
1187,4426
1187,1187
1187,2332
299,642
299,299
299,2345
4244,2854
4244,166
4244,4999
4244,3532
4244,1106
4244,404
4244,3695
4244,2320
4244,690
4244,4632
4244,939
4244,4908
4244,2328
4244,253
4244,2227
4244,4244
4244,793
4244,428
4244,2278
2280,5277
2280,1342
2280,2676
2280,2738
2280,1237
2280,559
2280,4207
2280,2993
2280,4424
2280,1266
2280,2
2280,1678
2280,5593
2280,2966
2280,5155
2280,4248
2280,2619
2280,4546
2280,3847
2280,2864
2280,477
2280,145
2280,1787
2280,2280
2280,3685
2280,1586
2280,1885
2223,5272
2223,3019
2223,2904
2223,4220
2223,1304
2223,1269
2223,4233
2223,709
2223,4441
2223,1272
2223,484
2223,1481
2223,5614
2223,4063
2223,1021
2223,1440
2223,924
2223,1588
2223,191
2223,2719
2223,828
2223,4326
2223,1747
2223,5317
2223,3710
2223,4365
2223,1960
2223,2223
2223,4657
2223,1916
2223,3907
2223,4785
2223,4124
2223,4666
2223,3839
5595,374
5595,1297
5595,3257
5595,4494
5595,4035
5595,5281
5595,3164
5595,427
5595,2229
5595,753
5595,5450
5595,2603
5595,1622
5595,1643
5595,419
5595,5127
5595,1194
5595,2301
5595,5355
5595,3118
5595,3853
5595,4472
5595,5595
5595,3475
5595,4214
5595,4723
5595,3857
3136,3389
3136,3480
3136,4771
3136,4285
3136,4692
3136,1551
3136,2960
3136,2439
3136,1754
3136,3137
3136,2076
3136,498
3136,1301
3136,3265
3136,3336
3136,238
3136,2004
3136,4864
3136,4684
3136,1519
3136,1115
3136,5124
3136,1664
3136,5631
3136,4767
3136,3438
3136,2400
3136,2087
3136,1282
3136,2668
3136,3161
3136,1383
3136,169
3136,342
3136,5118
3136,2210
3136,1720
3136,3385
3136,3184
3136,4946
3136,458
3136,2767
3136,1949
3136,273
3136,5498
3136,5570
3136,4533
3136,2693
3136,321
3136,3418
3136,125
3136,1289
3136,5312
3136,3855
3136,2380
3136,5571
3136,3050
3136,3600
3136,4715
3136,3783
3136,5318
3136,4279
3136,3136
3136,4567
3136,5305
3136,1791
3136,3816
3136,3632
3136,1993
3136,2989
1926,1236
1926,3824
1926,1396
1926,4042
1926,2819
1926,3729
1926,5336
1926,750
1926,1507
1926,1252
1926,136
1926,1926
1926,606
1926,5321
2101,3746
2101,209
2101,1775
2101,5401
2101,1937
2101,1789
2101,3065
2101,4200
2101,3268
2101,4284
2101,2101
2101,2689
2101,407
2783,4878
2783,2685
2783,4001
2783,1137
2783,5491
2783,1908
2783,2390
2783,2783
2783,3208
5315,3500
5315,456
5315,385
5315,247
5315,5621
5315,5565
5315,1923
5315,2586
5315,2446
5315,470
5315,4525
5315,5557
5315,1739
5315,2843
5315,2990
5315,5551
5315,2270
5315,3737
5315,5308
5315,3052
5315,3708
5315,2349
5315,2470
5315,4302
5315,348
5315,4910
5315,1176
5315,3401
5315,295
5315,1413
5315,3637
5315,932
5315,1014
5315,725
5315,618
5315,2941
5315,5315
5315,3448
5315,4627
5315,2309
5315,1576
5315,74
5315,2072
765,4790
765,4687
765,3346
765,5229
765,5388
765,4966
765,2633
765,337
765,4609
765,4262
765,3121
765,5194
765,2113
765,4532
765,749
765,2365
765,996
765,2178
765,765
765,1999
765,5054
765,4480
765,3406
5197,3599
5197,5014
5197,2964
5197,731
5197,1501
5197,3487
5197,1796
5197,5080
5197,1476
5197,504
5197,2921
5197,2283
5197,5202
5197,905
5197,2295
5197,1387
5197,3589
5197,5197
5197,4125
5197,1407
5197,4976
5197,2116
4125,5014
4125,5422
4125,2964
4125,4159
4125,2337
4125,2304
4125,915
4125,2180
4125,3487
4125,1796
4125,5080
4125,4823
4125,1476
4125,504
4125,36
4125,2921
4125,2879
4125,2283
4125,5202
4125,905
4125,2295
4125,1387
4125,5197
4125,4125
4125,1407
4125,4976
2956,5277
2956,129
2956,1342
2956,1197
2956,4015
2956,4207
2956,1004
2956,2993
2956,4706
2956,2722
2956,1846
2956,187
2956,3613
2956,776
2956,2
2956,1678
2956,4074
2956,5091
2956,2966
2956,5155
2956,4248
2956,57
2956,4060
2956,3727
2956,3847
2956,2286
2956,3223
2956,5567
2956,2817
2956,1168
2956,1787
2956,2395
2956,204
2956,2170
2956,3058
2956,2956
2956,3685
2956,4309
2956,3229
2956,3347
2956,1586
2956,1924
2956,1885
4422,5540
4422,4110
4422,1255
4422,1771
4422,3601
4422,2723
4422,1064
4422,4456
4422,2932
4422,480
4422,3778
4422,902
4422,4422
4422,723
4422,1409
4422,1366
4422,581
4422,3166
4567,3389
4567,3480
4567,4285
4567,4692
4567,1551
4567,2960
4567,2439
4567,1754
4567,2076
4567,498
4567,1301
4567,3336
4567,238
4567,2004
4567,4864
4567,4684
4567,1519
4567,1115
4567,5259
4567,5124
4567,1664
4567,5631
4567,4767
4567,3438
4567,2400
4567,1998
4567,2087
4567,4638
4567,2668
4567,3161
4567,1383
4567,169
4567,1547
4567,342
4567,5118
4567,1720
4567,3385
4567,3184
4567,5105
4567,4946
4567,1650
4567,1823
4567,458
4567,2767
4567,1002
4567,1949
4567,273
4567,5498
4567,5570
4567,15
4567,4533
4567,2693
4567,321
4567,3418
4567,319
4567,125
4567,3665
4567,1289
4567,5312
4567,2380
4567,5571
4567,3050
4567,3600
4567,2146
4567,4715
4567,3783
4567,5318
4567,4279
4567,3281
4567,3136
4567,4567
4567,5305
4567,1791
4567,2792
4567,3816
4567,3632
4567,2756
4567,2989
976,3028
976,2375
976,2071
976,4674
976,3005
976,5082
976,4544
976,27
976,3095
976,1217
976,923
976,102
976,3378
976,922
976,3118
976,4893
976,5387
976,523
976,976
976,5205
976,5236
976,4723
3862,2025
3862,4597
3862,4151
3862,486
3862,634
3862,4083
3862,3508
3862,4711
3862,1965
3862,1010
3862,760
3862,1323
3862,3044
3862,1887
3862,2089
3862,2302
3862,3862
3862,3823
1905,607
1905,1201
1905,903
1905,1703
1905,3097
1905,864
1905,5173
1905,3696
1905,769
1905,3814
1905,2495
1905,2953
1905,4869
1905,4342
1905,3173
1905,1905
1905,2233
1905,4355
1905,2215
4336,4232
4336,3348
4336,716
4336,1679
4336,671
4336,1452
4336,4913
4336,4398
4336,411
4336,5255
4336,805
4336,2630
4336,850
4336,3542
4336,4137
4336,3413
4336,79
4336,4336
4336,5475
4336,2151
4336,3797
4336,1539
4336,4650
4974,2688
4974,4485
4974,4719
4974,1554
4974,5550
4974,4191
4974,5232
4974,4974
4974,849
2558,3883
2558,789
2558,5531
2558,953
2558,2558
2558,3703
4221,1718
4221,1500
4221,2554
4221,2773
4221,3931
4221,4803
4221,1324
4221,5186
4221,617
4221,4064
4221,2913
4221,3660
4221,4918
4221,623
4221,1353
4221,4690
4221,3519
4221,5583
4221,561
4221,127
4221,1453
4221,5392
4221,4613
4221,3067
4221,1442
4221,3192
4221,2486
4221,2185
4221,588
4221,492
4221,2351
4221,3204
4221,496
4221,3838
4221,3349
4221,3447
4221,1939
4221,3251
4221,3801
4221,4588
4221,4221
4221,4245
4221,1172
4221,4986
4221,3040
4221,4126
4221,2514
4221,156
4010,2049
4010,2821
4010,144
4010,5069
4010,4265
4010,1734
4010,2739
4010,5010
4010,5073
4010,1957
4010,1991
4010,1854
4010,4010
4010,2635
2535,5098
2535,2608
2535,3186
2535,4814
2535,2279
2535,2681
2535,1540
2535,2948
2535,2661
2535,2294
2535,3093
2535,959
2535,302
2535,1894
2535,318
2535,2535
2535,5100
2535,3604
2202,3138
2202,2080
2202,4513
2202,4900
2202,4799
2202,358
2202,1357
2202,563
2202,4349
2202,5609
2202,1850
2202,4191
2202,5164
2202,2202
2202,3297
2202,257
2202,1829
2202,937
3762,2426
3762,4313
3762,1693
3762,2498
3762,1198
3762,3614
3762,5252
3762,572
3762,3544
3762,4241
3762,3726
3762,4216
3762,3762
3762,3203
3762,346
3762,1068
3762,2015
3762,4225
3762,5534
2394,657
2394,4935
2394,2528
2394,4562
2394,4360
2394,507
2394,2394
2394,5462
2394,3953
2607,1851
2607,742
2607,1566
2607,4644
2607,4027
2607,276
2607,4643
2607,1637
2607,4040
2607,1018
2607,2620
2607,3975
2607,447
2607,4753
2607,3213
2607,4954
2607,4061
2607,2471
2607,2607
2607,4518
2607,3012
2607,370
2607,2847
793,2854
793,166
793,900
793,404
793,3695
793,2320
793,690
793,4632
793,939
793,4908
793,2328
793,2227
793,2032
793,4244
793,793
793,428
793,2278
1407,3599
1407,5014
1407,361
1407,2964
1407,641
1407,2337
1407,1501
1407,5080
1407,1597
1407,1476
1407,504
1407,3871
1407,5202
1407,2295
1407,744
1407,5197
1407,4125
1407,1407
1407,4976
1407,2116
429,5413
429,5037
429,2266
429,526
429,4356
429,4774
429,4894
429,2812
429,4912
429,3611
429,240
429,2411
429,429
429,4556
429,3701
429,2327
429,2902
429,3360
4617,3638
4617,5211
4617,2079
4617,3331
4617,2435
4617,3628
4617,675
4617,1376
4617,5441
4617,4537
4617,4182
4617,3961
4617,3154
4617,3345
4617,3468
4617,4750
4617,1355
4617,3061
4617,4617
4617,4981
4617,5589
5305,3389
5305,3480
5305,4771
5305,4300
5305,2439
5305,1754
5305,4319
5305,208
5305,498
5305,3265
5305,3336
5305,4864
5305,4684
5305,1519
5305,5124
5305,4767
5305,2087
5305,1282
5305,2668
5305,3161
5305,1383
5305,169
5305,342
5305,5118
5305,3385
5305,3184
5305,4946
5305,1823
5305,2767
5305,807
5305,1949
5305,4533
5305,321
5305,3418
5305,125
5305,3855
5305,4715
5305,3783
5305,1228
5305,4279
5305,3136
5305,4567
5305,5305
5305,3816
5305,2989
4481,2673
4481,619
4481,2258
4481,565
4481,2209
4481,467
4481,1401
4481,5262
4481,193
4481,5538
4481,4481
4481,4975
4481,3135
1408,4741
1408,2854
1408,3180
1408,2884
1408,166
1408,3532
1408,135
1408,4173
1408,3780
1408,4856
1408,3915
1408,3618
1408,253
1408,2420
1408,1408
1408,4332
2801,4857
2801,836
2801,1511
2801,4959
2801,4682
2801,2024
2801,1961
2801,3923
2801,2806
2801,757
2801,1517
2801,1346
2801,1575
2801,5243
2801,1819
2801,1981
2801,3318
2801,113
2801,4361
2801,2568
2801,5263
2801,2844
2801,347
2801,2361
2801,2922
2801,2502
2801,3159
2801,158
2801,4903
2801,4782
2801,1943
2801,1329
2801,181
2801,3340
2801,2732
2801,2801
2801,3450
2801,451
2801,4794
2801,5141
2801,2457
2801,3578
2801,1732
5481,4811
5481,5121
5481,974
5481,1180
5481,4071
5481,3774
5481,3781
5481,2339
5481,2815
5481,3262
5481,800
5481,5538
5481,5481
490,3616
490,795
490,382
490,3496
490,1192
490,3854
490,3308
490,4646
490,2998
490,490
490,3404
490,1870
490,4822
490,3706
490,3179
5269,3548
5269,3633
5269,186
5269,4385
5269,1599
5269,2900
5269,863
5269,476
5269,2225
5269,952
5269,3227
5269,2745
5269,4192
5269,3011
5269,5269
5269,2910
606,65
606,1236
606,3833
606,3546
606,3824
606,3526
606,1396
606,1090
606,982
606,3729
606,4516
606,1507
606,1252
606,136
606,313
606,4971
606,1926
606,606
4256,2245
4256,5356
4256,3429
4256,1132
4256,1296
4256,5249
4256,3949
4256,4267
4256,1213
4256,2399
4256,18
4256,1249
4256,320
4256,3248
4256,3704
4256,4013
4256,2186
4256,2942
4256,1399
4256,12
4256,3671
4256,845
4256,2371
4256,1163
4256,2088
4256,76
4256,4859
4256,2865
4256,4156
4256,683
4256,4256
4256,4972
4256,541
4256,160
4256,3743
4256,2983
4964,5502
4964,3633
4964,1599
4964,2145
4964,4384
4964,5612
4964,2225
4964,952
4964,1970
4964,3011
4964,3269
4964,4784
4964,5377
4964,438
4964,4964
4964,1782
1472,3303
1472,903
1472,108
1472,4805
1472,4333
1472,4228
1472,578
1472,3232
1472,5431
1472,5616
1472,3062
1472,530
1472,1706
1472,560
1472,1351
1472,1472
1472,4146
1472,133
1472,3424
1472,3328
4212,2461
4212,5405
4212,3029
4212,4676
4212,2220
4212,3225
4212,1559
4212,4212
5144,3987
5144,3573
5144,1722
5144,1625
5144,773
5144,5372
5144,1934
5144,279
5144,2126
5144,5128
5144,684
5144,686
5144,857
5144,1234
5144,3013
5144,1483
5144,3009
5144,5144
5144,1421
1105,2362
1105,1102
1105,630
1105,4344
1105,4005
1105,4947
1105,2010
1105,1105
1105,4367
1105,2551
4984,4963
4984,3957
4984,4289
4984,1075
4984,2096
4984,5198
4984,1704
4984,2085
4984,1719
4984,3681
4984,3550
4984,5167
4984,3243
4984,3420
4984,3626
4984,4085
4984,1195
4984,3079
4984,1705
4984,847
4984,333
4984,4984
4984,4417
5327,1280
5327,3270
5327,2939
5327,3376
5327,2099
5327,4853
5327,4018
5327,5374
5327,2954
5327,1523
5327,4136
5327,4985
5327,4062
5327,444
5327,1434
5327,3753
5327,4178
5327,4093
5327,1167
5327,4712
5327,1317
5327,4540
5327,5327
5327,3887
506,5253
506,1116
506,1485
506,94
506,1633
506,1598
506,506
3289,112
3289,518
3289,1693
3289,4834
3289,1198
3289,4436
3289,2916
3289,3545
3289,2968
3289,3301
3289,1316
3289,1496
3289,2065
3289,4241
3289,4584
3289,5257
3289,2397
3289,5381
3289,3155
3289,3289
3289,2642
3289,705
3203,3926
3203,1693
3203,1198
3203,5252
3203,2946
3203,2951
3203,572
3203,5386
3203,4926
3203,1914
3203,4257
3203,4216
3203,3762
3203,3203
3203,346
3203,1068
3203,2015
3203,4225
3203,3233
3203,5534
134,4000
134,2748
134,1482
134,2762
134,1081
134,3956
134,4592
134,5373
134,1164
134,4331
134,4204
134,1302
134,5041
134,364
134,4401
134,862
134,3920
134,1222
134,2559
134,1985
134,5555
134,134
134,2546
3449,2303
3449,59
3449,1288
3449,4653
3449,2970
3449,1427
3449,2369
3449,3449
1999,549
1999,4687
1999,3346
1999,4488
1999,5229
1999,5388
1999,4131
1999,2633
1999,4982
1999,5398
1999,5370
1999,4609
1999,4645
1999,4034
1999,4262
1999,3121
1999,4163
1999,749
1999,3625
1999,2365
1999,996
1999,2178
1999,765
1999,1999
1999,5054
867,626
867,251
867,3538
867,680
867,1161
867,4591
867,2912
867,1655
867,1110
867,1681
867,2073
867,1322
867,867
867,1782
1661,3041
1661,2831
1661,1753
1661,2216
1661,1025
1661,1743
1661,4500
1661,1380
1661,5040
1661,3841
1661,3198
1661,4030
1661,2234
1661,5293
1661,2834
1661,2450
1661,4868
1661,5055
1661,2652
1661,1571
1661,1661
1661,5185
1661,3053
1549,5535
1549,4177
1549,1603
1549,121
1549,213
1549,4991
1549,3033
1549,4707
1549,1702
1549,1262
1549,4550
1549,3497
1549,1257
1549,1666
1549,4746
1549,2708
1549,3985
1549,576
1549,2763
1549,3145
1549,3283
1549,3884
1549,799
1549,1757
1549,1994
1549,310
1549,569
1549,1338
1549,4484
1549,4383
1549,3272
1549,1804
1549,3006
1549,1714
1549,1403
1549,1549
1549,2858
1549,5326
2680,2408
2680,4161
2680,1652
2680,4575
2680,2433
2680,2499
2680,2527
2680,1628
2680,2712
2680,3629
2680,2393
2680,2680
2680,564
3146,1091
3146,3996
3146,2821
3146,2097
3146,4874
3146,1734
3146,5464
3146,5005
3146,3960
3146,298
3146,2424
3146,1626
3146,707
3146,3950
3146,5427
3146,1315
3146,772
3146,1160
3146,3146
3146,2026
3146,2635
236,3110
236,4408
236,453
236,3185
236,949
236,1050
236,1716
236,2538
236,834
236,5337
236,2205
236,916
236,272
236,236
236,2341
3685,5277
3685,1342
3685,2676
3685,2738
3685,559
3685,4207
3685,2993
3685,4424
3685,1266
3685,2
3685,1678
3685,4074
3685,5091
3685,2966
3685,5155
3685,4248
3685,4546
3685,4060
3685,3727
3685,3847
3685,3223
3685,5567
3685,1168
3685,1787
3685,2395
3685,3058
3685,2280
3685,2956
3685,3685
3685,4309
3685,1586
3685,1885
4017,3843
4017,843
4017,437
4017,1052
4017,4188
4017,859
4017,3000
4017,562
4017,4796
4017,3489
4017,2577
4017,2825
4017,268
4017,4017
2547,29
2547,856
2547,2920
2547,4128
2547,942
2547,4357
2547,1966
2547,586
2547,1205
2547,5311
2547,3770
2547,4118
2547,1087
2547,4906
2547,2547
2547,2330
2547,1039
2547,3042
2228,31
2228,1419
2228,5593
2228,2619
2228,2627
2228,2864
2228,477
2228,4528
2228,145
2228,2228
2228,4604
4309,5277
4309,1342
4309,1197
4309,2676
4309,4207
4309,5283
4309,2993
4309,4706
4309,2722
4309,1846
4309,187
4309,1266
4309,3613
4309,776
4309,2
4309,1678
4309,4074
4309,5091
4309,2966
4309,5155
4309,4248
4309,57
4309,3393
4309,4060
4309,3727
4309,3847
4309,2286
4309,3223
4309,5567
4309,2817
4309,1168
4309,1787
4309,2395
4309,204
4309,3058
4309,2956
4309,3685
4309,4309
4309,3229
4309,3347
4309,1586
4309,1924
4309,1885
2026,2670
2026,1091
2026,3996
2026,2097
2026,33
2026,869
2026,3924
2026,5238
2026,3960
2026,3620
2026,298
2026,3183
2026,4689
2026,1733
2026,2424
2026,1626
2026,707
2026,3950
2026,5427
2026,5152
2026,3146
2026,2026
2026,2144
3450,5290
3450,256
3450,4857
3450,836
3450,1511
3450,4433
3450,3923
3450,2671
3450,2806
3450,2093
3450,4098
3450,1517
3450,1346
3450,3827
3450,4226
3450,5243
3450,3318
3450,2568
3450,2844
3450,347
3450,1134
3450,2502
3450,3159
3450,5304
3450,158
3450,4187
3450,2240
3450,1943
3450,1329
3450,181
3450,3340
3450,2732
3450,3080
3450,2801
3450,3450
3450,451
3450,4794
3450,5141
3450,2457
3450,2460
884,129
884,2828
884,1197
884,4015
884,755
884,4281
884,1004
884,4901
884,5183
884,2159
884,776
884,3664
884,1533
884,4989
884,4060
884,2286
884,3223
884,5163
884,2395
884,2170
884,4502
884,884
884,4623
884,2949
884,1398
2788,3616
2788,1743
2788,3198
2788,4030
2788,2234
2788,5293
2788,1571
2788,2788
868,3172
868,4827
868,874
868,5037
868,4482
868,4293
868,3129
868,223
868,2614
868,4664
868,73
868,2449
868,4924
868,4768
868,4069
868,60
868,1871
868,5442
868,2200
868,2047
868,1056
868,1238
868,1534
868,2665
868,1592
868,868
868,2305
868,1188
868,3785
1067,4430
1067,1684
1067,2451
1067,1591
1067,3596
1067,2289
1067,2645
1067,1382
1067,1390
1067,1067
1067,2797
1067,123
1067,2914
1067,4605
3391,2677
3391,3901
3391,516
3391,5606
3391,1179
3391,636
3391,4681
3391,5626
3391,3482
3391,5560
3391,1802
3391,5566
3391,1955
3391,3391
3391,5165
3391,4008
1270,1314
1270,1417
1270,67
1270,3934
1270,1831
1270,3387
1270,5113
1270,212
1270,139
1270,1270
1270,4202
762,2441
762,4425
762,655
762,1915
762,4534
762,5206
762,3363
762,5554
762,790
762,3888
762,226
762,3293
762,262
762,3476
762,4141
762,762
762,4818
762,2156
762,5436
1310,2743
1310,4566
1310,2718
1310,3364
1310,2984
1310,1178
1310,5558
1310,4271
1310,1310
1310,1335
1736,4951
1736,379
1736,3872
1736,2153
1736,5167
1736,389
1736,3243
1736,1701
1736,2585
1736,1207
1736,4085
1736,876
1736,3381
1736,1705
1736,5640
1736,893
1736,1736
346,2426
346,4313
346,2706
346,4560
346,5252
346,2951
346,572
346,5386
346,3544
346,3769
346,3881
346,4257
346,4216
346,4292
346,3762
346,3203
346,346
346,1613
346,1068
346,2015
346,4225
346,3233
4608,3795
4608,3285
4608,4581
4608,551
4608,1837
4608,4555
4608,3194
4608,633
4608,2090
4608,1339
4608,1881
4608,2054
4608,3425
4608,4608
4608,4942
3105,3238
3105,3048
3105,1208
3105,3657
3105,340
3105,1215
3105,469
3105,5404
3105,1428
3105,4307
3105,1330
3105,3105
3105,4848
3793,4119
3793,5256
3793,5628
3793,1137
3793,5491
3793,1900
3793,3808
3793,2476
3793,590
3793,3793
3793,797
3793,5479
3793,3208
568,4406
568,5426
568,1989
568,5013
568,3924
568,1447
568,1487
568,2836
568,2181
568,840
568,4312
568,4286
568,568
568,2786
1613,481
1613,2706
1613,514
1613,5097
1613,4560
1613,971
1613,3536
1613,3769
1613,3881
1613,4257
1613,4216
1613,346
1613,1613
1613,2015
1613,1712
3973,5276
3973,1138
3973,5193
3973,354
3973,740
3973,1671
3973,1049
3973,1306
3973,3419
3973,1327
3973,2315
3973,3973
3973,2168
4657,2368
4657,5272
4657,3019
4657,2904
4657,4220
4657,3234
4657,4233
4657,709
4657,4441
4657,4714
4657,5614
4657,4063
4657,4224
4657,218
4657,759
4657,1440
4657,831
4657,924
4657,2284
4657,3897
4657,1747
4657,3710
4657,4365
4657,2223
4657,4657
4657,1916
4657,3907
4657,4666
4657,4409
3082,1735
3082,1017
3082,2824
3082,892
3082,3516
3082,4829
3082,2148
3082,280
3082,3082
3082,2996
829,3202
829,1436
829,5059
829,4508
829,2445
829,1524
829,4466
829,4211
829,648
829,4885
829,4890
829,3361
829,2081
829,829
829,264
829,4418
3178,1436
3178,5059
3178,4508
3178,403
3178,1524
3178,1775
3178,1937
3178,383
3178,4680
3178,4211
3178,648
3178,4885
3178,1789
3178,3065
3178,4890
3178,3361
3178,3267
3178,3178
3178,4807
2797,5015
2797,3735
2797,4189
2797,1684
2797,391
2797,3596
2797,2501
2797,2289
2797,1382
2797,1067
2797,2797
2797,2914
2797,4605
2549,1936
2549,3029
2549,4459
2549,4568
2549,927
2549,1183
2549,288
2549,22
2549,3744
2549,3225
2549,3773
2549,2549
2549,2117
3860,4897
3860,2150
3860,3539
3860,4993
3860,1882
3860,3417
3860,4364
3860,5209
3860,3860
3860,4075
451,4857
451,836
451,1511
451,4682
451,2024
451,1961
451,4433
451,3923
451,2806
451,1517
451,1346
451,1575
451,5243
451,1819
451,1981
451,3318
451,113
451,4361
451,2568
451,5263
451,2844
451,347
451,2361
451,2922
451,2502
451,3159
451,5304
451,158
451,2066
451,4903
451,4782
451,1943
451,1329
451,181
451,3340
451,2732
451,2801
451,3450
451,451
451,4794
451,5141
451,2457
451,3578
451,1732
1737,668
1737,2846
1737,2676
1737,2738
1737,2416
1737,2458
1737,1237
1737,4672
1737,3812
1737,677
1737,3905
1737,2993
1737,1846
1737,1678
1737,4248
1737,711
1737,3393
1737,1337
1737,2406
1737,3727
1737,3098
1737,1746
1737,1787
1737,204
1737,4447
1737,3182
1737,1737
1737,3953
1737,4067
1737,841
1737,589
1737,1924
1737,1000
1876,1609
1876,4983
1876,5113
1876,2825
1876,167
1876,1876
1876,5452
1150,681
1150,1832
1150,1150
1150,1001
1150,150
19,2933
19,215
19,5008
19,3512
19,5112
19,1904
19,1768
19,5072
19,2358
19,609
19,739
19,4059
19,3088
19,2383
19,2724
19,2947
19,2811
19,19
19,168
19,5354
19,5585
1916,3019
1916,2904
1916,28
1916,1304
1916,5319
1916,1269
1916,4233
1916,709
1916,2925
1916,1272
1916,1481
1916,5614
1916,4063
1916,1440
1916,5489
1916,1588
1916,191
1916,828
1916,4326
1916,1747
1916,5317
1916,3710
1916,4365
1916,1960
1916,2223
1916,4657
1916,1916
1916,3907
1916,4124
1916,4666
1916,3839
4417,3016
4417,4963
4417,3957
4417,4289
4417,1075
4417,2085
4417,1719
4417,3681
4417,3550
4417,5167
4417,4065
4417,1207
4417,3626
4417,4085
4417,1195
4417,898
4417,333
4417,4984
4417,4417
764,441
764,880
764,873
764,501
764,908
764,764
764,2820
482,4300
482,4319
482,208
482,3530
482,5188
482,1717
482,1282
482,4850
482,5526
482,807
482,42
482,1952
482,2191
482,1228
482,482
646,1405
646,3756
646,508
646,2686
646,1783
646,2124
646,2837
646,2833
646,3492
646,1325
646,5566
646,2859
646,4442
646,646
646,1954
646,1226
646,1875
646,2704
4146,3303
4146,1445
4146,3527
4146,4805
4146,3337
4146,3004
4146,4228
4146,3533
4146,1135
4146,3062
4146,530
4146,1351
4146,1472
4146,4146
4146,3424
4146,1822
4146,3328
3366,1043
3366,1520
3366,380
3366,612
3366,3439
3366,2201
3366,2259
3366,3276
3366,2861
3366,3779
3366,2356
3366,928
3366,5310
3366,3577
3366,468
3366,5149
3366,3485
3366,1744
3366,1377
3366,3366
3366,4812
3366,1385
3366,2332
2044,1516
2044,3099
2044,3638
2044,1231
2044,1041
2044,820
2044,3553
2044,3436
2044,4815
2044,675
2044,5220
2044,1631
2044,1489
2044,3010
2044,349
2044,2443
2044,3061
2044,2044
2044,4981
2044,3958
4671,4837
4671,2299
4671,3001
4671,34
4671,1540
4671,1578
4671,3829
4671,4806
4671,959
4671,4671
4671,2541
3703,1860
3703,3883
3703,660
3703,4491
3703,5531
3703,953
3703,770
3703,2558
3703,3703
3703,5307
2261,263
2261,1464
2261,228
2261,1956
2261,3247
2261,2872
2261,1577
2261,2376
2261,882
2261,2176
2261,1333
2261,2610
2261,3575
2261,5109
2261,1490
2261,2917
2261,701
2261,290
2261,4048
2261,752
2261,738
2261,1216
2261,2261
2261,5400
2261,5345
2261,1532
2261,4172
2261,3133
2292,3616
2292,3422
2292,2531
2292,382
2292,1830
2292,5588
2292,2292
2292,1870
4844,68
4844,5278
4844,1424
4844,2891
4844,4374
4844,5028
4844,3426
4844,4844
4844,1244
1699,92
1699,1535
1699,3245
1699,1084
1699,4321
1699,314
1699,3170
1699,3259
1699,4376
1699,4635
1699,2663
1699,2481
1699,1699
1699,611
11,1520
11,380
11,2988
11,3211
11,612
11,3504
11,570
11,4564
11,2818
11,3212
11,4096
11,548
11,4600
11,2259
11,3119
11,3076
11,1510
11,1843
11,509
11,2560
11,2356
11,3577
11,3485
11,4464
11,1431
11,5297
11,786
11,11
11,4812
11,1385
11,1660
11,2332
11,5068
11,3741
378,3352
378,1921
378,1395
378,397
378,3895
378,4110
378,4733
378,2506
378,413
378,3601
378,4603
378,2723
378,4887
378,2822
378,4456
378,56
378,5102
378,4290
378,4167
378,902
378,3927
378,3502
378,378
378,2197
378,723
378,1366
378,323
378,3166
797,1137
797,5491
797,1944
797,3808
797,2476
797,2390
797,3793
797,797
797,5042
797,5479
797,3208
2659,3821
2659,5366
2659,2288
2659,3396
2659,5464
2659,2241
2659,2017
2659,3007
2659,1152
2659,4259
2659,16
2659,1836
2659,5484
2659,306
2659,4056
2659,1160
2659,5630
2659,3730
2659,2659
2659,4995
1619,1793
1619,3151
1619,3299
1619,3490
1619,3073
1619,1085
1619,4237
1619,4705
1619,1619
1619,1728
1619,81
4995,3821
4995,4800
4995,5366
4995,3868
4995,2017
4995,3007
4995,3999
4995,3659
4995,4960
4995,1836
4995,5484
4995,306
4995,3598
4995,4056
4995,3916
4995,5630
4995,4393
4995,2659
4995,4995
3799,2741
3799,3989
3799,5517
3799,571
3799,3722
3799,237
3799,674
3799,1759
3799,4583
3799,4345
3799,5162
3799,798
3799,3799
4812,1043
4812,380
4812,3211
4812,612
4812,4564
4812,3212
4812,3439
4812,2201
4812,2259
4812,608
4812,3276
4812,3119
4812,2861
4812,3779
4812,2356
4812,5310
4812,3577
4812,468
4812,3485
4812,1377
4812,4965
4812,3366
4812,11
4812,4812
4812,1385
4812,2332
277,143
277,2583
277,692
277,584
277,1972
277,287
277,1393
277,2252
277,1028
277,1959
277,2152
277,5000
277,4655
277,1078
277,1675
277,277
277,1980
277,4082
277,906
5165,3313
5165,3513
5165,2677
5165,3901
5165,1405
5165,3756
5165,1179
5165,636
5165,2833
5165,5626
5165,3482
5165,1600
5165,5566
5165,157
5165,4350
5165,1890
5165,3391
5165,5165
5165,4381
5165,4008
1335,2743
1335,881
1335,5213
1335,3236
1335,2718
1335,5599
1335,2193
1335,2984
1335,1178
1335,1
1335,1310
1335,1335
3455,3290
3455,2147
3455,2508
3455,200
3455,542
3455,1016
3455,2955
3455,5497
3455,4841
3455,1893
3455,369
3455,3158
3455,1430
3455,3772
3455,3558
3455,3455
3455,4855
3455,1285
3455,2526
395,3270
395,2534
395,165
395,4853
395,4018
395,1202
395,2954
395,598
395,1523
395,4136
395,4917
395,4985
395,644
395,4062
395,4294
395,3753
395,4093
395,1317
395,395
395,3887
395,4439
4794,1511
4794,4959
4794,3474
4794,1961
4794,3923
4794,4756
4794,1517
4794,1346
4794,3331
4794,1819
4794,1981
4794,5473
4794,3318
4794,2593
4794,113
4794,4361
4794,2568
4794,5263
4794,347
4794,2361
4794,2922
4794,2502
4794,3159
4794,5304
4794,4903
4794,4782
4794,1943
4794,1026
4794,1329
4794,181
4794,3340
4794,543
4794,2732
4794,2801
4794,3450
4794,451
4794,4794
4794,5141
4794,2457
4794,2460
4794,3578
4794,3712
5054,529
5054,3346
5054,5229
5054,2633
5054,4982
5054,2644
5054,4609
5054,4262
5054,3121
5054,4163
5054,2113
5054,3651
5054,3625
5054,5135
5054,2365
5054,425
5054,1082
5054,996
5054,765
5054,1999
5054,5054
5054,4480
5054,5108
5054,2876
1983,1950
1983,3952
1983,3023
1983,2972
1983,2038
1983,4795
1983,3371
1983,5035
1983,4272
1983,30
1983,3132
1983,66
1983,2892
1983,1140
1983,1095
1983,4849
1983,4642
1983,1983
1983,870
1983,1248
3404,1199
3404,1522
3404,1691
3404,3466
3404,3854
3404,3308
3404,4646
3404,5438
3404,2998
3404,490
3404,3404
3404,4461
3404,1870
3404,4822
3404,3706
3404,3179
2422,5168
2422,2360
2422,1284
2422,2860
2422,736
2422,2329
2422,5338
2422,2422
2422,1218
4976,3599
4976,5014
4976,2964
4976,731
4976,1501
4976,3487
4976,1796
4976,5080
4976,1476
4976,504
4976,2921
4976,2283
4976,5202
4976,905
4976,2295
4976,1387
4976,3589
4976,5197
4976,4125
4976,1407
4976,4976
4976,2116
2197,3352
2197,1921
2197,1395
2197,397
2197,4231
2197,3895
2197,1674
2197,2506
2197,4603
2197,4887
2197,5102
2197,3890
2197,3929
2197,4167
2197,3927
2197,3502
2197,378
2197,2197
2197,323
2197,1242
5462,2846
5462,1513
5462,4672
5462,677
5462,1813
5462,4935
5462,2528
5462,4562
5462,4277
5462,5333
5462,4961
5462,3182
5462,4016
5462,2394
5462,5462
5462,3953
5462,1000
5321,65
5321,5448
5321,1396
5321,4042
5321,2819
5321,3451
5321,5604
5321,3729
5321,3728
5321,2650
5321,1764
5321,1507
5321,136
5321,4971
5321,1926
5321,5321
5348,5314
5348,5180
5348,5267
5348,2061
5348,4934
5348,1173
5348,1866
5348,313
5348,5532
5348,5348
3297,3138
3297,172
3297,4513
3297,1357
3297,563
3297,4349
3297,4334
3297,1686
3297,353
3297,4353
3297,5414
3297,4191
3297,5164
3297,2202
3297,3297
3297,257
3297,1829
3297,937
487,4498
487,4469
487,5253
487,406
487,1485
487,4392
487,4932
487,94
487,487
2437,1595
2437,5169
2437,1464
2437,4775
2437,3768
2437,2872
2437,4998
2437,1577
2437,2376
2437,1884
2437,1490
2437,1196
2437,2944
2437,5494
2437,2029
2437,1107
2437,2437
2437,682
2437,3885
2437,4012
2437,1514
2601,5208
2601,2244
2601,1974
2601,4601
2601,2194
2601,3721
2601,965
2601,2868
2601,1919
2601,1051
2601,5133
2601,4210
2601,1087
2601,2601
2601,1723
1347,795
1347,3496
1347,3745
1347,4458
1347,1192
1347,4680
1347,2419
1347,3854
1347,5607
1347,3325
1347,1347
1347,3706
1347,4807
1347,4170
842,3812
842,5283
842,3905
842,4710
842,3954
842,4958
842,1773
842,4503
842,1457
842,3757
842,842
842,3229
842,1712
4942,3285
4942,2938
4942,4581
4942,1837
4942,2090
4942,4656
4942,4197
4942,1339
4942,1881
4942,3416
4942,3631
4942,3045
4942,2054
4942,3425
4942,4608
4942,4942
4942,1929
2849,1677
2849,4021
2849,5221
2849,3022
2849,1848
2849,3870
2849,2721
2849,1139
2849,4641
2849,4809
2849,1486
2849,4205
2849,2019
2849,1275
2849,980
2849,368
2849,3296
2849,2707
2849,3761
2849,2647
2849,2166
2849,2158
2849,3024
2849,2033
2849,4543
2849,4952
2849,2886
2849,184
2849,1435
2849,1250
2849,2849
2849,4888
2849,545
1141,1449
1141,356
1141,2238
1141,2608
1141,3186
1141,239
1141,1540
1141,4697
1141,3249
1141,4317
1141,2573
1141,846
1141,302
1141,605
1141,1141
1141,2733
1141,5100
1001,681
1001,893
1001,1150
1001,1001
1001,150
1001,2698
1723,436
1723,5208
1723,4412
1723,2244
1723,1974
1723,4282
1723,1047
1723,1669
1723,2194
1723,1287
1723,965
1723,2868
1723,2651
1723,1920
1723,1919
1723,1051
1723,5133
1723,4210
1723,2601
1723,1723
3329,366
3329,4254
3329,4282
3329,1047
3329,743
3329,2651
3329,180
3329,555
3329,732
3329,1615
3329,2333
3329,2444
3329,3329
3329,4240
474,2939
474,2099
474,888
474,1379
474,5374
474,3316
474,4372
474,1291
474,444
474,4178
474,1167
474,4712
474,1855
474,3427
474,5261
474,991
474,474
474,5106
474,575
474,3979
2330,29
2330,856
2330,2920
2330,4128
2330,942
2330,4357
2330,586
2330,1205
2330,3334
2330,5311
2330,3770
2330,4118
2330,1087
2330,4906
2330,2547
2330,2330
2330,1039
2330,3042
3431,2752
3431,2251
3431,3477
3431,3241
3431,3721
3431,4301
3431,5250
3431,710
3431,1358
3431,3431
3431,3514
3431,2331
4636,4622
4636,4597
4636,4151
4636,634
4636,2907
4636,1010
4636,5114
4636,760
4636,4311
4636,1460
4636,2143
4636,3521
4636,1060
4636,152
4636,4371
4636,1887
4636,2089
4636,4636
4636,3823
2051,4811
2051,820
2051,5121
2051,4511
2051,1913
2051,974
2051,3436
2051,1180
2051,4071
2051,5220
2051,3781
2051,1680
2051,2095
2051,3034
2051,1423
2051,1459
2051,2815
2051,1343
2051,2051
2051,5421
2051,5465
2051,5264
2051,2582
2051,1809
1385,1043
1385,1520
1385,380
1385,3211
1385,612
1385,4564
1385,3212
1385,2259
1385,608
1385,3276
1385,3119
1385,3779
1385,2560
1385,2356
1385,3577
1385,3485
1385,1377
1385,4965
1385,786
1385,3366
1385,11
1385,4812
1385,1385
1385,2332
1385,5068
1660,1520
1660,2988
1660,3211
1660,3504
1660,570
1660,4564
1660,2818
1660,3212
1660,4096
1660,548
1660,4600
1660,2259
1660,3131
1660,3119
1660,3076
1660,1510
1660,1843
1660,509
1660,2560
1660,3577
1660,4464
1660,1431
1660,4127
1660,5297
1660,454
1660,786
1660,11
1660,1660
1660,2332
1660,5068
1660,3741
3229,5592
3229,5277
3229,242
3229,3812
3229,5283
3229,4706
3229,2722
3229,1846
3229,187
3229,3613
3229,4074
3229,5091
3229,4698
3229,57
3229,3393
3229,3727
3229,4958
3229,2817
3229,1773
3229,1787
3229,204
3229,3757
3229,2956
3229,4309
3229,842
3229,3229
3229,3347
3229,1924
4171,3127
4171,3488
4171,3755
4171,1471
4171,1841
4171,4872
4171,2503
4171,1617
4171,3307
4171,2190
4171,2596
4171,148
4171,2021
4171,4904
4171,5516
4171,5555
4171,4171
4171,2546
4171,944
4855,3290
4855,2147
4855,1583
4855,542
4855,1016
4855,5548
4855,5497
4855,1893
4855,2643
4855,1430
4855,3772
4855,3558
4855,3455
4855,4855
4855,1285
4855,5089
4855,2526
4855,983
4855,1697
3907,3019
3907,2904
3907,1304
3907,5319
3907,1269
3907,4233
3907,709
3907,2925
3907,1272
3907,484
3907,1481
3907,5614
3907,4063
3907,1021
3907,1440
3907,1588
3907,191
3907,2719
3907,828
3907,4326
3907,1747
3907,5317
3907,3710
3907,4365
3907,1960
3907,2223
3907,4657
3907,1916
3907,3907
3907,4124
3907,4666
3907,3839
3143,2079
3143,5244
3143,3277
3143,316
3143,3628
3143,140
3143,69
3143,4537
3143,3967
3143,3279
3143,3345
3143,1614
3143,3468
3143,2064
3143,1077
3143,3143
3143,111
3143,2582
5205,3238
5205,3028
5205,2375
5205,2071
5205,4674
5205,5082
5205,4544
5205,27
5205,4730
5205,1643
5205,3095
5205,1217
5205,419
5205,1194
5205,923
5205,102
5205,3378
5205,922
5205,3118
5205,4893
5205,1330
5205,4472
5205,523
5205,976
5205,5205
5205,5236
5205,4723
2689,3746
2689,1775
2689,5401
2689,1265
2689,1227
2689,3467
2689,2419
2689,5171
2689,5634
2689,4200
2689,3162
2689,3268
2689,4284
2689,2101
2689,2689
257,3138
257,2688
257,2080
257,4513
257,4900
257,4799
257,358
257,1357
257,563
257,4349
257,5609
257,3951
257,1850
257,4191
257,5164
257,2202
257,3297
257,257
257,1829
257,937
5400,263
5400,1464
5400,228
5400,1956
5400,3748
5400,3247
5400,2872
5400,2376
5400,882
5400,3030
5400,2176
5400,1333
5400,2610
5400,3575
5400,2703
5400,5109
5400,701
5400,290
5400,4048
5400,3571
5400,752
5400,738
5400,1216
5400,2261
5400,5400
5400,5345
5400,1532
5400,4172
5400,3133
1218,5090
1218,5168
1218,2360
1218,2860
1218,3594
1218,2501
1218,851
1218,2422
1218,1218
1218,3252
3475,374
3475,1297
3475,3257
3475,4494
3475,4035
3475,5281
3475,3164
3475,427
3475,753
3475,2603
3475,1622
3475,4978
3475,5127
3475,1194
3475,2301
3475,5355
3475,4472
3475,5595
3475,3475
3475,4214
5475,4232
5475,1224
5475,452
5475,716
5475,1679
5475,671
5475,4476
5475,1452
5475,1826
5475,2804
5475,4536
5475,1255
5475,771
5475,5216
5475,805
5475,850
5475,4137
5475,3778
5475,79
5475,4336
5475,5475
5475,4531
5475,3850
5475,1539
5475,3148
3564,4468
3564,702
3564,4703
3564,4250
3564,5524
3564,3379
3564,5528
3564,3181
3564,2311
3564,1529
3564,3564
1824,3926
1824,4759
1824,997
1824,2236
1824,550
1824,5057
1824,3415
1824,5274
1824,4615
1824,3693
1824,2946
1824,2968
1824,4394
1824,2951
1824,4258
1824,4926
1824,2003
1824,338
1824,1914
1824,5381
1824,3155
1824,1824
1824,1068
1824,541
1824,4225
1824,3233
2642,112
2642,518
2642,3147
2642,289
2642,4834
2642,4427
2642,5350
2642,2916
2642,2306
2642,1024
2642,377
2642,1316
2642,2065
2642,2857
2642,2976
2642,4584
2642,5257
2642,3289
2642,2642
84,409
84,2538
84,1624
84,3306
84,834
84,2143
84,2205
84,3521
84,2403
84,1504
84,152
84,5232
84,84
84,2711
1728,1793
1728,5116
1728,3151
1728,3408
1728,3679
1728,1126
1728,1085
1728,1619
1728,1728
1728,81
4245,1500
4245,4860
4245,2773
4245,3931
4245,4803
4245,5186
4245,617
4245,1096
4245,4064
4245,4590
4245,2913
4245,3660
4245,4308
4245,5088
4245,4918
4245,623
4245,1353
4245,5583
4245,127
4245,1453
4245,5392
4245,4613
4245,3067
4245,1442
4245,1978
4245,4651
4245,3621
4245,3192
4245,2486
4245,5402
4245,198
4245,5025
4245,4411
4245,2185
4245,588
4245,492
4245,5519
4245,3204
4245,2867
4245,496
4245,3838
4245,3349
4245,3447
4245,1939
4245,4588
4245,4221
4245,4245
4245,2367
4245,1172
4245,1258
4245,4986
4245,1745
4245,4126
4245,2514
4245,156
547,2441
547,1151
547,929
547,2038
547,655
547,4534
547,5206
547,790
547,3888
547,631
547,1815
547,3984
547,2109
547,226
547,4743
547,812
547,2580
547,262
547,5323
547,1305
547,1281
547,4580
547,547
547,4818
547,1364
547,5436
2233,3303
2233,2776
2233,3527
2233,1703
2233,3097
2233,5173
2233,3696
2233,3533
2233,769
2233,4869
2233,5616
2233,2237
2233,3062
2233,3173
2233,5204
2233,4419
2233,1351
2233,1905
2233,2233
2233,2215
2103,9
2103,1950
2103,3952
2103,5172
2103,408
2103,30
2103,3021
2103,3800
2103,3292
2103,1740
2103,5019
2103,2103
2103,870
2103,1248
2103,2163
527,5553
527,5314
527,5488
527,3715
527,3893
527,1251
527,5154
527,527
527,4369
81,1793
81,3151
81,142
81,3679
81,211
81,1126
81,3258
81,4863
81,4377
81,1619
81,1728
81,81
4923,1294
4923,3454
4923,1212
4923,1986
4923,2239
4923,1535
4923,1084
4923,1142
4923,5224
4923,2092
4923,3170
4923,1220
4923,969
4923,4936
4923,4443
4923,4739
4923,2481
4923,4923
4923,1027
4923,281
703,231
703,130
703,1074
703,4467
703,3605
703,887
703,4090
703,2081
703,703
703,5086
703,264
2341,3110
2341,4408
2341,453
2341,3185
2341,409
2341,949
2341,1050
2341,1716
2341,2538
2341,834
2341,5337
2341,2205
2341,916
2341,272
2341,1504
2341,236
2341,2341
5421,4811
5421,3099
5421,1041
5421,3116
5421,820
5421,4511
5421,1913
5421,4815
5421,1680
5421,2095
5421,3034
5421,1423
5421,2127
5421,5306
5421,2815
5421,1343
5421,2051
5421,5421
5421,5465
5421,1951
5421,1809
4461,1522
4461,4473
4461,49
4461,1227
4461,1691
4461,3466
4461,5006
4461,3308
4461,4646
4461,5634
4461,3162
4461,5438
4461,4135
4461,3404
4461,4461
4461,3179
682,328
682,5169
682,2674
682,4775
682,3768
682,4824
682,4998
682,1577
682,1884
682,1196
682,2944
682,2473
682,5494
682,3111
682,2029
682,3606
682,2048
682,1107
682,2437
682,682
682,4462
682,3885
682,4012
682,1514
1244,68
1244,597
1244,5278
1244,1424
1244,2891
1244,4094
1244,5028
1244,4844
1244,1244
1244,87
2896,3100
2896,2006
2896,827
2896,108
2896,532
2896,4492
2896,577
2896,5399
2896,2291
2896,4333
2896,3250
2896,1509
2896,4554
2896,2165
2896,5515
2896,4133
2896,2404
2896,3232
2896,1706
2896,3702
2896,560
2896,2896
2896,133
2896,1277
2896,5299
2896,1133
266,1467
266,3299
266,551
266,5549
266,4555
266,3490
266,1778
266,4911
266,4237
266,3981
266,43
266,925
266,4705
266,266
4981,3638
4981,2757
4981,5211
4981,2079
4981,2435
4981,4176
4981,4404
4981,675
4981,1376
4981,4182
4981,3961
4981,3107
4981,4750
4981,2443
4981,3061
4981,4617
4981,2044
4981,4981
4981,5589
360,3484
360,4412
360,3591
360,2244
360,1974
360,2230
360,1669
360,1287
360,4139
360,471
360,2868
360,1920
360,1863
360,4891
360,3682
360,5596
360,5584
360,360
360,1439
2996,1735
2996,2362
2996,2824
2996,892
2996,267
2996,3516
2996,536
2996,4829
2996,2584
2996,3650
2996,3082
2996,2996
133,3303
133,827
133,903
133,108
133,4805
133,4333
133,4228
133,2404
133,3232
133,4869
133,5616
133,3062
133,1706
133,3702
133,560
133,1351
133,1472
133,2896
133,133
133,3424
133,3328
133,1133
4570,2494
4570,3815
4570,2908
4570,1088
4570,4802
4570,641
4570,4969
4570,2507
4570,733
4570,3278
4570,3580
4570,1175
4570,3456
4570,1456
4570,4570
4570,5547
304,5115
304,4267
304,1213
304,2462
304,32
304,326
304,5023
304,2371
304,44
304,4451
304,683
304,5383
304,304
304,2379
304,3743
1290,591
1290,5015
1290,4189
1290,3612
1290,1646
1290,1684
1290,4382
1290,3596
1290,3723
1290,3880
1290,2160
1290,1786
1290,1382
1290,3191
1290,13
1290,1290
723,3352
723,1921
723,1395
723,397
723,3895
723,4110
723,4733
723,2506
723,413
723,3601
723,4603
723,2723
723,4887
723,4456
723,5102
723,4290
723,4167
723,902
723,4422
723,378
723,723
723,1366
723,323
723,3166
724,1136
724,2147
724,5095
724,2508
724,579
724,200
724,2638
724,1795
724,2744
724,613
724,2782
724,1420
724,2415
724,1233
724,369
724,3158
724,1948
724,2626
724,1958
724,3453
724,3772
724,1055
724,724
724,2429
5236,3238
5236,3028
5236,2071
5236,4674
5236,5082
5236,4544
5236,27
5236,4730
5236,1643
5236,3095
5236,1217
5236,419
5236,923
5236,102
5236,922
5236,4893
5236,1330
5236,5387
5236,5182
5236,976
5236,5205
5236,5236
5236,4848
123,591
123,1684
123,4382
123,2451
123,3880
123,3904
123,1382
123,3191
123,13
123,1390
123,1067
123,123
4047,1500
4047,2554
4047,4860
4047,2773
4047,5397
4047,1992
4047,3931
4047,2655
4047,1096
4047,2325
4047,3660
4047,5449
4047,5088
4047,623
4047,1761
4047,5392
4047,1978
4047,4354
4047,4024
4047,3621
4047,3192
4047,198
4047,5025
4047,689
4047,2185
4047,2282
4047,2690
4047,5519
4047,2351
4047,3204
4047,2867
4047,3838
4047,3349
4047,117
4047,4047
4047,1172
4047,4126
4047,2514
4047,156
1027,1986
1027,5061
1027,4925
1027,4973
1027,4493
1027,2895
1027,2092
1027,3170
1027,1378
1027,969
1027,2463
1027,2481
1027,4923
1027,1027
1027,1742
1027,1918
3031,2179
3031,3921
3031,3987
3031,4269
3031,4025
3031,3478
3031,631
3031,3984
3031,226
3031,279
3031,812
3031,5128
3031,628
3031,4434
3031,1286
3031,1234
3031,4206
3031,1483
3031,3776
3031,1079
3031,517
3031,3031
3031,3875
3031,1421
3031,3910
465,3828
465,1595
465,3153
465,1987
465,3844
465,1359
465,4998
465,2917
465,3535
465,5050
465,2656
465,5482
465,465
465,4462
465,4012
111,2657
111,5244
111,3277
111,316
111,4368
111,140
111,4071
111,69
111,2339
111,3967
111,3279
111,1614
111,3468
111,2064
111,1077
111,3143
111,111
111,2582
5185,3041
5185,4158
5185,2216
5185,1025
5185,814
5185,1743
5185,2545
5185,5040
5185,3841
5185,4030
5185,1911
5185,4842
5185,2306
5185,1024
5185,2234
5185,377
5185,5293
5185,2834
5185,2450
5185,5139
5185,4868
5185,1571
5185,1661
5185,5185
5185,3053
4975,2673
4975,619
4975,2258
4975,565
4975,2209
4975,467
4975,1401
4975,2576
4975,5262
4975,193
4975,4481
4975,4975
4975,3135
4201,2479
4201,5518
4201,3991
4201,1214
4201,695
4201,736
4201,2329
4201,3108
4201,5338
4201,1774
4201,4201
5106,2939
5106,2099
5106,888
5106,1379
5106,5374
5106,3316
5106,2574
5106,4372
5106,1291
5106,444
5106,4178
5106,1167
5106,4712
5106,1855
5106,3427
5106,5261
5106,991
5106,474
5106,5106
5106,575
5106,3979
1810,988
1810,4624
1810,2760
1810,4087
1810,2716
1810,584
1810,4357
1810,5271
1810,5311
1810,5642
1810,493
1810,1098
1810,147
1810,2565
1810,4655
1810,1810
1810,3042
2858,2164
2858,5535
2858,5618
2858,4177
2858,2978
2858,877
2858,2497
2858,2609
2858,891
2858,3171
2858,5334
2858,1692
2858,308
2858,1603
2858,121
2858,4957
2858,3033
2858,4707
2858,2525
2858,1702
2858,1260
2858,1262
2858,4550
2858,3497
2858,4577
2858,4876
2858,1257
2858,4346
2858,1666
2858,2708
2858,2297
2858,2959
2858,2763
2858,3145
2858,3283
2858,3884
2858,1757
2858,1994
2858,569
2858,1338
2858,1873
2858,4776
2858,2373
2858,4383
2858,3272
2858,1804
2858,1714
2858,1403
2858,3291
2858,1549
2858,2858
2858,2700
2858,1089
2858,3395
2858,5326
488,3429
488,997
488,5249
488,3804
488,550
488,5057
488,320
488,3248
488,2533
488,5274
488,4740
488,4615
488,1029
488,4394
488,12
488,3671
488,4258
488,1975
488,2003
488,1163
488,76
488,338
488,650
488,488
488,541
2927,2118
2927,5213
2927,1432
2927,2433
2927,912
2927,1360
2927,2927
2927,2728
2927,1748
2927,1930
5465,4811
5465,820
5465,5121
5465,4511
5465,1913
5465,974
5465,3436
5465,1180
5465,4071
5465,5220
5465,3781
5465,1680
5465,2095
5465,3034
5465,1423
5465,1459
5465,2815
5465,1343
5465,2051
5465,5421
5465,5465
5465,5264
5465,2582
5465,1809
4556,5413
4556,5037
4556,2266
4556,526
4556,4356
4556,4774
4556,4894
4556,2812
4556,2614
4556,4912
4556,60
4556,3611
4556,240
4556,2411
4556,2665
4556,1592
4556,429
4556,4556
4556,3701
4556,2327
4556,2902
4556,3360
3448,456
3448,385
3448,5621
3448,1923
3448,4318
3448,2586
3448,5643
3448,3410
3448,470
3448,4525
3448,3452
3448,5557
3448,2750
3448,4097
3448,3219
3448,5551
3448,2270
3448,3737
3448,3144
3448,4939
3448,2977
3448,1477
3448,2869
3448,3708
3448,2349
3448,4302
3448,1176
3448,4873
3448,3401
3448,295
3448,1941
3448,697
3448,1413
3448,220
3448,3637
3448,1036
3448,2094
3448,3402
3448,2199
3448,336
3448,618
3448,4130
3448,2941
3448,430
3448,5362
3448,5315
3448,3448
3448,1906
3448,1415
3448,2072
3448,2058
4362,511
4362,2563
4362,1839
4362,421
4362,322
4362,246
4362,3220
4362,715
4362,4351
4362,4195
4362,2570
4362,2043
4362,4832
4362,4362
4362,2975
4518,742
4518,1566
4518,4881
4518,4644
4518,285
4518,4027
4518,276
4518,1637
4518,4040
4518,1018
4518,4753
4518,3213
4518,4954
4518,4061
4518,2607
4518,4518
4518,370
3562,1629
3562,423
3562,4541
3562,540
3562,5217
3562,4798
3562,4835
3562,622
3562,4535
3562,4327
3562,3562
3562,3906
3562,5239
3875,2179
3875,3921
3875,4269
3875,4025
3875,3478
3875,631
3875,3984
3875,226
3875,812
3875,4434
3875,3776
3875,517
3875,3031
3875,3875
3875,3910
5,987
5,904
5,2805
5,2971
5,85
5,3104
5,1658
5,4287
5,1498
5,4249
5,4388
5,4828
5,4732
5,3714
5,3678
5,3003
5,3959
5,5
5,4761
5,1589
2711,409
2711,1050
2711,2538
2711,1624
2711,3306
2711,834
2711,2143
2711,2205
2711,916
2711,3521
2711,2403
2711,1504
2711,5232
2711,84
2711,2711
3347,5592
3347,5277
3347,129
3347,1197
3347,4015
3347,242
3347,5283
3347,4706
3347,2722
3347,187
3347,3613
3347,776
3347,4074
3347,5091
3347,4698
3347,57
3347,1292
3347,3727
3347,2286
3347,4695
3347,2817
3347,1773
3347,1168
3347,204
3347,2170
3347,2956
3347,4309
3347,3229
3347,3347
3347,1924
2840,3433
2840,3138
2840,3591
2840,2080
2840,1899
2840,3142
2840,4900
2840,2230
2840,720
2840,2595
2840,3332
2840,4378
2840,4649
2840,5609
2840,471
2840,4029
2840,1863
2840,2838
2840,4891
2840,1850
2840,5596
2840,4718
2840,2009
2840,4749
2840,2840
2840,1439
1791,3389
1791,3480
1791,1816
1791,4285
1791,4692
1791,1551
1791,2960
1791,28
1791,1754
1791,2076
1791,1301
1791,238
1791,2155
1791,4864
1791,4684
1791,3510
1791,1115
1791,5259
1791,1664
1791,5631
1791,4767
1791,3438
1791,2400
1791,1998
1791,2087
1791,4638
1791,1013
1791,1547
1791,1720
1791,3385
1791,3184
1791,5105
1791,1650
1791,458
1791,2767
1791,5002
1791,1949
1791,273
1791,5498
1791,5570
1791,15
1791,2693
1791,321
1791,3418
1791,319
1791,125
1791,3665
1791,1289
1791,5312
1791,2380
1791,5571
1791,3050
1791,3600
1791,2146
1791,4400
1791,5318
1791,3281
1791,3136
1791,4567
1791,1791
1791,2792
1791,3632
1791,865
4474,1011
4474,3499
4474,5343
4474,4813
4474,4606
4474,4474
4972,2245
4972,5356
4972,3429
4972,1132
4972,1296
4972,5249
4972,3949
4972,1213
4972,2399
4972,18
4972,1249
4972,320
4972,3248
4972,3704
4972,4013
4972,4740
4972,2942
4972,1399
4972,12
4972,3671
4972,845
4972,2371
4972,1163
4972,2088
4972,76
4972,4859
4972,2865
4972,4156
4972,683
4972,4256
4972,4972
4972,541
4972,160
4972,3743
4972,2983
575,2099
575,1379
575,5374
575,4372
575,1291
575,444
575,1167
575,1855
575,3427
575,5261
575,991
575,474
575,5106
575,575
575,3979
870,1950
870,3952
870,3023
870,2972
870,1828
870,4795
870,3371
870,5035
870,4272
870,30
870,1838
870,3021
870,4725
870,1053
870,3132
870,4273
870,2892
870,1140
870,1095
870,1740
870,4642
870,1983
870,2103
870,870
870,1248
3424,3303
3424,3527
3424,4805
3424,4333
3424,392
3424,3337
3424,3004
3424,4228
3424,3533
3424,1135
3424,578
3424,5431
3424,3062
3424,530
3424,1706
3424,560
3424,1351
3424,1472
3424,4146
3424,133
3424,3424
3424,1822
3424,3328
4214,1145
4214,1297
4214,5600
4214,587
4214,5281
4214,3164
4214,427
4214,753
4214,411
4214,1622
4214,4978
4214,5355
4214,155
4214,2057
4214,3627
4214,2472
4214,2888
4214,5595
4214,3475
4214,4214
4214,3857
4214,5166
4214,2780
1285,2147
1285,2508
1285,3531
1285,200
1285,3917
1285,542
1285,1016
1285,2955
1285,5497
1285,4841
1285,1893
1285,2415
1285,369
1285,3158
1285,3772
1285,3455
1285,4855
1285,1285
4785,5272
4785,626
4785,1304
4785,3234
4785,4441
4785,1272
4785,3754
4785,484
4785,475
4785,5614
4785,4063
4785,1021
4785,4224
4785,218
4785,1161
4785,1440
4785,2727
4785,292
4785,4591
4785,2719
4785,1655
4785,1681
4785,2195
4785,2073
4785,1322
4785,2223
4785,4785
4785,4124
4785,4666
4785,3839
5089,3290
5089,3055
5089,5548
5089,3780
5089,1193
5089,2643
5089,1430
5089,3928
5089,4855
5089,5089
5089,2526
5089,983
398,4949
398,2275
398,2479
398,2354
398,676
398,2567
398,510
398,3863
398,4521
398,3919
398,695
398,3643
398,3673
398,398
398,1968
398,1738
1858,434
1858,1402
1858,5246
1858,2050
1858,1861
1858,1858
1858,2059
5345,5169
5345,263
5345,1464
5345,1956
5345,3748
5345,3247
5345,2872
5345,2376
5345,882
5345,2176
5345,1333
5345,2610
5345,3575
5345,5109
5345,1490
5345,701
5345,290
5345,738
5345,1216
5345,2261
5345,5400
5345,5345
5345,1532
5345,4172
1968,2275
1968,2479
1968,2354
1968,510
1968,3863
1968,1214
1968,4521
1968,3594
1968,695
1968,851
1968,2329
1968,1774
1968,398
1968,1968
1968,3252
2367,921
2367,1500
2367,4860
2367,1992
2367,3931
2367,4803
2367,5186
2367,5575
2367,617
2367,1096
2367,4064
2367,4590
2367,5449
2367,4308
2367,5088
2367,4918
2367,1761
2367,1353
2367,5583
2367,5009
2367,1453
2367,1429
2367,5392
2367,4613
2367,3067
2367,1442
2367,3583
2367,4819
2367,3621
2367,3192
2367,2486
2367,5402
2367,198
2367,5025
2367,689
2367,4411
2367,2185
2367,492
2367,5519
2367,3204
2367,2867
2367,4421
2367,496
2367,3838
2367,3349
2367,3447
2367,4588
2367,4245
2367,2367
2367,1172
2367,1258
2367,1745
2367,2514
2367,156
2367,1114
4480,4790
4480,3346
4480,5229
4480,4966
4480,2633
4480,4982
4480,4609
4480,4262
4480,3121
4480,2113
4480,749
4480,2365
4480,996
4480,765
4480,5054
4480,4480
4623,4406
4623,396
4623,4281
4623,2590
4623,5183
4623,2823
4623,3842
4623,3664
4623,1533
4623,4989
4623,4502
4623,884
4623,4623
1068,3926
1068,1693
1068,1198
1068,5252
1068,2946
1068,2968
1068,3301
1068,2951
1068,572
1068,5386
1068,4926
1068,4241
1068,2397
1068,3155
1068,3762
1068,3203
1068,346
1068,1824
1068,1068
1068,4225
1068,3233
1068,705
1068,5534
1874,3432
1874,3698
1874,897
1874,4438
1874,1767
1874,2235
1874,2492
1874,1193
1874,1893
1874,4967
1874,2643
1874,914
1874,2137
1874,1264
1874,3928
1874,947
1874,3558
1874,1874
1874,2077
1874,983
1874,1697
4818,2441
4818,1151
4818,4455
4818,4425
4818,350
4818,2038
4818,3944
4818,655
4818,1915
4818,4534
4818,5206
4818,3363
4818,5554
4818,790
4818,3888
4818,3293
4818,4743
4818,262
4818,1281
4818,3476
4818,4141
4818,762
4818,547
4818,4818
4818,2156
4818,5436
4462,3828
4462,1595
4462,2674
4462,3153
4462,3844
4462,3768
4462,4824
4462,4998
4462,1884
4462,5050
4462,2944
4462,3111
4462,5482
4462,3606
4462,2048
4462,682
4462,465
4462,4462
4462,3885
4462,4012
4462,1514
3887,1280
3887,3270
3887,2939
3887,3376
3887,165
3887,4853
3887,4018
3887,5374
3887,2954
3887,1523
3887,4136
3887,4985
3887,4062
3887,444
3887,1434
3887,3753
3887,4178
3887,4093
3887,4712
3887,1317
3887,4540
3887,5327
3887,395
3887,3887
4531,1971
4531,452
4531,1679
4531,3294
4531,4476
4531,1452
4531,1826
4531,2804
4531,4536
4531,771
4531,5216
4531,3790
4531,3441
4531,2822
4531,56
4531,4137
4531,79
4531,5475
4531,4531
4531,1539
4531,3148
1954,4790
1954,5388
1954,4966
1954,1783
1954,5398
1954,337
1954,2124
1954,2837
1954,3492
1954,1325
1954,5194
1954,4532
1954,749
1954,4442
1954,2178
1954,646
1954,1954
1954,3406
1954,1226
1954,1875
1954,2704
5174,4896
5174,3066
5174,4691
5174,803
5174,3914
5174,354
5174,4990
5174,3275
5174,3388
5174,1556
5174,1785
5174,71
5174,3394
5174,2631
5174,5174
1421,2179
1421,3921
1421,3987
1421,3573
1421,1722
1421,4269
1421,773
1421,4025
1421,3478
1421,3984
1421,1749
1421,279
1421,2126
1421,812
1421,2580
1421,5128
1421,628
1421,4434
1421,1286
1421,1234
1421,4206
1421,1483
1421,1079
1421,517
1421,5144
1421,3031
1421,1421
1421,3910
1364,1151
1364,929
1364,2038
1364,4795
1364,1815
1364,2109
1364,2661
1364,4743
1364,66
1364,2892
1364,5323
1364,1305
1364,1281
1364,4580
1364,318
1364,547
1364,1364
1364,3604
1364,3101
1409,5540
1409,1255
1409,1771
1409,3601
1409,1064
1409,4456
1409,2932
1409,480
1409,3778
1409,4422
1409,1409
1409,581
1409,3850
1409,3166
1822,3303
1822,3124
1822,1445
1822,3527
1822,392
1822,3337
1822,3004
1822,4228
1822,3533
1822,1135
1822,3062
1822,530
1822,4146
1822,3424
1822,1822
1822,3328
1366,3352
1366,1395
1366,5540
1366,397
1366,3895
1366,4110
1366,4733
1366,2506
1366,413
1366,3601
1366,2723
1366,4887
1366,1064
1366,4456
1366,5102
1366,480
1366,4167
1366,902
1366,4422
1366,378
1366,723
1366,1366
1366,323
1366,3166
1062,3568
1062,2864
1062,4512
1062,4077
1062,1062
2792,1816
2792,4285
2792,2960
2792,5391
2792,28
2792,3287
2792,2076
2792,1301
2792,238
2792,2155
2792,4864
2792,4684
2792,3510
2792,1115
2792,3018
2792,5259
2792,1664
2792,5631
2792,4767
2792,3438
2792,2400
2792,1998
2792,1897
2792,2087
2792,4638
2792,1013
2792,5219
2792,1547
2792,1720
2792,3184
2792,5105
2792,1650
2792,458
2792,5002
2792,273
2792,5498
2792,5570
2792,15
2792,2693
2792,319
2792,125
2792,3665
2792,1289
2792,5312
2792,524
2792,2380
2792,5571
2792,3050
2792,3600
2792,2146
2792,4400
2792,5318
2792,4567
2792,1791
2792,2792
2792,3632
2792,865
4006,4363
4006,1130
4006,4589
4006,3642
4006,2669
4006,4703
4006,5524
4006,372
4006,5528
4006,4348
4006,4673
4006,2311
4006,1239
4006,4938
4006,5301
4006,4006
4006,219
1248,1950
1248,3952
1248,2972
1248,1097
1248,1048
1248,4795
1248,3021
1248,3800
1248,2892
1248,4849
1248,1983
1248,2103
1248,870
1248,1248
581,5540
581,4430
581,1255
581,1771
581,3601
581,1064
581,4456
581,2932
581,480
581,4422
581,1409
581,581
581,3850
581,3166
4888,1677
4888,4423
4888,107
4888,4021
4888,3022
4888,3870
4888,2721
4888,4435
4888,1139
4888,4641
4888,4809
4888,1486
4888,1275
4888,980
4888,368
4888,3296
4888,2707
4888,5435
4888,2287
4888,3761
4888,2647
4888,2166
4888,2158
4888,2033
4888,2886
4888,184
4888,1435
4888,1250
4888,4791
4888,2849
4888,4888
5581,3016
5581,3190
5581,4347
5581,5280
5581,875
5581,2314
5581,371
5581,1861
5581,898
5581,64
5581,5581
3645,209
3645,403
3645,529
3645,1937
3645,383
3645,2644
3645,5030
3645,2787
3645,4916
3645,3651
3645,5135
3645,1789
3645,2761
3645,3065
3645,425
3645,1082
3645,3528
3645,3267
3645,3645
3645,2962
3645,2876
3645,407
621,456
621,2586
621,1988
621,2664
621,3410
621,3452
621,2747
621,2750
621,1417
621,4097
621,2683
621,3219
621,3244
621,2270
621,67
621,1477
621,4302
621,2662
621,5629
621,3934
621,4873
621,4373
621,3401
621,697
621,1019
621,2513
621,3637
621,1036
621,2094
621,3402
621,1831
621,3387
621,2199
621,418
621,618
621,212
621,4130
621,621
621,1906
5141,4857
5141,1511
5141,4959
5141,2024
5141,1961
5141,4433
5141,3923
5141,2806
5141,1517
5141,1346
5141,1575
5141,5243
5141,1819
5141,1981
5141,3318
5141,113
5141,4361
5141,2568
5141,5263
5141,2844
5141,347
5141,2361
5141,2922
5141,2502
5141,3159
5141,5304
5141,158
5141,4903
5141,4782
5141,1943
5141,1329
5141,181
5141,3340
5141,2732
5141,2801
5141,3450
5141,451
5141,4794
5141,5141
5141,2457
5141,2460
5141,3578
2163,1950
2163,5251
2163,5172
2163,408
2163,3576
2163,3021
2163,3800
2163,2791
2163,3292
2163,5019
2163,101
2163,2103
2163,2163
3953,668
3953,2846
3953,4672
3953,677
3953,2528
3953,1337
3953,4562
3953,1309
3953,4277
3953,3098
3953,3182
3953,4016
3953,2394
3953,1737
3953,5462
3953,3953
3953,4067
3953,1000
541,2245
541,3429
541,4759
541,997
541,2236
541,3804
541,5057
541,18
541,3415
541,320
541,3248
541,3704
541,4013
541,5274
541,4740
541,4615
541,3693
541,1399
541,4394
541,12
541,4258
541,2371
541,1163
541,4451
541,76
541,4859
541,650
541,4256
541,1824
541,488
541,4972
541,541
541,160
541,3743
541,2983
5286,2602
5286,1208
5286,3657
5286,3164
5286,2229
5286,999
5286,5450
5286,1643
5286,469
5286,5404
5286,4507
5286,419
5286,1428
5286,3853
5286,1330
5286,5286
5286,3857
3086,2120
3086,3433
3086,1468
3086,2621
3086,1572
3086,2510
3086,5627
3086,1669
3086,1153
3086,2687
3086,4139
3086,3351
3086,2290
3086,4325
3086,3682
3086,3459
3086,5597
3086,5584
3086,3086
3086,1439
2457,1511
2457,4433
2457,3923
2457,5523
2457,2671
2457,2806
2457,4098
2457,1517
2457,1346
2457,5243
2457,1819
2457,1981
2457,5473
2457,3318
2457,113
2457,4361
2457,2568
2457,5263
2457,2922
2457,1134
2457,2502
2457,3159
2457,5304
2457,4782
2457,1026
2457,1329
2457,181
2457,3340
2457,543
2457,2732
2457,2801
2457,3450
2457,451
2457,4794
2457,5141
2457,2457
2457,2460
2457,3578
2457,3712
2332,1043
2332,1520
2332,380
2332,2988
2332,3211
2332,3504
2332,570
2332,4564
2332,3212
2332,4096
2332,548
2332,4600
2332,2259
2332,3119
2332,3076
2332,1510
2332,1843
2332,2560
2332,2356
2332,3577
2332,1076
2332,1729
2332,3485
2332,4464
2332,694
2332,1431
2332,5297
2332,786
2332,1187
2332,3366
2332,11
2332,4812
2332,1385
2332,1660
2332,2332
2332,5068
2332,3741
4181,396
4181,4505
4181,2268
4181,4663
4181,3738
4181,3543
4181,3224
4181,1394
4181,4316
4181,5500
4181,3354
4181,4899
4181,1358
4181,4181
4181,2851
2526,3290
2526,2618
2526,2147
2526,4852
2526,5548
2526,3780
2526,448
2526,718
2526,1430
2526,3772
2526,3455
2526,4855
2526,5089
2526,2526
5452,1609
5452,4983
5452,5113
5452,2825
5452,167
5452,1876
5452,5452
1061,3083
1061,4676
1061,2220
1061,2646
1061,362
1061,1061
1061,2543
1870,3616
1870,795
1870,382
1870,3496
1870,1192
1870,3854
1870,3308
1870,4646
1870,490
1870,2292
1870,3404
1870,1870
1870,4822
1870,3179
4801,4000
4801,4547
4801,3956
4801,4331
4801,2174
4801,1302
4801,3672
4801,2836
4801,364
4801,4899
4801,352
4801,3920
4801,5346
4801,5011
4801,713
4801,1985
4801,4801
4801,3933
4439,2534
4439,70
4439,165
4439,4853
4439,1202
4439,2954
4439,598
4439,2196
4439,4985
4439,644
4439,4294
4439,3753
4439,4175
4439,395
4439,4439
4112,5364
4112,2239
4112,2464
4112,173
4112,4437
4112,3335
4112,1844
4112,2131
4112,3964
4112,5564
4112,4396
4112,5079
4112,2206
4112,4208
4112,2104
4112,4739
4112,2407
4112,4112
4112,1886
4112,365
4112,281
1172,1500
1172,2554
1172,4860
1172,2773
1172,5397
1172,3931
1172,4803
1172,5186
1172,617
1172,1096
1172,4064
1172,4590
1172,3660
1172,5449
1172,4308
1172,5088
1172,4918
1172,623
1172,1353
1172,5583
1172,127
1172,1453
1172,5392
1172,4613
1172,3067
1172,1442
1172,1978
1172,4354
1172,3621
1172,3192
1172,2486
1172,5402
1172,198
1172,5025
1172,4411
1172,2185
1172,492
1172,5519
1172,2351
1172,3204
1172,2867
1172,496
1172,3838
1172,3349
1172,3447
1172,117
1172,4588
1172,4221
1172,4245
1172,4047
1172,2367
1172,1172
1172,4986
1172,4126
1172,2514
1172,156
2733,1449
2733,356
2733,2608
2733,3186
2733,239
2733,3658
2733,1540
2733,4697
2733,3249
2733,4317
2733,2573
2733,846
2733,302
2733,605
2733,1141
2733,2733
2733,5100
224,3028
224,2726
224,3005
224,2431
224,4544
224,3322
224,1124
224,1298
224,5471
224,2855
224,1217
224,3902
224,2269
224,334
224,923
224,830
224,4893
224,5387
224,5182
224,224
224,4020
224,2317
5042,4934
5042,1944
5042,1173
5042,3808
5042,5154
5042,797
5042,5042
1258,921
1258,3518
1258,5186
1258,5575
1258,617
1258,4064
1258,1361
1258,3265
1258,4590
1258,4308
1258,4918
1258,1353
1258,5583
1258,5009
1258,4613
1258,3067
1258,1442
1258,4651
1258,5118
1258,2210
1258,4819
1258,4946
1258,638
1258,2486
1258,5402
1258,4411
1258,588
1258,4421
1258,3447
1258,1939
1258,2875
1258,3855
1258,4588
1258,4245
1258,2367
1258,1258
1258,1745
1258,1114
1258,2989
5559,5542
5559,5369
5559,2613
5559,144
5559,2762
5559,5069
5559,4592
5559,4872
5559,2739
5559,3932
5559,4522
5559,4401
5559,5073
5559,1315
5559,1991
5559,1222
5559,1854
5559,5340
5559,5559
5559,217
2077,3432
2077,897
2077,1767
2077,3055
2077,4999
2077,1106
2077,2235
2077,5548
2077,3695
2077,690
2077,1193
2077,2643
2077,914
2077,2137
2077,3928
2077,947
2077,1874
2077,2077
2077,983
2077,5047
5417,3370
5417,3736
5417,737
5417,25
5417,3096
5417,131
5417,2313
5417,546
5417,5341
5417,2169
5417,2736
5417,2918
5417,3240
5417,995
5417,5447
5417,1593
5417,5417
5417,52
2588,663
2588,5180
2588,2061
2588,1090
2588,963
2588,5064
2588,1866
2588,4041
2588,1252
2588,5017
2588,5453
2588,2588
2700,2164
2700,5535
2700,5618
2700,2978
2700,910
2700,877
2700,2497
2700,522
2700,2609
2700,4180
2700,891
2700,3171
2700,5334
2700,1692
2700,1603
2700,748
2700,121
2700,4957
2700,3033
2700,4707
2700,2525
2700,3052
2700,1702
2700,1260
2700,3497
2700,4577
2700,4876
2700,1257
2700,4346
2700,1666
2700,2708
2700,2297
2700,2959
2700,2763
2700,3145
2700,3283
2700,1994
2700,5492
2700,1338
2700,894
2700,1873
2700,4776
2700,2373
2700,4383
2700,3272
2700,1804
2700,1032
2700,1714
2700,1403
2700,3291
2700,2858
2700,2700
2700,1089
2700,3395
2700,5326
1425,356
1425,2931
1425,2684
1425,1574
1425,4449
1425,3249
1425,3326
1425,722
1425,4806
1425,2214
1425,3032
1425,4335
1425,1158
1425,2374
1425,1425
1425,2541
3823,4597
3823,4151
3823,486
3823,4083
3823,2907
3823,1093
3823,3508
3823,1010
3823,5423
3823,760
3823,4311
3823,3739
3823,5594
3823,1634
3823,1887
3823,2302
3823,3862
3823,4636
3823,3823
3406,4790
3406,4687
3406,3346
3406,5388
3406,4966
3406,1783
3406,5398
3406,337
3406,4609
3406,4262
3406,1325
3406,3121
3406,5194
3406,2113
3406,4532
3406,749
3406,4442
3406,2178
3406,765
3406,1954
3406,3406
3406,1226
2546,3127
2546,3488
2546,5369
2546,1482
2546,3755
2546,2762
2546,4592
2546,1164
2546,4872
2546,1617
2546,5041
2546,2596
2546,148
2546,4904
2546,4401
2546,5516
2546,1222
2546,2559
2546,5555
2546,134
2546,4171
2546,2546
2546,217
2546,944
978,553
978,1073
978,2423
978,4105
978,2303
978,1641
978,1177
978,1427
978,4261
978,2369
978,978
3126,1334
3126,289
3126,4427
3126,5360
3126,3551
3126,2384
3126,1911
3126,2856
3126,1024
3126,377
3126,3126
3126,1621
4822,3616
4822,1199
4822,1522
4822,4473
4822,3198
4822,1691
4822,5006
4822,3308
4822,248
4822,4646
4822,5438
4822,2998
4822,2652
4822,490
4822,3404
4822,1870
4822,4822
4822,3179
1766,1595
1766,5260
1766,3844
1766,2917
1766,3535
1766,4048
1766,2656
1766,752
1766,1475
1766,738
1766,1766
1766,2059
1766,4172
1766,3133
2015,2426
2015,4313
2015,514
2015,2498
2015,3407
2015,4560
2015,572
2015,5386
2015,3544
2015,3769
2015,3881
2015,4257
2015,4216
2015,4292
2015,3762
2015,3203
2015,346
2015,1613
2015,2015
2015,3233
3252,2354
3252,5168
3252,510
3252,3863
3252,1214
3252,3594
3252,695
3252,2501
3252,851
3252,2329
3252,1774
3252,1218
3252,1968
3252,3252
3850,1224
3850,5540
3850,1157
3850,2804
3850,1255
3850,1771
3850,1064
3850,2932
3850,3778
3850,5475
3850,1409
3850,581
3850,3850
3850,3581
1065,2025
1065,2208
1065,3597
1065,2378
1065,1441
1065,4711
1065,1965
1065,1946
1065,1070
1065,1526
1065,1687
1065,5226
1065,1363
1065,2881
1065,1065
1065,254
5546,1190
5546,900
5546,4734
5546,5599
5546,4856
5546,4685
5546,2193
5546,2214
5546,3400
5546,2420
5546,3032
5546,4335
5546,815
5546,1158
5546,2374
5546,5546
3514,2752
3514,4505
3514,1530
3514,3940
3514,3721
3514,5486
3514,3354
3514,2388
3514,3334
3514,3770
3514,3607
3514,3988
3514,1358
3514,3431
3514,3514
3514,4598
3514,2331
2059,434
2059,5260
2059,3844
2059,1402
2059,5246
2059,2050
2059,1861
2059,3535
2059,779
2059,2656
2059,1475
2059,1858
2059,1766
2059,2059
3706,795
3706,3496
3706,3745
3706,4458
3706,1192
3706,4680
3706,2419
3706,3854
3706,5171
3706,3325
3706,490
3706,3404
3706,1347
3706,3706
3706,3179
160,2245
160,5356
160,3429
160,4267
160,1213
160,18
160,3415
160,320
160,3248
160,3704
160,4013
160,4615
160,1399
160,12
160,2371
160,1163
160,4451
160,4859
160,4156
160,683
160,4256
160,4972
160,541
160,160
160,3743
160,2983
2851,396
2851,4505
2851,2268
2851,4547
2851,4663
2851,3738
2851,3543
2851,3224
2851,1394
2851,2823
2851,4316
2851,5500
2851,4899
2851,713
2851,4181
2851,2851
3012,1851
3012,742
3012,1136
3012,2784
3012,4429
3012,4644
3012,4027
3012,579
3012,4643
3012,4665
3012,2620
3012,4551
3012,2638
3012,3975
3012,613
3012,447
3012,4753
3012,1233
3012,2981
3012,3213
3012,4061
3012,2471
3012,1958
3012,2607
3012,3012
3012,370
3012,2847
2460,1511
2460,4433
2460,3923
2460,5523
2460,2671
2460,2806
2460,2940
2460,4098
2460,1517
2460,1981
2460,5473
2460,3318
2460,727
2460,113
2460,4361
2460,2568
2460,5263
2460,1318
2460,2922
2460,4217
2460,1134
2460,2045
2460,2502
2460,3159
2460,5304
2460,3602
2460,3340
2460,2732
2460,3080
2460,3450
2460,4794
2460,5141
2460,2457
2460,2460
2460,3578
2460,4066
2460,3712
3816,3389
3816,3480
3816,4771
3816,4300
3816,3518
3816,4285
3816,2439
3816,1754
3816,4319
3816,498
3816,3265
3816,3336
3816,4864
3816,4684
3816,1519
3816,5124
3816,1664
3816,4767
3816,2400
3816,2087
3816,1282
3816,2668
3816,3161
3816,1383
3816,342
3816,5118
3816,2210
3816,3385
3816,3184
3816,4946
3816,1949
3816,4533
3816,2693
3816,321
3816,3418
3816,125
3816,1289
3816,5312
3816,3855
3816,4715
3816,3783
3816,4279
3816,3136
3816,4567
3816,5305
3816,3816
3816,2989
2156,2441
2156,4455
2156,4425
2156,350
2156,3944
2156,655
2156,1915
2156,4534
2156,3363
2156,5554
2156,790
2156,3888
2156,3293
2156,262
2156,3476
2156,3840
2156,4141
2156,762
2156,4818
2156,2156
2156,5436
4355,607
4355,1201
4355,4951
4355,3872
4355,2153
4355,1703
4355,3097
4355,864
4355,5173
4355,3381
4355,3814
4355,2495
4355,2953
4355,4869
4355,4342
4355,3173
4355,1905
4355,4355
4355,2215
4848,3238
4848,1208
4848,3657
4848,2071
4848,1215
4848,4730
4848,1643
4848,469
4848,3095
4848,5404
4848,1428
4848,922
4848,4307
4848,3853
4848,1330
4848,3105
4848,5236
4848,4848
1226,4790
1226,508
1226,4966
1226,1783
1226,337
1226,2124
1226,2837
1226,3492
1226,1325
1226,5194
1226,4532
1226,749
1226,2859
1226,4442
1226,646
1226,1954
1226,3406
1226,1226
1226,1875
1226,2704
2084,2933
2084,1516
2084,3099
2084,1231
2084,1041
2084,3622
2084,215
2084,3553
2084,5008
2084,3512
2084,4815
2084,4073
2084,3691
2084,1904
2084,2359
2084,4059
2084,1631
2084,531
2084,3088
2084,2383
2084,5306
2084,4390
2084,5411
2084,349
2084,2724
2084,885
2084,500
2084,2947
2084,2084
2084,3958
2084,5354
983,3432
983,3698
983,1583
983,3055
983,542
983,2235
983,5548
983,5497
983,1193
983,1893
983,4967
983,2643
983,3928
983,947
983,3558
983,4855
983,5089
983,1874
983,2077
983,983
983,1697
4124,626
4124,1304
4124,1269
4124,373
4124,4441
4124,1272
4124,484
4124,475
4124,5614
4124,4063
4124,1021
4124,1440
4124,4877
4124,1588
4124,292
4124,2719
4124,2672
4124,828
4124,1655
4124,4326
4124,1681
4124,2195
4124,194
4124,3710
4124,2223
4124,1916
4124,3907
4124,4785
4124,4124
4124,4666
4124,3839
3578,1511
3578,4959
3578,3474
3578,1961
3578,3923
3578,4756
3578,1517
3578,1346
3578,3331
3578,1819
3578,1981
3578,5473
3578,3318
3578,2593
3578,113
3578,4361
3578,2568
3578,5263
3578,2361
3578,2922
3578,5441
3578,3159
3578,4903
3578,4782
3578,3154
3578,1943
3578,1026
3578,181
3578,3340
3578,543
3578,2732
3578,2801
3578,451
3578,4794
3578,5141
3578,2457
3578,2460
3578,3578
3578,3712
5432,2943
5432,3339
5432,1990
5432,5619
5432,1777
5432,2100
5432,3309
5432,5432
4067,668
4067,2846
4067,2416
4067,4672
4067,3812
4067,3905
4067,4710
4067,711
4067,1337
4067,1309
4067,3954
4067,44
4067,3098
4067,1773
4067,1746
4067,4447
4067,3182
4067,1737
4067,3953
4067,4067
4067,1000
4080,5395
4080,4847
4080,1503
4080,1221
4080,1642
4080,3491
4080,3421
4080,2320
4080,4632
4080,835
4080,2929
4080,977
4080,1794
4080,4080
4080,4339
168,2933
168,3622
168,215
168,5008
168,426
168,3512
168,5112
168,4073
168,3691
168,1904
168,5072
168,609
168,4059
168,3088
168,2383
168,2724
168,500
168,2947
168,19
168,168
168,5354
168,5585
3581,4949
3581,1224
3581,2016
3581,2275
3581,5320
3581,1157
3581,5231
3581,2567
3581,2082
3581,4521
3581,3919
3581,850
3581,2057
3581,3673
3581,3850
3581,3581
3135,2657
3135,1862
3135,2673
3135,4368
3135,619
3135,2258
3135,3282
3135,565
3135,2209
3135,467
3135,3279
3135,2576
3135,5262
3135,193
3135,1755
3135,5538
3135,4481
3135,4975
3135,3135
1886,1294
1886,1212
1886,5364
1886,2239
1886,2464
1886,173
1886,4437
1886,1142
1886,1844
1886,2131
1886,3964
1886,5224
1886,4396
1886,1220
1886,4936
1886,2206
1886,4443
1886,2104
1886,4739
1886,2407
1886,4112
1886,1886
1886,365
1886,281
2215,607
2215,1201
2215,903
2215,1703
2215,3097
2215,864
2215,5173
2215,3696
2215,769
2215,3814
2215,2495
2215,3232
2215,2953
2215,4869
2215,5616
2215,4342
2215,3173
2215,1351
2215,1905
2215,2233
2215,4355
2215,2215
2379,5115
2379,2462
2379,4710
2379,32
2379,1309
2379,44
2379,1457
2379,5383
2379,304
2379,2379
3906,1629
3906,423
3906,4541
3906,540
3906,5217
3906,4798
3906,4835
3906,622
3906,4535
3906,4327
3906,5460
3906,3562
3906,3906
3906,5239
4381,3313
4381,3513
4381,2677
4381,1405
4381,5606
4381,1179
4381,636
4381,5626
4381,3482
4381,1600
4381,5566
4381,3026
4381,157
4381,390
4381,4350
4381,1890
4381,5165
4381,4381
4381,4008
1586,5277
1586,1342
1586,2676
1586,2738
1586,2416
1586,559
1586,4207
1586,2993
1586,1846
1586,1266
1586,2
1586,1678
1586,4074
1586,5593
1586,2966
1586,5155
1586,4248
1586,711
1586,3393
1586,2619
1586,4546
1586,3727
1586,3847
1586,145
1586,1746
1586,1787
1586,204
1586,3058
1586,2280
1586,2956
1586,3685
1586,4309
1586,1586
1586,1924
1586,1885
4604,31
4604,5593
4604,2619
4604,2864
4604,477
4604,4528
4604,145
4604,2228
4604,4604
4066,5523
4066,2671
4066,2940
4066,4098
4066,2218
4066,5473
4066,727
4066,478
4066,1318
4066,4217
4066,1134
4066,2045
4066,3602
4066,1707
4066,2460
4066,4066
4066,4826
1726,987
1726,3124
1726,1445
1726,3215
1726,1474
1726,3985
1726,746
1726,799
1726,1726
839,2616
839,3832
839,5477
839,2772
839,2741
839,721
839,3802
839,1932
839,571
839,4218
839,4553
839,2699
839,21
839,4583
839,497
839,5572
839,839
4723,374
4723,2112
4723,2375
4723,2071
4723,3257
4723,4494
4723,4674
4723,4035
4723,5281
4723,1101
4723,5082
4723,5450
4723,2603
4723,419
4723,5127
4723,1194
4723,102
4723,2301
4723,3378
4723,3118
4723,4472
4723,5595
4723,976
4723,5205
4723,4723
4295,3913
4295,422
4295,3287
4295,3018
4295,2552
4295,5562
4295,1897
4295,2556
4295,5002
4295,3705
4295,3894
4295,4400
4295,4295
4295,865
2786,4406
2786,5426
2786,5013
2786,2174
2786,3842
2786,3672
2786,2836
2786,5011
2786,568
2786,2786
5086,231
5086,130
5086,1074
5086,4467
5086,3605
5086,887
5086,4090
5086,3718
5086,2081
5086,703
5086,5086
5086,264
2543,3083
2543,4676
2543,2646
2543,1990
2543,4132
2543,1786
2543,1061
2543,2543
1277,3100
1277,2006
1277,2799
1277,827
1277,532
1277,5332
1277,3586
1277,577
1277,5399
1277,2291
1277,2031
1277,1509
1277,4554
1277,4599
1277,5043
1277,4133
1277,5056
1277,2404
1277,457
1277,3702
1277,2896
1277,1277
1277,5299
1039,29
1039,2974
1039,856
1039,1495
1039,2920
1039,1940
1039,3304
1039,4128
1039,942
1039,1966
1039,1205
1039,4092
1039,2285
1039,357
1039,4539
1039,5359
1039,1942
1039,120
1039,2547
1039,2330
1039,1039
841,1513
841,2458
841,1237
841,4672
841,677
841,5593
841,2619
841,2406
841,4179
841,145
841,4961
841,1737
841,841
841,589
3328,3303
3328,4805
3328,4333
3328,392
3328,3337
3328,3004
3328,4228
3328,3533
3328,578
3328,5431
3328,5616
3328,3062
3328,530
3328,1706
3328,560
3328,1351
3328,1472
3328,4146
3328,133
3328,3424
3328,1822
3328,3328
2883,2408
2883,5251
2883,1995
2883,5172
2883,3576
2883,3458
2883,2791
2883,2712
2883,38
2883,3629
2883,3537
2883,2484
2883,101
2883,4057
2883,327
2883,2883
2883,564
428,2854
428,166
428,1106
428,404
428,3695
428,2320
428,690
428,4632
428,939
428,4908
428,2328
428,2227
428,2032
428,4244
428,793
428,428
428,2278
1543,2848
1543,2632
1543,3286
1543,5061
1543,5507
1543,4925
1543,431
1543,2887
1543,4973
1543,833
1543,2895
1543,1378
1543,3892
1543,4778
1543,2463
1543,269
1543,3330
1543,4709
1543,5344
1543,2254
1543,1543
1543,1918
3632,3389
3632,3480
3632,3019
3632,1816
3632,4692
3632,1551
3632,2960
3632,28
3632,1754
3632,5319
3632,2076
3632,1301
3632,4233
3632,4864
3632,4684
3632,1519
3632,3510
3632,1115
3632,5259
3632,5124
3632,1664
3632,5631
3632,4767
3632,3438
3632,2400
3632,2087
3632,4638
3632,2668
3632,1481
3632,169
3632,342
3632,5105
3632,1650
3632,1823
3632,458
3632,2767
3632,1002
3632,1949
3632,273
3632,5489
3632,5570
3632,4533
3632,191
3632,319
3632,125
3632,5312
3632,1411
3632,5571
3632,3050
3632,2146
3632,3783
3632,5318
3632,4279
3632,3281
3632,3136
3632,4567
3632,1791
3632,2792
3632,3632
3632,2756
323,3352
323,1921
323,1395
323,397
323,4231
323,3895
323,2506
323,413
323,4603
323,4887
323,2822
323,5102
323,3890
323,4290
323,4167
323,3927
323,3502
323,378
323,2197
323,723
323,1366
323,323
2345,2511
2345,1284
2345,5619
2345,2100
2345,299
2345,2345
3958,1516
3958,3099
3958,1231
3958,1041
3958,3622
3958,215
3958,3553
3958,4815
3958,5220
3958,4073
3958,3691
3958,1680
3958,4059
3958,1631
3958,1489
3958,5306
3958,3010
3958,4390
3958,349
3958,2724
3958,500
3958,2947
3958,2443
3958,2044
3958,2084
3958,3958
3958,5354
4826,5523
4826,2940
4826,1649
4826,2218
4826,478
4826,5136
4826,2045
4826,4616
4826,3602
4826,1755
4826,1707
4826,4066
4826,4826
1951,3099
1951,1041
1951,3116
1951,3622
1951,215
1951,4511
1951,426
1951,4815
1951,4073
1951,1680
1951,3034
1951,2383
1951,2127
1951,5306
1951,349
1951,2724
1951,5421
1951,1951
3053,3041
3053,2216
3053,1025
3053,1743
3053,4500
3053,2545
3053,1380
3053,1334
3053,5040
3053,3841
3053,2536
3053,4030
3053,3551
3053,1911
3053,2306
3053,1024
3053,377
3053,5293
3053,2834
3053,2450
3053,5139
3053,4868
3053,5055
3053,1571
3053,1661
3053,5185
3053,3053
2151,1145
2151,3348
2151,716
2151,5320
2151,671
2151,5600
2151,5231
2151,4913
2151,4398
2151,411
2151,5255
2151,805
2151,4978
2151,2630
2151,3649
2151,3542
2151,3627
2151,2888
2151,3413
2151,4336
2151,2151
2151,3797
2151,4650
589,1513
589,2738
589,2458
589,1237
589,4672
589,5593
589,2619
589,2406
589,4179
589,145
589,1737
589,841
589,589
5047,1767
5047,4999
5047,1106
5047,2235
5047,404
5047,3695
5047,690
5047,914
5047,2137
5047,3878
5047,2227
5047,2077
5047,5047
5047,2278
1924,5277
1924,1342
1924,668
1924,2676
1924,2738
1924,2416
1924,3812
1924,5283
1924,2993
1924,1846
1924,187
1924,3613
1924,1678
1924,4074
1924,5091
1924,2966
1924,4248
1924,711
1924,57
1924,3393
1924,3727
1924,3847
1924,2817
1924,1773
1924,1746
1924,1787
1924,204
1924,4447
1924,2956
1924,4309
1924,1737
1924,3229
1924,3347
1924,1586
1924,1924
3166,5540
3166,4578
3166,4110
3166,4733
3166,1771
3166,413
3166,3601
3166,2723
3166,1064
3166,4456
3166,2932
3166,1967
3166,5102
3166,480
3166,902
3166,4422
3166,378
3166,723
3166,1409
3166,1366
3166,581
3166,3166
365,5364
365,1379
365,173
365,4437
365,3335
365,1844
365,2131
365,5564
365,4396
365,5079
365,1291
365,2206
365,4208
365,4112
365,1886
365,365
1829,3138
1829,2080
1829,4513
1829,4900
1829,1357
1829,563
1829,4349
1829,4334
1829,5609
1829,1686
1829,1850
1829,4353
1829,5414
1829,4191
1829,5164
1829,2202
1829,3297
1829,257
1829,1829
1829,937
1980,2754
1980,2583
1980,2667
1980,692
1980,1972
1980,1393
1980,700
1980,1028
1980,1935
1980,1959
1980,2355
1980,2152
1980,48
1980,5000
1980,1078
1980,1312
1980,277
1980,1980
1980,4082
865,1816
865,1204
865,5391
865,3287
865,2076
865,1301
865,3510
865,3018
865,5259
865,5631
865,3438
865,1998
865,1897
865,4638
865,4714
865,1013
865,5219
865,1927
865,2556
865,1547
865,1720
865,5105
865,458
865,5002
865,5498
865,5570
865,15
865,319
865,3665
865,5312
865,524
865,2380
865,3050
865,3600
865,2146
865,4400
865,5318
865,1791
865,2792
865,4295
865,865
865,2027
4627,456
4627,247
4627,1923
4627,3100
4627,2586
4627,2446
4627,470
4627,4492
4627,2391
4627,5557
4627,1739
4627,5399
4627,2843
4627,2291
4627,2990
4627,5551
4627,3250
4627,2270
4627,2470
4627,4302
4627,2165
4627,348
4627,2662
4627,5629
4627,4910
4627,4373
4627,295
4627,3637
4627,5515
4627,932
4627,5043
4627,4133
4627,5056
4627,1014
4627,725
4627,618
4627,5315
4627,4627
4627,1576
4225,3926
4225,1693
4225,1198
4225,5252
4225,2946
4225,2968
4225,3301
4225,2951
4225,572
4225,5386
4225,4926
4225,1914
4225,3155
4225,3762
4225,3203
4225,346
4225,1824
4225,1068
4225,4225
4225,3233
4225,5534
1756,897
1756,1767
1756,4878
1756,4001
1756,1932
1756,2492
1756,1908
1756,4218
1756,914
1756,1264
1756,3878
1756,1756
5239,4541
5239,540
5239,5217
5239,4835
5239,622
5239,4535
5239,5291
5239,2421
5239,5460
5239,3562
5239,3906
5239,5239
3556,2848
3556,4639
3556,2313
3556,2140
3556,3230
3556,4778
3556,162
3556,269
3556,3330
3556,4487
3556,2918
3556,995
3556,6
3556,1454
3556,3555
3556,3556
3933,4000
3933,5373
3933,4331
3933,2174
3933,1302
3933,3672
3933,2836
3933,364
3933,352
3933,3920
3933,5346
3933,5011
3933,713
3933,1985
3933,4801
3933,3933
4986,4803
4986,5186
4986,617
4986,4064
4986,1361
4986,918
4986,4590
4986,2913
4986,4918
4986,1353
4986,4690
4986,3519
4986,5583
4986,127
4986,1453
4986,5392
4986,4613
4986,3067
4986,1442
4986,4651
4986,638
4986,2486
4986,4411
4986,588
4986,492
4986,3204
4986,496
4986,3838
4986,3349
4986,3447
4986,666
4986,1939
4986,3251
4986,3801
4986,4588
4986,4221
4986,4245
4986,1172
4986,4986
4986,3040
4986,1745
4986,2514
4986,156
2737,1088
2737,3324
2737,731
2737,1654
2737,4039
2737,2691
2737,941
2737,1108
2737,54
2737,3871
2737,5202
2737,1426
2737,2599
2737,744
2737,1149
2737,3589
2737,2737
2737,2136
254,2208
254,5437
254,1865
254,1441
254,2716
254,5375
254,1404
254,3231
254,2488
254,1070
254,4647
254,2660
254,1687
254,4808
254,2881
254,1065
254,254
2305,3172
2305,874
2305,5037
2305,4482
2305,4293
2305,3129
2305,4980
2305,223
2305,2614
2305,4664
2305,2449
2305,4924
2305,4768
2305,4069
2305,60
2305,5442
2305,2047
2305,1056
2305,1238
2305,1534
2305,2665
2305,868
2305,2305
2305,3785
1621,658
1621,3610
1621,289
1621,4427
1621,5360
1621,3551
1621,2384
1621,2856
1621,3126
1621,1621
3399,3957
3399,1075
3399,4517
3399,249
3399,2096
3399,1899
3399,5198
3399,1704
3399,5385
3399,2085
3399,1719
3399,3681
3399,3332
3399,4270
3399,1448
3399,4029
3399,1847
3399,4718
3399,1623
3399,847
3399,333
3399,4749
3399,3399
3743,5611
3743,2245
3743,5356
3743,4267
3743,1213
3743,2399
3743,18
3743,3415
3743,3704
3743,4013
3743,32
3743,2186
3743,326
3743,1399
3743,5023
3743,2371
3743,4451
3743,2088
3743,4859
3743,4156
3743,683
3743,5383
3743,4256
3743,304
3743,4972
3743,541
3743,160
3743,3743
3743,2983
3701,3172
3701,2262
3701,5037
3701,4482
3701,2266
3701,526
3701,4980
3701,596
3701,4356
3701,1326
3701,223
3701,4894
3701,2812
3701,2614
3701,2449
3701,60
3701,5442
3701,3611
3701,1238
3701,2665
3701,429
3701,4556
3701,3701
3701,2327
3701,3360
3701,3785
2728,1171
2728,4575
2728,2433
2728,3937
2728,2927
2728,2728
2728,1930
3978,265
3978,5077
3978,4205
3978,4458
3978,363
3978,2246
3978,3296
3978,2212
3978,2260
3978,5607
3978,2158
3978,3024
3978,2128
3978,3325
3978,4952
3978,3205
3978,5511
3978,3392
3978,4884
3978,3978
3978,4418
3978,4170
87,68
87,597
87,2335
87,2468
87,747
87,3321
87,4094
87,1244
87,87
2144,2670
2144,1091
2144,3924
2144,3960
2144,3183
2144,4689
2144,2765
2144,1733
2144,3359
2144,2424
2144,840
2144,4312
2144,4286
2144,5152
2144,2026
2144,2144
5068,1520
5068,2988
5068,4002
5068,3211
5068,612
5068,2157
5068,4564
5068,2818
5068,3212
5068,4096
5068,548
5068,4600
5068,2259
5068,3119
5068,3076
5068,1510
5068,1843
5068,509
5068,2560
5068,2356
5068,3577
5068,955
5068,4464
5068,1431
5068,5297
5068,454
5068,2300
5068,786
5068,11
5068,1385
5068,1660
5068,2332
5068,5068
5068,3741
1697,3432
1697,3698
1697,1583
1697,4438
1697,542
1697,1016
1697,5497
1697,1193
1697,1893
1697,4967
1697,2643
1697,3928
1697,947
1697,3558
1697,4855
1697,1874
1697,983
1697,1697
2309,2164
2309,3500
2309,385
2309,247
2309,2978
2309,5565
2309,1923
2309,877
2309,2497
2309,2609
2309,891
2309,2446
2309,470
2309,2391
2309,1692
2309,5308
2309,3052
2309,3708
2309,2470
2309,3497
2309,348
2309,4346
2309,4910
2309,2297
2309,1176
2309,2959
2309,5227
2309,5515
2309,1014
2309,1873
2309,4776
2309,2373
2309,725
2309,1032
2309,3291
2309,5315
2309,2309
2309,1089
2309,1576
2309,74
2309,3395
5176,2262
5176,5405
5176,3066
5176,927
5176,3225
5176,5176
5176,2117
5176,1751
1103,907
1103,112
1103,518
1103,1693
1103,4834
1103,3614
1103,2916
1103,5252
1103,3301
1103,3999
1103,3659
1103,1316
1103,2065
1103,2857
1103,4241
1103,5257
1103,2397
1103,3916
1103,1103
1103,705
1103,5534
2949,1263
2949,2020
2949,4281
2949,1004
2949,4901
2949,3664
2949,1533
2949,4140
2949,5434
2949,5146
2949,884
2949,2949
2949,782
5436,2441
5436,1151
5436,4455
5436,4425
5436,350
5436,2038
5436,655
5436,1915
5436,4534
5436,5206
5436,3363
5436,5554
5436,790
5436,3888
5436,226
5436,4743
5436,262
5436,5323
5436,1305
5436,1281
5436,3476
5436,4141
5436,762
5436,547
5436,4818
5436,2156
5436,5436
611,35
611,1535
611,3245
611,3314
611,1084
611,4321
611,314
611,3259
611,4376
611,2248
611,4742
611,2203
611,4635
611,2663
611,1699
611,611
3857,2602
3857,1297
3857,3164
3857,427
3857,2229
3857,676
3857,999
3857,5450
3857,3643
3857,1428
3857,5355
3857,2472
3857,3853
3857,5595
3857,4214
3857,5286
3857,3857
3857,5166
3857,2780
2903,2062
2903,4959
2903,5396
2903,5211
2903,4756
2903,3331
2903,5270
2903,2906
2903,4176
2903,2593
2903,5441
2903,4182
2903,3961
2903,3256
2903,376
2903,3154
2903,2377
2903,1891
2903,4428
2903,3298
2903,2903
2903,5589
2327,2266
2327,596
2327,4356
2327,359
2327,1326
2327,4894
2327,2812
2327,4912
2327,3611
2327,240
2327,2411
2327,2641
2327,429
2327,4556
2327,3701
2327,2327
2327,2902
2327,3360
2491,1694
2491,4402
2491,2336
2491,4679
2491,1997
2491,1638
2491,3572
2491,5130
2491,4701
2491,4229
2491,2491
1742,25
1742,92
1742,5061
1742,3245
1742,2313
1742,4493
1742,5341
1742,2895
1742,1378
1742,2169
1742,969
1742,2463
1742,2736
1742,269
1742,3330
1742,995
1742,5447
1742,1027
1742,1742
52,3370
52,3736
52,737
52,3096
52,2313
52,546
52,3230
52,2909
52,4487
52,2918
52,3240
52,5447
52,1593
52,3555
52,5417
52,52
5541,2211
5541,4495
5541,5591
5541,2938
5541,1311
5541,2037
5541,1555
5541,4197
5541,3416
5541,3631
5541,2970
5541,1427
5541,3045
5541,5467
5541,3938
5541,324
5541,5541
5541,3423
2278,2854
2278,166
2278,4999
2278,1106
2278,404
2278,3695
2278,690
2278,939
2278,4908
2278,2137
2278,3878
2278,2227
2278,2032
2278,4244
2278,793
2278,428
2278,5047
2278,2278
1089,2164
1089,5535
1089,3500
1089,5618
1089,247
1089,2978
1089,5565
1089,877
1089,2497
1089,522
1089,2609
1089,4180
1089,891
1089,3171
1089,5334
1089,1692
1089,308
1089,1603
1089,748
1089,121
1089,4707
1089,2525
1089,5308
1089,3052
1089,1702
1089,1260
1089,2470
1089,1262
1089,3497
1089,4577
1089,4876
1089,1257
1089,4346
1089,1666
1089,2708
1089,2297
1089,2959
1089,2763
1089,3145
1089,5227
1089,5492
1089,894
1089,1873
1089,4776
1089,2373
1089,4383
1089,3272
1089,1804
1089,1032
1089,1403
1089,3291
1089,2858
1089,2700
1089,2309
1089,1089
1089,3395
5100,2608
5100,3186
5100,239
5100,3658
5100,2681
5100,1540
5100,2573
5100,846
5100,302
5100,2535
5100,1141
5100,2733
5100,5100
2975,511
2975,2563
2975,485
2975,5502
2975,1839
2975,5612
2975,476
2975,952
2975,4351
2975,4195
2975,2570
2975,4832
2975,438
2975,4362
2975,2975
1918,1294
1918,3454
1918,3286
1918,1986
1918,5061
1918,2530
1918,4925
1918,431
1918,4203
1918,4973
1918,833
1918,2895
1918,2092
1918,1378
1918,3892
1918,2281
1918,2463
1918,1027
1918,1543
1918,1918
3179,1522
3179,3745
3179,1192
3179,1691
3179,3466
3179,3854
3179,3308
3179,4646
3179,5438
3179,2998
3179,490
3179,3404
3179,4461
3179,1870
3179,4822
3179,3706
3179,3179
3873,1043
3873,624
3873,5319
3873,208
3873,1269
3873,3439
3873,2925
3873,2201
3873,5568
3873,4850
3873,1481
3873,2861
3873,5526
3873,169
3873,5379
3873,1823
3873,928
3873,5310
3873,1002
3873,1121
3873,191
3873,5149
3873,1744
3873,1411
3873,5317
3873,4426
3873,1960
3873,3873
3873,2756
1906,456
1906,2885
1906,1988
1906,2664
1906,3410
1906,3452
1906,5557
1906,2747
1906,1860
1906,2750
1906,1417
1906,4097
1906,3219
1906,3244
1906,2270
1906,67
1906,1477
1906,4302
1906,5629
1906,3934
1906,4873
1906,3401
1906,697
1906,770
1906,1413
1906,1019
1906,2513
1906,3637
1906,1036
1906,2094
1906,3402
1906,3387
1906,2199
1906,336
1906,418
1906,618
1906,212
1906,4130
1906,5362
1906,3448
1906,621
1906,1906
1906,1415
1906,2058
1906,5307
2520,5621
2520,4318
2520,5643
2520,4525
2520,2750
2520,3144
2520,4939
2520,2977
2520,2869
2520,2349
2520,4491
2520,953
2520,2622
2520,1941
2520,220
2520,2941
2520,430
2520,5362
2520,1741
2520,2520
2520,2072
2520,2058
4367,2809
4367,2521
4367,2824
4367,4323
4367,3676
4367,3835
4367,2148
4367,4947
4367,2010
4367,4108
4367,1105
4367,4367
4367,1038
4020,3028
4020,2726
4020,2008
4020,3005
4020,2431
4020,4544
4020,3322
4020,1124
4020,1298
4020,2855
4020,1217
4020,2269
4020,334
4020,830
4020,4893
4020,5387
4020,224
4020,4020
5264,4811
5264,820
5264,5121
5264,1913
5264,974
5264,3436
5264,1180
5264,4071
5264,3774
5264,3781
5264,2339
5264,2095
5264,3034
5264,3967
5264,1423
5264,1459
5264,2815
5264,1343
5264,800
5264,2051
5264,5465
5264,5264
5264,2582
5264,1809
150,681
150,1832
150,1150
150,1001
150,150
150,2893
2582,5121
2582,3277
2582,974
2582,3628
2582,1180
2582,4071
2582,69
2582,2339
2582,3967
2582,1423
2582,1459
2582,800
2582,1077
2582,2051
2582,3143
2582,111
2582,5465
2582,5264
2582,2582
2756,3389
2756,3480
2756,1816
2756,4300
2756,4692
2756,1551
2756,2960
2756,624
2756,28
2756,1754
2756,5319
2756,208
2756,4233
2756,4684
2756,1519
2756,1115
2756,5124
2756,1664
2756,2925
2756,4767
2756,3438
2756,2400
2756,4850
2756,2668
2756,1481
2756,5526
2756,169
2756,342
2756,1650
2756,1823
2756,2767
2756,1002
2756,1121
2756,1949
2756,273
2756,5489
2756,4533
2756,191
2756,125
2756,1411
2756,5317
2756,5571
2756,3050
2756,2146
2756,3783
2756,4279
2756,1960
2756,3281
2756,4567
2756,3632
2756,3873
2756,2756
5409,4827
5409,3129
5409,1653
5409,5458
5409,4757
5409,73
5409,4768
5409,1871
5409,2200
5409,3365
5409,1299
5409,4701
5409,1592
5409,5409
5409,1188
3604,5098
3604,929
3604,4814
3604,2279
3604,2681
3604,1815
3604,2109
3604,2948
3604,2661
3604,2294
3604,2580
3604,3093
3604,857
3604,4580
3604,1894
3604,318
3604,2535
3604,1364
3604,3604
3604,3101
3636,3810
3636,5368
3636,4679
3636,1099
3636,2871
3636,282
3636,5574
3636,5017
3636,4229
3636,3636
275,3451
275,1933
275,3803
275,2475
275,3728
275,2650
275,4971
275,275
275,5140
275,4758
1748,1449
1748,2743
1748,2238
1748,104
1748,2118
1748,5213
1748,3236
1748,1432
1748,4317
1748,912
1748,1
1748,1360
1748,2927
1748,1748
1748,1930
1532,5169
1532,263
1532,1464
1532,1956
1532,3247
1532,2872
1532,1577
1532,2376
1532,882
1532,2176
1532,1333
1532,2610
1532,3575
1532,5109
1532,1490
1532,1196
1532,701
1532,290
1532,5494
1532,738
1532,1216
1532,2261
1532,5400
1532,5345
1532,1532
1532,4172
5108,529
5108,5229
5108,2633
5108,4982
5108,2644
5108,3651
5108,3625
5108,5135
5108,2365
5108,425
5108,1082
5108,5054
5108,5108
5108,2876
3374,1784
3374,4762
3374,601
3374,2423
3374,4920
3374,59
3374,2992
3374,4653
3374,4497
3374,2829
3374,1800
3374,3374
1809,4811
1809,1041
1809,3116
1809,820
1809,5121
1809,4511
1809,1913
1809,3781
1809,1680
1809,2095
1809,3034
1809,1423
1809,2127
1809,2815
1809,1343
1809,2051
1809,5421
1809,5465
1809,5264
1809,1809
2962,209
2962,403
2962,529
2962,1937
2962,383
2962,2644
2962,5030
2962,2787
2962,4916
2962,3651
2962,5135
2962,2761
2962,3065
2962,425
2962,1082
2962,3528
2962,3267
2962,3645
2962,2962
2962,2876
2962,407
2876,403
2876,529
2876,383
2876,4982
2876,2644
2876,729
2876,5030
2876,2787
2876,4163
2876,3651
2876,3625
2876,5135
2876,2761
2876,425
2876,1082
2876,3528
2876,3267
2876,5054
2876,3645
2876,5108
2876,2962
2876,2876
545,5406
545,1677
545,3732
545,5147
545,3022
545,1848
545,2721
545,4435
545,4809
545,1486
545,1275
545,4366
545,4713
545,368
545,2707
545,5510
545,2287
545,2647
545,2166
545,1494
545,2033
545,2312
545,5117
545,4543
545,1435
545,4791
545,2849
545,545
1000,668
1000,2846
1000,2416
1000,4672
1000,3812
1000,677
1000,3905
1000,4710
1000,711
1000,1337
1000,1309
1000,3954
1000,44
1000,3098
1000,1746
1000,4447
1000,3182
1000,1737
1000,5462
1000,3953
1000,4067
1000,1000
1188,4827
1188,4293
1188,3129
1188,1653
1188,5458
1188,223
1188,4757
1188,73
1188,4768
1188,4069
1188,1871
1188,2200
1188,1534
1188,1592
1188,868
1188,5409
1188,1188
4202,4630
4202,1314
4202,1417
4202,2683
4202,67
4202,1479
4202,538
4202,3323
4202,1831
4202,4970
4202,3861
4202,1945
4202,5113
4202,212
4202,139
4202,1270
4202,4202
4202,89
1242,4231
1242,3895
1242,1674
1242,1128
1242,4603
1242,1401
1242,2219
1242,5210
1242,86
1242,3890
1242,3929
1242,3502
1242,2197
1242,1242
564,5251
564,1432
564,3576
564,3141
564,3458
564,2712
564,38
564,3629
564,3537
564,101
564,4057
564,605
564,327
564,2680
564,2883
564,564
2168,3066
2168,5276
2168,5193
2168,3914
2168,1671
2168,3973
2168,2168
1738,4949
1738,2016
1738,2275
1738,2602
1738,587
1738,676
1738,999
1738,2567
1738,3643
1738,155
1738,2472
1738,3673
1738,398
1738,1738
1738,2780
3797,1145
3797,4232
3797,3348
3797,716
3797,1679
3797,5320
3797,671
3797,5600
3797,5231
3797,4913
3797,4398
3797,2082
3797,411
3797,5255
3797,805
3797,2630
3797,850
3797,3649
3797,3542
3797,3627
3797,2888
3797,3413
3797,4336
3797,2151
3797,3797
3797,4650
3040,1718
3040,4803
3040,1324
3040,3226
3040,2335
3040,2913
3040,3660
3040,1353
3040,4690
3040,3519
3040,561
3040,127
3040,2468
3040,5215
3040,496
3040,3838
3040,4620
3040,3251
3040,2334
3040,3801
3040,4221
3040,4986
3040,3040
3040,4126
3423,2938
3423,1311
3423,4656
3423,4197
3423,3416
3423,3631
3423,3045
3423,5467
3423,3938
3423,324
3423,5541
3423,3423
4761,2805
4761,39
4761,213
4761,4991
4761,2971
4761,1963
4761,85
4761,2569
4761,1658
4761,4287
4761,576
4761,4249
4761,4388
4761,1003
4761,110
4761,4732
4761,3714
4761,3006
4761,3959
4761,5
4761,4761
4761,1589
3233,3926
3233,2236
3233,1198
3233,3693
3233,2946
3233,2951
3233,572
3233,5386
3233,4926
3233,2232
3233,1914
3233,4257
3233,3203
3233,346
3233,1824
3233,1068
3233,2015
3233,4225
3233,3233
407,209
407,403
407,529
407,5401
407,1937
407,383
407,5030
407,2787
407,4916
407,2761
407,3065
407,1082
407,3528
407,2101
407,3645
407,2962
407,407
2027,2368
2027,1204
2027,5391
2027,3018
2027,2552
2027,4714
2027,5219
2027,1927
2027,3897
2027,524
2027,865
2027,2027
1875,508
1875,337
1875,2124
1875,2837
1875,3492
1875,1325
1875,5194
1875,4532
1875,2859
1875,4442
1875,646
1875,1954
1875,1226
1875,1875
1875,2704
1712,2480
1712,1512
1712,2706
1712,514
1712,5097
1712,971
1712,3769
1712,4958
1712,4634
1712,4503
1712,1457
1712,3757
1712,1613
1712,842
1712,1712
4082,2754
4082,143
4082,2583
4082,2667
4082,692
4082,1972
4082,1393
4082,1028
4082,1935
4082,1959
4082,2355
4082,2152
4082,5000
4082,1078
4082,1675
4082,277
4082,1980
4082,4082
1539,1971
1539,4232
1539,452
1539,1679
1539,671
1539,3294
1539,4476
1539,1452
1539,1826
1539,2804
1539,4536
1539,1255
1539,771
1539,5216
1539,3441
1539,4137
1539,3778
1539,79
1539,4336
1539,5475
1539,4531
1539,1539
1539,3148
3209,1181
3209,1581
3209,3239
3209,51
3209,5419
3209,2901
3209,4656
3209,2701
3209,3938
3209,324
3209,4129
3209,3209
782,1263
782,2020
782,559
782,4207
782,4901
782,4424
782,1266
782,2
782,460
782,1812
782,5155
782,4060
782,4140
782,3847
782,2286
782,3223
782,5567
782,1168
782,2395
782,3058
782,2949
782,782
782,1885
1930,2743
1930,2118
1930,4566
1930,5213
1930,2433
1930,1360
1930,2927
1930,2728
1930,1748
1930,1930
4598,1530
4598,3940
4598,595
4598,866
4598,5506
4598,5486
4598,3354
4598,4792
4598,2562
4598,2388
4598,3334
4598,493
4598,3607
4598,3988
4598,3514
4598,4598
4598,930
1745,1612
1745,1500
1745,2350
1745,3518
1745,4803
1745,5186
1745,5575
1745,617
1745,4064
1745,1361
1745,4590
1745,2913
1745,4308
1745,4918
1745,1353
1745,5583
1745,5009
1745,1453
1745,5392
1745,4613
1745,3067
1745,1442
1745,4651
1745,5118
1745,2210
1745,4819
1745,638
1745,2486
1745,5402
1745,4411
1745,588
1745,492
1745,4421
1745,3447
1745,1939
1745,3855
1745,4588
1745,4245
1745,2367
1745,1258
1745,4986
1745,1745
3042,29
3042,856
3042,2760
3042,2920
3042,4357
3042,1966
3042,5271
3042,3334
3042,5311
3042,493
3042,3770
3042,1098
3042,4118
3042,4906
3042,2547
3042,2330
3042,1810
3042,3042
264,231
264,1074
264,4467
264,989
264,2081
264,829
264,703
264,5086
264,264
4418,4508
4418,265
4418,5077
4418,1524
4418,4205
4418,363
4418,4090
4418,2246
4418,4466
4418,2212
4418,2260
4418,5607
4418,4885
4418,2128
4418,4890
4418,3205
4418,3392
4418,829
4418,3978
4418,4418
4418,4170
219,2581
219,904
219,4589
219,702
219,4703
219,5524
219,5528
219,3104
219,3181
219,4348
219,4673
219,2311
219,4828
219,3678
219,4006
219,219
4666,5272
4666,626
4666,2904
4666,1304
4666,1269
4666,4441
4666,1272
4666,484
4666,475
4666,5614
4666,4063
4666,1021
4666,1440
4666,4877
4666,1588
4666,292
4666,2719
4666,828
4666,4326
4666,2195
4666,1747
4666,5317
4666,3710
4666,2223
4666,4657
4666,1916
4666,3907
4666,4785
4666,4124
4666,4666
4666,3839
5299,2006
5299,827
5299,532
5299,3586
5299,577
5299,5399
5299,2291
5299,2031
5299,1509
5299,4554
5299,4599
5299,2404
5299,235
5299,457
5299,3702
5299,2896
5299,1277
5299,5299
5299,1133
3712,1511
3712,3474
3712,5523
3712,4756
3712,5244
3712,316
3712,1819
3712,1981
3712,5473
3712,113
3712,4361
3712,2568
3712,5263
3712,2922
3712,5441
3712,1026
3712,2064
3712,543
3712,1355
3712,4794
3712,2457
3712,2460
3712,3578
3712,3712
5065,2035
5065,990
5065,4231
5065,4110
5065,1674
5065,4733
5065,301
5065,2469
5065,413
5065,4603
5065,4616
5065,5210
5065,86
5065,3502
5065,5065
2751,161
2751,1241
2751,2604
2751,3989
2751,2106
2751,3305
2751,5517
2751,3114
2751,674
2751,1759
2751,2874
2751,2751
2751,1033
3939,317
3939,1562
3939,4483
3939,2819
3939,5242
3939,4038
3939,1261
3939,5371
3939,750
3939,1239
3939,3939
3741,1520
3741,2988
3741,4046
3741,3504
3741,570
3741,4564
3741,3212
3741,4096
3741,548
3741,4600
3741,2259
3741,3131
3741,3119
3741,3076
3741,1510
3741,1843
3741,1525
3741,509
3741,2560
3741,5463
3741,3577
3741,1729
3741,4464
3741,694
3741,1431
3741,4127
3741,5297
3741,786
3741,11
3741,1660
3741,2332
3741,5068
3741,3741
3839,2904
3839,1304
3839,1269
3839,373
3839,1272
3839,484
3839,1481
3839,475
3839,5614
3839,4063
3839,1021
3839,1440
3839,4877
3839,1588
3839,292
3839,191
3839,2719
3839,2672
3839,828
3839,4326
3839,194
3839,1747
3839,5317
3839,3710
3839,1960
3839,2223
3839,1916
3839,3907
3839,4785
3839,4124
3839,4666
3839,3839
2820,441
2820,880
2820,948
2820,1274
2820,4104
2820,908
2820,764
2820,2820
217,5415
217,5542
217,5369
217,3755
217,144
217,2762
217,1081
217,4592
217,4872
217,3932
217,4522
217,4401
217,1315
217,1991
217,1222
217,2559
217,5340
217,5559
217,2546
217,217
4075,4897
4075,2150
4075,3539
4075,4993
4075,3417
4075,4364
4075,5209
4075,3860
4075,4075
4126,1718
4126,2554
4126,2773
4126,5397
4126,3931
4126,4803
4126,1324
4126,3660
4126,623
4126,3519
4126,561
4126,127
4126,2468
4126,1453
4126,1978
4126,4354
4126,3192
4126,747
4126,2185
4126,492
4126,2351
4126,3204
4126,496
4126,3838
4126,3349
4126,3321
4126,4221
4126,4245
4126,4047
4126,1172
4126,3040
4126,4126
4126,2514
4126,156
3885,3828
3885,328
3885,2674
3885,4775
3885,3768
3885,4824
3885,4998
3885,1884
3885,2944
3885,2473
3885,3111
3885,2029
3885,3606
3885,2048
3885,1107
3885,2437
3885,682
3885,4462
3885,3885
3885,4012
3885,1514
1576,3500
1576,247
1576,5565
1576,1923
1576,3100
1576,2586
1576,2446
1576,470
1576,4492
1576,2391
1576,1739
1576,5399
1576,2843
1576,2291
1576,2990
1576,3250
1576,2270
1576,2470
1576,4302
1576,2165
1576,348
1576,2662
1576,4910
1576,295
1576,3637
1576,5515
1576,932
1576,5043
1576,4133
1576,5056
1576,1014
1576,725
1576,5315
1576,4627
1576,2309
1576,1576
1993,1612
1993,2350
1993,4285
1993,2439
1993,3137
1993,2076
1993,498
1993,1301
1993,3336
1993,238
1993,2155
1993,2004
1993,4864
1993,5631
1993,1656
1993,1998
1993,2087
1993,2556
1993,1547
1993,2210
1993,1720
1993,3385
1993,3184
1993,4946
1993,458
1993,3056
1993,5498
1993,15
1993,2693
1993,321
1993,3418
1993,125
1993,3665
1993,1289
1993,5312
1993,2380
1993,3600
1993,4715
1993,2175
1993,4400
1993,5470
1993,3136
1993,1993
2514,1500
2514,2554
2514,4860
2514,2773
2514,5397
2514,3931
2514,4803
2514,1324
2514,2655
2514,617
2514,1096
2514,4064
2514,3660
2514,5449
2514,4308
2514,5088
2514,4918
2514,623
2514,1353
2514,5583
2514,127
2514,1453
2514,5392
2514,4613
2514,3067
2514,1442
2514,1978
2514,4354
2514,3621
2514,3192
2514,2486
2514,5402
2514,198
2514,5025
2514,4411
2514,2185
2514,492
2514,5519
2514,2351
2514,3204
2514,2867
2514,496
2514,3838
2514,3349
2514,3447
2514,117
2514,4588
2514,4221
2514,4245
2514,4047
2514,2367
2514,1172
2514,4986
2514,4126
2514,2514
2514,156
2910,5490
2910,4944
2910,4610
2910,2264
2910,476
2910,3547
2910,3199
2910,3227
2910,2745
2910,4192
2910,2078
2910,3122
2910,5269
2910,2910
5354,2933
5354,1516
5354,3099
5354,3622
5354,215
5354,3553
5354,5008
5354,3512
5354,4073
5354,3691
5354,1904
5354,5072
5354,609
5354,739
5354,4059
5354,3088
5354,2383
5354,4390
5354,5411
5354,2724
5354,500
5354,2947
5354,19
5354,2084
5354,168
5354,3958
5354,5354
5354,5585
1415,456
1415,4318
1415,5643
1415,3410
1415,3452
1415,5557
1415,1860
1415,2750
1415,4097
1415,3219
1415,660
1415,3144
1415,4939
1415,1477
1415,2349
1415,4491
1415,3934
1415,4873
1415,3401
1415,697
1415,770
1415,1413
1415,1019
1415,220
1415,2513
1415,1036
1415,2094
1415,3402
1415,3387
1415,2199
1415,336
1415,418
1415,618
1415,4130
1415,2941
1415,430
1415,5362
1415,3448
1415,1906
1415,1415
1415,2058
1415,5307
1929,2211
1929,3285
1929,2370
1929,2938
1929,1031
1929,1339
1929,1881
1929,3416
1929,5446
1929,544
1929,4942
1929,1929
2902,3506
2902,5051
2902,4774
2902,818
2902,4894
2902,4912
2902,4004
2902,3611
2902,240
2902,2411
2902,429
2902,4556
2902,2327
2902,2902
4807,3746
4807,5077
4807,1524
4807,1775
4807,3745
4807,4680
4807,3467
4807,4211
4807,2419
4807,648
4807,5171
4807,1789
4807,3065
4807,3268
4807,4284
4807,3178
4807,1347
4807,4807
5547,3599
5547,2494
5547,3815
5547,2908
5547,1088
5547,4802
5547,641
5547,1501
5547,4039
5547,733
5547,3278
5547,1108
5547,54
5547,3580
5547,3871
5547,1426
5547,1175
5547,2599
5547,744
5547,4570
5547,5547
5547,2116
5547,2136
1605,442
1605,251
1605,1117
1605,2398
1605,3948
1605,2555
1605,680
1605,99
1605,2870
1605,2587
1605,920
1605,2909
1605,4487
1605,4450
1605,2912
1605,4789
1605,4444
1605,1605
4332,4741
4332,2854
4332,3180
4332,2884
4332,1190
4332,166
4332,3532
4332,135
4332,4734
4332,4173
4332,4856
4332,3915
4332,3618
4332,2328
4332,253
4332,2420
4332,815
4332,1408
4332,4332
1038,2809
1038,2521
1038,4469
1038,5045
1038,4323
1038,3676
1038,4932
1038,3835
1038,4947
1038,1633
1038,4108
1038,4367
1038,1038
2541,2931
2541,3001
2541,1574
2541,34
2541,4449
2541,3326
2541,722
2541,1578
2541,3829
2541,4806
2541,4671
2541,1425
2541,2541
4650,1145
4650,3348
4650,716
4650,5600
4650,4913
4650,4398
4650,411
4650,5255
4650,2630
4650,3649
4650,3542
4650,3627
4650,2888
4650,3413
4650,4336
4650,2151
4650,3797
4650,4650
4369,5553
4369,3955
4369,5488
4369,3715
4369,3893
4369,600
4369,1267
4369,37
4369,2628
4369,1251
4369,527
4369,4369
603,2426
603,4800
603,4313
603,5238
603,3620
603,2498
603,2241
603,3614
603,3007
603,3999
603,2129
603,3659
603,512
603,3544
603,3726
603,5484
603,306
603,3916
603,603
4905,2682
4905,4498
4905,2592
4905,3379
4905,406
4905,1485
4905,4392
4905,4905
3910,2179
3910,3921
3910,70
3910,3987
3910,4269
3910,2980
3910,4025
3910,3993
3910,3478
3910,3984
3910,1749
3910,279
3910,2126
3910,628
3910,4434
3910,1286
3910,1234
3910,4206
3910,1079
3910,517
3910,261
3910,3031
3910,3875
3910,1421
3910,3910
370,1851
370,742
370,1566
370,4644
370,4027
370,276
370,4643
370,1637
370,4040
370,1018
370,2620
370,3975
370,447
370,4753
370,3213
370,4954
370,4061
370,2471
370,2607
370,4518
370,3012
370,370
370,2847
1033,1241
1033,1583
1033,3531
1033,3917
1033,542
1033,1016
1033,2955
1033,4841
1033,3305
1033,1893
1033,674
1033,2874
1033,2751
1033,1033
3274,5406
3274,5157
3274,3732
3274,5147
3274,1848
3274,601
3274,2423
3274,4713
3274,3524
3274,1177
3274,2550
3274,3274
5589,3638
5589,3474
5589,5211
5589,4756
5589,2079
5589,3331
5589,2435
5589,2906
5589,4176
5589,675
5589,2593
5589,1376
5589,5441
5589,4537
5589,4182
5589,3961
5589,3154
5589,3345
5589,2377
5589,4750
5589,1355
5589,3061
5589,4617
5589,4981
5589,2903
5589,5589
5140,3451
5140,1933
5140,3803
5140,2475
5140,3728
5140,4971
5140,275
5140,5140
5140,4758
2429,2784
2429,35
2429,5095
2429,4429
2429,579
2429,3314
2429,2053
2429,5189
2429,3498
2429,1365
2429,4765
2429,2638
2429,1795
2429,2744
2429,2782
2429,1420
2429,2415
2429,1063
2429,1328
2429,1948
2429,178
2429,1907
2429,2626
2429,3453
2429,1055
2429,724
2429,2429
2116,3599
2116,2908
2116,1088
2116,641
2116,1501
2116,3670
2116,4039
2116,733
2116,5080
2116,54
2116,1597
2116,1476
2116,504
2116,3871
2116,5202
2116,744
2116,5197
2116,1407
2116,4976
2116,5547
2116,2116
2116,2136
2331,2752
2331,2251
2331,3477
2331,3721
2331,4301
2331,5250
2331,710
2331,1358
2331,3431
2331,3514
2331,2331
156,1500
156,2554
156,4860
156,2773
156,5397
156,3931
156,4803
156,1324
156,5186
156,617
156,1096
156,4064
156,2913
156,3660
156,4308
156,5088
156,4918
156,623
156,1353
156,3519
156,5583
156,561
156,127
156,1453
156,5392
156,4613
156,3067
156,1442
156,1978
156,4354
156,3621
156,3192
156,2486
156,198
156,5025
156,4411
156,2185
156,492
156,5519
156,2351
156,3204
156,2867
156,496
156,3838
156,3349
156,3447
156,117
156,4588
156,4221
156,4245
156,4047
156,2367
156,1172
156,4986
156,4126
156,2514
156,156
1114,921
1114,1500
1114,5575
1114,617
1114,1096
1114,4064
1114,4590
1114,4308
1114,5088
1114,4918
1114,1761
1114,1717
1114,5583
1114,5009
1114,1429
1114,5392
1114,3583
1114,2898
1114,4819
1114,3621
1114,5402
1114,198
1114,689
1114,4411
1114,5519
1114,2191
1114,4421
1114,3188
1114,2875
1114,4588
1114,2367
1114,1258
1114,1114
1133,827
1133,903
1133,108
1133,532
1133,4333
1133,4554
1133,2404
1133,3232
1133,2953
1133,4869
1133,5616
1133,4342
1133,1706
1133,3702
1133,560
1133,2896
1133,133
1133,5299
1133,1133
5166,4949
5166,1297
5166,5320
5166,5600
5166,587
5166,5231
5166,3164
5166,427
5166,2082
5166,411
5166,4978
5166,3643
5166,5355
5166,155
5166,2057
5166,3627
5166,2472
5166,4214
5166,3857
5166,5166
5166,2780
705,907
705,3926
705,518
705,1693
705,4834
705,1198
705,4436
705,2916
705,5252
705,3545
705,2946
705,2968
705,3301
705,1316
705,1496
705,2065
705,4241
705,4584
705,5257
705,2397
705,5381
705,3155
705,3289
705,1068
705,1103
705,705
705,5534
5534,907
5534,2426
5534,4313
5534,1693
5534,4834
5534,1198
5534,3614
5534,5252
5534,3301
5534,572
5534,3544
5534,1316
5534,2065
5534,4241
5534,3726
5534,2397
5534,3762
5534,3203
5534,1068
5534,4225
5534,1103
5534,705
5534,5534
4240,2621
4240,366
4240,5424
4240,5627
4240,2775
4240,5357
4240,555
4240,732
4240,109
4240,2444
4240,3329
4240,4240
4240,2551
2914,3735
2914,4430
2914,2289
2914,2645
2914,1067
2914,2797
2914,2914
2914,4605
74,2164
74,3500
74,385
74,247
74,5621
74,2978
74,5565
74,1923
74,877
74,2497
74,522
74,891
74,4234
74,2446
74,470
74,4525
74,1692
74,5551
74,3737
74,5308
74,3052
74,243
74,1386
74,3708
74,2470
74,348
74,4346
74,4910
74,2297
74,1176
74,5492
74,1014
74,1873
74,4776
74,2373
74,1032
74,3291
74,1741
74,5315
74,2309
74,74
74,3395
74,2072
1589,987
1589,2805
1589,3215
1589,2971
1589,85
1589,3104
1589,1658
1589,3985
1589,4287
1589,576
1589,4249
1589,4388
1589,4732
1589,3714
1589,3003
1589,3959
1589,5
1589,4761
1589,1589
3148,1971
3148,4232
3148,452
3148,1679
3148,3294
3148,4476
3148,1452
3148,1826
3148,2804
3148,4536
3148,1255
3148,771
3148,5216
3148,3790
3148,3441
3148,2822
3148,56
3148,4137
3148,3778
3148,79
3148,5475
3148,4531
3148,1539
3148,3148
930,2110
930,1530
930,3940
930,595
930,4357
930,866
930,5506
930,5486
930,3354
930,4792
930,2562
930,2388
930,3334
930,493
930,3607
930,3988
930,4598
930,930
3395,5535
3395,3500
3395,247
3395,2978
3395,5565
3395,877
3395,2497
3395,2609
3395,891
3395,2446
3395,4492
3395,2391
3395,1692
3395,308
3395,1603
3395,121
3395,5308
3395,3052
3395,1702
3395,2470
3395,1262
3395,3497
3395,4876
3395,4346
3395,2297
3395,2959
3395,2763
3395,5227
3395,5515
3395,1873
3395,4776
3395,2373
3395,725
3395,4383
3395,1804
3395,1403
3395,2858
3395,2700
3395,2309
3395,1089
3395,74
3395,3395
937,2974
937,172
937,1607
937,4513
937,563
937,4349
937,4334
937,1686
937,2357
937,353
937,4353
937,5414
937,153
937,4191
937,2202
937,3297
937,257
937,1829
937,937
2117,2262
2117,5405
2117,1936
2117,596
2117,927
2117,1183
2117,3225
2117,3773
2117,2549
2117,5176
2117,2117
2117,1751
3836,1445
3836,1017
3836,3848
3836,1135
3836,280
3836,225
3836,4395
3836,3836
906,143
906,2583
906,1972
906,1695
906,287
906,1505
906,2252
906,1959
906,2152
906,1675
906,277
906,906
1515,3782
1515,5611
1515,5356
1515,1132
1515,2516
1515,2198
1515,3949
1515,4267
1515,2399
1515,2186
1515,326
1515,2942
1515,5023
1515,845
1515,1154
1515,2088
1515,2865
1515,4156
1515,5603
1515,1515
2893,3016
2893,681
2893,5167
2893,5280
2893,1207
2893,4085
2893,371
2893,898
2893,150
2893,2893
2417,2524
2417,2125
2417,3193
2417,4454
2417,2702
2417,188
2417,3273
2417,4144
2417,5300
2417,3152
2417,2007
2417,3469
2417,4377
2417,91
2417,2440
2417,3731
2417,2417
2136,3599
2136,2494
2136,3815
2136,2908
2136,1088
2136,3324
2136,731
2136,1501
2136,1654
2136,4039
2136,2691
2136,941
2136,1108
2136,5080
2136,54
2136,3580
2136,3871
2136,5202
2136,1426
2136,2599
2136,744
2136,1149
2136,2737
2136,5547
2136,2116
2136,2136
4409,2368
4409,5272
4409,4220
4409,3234
4409,3548
4409,3633
4409,709
4409,186
4409,863
4409,4224
4409,218
4409,4324
4409,759
4409,1440
4409,831
4409,924
4409,2284
4409,3897
4409,4657
4409,4409
1493,2807
1493,5090
1493,1271
1493,4132
1493,2511
1493,1786
1493,2012
1493,2100
1493,809
1493,1493
2072,456
2072,385
2072,5621
2072,1923
2072,4318
2072,5643
2072,2446
2072,470
2072,4525
2072,5557
2072,2750
2072,4097
2072,5551
2072,2270
2072,3737
2072,3144
2072,4939
2072,5308
2072,2977
2072,1477
2072,243
2072,1386
2072,2869
2072,3708
2072,2349
2072,4910
2072,1176
2072,2622
2072,3401
2072,1941
2072,1413
2072,220
2072,3637
2072,3402
2072,2199
2072,618
2072,2941
2072,430
2072,1741
2072,5315
2072,3448
2072,2520
2072,74
2072,2072
2072,2058
4339,5395
4339,1503
4339,1221
4339,1642
4339,3491
4339,3421
4339,2320
4339,4632
4339,835
4339,977
4339,629
4339,1794
4339,4080
4339,4339
2780,4949
2780,2602
2780,1297
2780,5320
2780,5600
2780,587
2780,5231
2780,3164
2780,427
2780,1622
2780,3643
2780,5355
2780,155
2780,2057
2780,3627
2780,2472
2780,4214
2780,3857
2780,1738
2780,5166
2780,2780
4172,263
4172,1464
4172,5260
4172,1956
4172,2872
4172,1577
4172,2376
4172,882
4172,2176
4172,3575
4172,5109
4172,1490
4172,1196
4172,2917
4172,701
4172,4048
4172,752
4172,738
4172,1216
4172,2261
4172,5400
4172,5345
4172,1766
4172,1532
4172,4172
4172,3133
2635,2049
2635,3996
2635,2821
2635,2097
2635,4265
2635,4874
2635,1734
2635,3396
2635,5005
2635,298
2635,2739
2635,5010
2635,5073
2635,3950
2635,5427
2635,1957
2635,772
2635,1160
2635,1854
2635,4010
2635,3146
2635,2635
5326,5618
5326,4177
5326,910
5326,3171
5326,5334
5326,5316
5326,1603
5326,4957
5326,213
5326,4991
5326,3033
5326,4707
5326,3534
5326,2525
5326,1702
5326,1260
5326,3497
5326,4577
5326,4876
5326,1257
5326,1666
5326,4746
5326,2708
5326,3145
5326,3283
5326,3884
5326,1757
5326,1994
5326,569
5326,1338
5326,1003
5326,4484
5326,1506
5326,4383
5326,3272
5326,1804
5326,3006
5326,1714
5326,1403
5326,1549
5326,2858
5326,2700
5326,5326
1439,3433
1439,3591
1439,4517
1439,1899
1439,3142
1439,5385
1439,2230
1439,720
1439,4139
1439,4649
1439,471
1439,4029
1439,1863
1439,2838
1439,4891
1439,2290
1439,4325
1439,3682
1439,3459
1439,5596
1439,5597
1439,1623
1439,2009
1439,5584
1439,4749
1439,360
1439,2840
1439,3086
1439,1439
89,3084
89,2799
89,1988
89,2664
89,5332
89,4630
89,2747
89,1417
89,2683
89,67
89,4889
89,1479
89,4373
89,538
89,3323
89,1831
89,3861
89,139
89,4202
89,89
2058,456
2058,4318
2058,5643
2058,3410
2058,4525
2058,3452
2058,5557
2058,1860
2058,2750
2058,4097
2058,3219
2058,5551
2058,3144
2058,4939
2058,2977
2058,1477
2058,2869
2058,2349
2058,4491
2058,4873
2058,2622
2058,3401
2058,1941
2058,697
2058,770
2058,1413
2058,1019
2058,220
2058,2513
2058,1036
2058,2094
2058,3402
2058,336
2058,618
2058,2941
2058,430
2058,5362
2058,3448
2058,1906
2058,2520
2058,1415
2058,2072
2058,2058
2058,5307
4170,5077
4170,1524
4170,3745
4170,4205
4170,4458
4170,1192
4170,363
4170,4680
4170,2212
4170,2260
4170,5607
4170,2128
4170,3325
4170,4952
4170,3205
4170,5511
4170,3392
4170,4884
4170,1347
4170,3978
4170,4418
4170,4170
2983,2245
2983,5356
2983,3429
2983,1296
2983,5249
2983,3949
2983,1213
2983,2399
2983,18
2983,1249
2983,320
2983,3248
2983,3704
2983,4013
2983,4740
2983,2942
2983,1399
2983,12
2983,3671
2983,2371
2983,1163
2983,76
2983,4859
2983,2865
2983,4156
2983,4256
2983,4972
2983,541
2983,160
2983,3743
2983,2983
4758,4897
4758,3451
4758,5604
4758,3803
4758,3728
4758,2650
4758,1882
4758,4840
4758,275
4758,5140
4758,4758
849,4485
849,4719
849,1554
849,5232
849,4974
849,849
5307,2885
5307,3452
5307,1860
5307,3219
5307,660
5307,3934
5307,4873
5307,770
5307,1019
5307,2513
5307,2094
5307,3402
5307,336
5307,418
5307,5362
5307,3703
5307,1906
5307,1415
5307,2058
5307,5307
1071,806
1071,3957
1071,5520
1071,2096
1071,5198
1071,1704
1071,1719
1071,3592
1071,2346
1071,3550
1071,2153
1071,3243
1071,4270
1071,1448
1071,3420
1071,3626
1071,876
1071,97
1071,3079
1071,1847
1071,847
1071,333
1071,3918
1071,1071
5479,4119
5479,5256
5479,5628
5479,1137
5479,5491
5479,1900
5479,2476
5479,2390
5479,3793
5479,797
5479,5479
5479,3208
3133,5260
3133,2872
3133,882
3133,2176
3133,3575
3133,5109
3133,2917
3133,701
3133,4048
3133,3064
3133,752
3133,738
3133,1216
3133,2261
3133,5400
3133,1766
3133,4172
3133,3133
3208,2685
3208,1137
3208,5491
3208,2476
3208,2390
3208,2783
3208,3793
3208,797
3208,5479
3208,3208
3979,2939
3979,2099
3979,1379
3979,5374
3979,4372
3979,1291
3979,444
3979,1167
3979,1855
3979,3427
3979,5261
3979,991
3979,474
3979,5106
3979,575
3979,3979
2847,1851
2847,742
2847,2318
2847,2781
2847,4644
2847,4643
2847,4665
2847,4040
2847,1018
2847,4551
2847,447
2847,1155
2847,4753
2847,2981
2847,3213
2847,2471
2847,2607
2847,3012
2847,370
2847,2847
281,1294
281,1212
281,5364
281,2239
281,2464
281,1084
281,4437
281,1142
281,2131
281,3964
281,5224
281,4396
281,1220
281,4101
281,4936
281,2206
281,4443
281,4208
281,2104
281,4739
281,2407
281,4923
281,4112
281,1886
281,281
1782,3234
1782,2145
1782,2225
1782,1970
1782,2727
1782,4591
1782,3269
1782,4784
1782,2073
1782,1322
1782,5377
1782,4964
1782,867
1782,1782
2989,3480
2989,4771
2989,4300
2989,3518
2989,2439
2989,5575
2989,1754
2989,4319
2989,498
2989,3265
2989,3336
2989,4864
2989,1519
2989,4767
2989,2087
2989,1282
2989,2668
2989,3161
2989,1383
2989,342
2989,5118
2989,2210
2989,3385
2989,3184
2989,4946
2989,1949
2989,4533
2989,321
2989,3418
2989,4421
2989,125
2989,3855
2989,4715
2989,3783
2989,4279
2989,3136
2989,4567
2989,5305
2989,1258
2989,3816
2989,2989
2704,508
2704,337
2704,2124
2704,2837
2704,3492
2704,1325
2704,5194
2704,5560
2704,4532
2704,2859
2704,4442
2704,646
2704,1954
2704,1226
2704,1875
2704,2704
1732,836
1732,1450
1732,4682
1732,4896
1732,2024
1732,1961
1732,757
1732,4691
1732,1346
1732,1575
1732,5633
1732,5617
1732,347
1732,2361
1732,158
1732,3388
1732,2066
1732,1943
1732,1785
1732,71
1732,181
1732,4988
1732,2801
1732,451
1732,1732
699,4423
699,107
699,4021
699,1296
699,2531
699,5249
699,4641
699,1249
699,2533
699,980
699,5435
699,4740
699,2942
699,3671
699,76
699,184
699,2865
699,699
2317,2726
2317,332
2317,1928
2317,859
2317,4415
2317,4296
2317,4796
2317,393
2317,1129
2317,5471
2317,3902
2317,2577
2317,2187
2317,268
2317,5182
2317,224
2317,2317
3101,929
3101,2038
3101,2279
3101,1815
3101,2109
3101,2661
3101,2294
3101,66
3101,2580
3101,1305
3101,4580
3101,318
3101,1364
3101,3604
3101,3101
4012,3828
4012,1595
4012,328
4012,2674
4012,4775
4012,3768
4012,4824
4012,4998
4012,1577
4012,1884
4012,1196
4012,5050
4012,2944
4012,2473
4012,3111
4012,2029
4012,3606
4012,2048
4012,1107
4012,2437
4012,682
4012,465
4012,4462
4012,3885
4012,4012
4012,1514
4008,3513
4008,2677
4008,3901
4008,1405
4008,1179
4008,636
4008,4681
4008,2833
4008,5626
4008,3482
4008,5560
4008,5566
4008,1955
4008,3391
4008,5165
4008,4381
4008,4008
3360,3172
3360,5413
3360,4827
3360,5037
3360,4482
3360,3129
3360,2266
3360,526
3360,596
3360,4356
3360,223
3360,4894
3360,2812
3360,2614
3360,4912
3360,60
3360,3611
3360,1238
3360,2411
3360,2665
3360,1592
3360,429
3360,4556
3360,3701
3360,2327
3360,3360
944,3488
944,1482
944,4626
944,3755
944,1471
944,1841
944,1164
944,4872
944,3307
944,5041
944,2190
944,4904
944,4401
944,5516
944,862
944,5555
944,4171
944,2546
944,944
1398,129
1398,2828
1398,1197
1398,4015
1398,755
1398,1004
1398,2722
1398,2159
1398,776
1398,1533
1398,4060
1398,2286
1398,3223
1398,5163
1398,1168
1398,2170
1398,4502
1398,884
1398,1398
1751,2262
1751,5405
1751,3066
1751,927
1751,3225
1751,5176
1751,2117
1751,1751
3785,3172
3785,2262
3785,874
3785,5037
3785,4482
3785,4980
3785,596
3785,223
3785,2614
3785,4664
3785,2449
3785,4924
3785,4069
3785,60
3785,5442
3785,2047
3785,1238
3785,1534
3785,2665
3785,868
3785,2305
3785,3701
3785,3785
2551,366
2551,630
2551,4344
2551,5357
2551,4005
2551,555
2551,4512
2551,1105
2551,4240
2551,2551
5585,2933
5585,3622
5585,215
5585,5008
5585,3512
5585,5112
5585,4073
5585,3691
5585,1904
5585,1768
5585,5072
5585,2358
5585,609
5585,739
5585,4059
5585,3088
5585,2383
5585,5411
5585,2724
5585,500
5585,2947
5585,2811
5585,19
5585,168
5585,5354
5585,5585
1514,3828
1514,328
1514,2674
1514,4775
1514,3768
1514,4824
1514,4998
1514,1884
1514,2944
1514,2473
1514,3111
1514,2029
1514,3606
1514,2048
1514,1107
1514,2437
1514,682
1514,4462
1514,3885
1514,4012
1514,1514
2698,4948
2698,410
2698,4599
2698,235
2698,457
2698,893
2698,1001
2698,2698
1885,5277
1885,1342
1885,1197
1885,2020
1885,559
1885,4207
1885,2993
1885,4424
1885,1266
1885,2
1885,1678
1885,4074
1885,5091
1885,2966
1885,5155
1885,4248
1885,57
1885,4546
1885,4060
1885,3847
1885,2286
1885,3223
1885,5567
1885,1168
1885,2395
1885,3058
1885,2280
1885,2956
1885,3685
1885,4309
1885,1586
1885,782
1885,1885
4605,3735
4605,4430
4605,3596
4605,2289
4605,2645
4605,1382
4605,1067
4605,2797
4605,2914
4605,4605
