source,target,weight
1,166,0.218
1,354,0.31
1,428,0.23
1,530,0.228
1,531,0.239
1,793,0.212
1,900,0.254
1,1140,0.313
1,1190,0.207
1,1408,0.204
1,2278,0.203
1,3208,0.242
1,3419,0.396
1,3987,0.205
1,4244,0.203
1,4428,0.235
1,5176,0.247
1,5546,0.228
2,145,0.21
2,187,0.262
2,460,0.22
2,477,0.275
2,559,0.207
2,589,0.209
2,755,0.201
2,841,0.316
2,884,0.205
2,1168,0.334
2,1197,0.39
2,1266,0.434
2,1342,0.237
2,1586,0.216
2,1678,0.329
2,1778,0.209
2,1787,0.281
2,1846,0.315
2,1885,0.24
2,2020,0.323
2,2286,0.28
2,2395,0.212
2,2440,0.208
2,2619,0.274
2,2629,0.224
2,2676,0.266
2,2738,0.329
2,2864,0.422
2,2956,0.214
2,2966,0.324
2,2993,0.454
2,3058,0.272
2,3223,0.412
2,3351,0.225
2,3727,0.231
2,3847,0.301
2,4074,0.226
2,4207,0.209
2,4309,0.244
2,4424,0.241
2,4447,0.355
2,4546,0.242
2,4604,0.373
2,4706,0.211
2,5091,0.218
2,5155,0.34
2,5277,0.264
2,5567,0.424
3,185,0.301
3,2090,0.25
3,2324,0.276
3,2432,0.239
3,2796,0.201
3,2875,0.211
3,4523,0.235
3,4658,0.234
3,4919,0.248
3,5178,0.409
3,5370,0.217
3,5526,0.206
3,5561,0.228
5,121,0.23
5,308,0.245
5,310,0.273
5,317,0.206
5,372,0.302
5,445,0.23
5,891,0.248
5,1230,0.222
5,1603,0.206
5,1666,0.258
5,1692,0.283
5,1702,0.213
5,1726,0.313
5,1804,0.202
5,1873,0.24
5,2763,0.247
5,2858,0.24
5,3145,0.206
5,3283,0.229
5,3611,0.261
5,3642,0.288
5,3849,0.208
5,4145,0.227
5,4229,0.247
5,4383,0.237
5,4550,0.25
5,5039,0.246
5,5130,0.221
5,5301,0.355
5,5371,0.391
5,5394,0.233
5,5454,0.249
5,5479,0.234
5,5535,0.208
5,5558,0.21
6,741,0.214
6,3595,0.287
6,4553,0.209
7,81,0.23
7,219,0.215
7,240,0.203
7,1237,0.253
7,1321,0.236
7,3045,0.213
7,3215,0.306
7,3451,0.253
7,4529,0.203
7,5349,0.225
9,19,0.208
9,34,0.249
9,1306,0.233
9,3967,0.243
9,5112,0.231
11,296,0.291
11,300,0.384
11,380,0.419
11,527,0.202
11,570,0.28
11,608,0.294
11,624,0.228
11,694,0.259
11,786,0.413
11,792,0.386
11,1043,0.368
11,1066,0.407
11,1385,0.394
11,1480,0.461
11,1510,0.295
11,1520,0.5
11,1525,0.322
11,1660,0.349
11,1688,0.208
11,1744,0.25
11,2259,0.277
11,2300,0.273
11,2332,0.538
11,2356,0.402
11,2560,0.243
11,2818,0.425
11,2988,0.227
11,3076,0.356
11,3119,0.313
11,3131,0.25
11,3211,0.458
11,3212,0.337
11,3366,0.425
11,3439,0.419
11,3485,0.276
11,3504,0.457
11,3577,0.327
11,3779,0.382
11,4096,0.279
11,4198,0.215
11,4426,0.376
11,4460,0.203
11,4464,0.385
11,4600,0.494
11,4812,0.333
11,5068,0.244
11,5149,0.459
11,5568,0.24
12,32,0.299
12,368,0.242
12,550,0.201
12,572,0.201
12,683,0.203
12,705,0.235
12,814,0.205
12,997,0.254
12,1198,0.245
12,1296,0.228
12,1486,0.23
12,1512,0.256
12,1848,0.202
12,2166,0.226
12,2236,0.217
12,2706,0.206
12,2886,0.207
12,2951,0.334
12,3022,0.23
12,3155,0.304
12,3203,0.217
12,3669,0.266
12,3762,0.226
12,3870,0.23
12,3909,0.237
12,3926,0.362
12,3949,0.206
12,4225,0.238
12,4241,0.293
12,4248,0.239
12,4257,0.307
12,4258,0.286
12,4435,0.216
12,4503,0.25
12,4584,0.242
12,4809,0.213
12,4952,0.203
12,5147,0.227
12,5221,0.244
12,5252,0.201
12,5381,0.249
12,5386,0.228
13,256,0.23
13,899,0.254
13,1646,0.212
13,1786,0.459
13,1990,0.393
13,2064,0.292
13,2345,0.266
13,3080,0.212
13,3673,0.26
13,3723,0.22
13,3904,0.264
13,3992,0.275
13,4226,0.218
13,4578,0.287
13,4676,0.236
13,4857,0.219
13,5087,0.226
13,5290,0.472
13,5599,0.205
14,1112,0.26
14,5380,0.211
15,588,0.245
15,666,0.227
15,918,0.216
15,1204,0.253
15,1251,0.313
15,1383,0.24
15,1656,0.393
15,2055,0.21
15,2175,0.264
15,2191,0.207
15,2210,0.286
15,2486,0.216
15,2552,0.27
15,3518,0.263
15,4651,0.313
15,5219,0.292
16,289,0.222
18,355,0.203
18,683,0.265
18,1213,0.217
18,1929,0.204
18,2371,0.229
18,3248,0.235
18,3429,0.24
18,3949,0.242
18,4256,0.262
18,4360,0.221
18,4562,0.261
18,4759,0.29
18,4972,0.355
18,5057,0.222
18,5356,0.216
20,364,0.256
20,494,0.317
20,730,0.247
20,1909,0.213
20,2144,0.272
20,2548,0.279
20,3120,0.255
20,4150,0.214
20,4633,0.244
20,4696,0.201
21,161,0.231
21,191,0.216
21,300,0.214
21,1431,0.223
21,2106,0.221
21,2818,0.223
21,2854,0.212
21,3694,0.213
21,4902,0.285
22,999,0.23
22,1525,0.244
22,2122,0.28
22,4287,0.241
22,4922,0.252
23,2721,0.236
23,4267,0.224
23,5277,0.203
25,546,0.217
25,991,0.237
25,1118,0.205
25,2363,0.221
25,3851,0.326
25,5526,0.218
25,5598,0.3
26,4549,0.211
27,911,0.229
27,4051,0.281
27,4201,0.395
27,4499,0.201
27,4515,0.24
27,4933,0.201
28,273,0.233
28,468,0.569
28,865,0.285
28,1013,0.233
28,1115,0.25
28,1519,0.415
28,1551,0.206
28,1754,0.222
28,1998,0.26
28,2087,0.201
28,2756,0.22
28,2861,0.318
28,2960,0.242
28,3050,0.206
28,3336,0.21
28,3480,0.202
28,3632,0.23
28,3808,0.216
28,3873,0.292
28,4279,0.269
28,4684,0.259
28,4767,0.209
28,5118,0.386
28,5318,0.212
29,436,0.699
29,1039,0.504
29,1087,0.695
29,2330,0.205
29,2547,0.209
29,2651,0.379
29,2752,0.24
29,2760,0.261
29,2920,0.447
29,3329,0.224
29,3484,0.518
29,4128,0.546
29,4325,0.417
29,4601,0.211
29,5101,0.643
29,5311,0.228
30,757,0.233
30,1097,0.246
30,2359,0.232
30,2535,0.208
31,1173,0.209
31,1205,0.212
31,1712,0.211
31,4301,0.293
31,5208,0.286
31,5548,0.207
32,346,0.26
32,526,0.205
32,683,0.232
32,997,0.21
32,1512,0.251
32,1519,0.205
32,2371,0.207
32,2397,0.288
32,2480,0.356
32,2706,0.234
32,2843,0.227
32,2846,0.26
32,2951,0.372
32,2983,0.209
32,3704,0.27
32,3762,0.264
32,3769,0.229
32,4205,0.263
32,4216,0.245
32,4248,0.254
32,4257,0.264
32,4258,0.235
32,4267,0.253
32,4451,0.204
32,4503,0.35
32,4926,0.276
32,5386,0.341
33,364,0.286
33,2042,0.267
33,3120,0.31
33,3954,0.307
33,4000,0.23
33,4759,0.221
33,5011,0.22
33,5274,0.239
34,897,0.259
34,3878,0.217
34,4068,0.212
34,4878,0.398
35,200,0.276
35,1245,0.235
35,2313,0.218
35,3455,0.26
35,3961,0.208
35,5062,0.218
35,5119,0.206
36,2222,0.204
37,441,0.343
37,1038,0.236
37,1567,0.213
37,2075,0.216
37,2191,0.32
37,2820,0.339
37,4218,0.227
37,4287,0.301
37,4705,0.356
37,4878,0.234
38,1498,0.224
38,4317,0.394
39,288,0.331
39,803,0.232
39,1014,0.218
39,1061,0.203
39,1429,0.212
39,1774,0.247
39,2511,0.243
39,2581,0.215
39,2688,0.221
39,3465,0.229
39,3550,0.214
39,3785,0.253
39,3914,0.314
39,4589,0.207
41,604,0.231
42,492,0.237
42,496,0.201
42,617,0.211
42,955,0.271
42,1076,0.431
42,1172,0.205
42,1187,0.287
42,1258,0.275
42,1442,0.259
42,1717,0.261
42,1729,0.337
42,1843,0.429
42,1978,0.373
42,2201,0.507
42,2259,0.206
42,2540,0.341
42,2560,0.253
42,2668,0.226
42,2690,0.219
42,3583,0.21
42,3741,0.349
42,4064,0.218
42,4127,0.213
42,4300,0.325
42,4308,0.239
42,4464,0.204
42,4510,0.241
42,4553,0.294
42,4590,0.389
42,4613,0.215
42,4819,0.275
42,4918,0.308
42,5088,0.241
42,5310,0.34
42,5392,0.26
42,5463,0.209
43,382,0.422
43,610,0.5
43,1332,0.272
43,2752,0.226
43,3275,0.23
43,3285,0.218
43,4068,0.297
43,4210,0.226
43,4688,0.221
43,4758,0.207
43,4934,0.213
43,5435,0.494
44,705,0.252
44,750,0.326
44,997,0.247
44,1198,0.381
44,1236,0.314
44,1693,0.228
44,2065,0.29
44,2682,0.236
44,2951,0.304
44,3155,0.333
44,3203,0.31
44,3311,0.329
44,3881,0.228
44,3926,0.373
44,4225,0.244
44,4241,0.278
44,4257,0.259
44,4258,0.289
44,4584,0.211
44,4774,0.217
44,4840,0.291
44,5326,0.215
44,5381,0.334
44,5386,0.203
47,5561,0.258
47,5636,0.206
48,2786,0.229
48,4379,0.209
49,5634,0.256
51,1589,0.22
51,3539,0.23
51,4277,0.22
52,3808,0.617
52,5417,0.436
52,5495,0.334
54,1945,0.215
54,3039,0.209
55,2678,0.245
56,1395,0.543
56,3294,0.204
56,5475,0.23
57,477,0.415
57,559,0.36
57,711,0.366
57,1678,0.403
57,1746,0.268
57,1787,0.292
57,2395,0.237
57,2458,0.264
57,2676,0.385
57,2722,0.297
57,2738,0.363
57,2817,0.281
57,2956,0.217
57,2966,0.332
57,2993,0.365
57,3058,0.455
57,3229,0.411
57,3347,0.215
57,3393,0.354
57,3613,0.471
57,3727,0.236
57,3812,0.29
57,3847,0.317
57,4060,0.339
57,4447,0.279
57,4604,0.288
57,4706,0.269
57,5091,0.347
57,5155,0.293
57,5277,0.296
57,5567,0.276
57,5592,0.224
59,1837,0.227
59,2246,0.206
59,4197,0.345
59,4809,0.229
59,4999,0.21
60,81,0.228
60,1321,0.205
60,1485,0.213
60,2408,0.24
60,2593,0.247
60,3191,0.289
60,5019,0.206
60,5349,0.28
61,555,0.205
61,1567,0.405
61,2191,0.25
61,3276,0.284
64,3097,0.301
64,4417,0.206
64,5167,0.369
64,5640,0.277
65,300,0.266
65,746,0.346
65,792,0.315
65,1066,0.29
65,1130,0.582
65,1267,0.22
65,1480,0.257
65,1611,0.216
65,2300,0.283
65,3417,0.301
65,3893,0.233
65,3985,0.391
65,4006,0.624
65,4673,0.557
65,4732,0.34
65,4993,0.494
65,5045,0.221
65,5488,0.21
66,3419,0.202
66,4837,0.201
67,295,0.216
67,621,0.248
67,697,0.222
67,1032,0.215
67,1176,0.207
67,1413,0.259
67,2270,0.249
67,2662,0.26
67,2747,0.256
67,2990,0.223
67,3084,0.246
67,3100,0.237
67,3402,0.239
67,3737,0.222
67,4302,0.202
67,5640,0.213
68,601,0.243
68,819,0.204
68,978,0.368
68,2719,0.219
69,1511,0.226
69,1517,0.208
69,5263,0.207
70,318,0.264
70,5287,0.373
71,885,0.239
71,2408,0.21
71,4277,0.226
71,5019,0.33
71,5619,0.296
73,2569,0.228
73,2669,0.247
73,3326,0.229
73,4004,0.234
74,121,0.277
74,212,0.291
74,308,0.328
74,877,0.23
74,891,0.438
74,1089,0.247
74,1589,0.21
74,1603,0.212
74,1666,0.29
74,1692,0.474
74,1702,0.268
74,1804,0.257
74,2297,0.244
74,2391,0.421
74,2446,0.284
74,2470,0.361
74,2525,0.285
74,2609,0.251
74,2763,0.409
74,2858,0.25
74,2959,0.242
74,4383,0.279
74,4627,0.217
74,4910,0.578
74,4991,0.447
74,5227,0.253
74,5308,0.296
74,5565,0.351
75,345,0.209
75,3855,0.247
76,320,0.213
76,657,0.257
76,2037,0.233
76,2186,0.537
76,2942,0.258
76,3248,0.252
76,3415,0.224
76,3704,0.202
76,3949,0.249
76,4013,0.275
76,4256,0.226
76,4759,0.208
76,4972,0.251
76,5249,0.21
76,5611,0.258
77,625,0.218
77,4303,0.29
79,3166,0.22
79,3966,0.314
81,240,0.207
81,633,0.311
81,886,0.245
81,1090,0.258
81,1228,0.205
81,1237,0.245
81,1321,0.271
81,1556,0.221
81,1728,0.258
81,1778,0.29
81,1824,0.239
81,2157,0.205
81,2236,0.234
81,2311,0.248
81,2480,0.207
81,2581,0.233
81,2951,0.228
81,3004,0.206
81,3803,0.294
81,4451,0.211
81,4562,0.296
81,4991,0.239
81,5116,0.239
81,5349,0.368
81,5611,0.305
82,2478,0.201
82,3485,0.253
82,4923,0.216
82,5042,0.206
82,5189,0.246
83,289,0.204
84,2868,0.431
84,4462,0.303
85,487,0.312
85,527,0.207
85,695,0.212
85,750,0.34
85,769,0.204
85,1236,0.396
85,2215,0.382
85,3144,0.471
85,3395,0.338
85,3833,0.241
85,4774,0.207
85,5326,0.322
85,5643,0.527
86,1290,0.203
86,2197,0.209
87,1118,0.202
87,1325,0.209
87,3091,0.221
89,295,0.222
89,470,0.222
89,876,0.209
89,1014,0.526
89,1270,0.467
89,1739,0.428
89,2270,0.26
89,2337,0.236
89,2662,0.292
89,2683,0.303
89,2747,0.205
89,3004,0.478
89,3124,0.215
89,3387,0.216
89,3737,0.226
89,4130,0.231
89,4889,0.483
89,5043,0.221
89,5640,0.201
91,142,0.208
91,1657,0.251
91,1856,0.451
91,2417,0.422
91,2524,0.23
91,2702,0.226
91,3152,0.248
91,3731,0.425
91,4153,0.268
91,4237,0.321
92,948,0.202
92,1795,0.208
93,2279,0.206
93,3432,0.209
94,288,0.221
94,750,0.213
94,886,0.226
94,1062,0.208
94,1102,0.221
94,1321,0.201
94,4144,0.263
94,5462,0.207
97,457,0.222
97,577,0.242
97,1633,0.223
97,2444,0.228
97,2714,0.24
97,2851,0.201
97,3650,0.208
97,4474,0.249
97,5276,0.249
99,4632,0.207
99,5303,0.373
99,5526,0.257
99,5598,0.245
99,5612,0.31
101,5301,0.203
102,3322,0.251
102,4933,0.264
103,1087,0.205
103,1810,0.299
103,2194,0.334
103,2330,0.372
103,2547,0.421
103,2752,0.36
103,3334,0.375
103,4134,0.207
103,4528,0.269
103,4601,0.377
103,4746,0.203
103,5311,0.364
104,1584,0.295
104,2712,0.203
104,2796,0.206
104,3013,0.303
104,3079,0.232
106,222,0.224
106,610,0.248
106,986,0.251
106,1252,0.223
106,2149,0.23
106,3546,0.287
106,4586,0.234
106,4612,0.204
106,4758,0.212
106,4920,0.201
106,5321,0.259
107,355,0.236
107,2432,0.216
107,2875,0.243
107,3407,0.251
107,5561,0.218
107,5636,0.202
108,280,0.225
108,607,0.214
108,827,0.288
108,864,0.251
108,877,0.218
108,1603,0.21
108,1703,0.292
108,1704,0.423
108,1804,0.217
108,2446,0.22
108,2470,0.208
108,2495,0.254
108,2609,0.215
108,2776,0.226
108,2953,0.216
108,2959,0.214
108,3173,0.299
108,3696,0.342
108,3814,0.202
108,3836,0.254
108,3848,0.214
108,4355,0.227
108,4395,0.341
108,4419,0.304
108,4630,0.204
108,5173,0.518
108,5431,0.282
108,5565,0.201
109,536,0.236
109,1668,0.23
109,1863,0.245
109,2510,0.227
109,2651,0.206
109,3329,0.246
109,4344,0.27
109,4512,0.212
109,4528,0.277
109,5154,0.213
109,5385,0.222
110,213,0.266
110,569,0.206
110,746,0.239
110,799,0.26
110,1714,0.315
110,1757,0.251
110,1994,0.213
110,2373,0.218
110,2708,0.21
110,3006,0.208
110,3171,0.223
110,3283,0.238
110,3959,0.251
110,3985,0.362
110,4249,0.215
110,4287,0.209
110,4348,0.226
110,4707,0.214
110,4732,0.351
110,5184,0.27
111,362,0.248
111,2095,0.209
111,2593,0.207
111,5421,0.229
112,4277,0.205
113,158,0.207
113,181,0.251
113,347,0.257
113,543,0.421
113,757,0.28
113,1329,0.337
113,1511,0.288
113,1575,0.278
113,1652,0.231
113,1819,0.228
113,1943,0.254
113,1961,0.277
113,1981,0.205
113,2024,0.247
113,2240,0.265
113,2361,0.221
113,2457,0.236
113,2502,0.221
113,2801,0.248
113,2806,0.214
113,2922,0.252
113,3578,0.244
113,3923,0.298
113,4187,0.225
113,4361,0.368
113,4756,0.22
113,4782,0.35
113,4794,0.252
113,4903,0.243
113,5141,0.27
113,5243,0.255
113,5263,0.339
113,5304,0.201
116,630,0.241
116,1705,0.359
116,3343,0.279
116,3550,0.291
116,3612,0.207
116,4718,0.342
116,4963,0.356
116,5253,0.209
116,5520,0.324
117,127,0.206
117,156,0.264
117,492,0.239
117,496,0.299
117,617,0.214
117,921,0.217
117,1096,0.264
117,1172,0.245
117,1258,0.255
117,1442,0.271
117,1453,0.27
117,1500,0.307
117,1581,0.244
117,1745,0.214
117,1761,0.227
117,2185,0.204
117,2351,0.212
117,2600,0.217
117,2867,0.219
117,3192,0.201
117,3204,0.254
117,3349,0.215
117,3447,0.255
117,3621,0.232
117,3838,0.229
117,3954,0.201
117,4047,0.227
117,4064,0.259
117,4245,0.285
117,4308,0.225
117,4354,0.217
117,4403,0.268
117,4411,0.263
117,4588,0.234
117,4590,0.245
117,4613,0.238
117,4803,0.251
117,4918,0.414
117,5009,0.234
117,5025,0.252
117,5088,0.314
117,5392,0.232
117,5402,0.222
117,5449,0.23
120,1448,0.209
120,3332,0.22
120,3351,0.205
120,4517,0.209
121,213,0.318
121,308,0.515
121,310,0.256
121,522,0.309
121,569,0.336
121,576,0.223
121,577,0.242
121,746,0.21
121,799,0.235
121,827,0.249
121,877,0.375
121,891,0.443
121,894,0.351
121,932,0.214
121,987,0.228
121,1003,0.287
121,1089,0.378
121,1257,0.416
121,1260,0.346
121,1262,0.251
121,1338,0.397
121,1403,0.338
121,1549,0.35
121,1576,0.234
121,1603,0.416
121,1658,0.296
121,1666,0.563
121,1692,0.503
121,1702,0.567
121,1714,0.354
121,1735,0.207
121,1757,0.369
121,1804,0.411
121,1873,0.212
121,1994,0.325
121,2297,0.351
121,2391,0.258
121,2446,0.28
121,2470,0.375
121,2497,0.22
121,2525,0.391
121,2586,0.222
121,2609,0.383
121,2700,0.338
121,2763,0.665
121,2858,0.407
121,2959,0.371
121,2978,0.357
121,3033,0.237
121,3052,0.331
121,3145,0.217
121,3272,0.293
121,3283,0.273
121,3291,0.333
121,3497,0.277
121,3714,0.208
121,3985,0.275
121,4177,0.326
121,4342,0.204
121,4346,0.307
121,4383,0.401
121,4419,0.282
121,4484,0.207
121,4550,0.291
121,4577,0.424
121,4627,0.229
121,4707,0.449
121,4732,0.23
121,4746,0.253
121,4776,0.336
121,4876,0.359
121,4910,0.289
121,4948,0.233
121,4951,0.23
121,4957,0.21
121,5227,0.38
121,5308,0.243
121,5316,0.201
121,5431,0.241
121,5492,0.247
121,5535,0.298
121,5565,0.431
121,5618,0.376
122,741,0.226
122,4971,0.258
123,256,0.283
123,899,0.201
123,2345,0.269
123,3723,0.221
123,3904,0.268
123,3992,0.37
123,4226,0.26
123,4676,0.218
123,4857,0.264
123,5087,0.26
125,191,0.295
125,238,0.258
125,273,0.38
125,319,0.26
125,321,0.259
125,342,0.319
125,458,0.244
125,468,0.232
125,498,0.22
125,624,0.261
125,1002,0.307
125,1115,0.33
125,1121,0.213
125,1228,0.238
125,1289,0.208
125,1411,0.219
125,1481,0.238
125,1519,0.228
125,1547,0.353
125,1551,0.64
125,1650,0.392
125,1664,0.283
125,1718,0.215
125,1720,0.289
125,1744,0.237
125,1754,0.305
125,1791,0.299
125,1816,0.356
125,1823,0.238
125,1916,0.23
125,1949,0.222
125,1952,0.207
125,1960,0.257
125,1998,0.207
125,2004,0.201
125,2076,0.212
125,2087,0.324
125,2155,0.266
125,2223,0.211
125,2380,0.251
125,2400,0.287
125,2556,0.265
125,2756,0.265
125,2767,0.545
125,2792,0.272
125,2925,0.235
125,2960,0.222
125,2989,0.317
125,3050,0.268
125,3136,0.26
125,3137,0.206
125,3184,0.218
125,3281,0.258
125,3336,0.205
125,3389,0.424
125,3438,0.247
125,3480,0.382
125,3510,0.217
125,3632,0.314
125,3665,0.261
125,3855,0.42
125,3894,0.216
125,4279,0.317
125,4285,0.305
125,4533,0.493
125,4567,0.409
125,4638,0.288
125,4684,0.361
125,4715,0.254
125,4767,0.293
125,4771,0.281
125,4864,0.348
125,4946,0.296
125,5105,0.292
125,5124,0.212
125,5312,0.325
125,5440,0.235
125,5498,0.219
125,5570,0.247
125,5571,0.299
125,5575,0.208
126,994,0.237
126,1324,0.237
126,4620,0.295
126,5583,0.317
127,156,0.309
127,198,0.281
127,492,0.209
127,496,0.236
127,561,0.226
127,617,0.21
127,921,0.236
127,1096,0.248
127,1172,0.303
127,1282,0.497
127,1353,0.224
127,1442,0.204
127,1453,0.272
127,1500,0.301
127,1745,0.32
127,1761,0.287
127,1992,0.219
127,2351,0.215
127,2486,0.202
127,2867,0.286
127,3040,0.443
127,3067,0.385
127,3192,0.471
127,3447,0.238
127,3519,0.211
127,3621,0.269
127,3931,0.262
127,4064,0.203
127,4221,0.209
127,4245,0.232
127,4411,0.303
127,4421,0.209
127,4588,0.57
127,4613,0.219
127,4860,0.206
127,4918,0.297
127,5009,0.526
127,5025,0.224
127,5088,0.265
127,5118,0.234
127,5392,0.234
127,5402,0.23
127,5449,0.262
128,1018,0.382
128,2024,0.249
128,4178,0.246
128,4712,0.271
129,180,0.246
129,1321,0.248
129,5462,0.247
130,264,0.368
130,1347,0.254
130,1789,0.41
130,3178,0.429
130,3439,0.206
130,3884,0.214
130,4163,0.309
130,4211,0.49
131,200,0.281
131,1282,0.205
131,2203,0.211
131,3412,0.233
131,3455,0.328
132,740,0.204
132,1273,0.212
132,2377,0.257
133,225,0.238
133,348,0.234
133,532,0.304
133,697,0.214
133,903,0.265
133,1017,0.393
133,1133,0.412
133,1135,0.384
133,1351,0.448
133,1479,0.203
133,1509,0.204
133,1581,0.257
133,1706,0.542
133,1822,0.287
133,2010,0.332
133,2233,0.205
133,2291,0.278
133,2404,0.452
133,2990,0.49
133,3100,0.397
133,3424,0.345
133,3533,0.327
133,4133,0.319
133,4146,0.391
133,4228,0.272
133,4333,0.334
133,4373,0.334
133,4492,0.306
133,4554,0.373
133,4805,0.492
133,4869,0.33
133,5399,0.324
133,5515,0.25
134,782,0.334
134,2786,0.202
134,4123,0.312
134,4663,0.217
135,356,0.378
135,912,0.237
135,963,0.206
135,1365,0.204
135,1594,0.253
135,2931,0.245
135,3405,0.314
135,4335,0.365
135,4557,0.299
135,4717,0.313
135,4806,0.24
135,5297,0.21
136,1513,0.207
136,4042,0.215
136,5528,0.227
139,538,0.547
139,932,0.339
139,1277,0.5
139,1417,0.279
139,1576,0.631
139,1831,0.589
139,2031,0.602
139,2165,0.622
139,2664,0.579
139,2799,0.48
139,3171,0.21
139,3499,0.205
139,4970,0.562
140,413,0.244
140,902,0.241
140,1578,0.217
141,188,0.26
141,1017,0.298
141,1085,0.253
141,1467,0.376
141,2702,0.248
141,2734,0.26
141,3435,0.203
141,4377,0.21
141,4637,0.287
141,4911,0.212
142,1856,0.228
142,2139,0.248
142,2262,0.248
142,2417,0.289
142,2516,0.213
142,2524,0.327
142,2702,0.26
142,3152,0.451
142,3731,0.384
142,4454,0.248
142,5145,0.229
143,416,0.202
143,1118,0.227
144,3842,0.223
145,460,0.251
145,559,0.205
145,590,0.272
145,776,0.336
145,1004,0.245
145,1266,0.23
145,1398,0.254
145,1586,0.352
145,1885,0.38
145,1924,0.28
145,2020,0.207
145,2286,0.235
145,2333,0.204
145,2627,0.208
145,2823,0.231
145,2828,0.228
145,2966,0.279
145,3223,0.239
145,3685,0.302
145,3727,0.241
145,3847,0.221
145,4060,0.226
145,4207,0.426
145,4406,0.27
145,4546,0.312
145,4604,0.343
145,5155,0.289
145,5277,0.376
145,5349,0.218
145,5548,0.231
147,3241,0.248
147,4087,0.24
147,5530,0.205
148,1792,0.323
148,3307,0.248
148,4662,0.281
150,752,0.208
150,3884,0.267
150,4971,0.229
150,5246,0.323
151,5445,0.212
152,1887,0.208
152,2418,0.267
152,4276,0.264
152,5636,0.221
153,672,0.283
153,1498,0.24
153,2565,0.229
153,3190,0.268
153,4677,0.271
153,4792,0.226
154,1017,0.204
154,1085,0.451
154,1467,0.469
154,2262,0.259
154,2417,0.312
154,2467,0.23
154,2702,0.472
154,2734,0.363
154,3073,0.225
154,3731,0.325
154,4377,0.286
154,4558,0.212
155,1382,0.203
155,2617,0.214
155,3352,0.216
155,3752,0.218
155,4667,0.214
155,5404,0.21
156,198,0.245
156,492,0.248
156,496,0.406
156,617,0.365
156,623,0.252
156,689,0.212
156,921,0.271
156,1096,0.497
156,1172,0.301
156,1258,0.216
156,1282,0.209
156,1353,0.446
156,1361,0.217
156,1442,0.246
156,1453,0.383
156,1500,0.298
156,1745,0.412
156,1761,0.362
156,1800,0.207
156,1978,0.219
156,1992,0.207
156,2185,0.236
156,2486,0.251
156,2514,0.278
156,2773,0.224
156,2867,0.27
156,2913,0.222
156,3026,0.25
156,3040,0.208
156,3067,0.243
156,3204,0.375
156,3349,0.439
156,3447,0.416
156,3519,0.215
156,3621,0.35
156,3838,0.27
156,3931,0.249
156,4064,0.357
156,4126,0.239
156,4245,0.36
156,4308,0.211
156,4403,0.388
156,4411,0.322
156,4421,0.212
156,4588,0.243
156,4590,0.212
156,4651,0.211
156,4653,0.233
156,4715,0.206
156,4803,0.225
156,4860,0.267
156,4918,0.365
156,4986,0.22
156,5009,0.245
156,5025,0.418
156,5088,0.36
156,5118,0.201
156,5186,0.242
156,5392,0.232
156,5402,0.307
156,5449,0.215
156,5519,0.264
156,5545,0.214
157,1301,0.206
157,3295,0.239
157,4933,0.213
158,181,0.317
158,256,0.339
158,347,0.28
158,451,0.21
158,543,0.232
158,836,0.257
158,899,0.386
158,1134,0.222
158,1329,0.369
158,1511,0.34
158,1517,0.214
158,1646,0.304
158,1732,0.28
158,1786,0.206
158,1834,0.338
158,1943,0.201
158,1990,0.324
158,2024,0.305
158,2045,0.321
158,2066,0.344
158,2240,0.415
158,2361,0.214
158,2457,0.234
158,2502,0.275
158,2671,0.202
158,2732,0.241
158,2801,0.355
158,2806,0.304
158,3080,0.201
158,3159,0.277
158,3180,0.243
158,3275,0.277
158,3318,0.26
158,3340,0.203
158,3450,0.332
158,3723,0.4
158,3923,0.373
158,3992,0.381
158,4226,0.375
158,4361,0.205
158,4433,0.231
158,4676,0.332
158,4857,0.472
158,5087,0.451
158,5141,0.395
158,5243,0.383
158,5290,0.21
158,5304,0.296
160,355,0.313
160,488,0.201
160,541,0.292
160,657,0.227
160,683,0.389
160,1154,0.212
160,1611,0.214
160,1914,0.215
160,2186,0.21
160,2245,0.265
160,2371,0.256
160,2942,0.321
160,3248,0.263
160,3429,0.209
160,3693,0.207
160,3949,0.238
160,4013,0.401
160,4256,0.404
160,4360,0.231
160,4615,0.306
160,4759,0.202
160,4859,0.222
160,4972,0.281
160,5023,0.218
160,5274,0.235
160,5356,0.214
160,5383,0.296
160,5611,0.366
161,839,0.246
161,920,0.204
161,2140,0.218
161,2320,0.243
161,2854,0.281
161,3832,0.21
161,4902,0.336
162,637,0.218
162,2555,0.29
162,3556,0.249
162,4384,0.287
164,1144,0.218
164,4410,0.211
165,5261,0.208
166,253,0.278
166,428,0.323
166,793,0.354
166,797,0.255
166,897,0.289
166,900,0.285
166,1190,0.399
166,1408,0.319
166,2032,0.345
166,2278,0.324
166,3208,0.368
166,4244,0.287
166,4332,0.24
166,4856,0.309
166,4878,0.205
166,4908,0.295
166,5546,0.468
167,621,0.233
167,1314,0.206
167,1413,0.223
167,2662,0.268
167,2683,0.258
167,2747,0.265
167,3084,0.294
167,3861,0.275
167,4130,0.25
167,4415,0.202
168,2002,0.228
168,2811,0.205
168,5107,0.211
169,238,0.252
169,273,0.237
169,321,0.212
169,342,0.269
169,1115,0.205
169,1289,0.21
169,1411,0.211
169,1519,0.214
169,1547,0.238
169,1664,0.219
169,1720,0.261
169,1754,0.218
169,1816,0.235
169,1949,0.259
169,1952,0.285
169,1998,0.207
169,2076,0.221
169,2087,0.283
169,2201,0.231
169,2380,0.252
169,2400,0.347
169,2560,0.236
169,2693,0.245
169,2989,0.291
169,3136,0.292
169,3137,0.247
169,3265,0.207
169,3281,0.277
169,3480,0.202
169,3632,0.341
169,3665,0.201
169,3783,0.291
169,3855,0.28
169,4042,0.213
169,4400,0.23
169,4567,0.391
169,4684,0.245
169,4714,0.227
169,4767,0.257
169,4812,0.214
169,4864,0.31
169,5124,0.225
169,5317,0.254
169,5318,0.231
169,5319,0.204
169,5391,0.24
169,5470,0.498
169,5479,0.218
169,5498,0.34
169,5568,0.21
169,5570,0.215
169,5571,0.286
170,226,0.21
170,609,0.231
170,3292,0.215
170,5425,0.417
171,1711,0.206
172,1723,0.531
172,1829,0.312
172,2698,0.292
172,4092,0.25
173,4742,0.343
176,2669,0.218
176,4402,0.249
176,4774,0.201
177,1200,0.238
177,2650,0.202
177,4402,0.347
177,4758,0.242
177,5042,0.221
177,5413,0.205
178,1142,0.222
178,1893,0.226
178,3618,0.24
178,5497,0.215
180,211,0.221
180,1287,0.382
180,1974,0.322
180,2090,0.312
180,2455,0.287
180,2510,0.264
180,3124,0.248
180,4331,0.209
180,4412,0.208
180,4523,0.214
180,4906,0.274
180,5178,0.231
181,256,0.37
181,347,0.294
181,451,0.356
181,543,0.271
181,836,0.242
181,899,0.298
181,1026,0.28
181,1329,0.367
181,1511,0.292
181,1517,0.321
181,1575,0.315
181,1732,0.25
181,1819,0.207
181,1834,0.343
181,1943,0.341
181,1961,0.348
181,1990,0.451
181,2024,0.313
181,2066,0.278
181,2240,0.254
181,2262,0.23
181,2502,0.452
181,2568,0.262
181,2732,0.355
181,2801,0.361
181,2806,0.293
181,2844,0.267
181,2922,0.206
181,3080,0.243
181,3159,0.273
181,3275,0.363
181,3318,0.346
181,3450,0.268
181,3474,0.214
181,3578,0.299
181,3712,0.204
181,3923,0.438
181,3961,0.236
181,3992,0.224
181,4066,0.223
181,4098,0.219
181,4226,0.4
181,4361,0.315
181,4433,0.289
181,4676,0.369
181,4782,0.399
181,4794,0.239
181,4857,0.494
181,4903,0.296
181,4959,0.211
181,5087,0.5
181,5141,0.496
181,5174,0.262
181,5243,0.314
181,5263,0.412
181,5304,0.218
184,1303,0.212
184,2287,0.21
184,2550,0.21
184,3449,0.336
184,3898,0.21
184,4341,0.21
184,4631,0.227
184,4871,0.268
184,5591,0.328
185,270,0.316
185,1113,0.244
185,1333,0.209
185,2090,0.201
185,2314,0.237
185,2324,0.227
185,2402,0.32
185,2965,0.316
185,4407,0.221
185,4658,0.229
185,4919,0.22
185,5178,0.359
186,438,0.219
186,1605,0.221
186,2369,0.224
186,4571,0.276
187,755,0.274
187,841,0.22
187,1168,0.416
187,1197,0.329
187,1266,0.314
187,1678,0.283
187,1846,0.303
187,2020,0.204
187,2228,0.277
187,2286,0.22
187,2738,0.202
187,2993,0.331
187,3223,0.254
187,3847,0.306
187,4447,0.215
187,4529,0.273
188,230,0.396
188,324,0.285
188,538,0.287
188,757,0.219
188,935,0.256
188,1277,0.26
188,1715,0.363
188,1793,0.219
188,1813,0.327
188,1882,0.263
188,2007,0.327
188,2119,0.242
188,2125,0.297
188,2139,0.259
188,2394,0.226
188,2524,0.267
188,2528,0.398
188,2775,0.201
188,2938,0.253
188,3193,0.463
188,3299,0.308
188,3435,0.412
188,3679,0.203
188,3898,0.296
188,4555,0.328
188,4637,0.398
188,4905,0.223
188,5066,0.371
188,5537,0.218
191,194,0.361
191,208,0.33
191,273,0.355
191,292,0.601
191,319,0.233
191,342,0.245
191,373,0.284
191,458,0.209
191,475,0.366
191,484,0.312
191,498,0.224
191,624,0.239
191,626,0.223
191,680,0.238
191,709,0.329
191,796,0.211
191,1115,0.247
191,1304,0.276
191,1411,0.242
191,1431,0.227
191,1481,0.617
191,1519,0.206
191,1547,0.227
191,1551,0.332
191,1599,0.211
191,1650,0.201
191,1655,0.212
191,1664,0.266
191,1744,0.249
191,1754,0.309
191,1816,0.356
191,1823,0.394
191,1878,0.206
191,1916,0.587
191,1949,0.265
191,1952,0.212
191,1960,0.617
191,2076,0.223
191,2146,0.284
191,2195,0.202
191,2223,0.552
191,2363,0.234
191,2410,0.222
191,2672,0.215
191,2756,0.289
191,2767,0.341
191,2904,0.683
191,2925,0.379
191,2989,0.299
191,3019,0.356
191,3050,0.319
191,3136,0.235
191,3184,0.23
191,3281,0.231
191,3438,0.273
191,3480,0.26
191,3485,0.213
191,3510,0.208
191,3632,0.29
191,3694,0.205
191,3833,0.263
191,3873,0.201
191,3907,0.329
191,4279,0.286
191,4409,0.387
191,4441,0.257
191,4533,0.242
191,4567,0.252
191,4588,0.214
191,4684,0.295
191,4767,0.233
191,4864,0.234
191,4946,0.401
191,4964,0.24
191,5105,0.224
191,5305,0.239
191,5312,0.232
191,5317,0.207
191,5489,0.351
191,5568,0.213
191,5570,0.264
191,5571,0.391
193,1809,0.226
193,3008,0.301
193,3603,0.246
193,3965,0.342
193,4375,0.364
194,292,0.373
194,373,0.599
194,475,0.209
194,484,0.577
194,497,0.207
194,626,0.201
194,709,0.275
194,721,0.219
194,796,0.531
194,1076,0.228
194,1161,0.252
194,1187,0.21
194,1232,0.261
194,1304,0.527
194,1384,0.336
194,1481,0.283
194,1660,0.34
194,1681,0.327
194,1688,0.223
194,1916,0.454
194,1960,0.32
194,2223,0.34
194,2363,0.28
194,2560,0.208
194,2648,0.209
194,2672,0.3
194,2904,0.302
194,3076,0.224
194,3131,0.226
194,3802,0.237
194,4002,0.218
194,4046,0.282
194,4094,0.251
194,4124,0.219
194,4224,0.214
194,4441,0.239
194,4464,0.212
194,4548,0.372
194,4877,0.374
194,4964,0.258
194,5377,0.242
194,5568,0.274
194,5572,0.221
198,492,0.23
198,496,0.307
198,561,0.262
198,588,0.217
198,617,0.248
198,638,0.243
198,666,0.22
198,689,0.223
198,918,0.226
198,921,0.282
198,1096,0.298
198,1172,0.433
198,1258,0.322
198,1282,0.239
198,1353,0.241
198,1361,0.223
198,1383,0.206
198,1442,0.279
198,1453,0.348
198,1500,0.391
198,1581,0.282
198,1745,0.379
198,1761,0.407
198,1949,0.217
198,1992,0.219
198,2185,0.256
198,2282,0.203
198,2325,0.252
198,2351,0.276
198,2486,0.308
198,2514,0.33
198,2600,0.345
198,2690,0.246
198,2867,0.327
198,2913,0.24
198,2970,0.24
198,2989,0.226
198,3040,0.226
198,3067,0.268
198,3192,0.275
198,3204,0.281
198,3349,0.346
198,3418,0.214
198,3447,0.299
198,3583,0.209
198,3621,0.364
198,3631,0.224
198,3816,0.205
198,3838,0.253
198,3855,0.235
198,3931,0.35
198,4047,0.264
198,4064,0.269
198,4122,0.37
198,4221,0.271
198,4245,0.311
198,4308,0.212
198,4354,0.31
198,4403,0.268
198,4411,0.328
198,4447,0.219
198,4588,0.382
198,4590,0.212
198,4613,0.298
198,4651,0.258
198,4803,0.239
198,4819,0.236
198,4860,0.344
198,4918,0.373
198,4986,0.219
198,5009,0.279
198,5025,0.298
198,5088,0.439
198,5118,0.255
198,5392,0.292
198,5397,0.215
198,5402,0.251
198,5449,0.489
199,652,0.201
200,444,0.262
200,461,0.293
200,579,0.237
200,1280,0.299
200,1282,0.24
200,1540,0.253
200,1815,0.22
200,1857,0.206
200,2278,0.284
200,2313,0.202
200,2620,0.399
200,2626,0.302
200,2778,0.317
200,3412,0.271
200,3427,0.219
200,3455,0.306
200,4080,0.207
200,4971,0.257
200,5341,0.219
200,5364,0.215
200,5548,0.224
203,704,0.209
204,512,0.271
204,1062,0.226
204,1091,0.242
204,1249,0.229
204,1626,0.291
204,3999,0.208
204,4840,0.206
204,5146,0.254
204,5617,0.206
205,1827,0.21
206,408,0.427
206,591,0.229
206,1094,0.212
206,1271,0.207
206,2374,0.206
206,2757,0.24
206,2927,0.314
206,4182,0.245
206,4273,0.42
206,5256,0.203
206,5411,0.41
208,292,0.206
208,321,0.211
208,475,0.269
208,617,0.209
208,750,0.201
208,1236,0.22
208,1258,0.247
208,1442,0.205
208,1453,0.216
208,1481,0.303
208,1816,0.265
208,1823,0.228
208,1916,0.293
208,1952,0.278
208,1960,0.372
208,2076,0.239
208,2146,0.339
208,2223,0.319
208,2767,0.31
208,2925,0.276
208,2989,0.237
208,3019,0.201
208,3050,0.25
208,3873,0.206
208,3907,0.364
208,4064,0.201
208,4245,0.212
208,4588,0.218
208,4613,0.212
208,4771,0.201
208,4946,0.308
208,5489,0.256
208,5493,0.31
208,5571,0.218
209,3651,0.227
211,267,0.222
211,317,0.299
211,445,0.223
211,657,0.335
211,688,0.578
211,1135,0.421
211,1239,0.406
211,1519,0.238
211,2204,0.206
211,2619,0.206
211,3490,0.294
211,3886,0.212
211,4075,0.226
211,4360,0.26
211,4589,0.275
211,4678,0.202
211,4940,0.219
211,5371,0.289
211,5394,0.308
211,5454,0.48
212,891,0.268
212,1035,0.327
212,1692,0.247
212,2391,0.284
212,2470,0.216
212,2763,0.212
212,4991,0.292
213,308,0.207
213,522,0.255
213,569,0.615
213,576,0.485
213,690,0.204
213,746,0.388
213,799,0.371
213,877,0.253
213,894,0.32
213,1003,0.273
213,1089,0.248
213,1130,0.251
213,1257,0.309
213,1260,0.348
213,1262,0.328
213,1338,0.646
213,1403,0.435
213,1506,0.257
213,1549,0.567
213,1576,0.237
213,1603,0.309
213,1658,0.387
213,1666,0.401
213,1702,0.429
213,1714,0.441
213,1757,0.539
213,1804,0.303
213,1994,0.427
213,2164,0.242
213,2297,0.226
213,2497,0.294
213,2598,0.238
213,2700,0.333
213,2708,0.266
213,2763,0.295
213,2858,0.284
213,2959,0.251
213,2978,0.319
213,3006,0.53
213,3033,0.241
213,3052,0.272
213,3171,0.301
213,3272,0.27
213,3291,0.242
213,3309,0.245
213,3497,0.283
213,3714,0.388
213,3959,0.392
213,3985,0.48
213,4006,0.356
213,4177,0.471
213,4197,0.204
213,4249,0.223
213,4287,0.594
213,4346,0.239
213,4348,0.326
213,4383,0.286
213,4550,0.221
213,4577,0.332
213,4673,0.343
213,4707,0.425
213,4732,0.485
213,4776,0.262
213,4876,0.314
213,4905,0.265
213,4922,0.313
213,5184,0.218
213,5492,0.202
213,5618,0.308
214,2894,0.236
214,5085,0.294
215,2408,0.253
216,2979,0.241
216,5119,0.221
217,1712,0.338
217,3359,0.231
217,3386,0.231
218,1013,0.201
218,1481,0.219
218,1960,0.217
218,3891,0.239
218,4464,0.305
218,5305,0.225
219,296,0.205
219,308,0.201
219,310,0.3
219,750,0.343
219,818,0.254
219,1236,0.307
219,1926,0.24
219,2682,0.259
219,2763,0.209
219,3145,0.316
219,3215,0.298
219,3372,0.229
219,3678,0.254
219,3833,0.332
219,4038,0.324
219,4805,0.206
219,5326,0.321
220,243,0.22
220,336,0.256
220,348,0.25
220,385,0.314
220,456,0.512
220,470,0.361
220,725,0.285
220,1032,0.221
220,1036,0.205
220,1176,0.386
220,1218,0.227
220,1413,0.339
220,1477,0.528
220,1609,0.206
220,1630,0.206
220,1741,0.299
220,1923,0.332
220,2072,0.374
220,2094,0.204
220,2199,0.21
220,2270,0.23
220,2349,0.361
220,2373,0.215
220,2622,0.517
220,2662,0.281
220,2683,0.231
220,2712,0.287
220,2747,0.277
220,2869,0.23
220,2941,0.343
220,2977,0.341
220,2990,0.228
220,3084,0.286
220,3250,0.238
220,3401,0.528
220,3402,0.222
220,3410,0.221
220,3708,0.326
220,3737,0.339
220,4130,0.296
220,4133,0.209
220,4302,0.411
220,4318,0.23
220,4492,0.222
220,4873,0.238
220,4939,0.25
220,5315,0.527
220,5362,0.201
220,5515,0.224
220,5551,0.342
220,5557,0.408
220,5621,0.233
222,610,0.433
222,2901,0.396
222,2992,0.548
222,4631,0.238
222,4920,0.393
222,5048,0.205
223,526,0.427
223,852,0.241
223,868,0.259
223,1056,0.207
223,1238,0.547
223,1592,0.56
223,1871,0.505
223,2047,0.467
223,2200,0.24
223,2266,0.433
223,2305,0.427
223,2327,0.475
223,2411,0.345
223,2449,0.203
223,2614,0.483
223,2641,0.297
223,2665,0.383
223,2812,0.294
223,2902,0.408
223,3129,0.539
223,3150,0.262
223,3172,0.392
223,3360,0.4
223,4069,0.568
223,4271,0.237
223,4293,0.631
223,4356,0.478
223,4402,0.256
223,4482,0.366
223,4556,0.52
223,4664,0.506
223,4701,0.213
223,4768,0.55
223,4774,0.477
223,4827,0.519
223,4894,0.467
223,4912,0.208
223,4924,0.439
223,4980,0.473
223,5037,0.347
223,5409,0.543
223,5413,0.248
223,5442,0.498
223,5458,0.575
224,2726,0.307
224,4017,0.226
224,4893,0.357
225,532,0.256
225,560,0.223
225,903,0.201
225,1017,0.281
225,1509,0.27
225,1581,0.258
225,1618,0.202
225,1706,0.438
225,1822,0.204
225,1856,0.258
225,2007,0.231
225,2139,0.293
225,2291,0.228
225,2417,0.294
225,2524,0.341
225,2702,0.234
225,2990,0.277
225,3100,0.234
225,3152,0.317
225,3533,0.238
225,3702,0.22
225,3731,0.294
225,4133,0.246
225,4146,0.257
225,4228,0.337
225,4454,0.223
225,4492,0.318
225,4498,0.202
225,4805,0.38
225,4907,0.213
225,5299,0.242
225,5515,0.305
226,395,0.238
226,2813,0.254
226,5425,0.502
228,1464,0.247
228,5164,0.204
228,5514,0.338
230,2125,0.234
230,2139,0.267
230,2417,0.206
230,2524,0.298
230,3299,0.26
230,3435,0.209
230,4454,0.228
230,4637,0.328
230,5066,0.206
230,5175,0.214
231,747,0.23
231,1148,0.264
231,1999,0.204
231,3459,0.232
232,1083,0.201
232,4677,0.211
235,532,0.229
235,927,0.237
235,1017,0.398
235,1479,0.244
235,2404,0.291
235,2977,0.208
235,3100,0.207
235,4333,0.217
235,4373,0.23
235,4378,0.296
235,4554,0.215
235,4869,0.247
235,5167,0.233
235,5399,0.565
236,834,0.212
236,4582,0.277
237,2741,0.324
237,3015,0.254
237,3305,0.331
237,4850,0.287
237,5491,0.326
237,5574,0.212
238,273,0.278
238,342,0.247
238,422,0.259
238,458,0.212
238,468,0.217
238,524,0.203
238,1115,0.306
238,1228,0.238
238,1289,0.238
238,1551,0.213
238,1650,0.205
238,1664,0.204
238,1720,0.442
238,1754,0.26
238,1816,0.279
238,1897,0.347
238,1949,0.217
238,1998,0.38
238,2076,0.228
238,2087,0.507
238,2350,0.242
238,2380,0.549
238,2400,0.388
238,2693,0.277
238,2767,0.228
238,2989,0.263
238,3050,0.216
238,3136,0.348
238,3137,0.37
238,3265,0.22
238,3336,0.201
238,3418,0.22
238,3480,0.285
238,3632,0.393
238,3783,0.35
238,3855,0.232
238,3894,0.365
238,4024,0.272
238,4279,0.259
238,4285,0.343
238,4295,0.277
238,4533,0.239
238,4567,0.403
238,4638,0.208
238,4684,0.293
238,4767,0.258
238,4864,0.505
238,4946,0.3
238,5118,0.212
238,5124,0.228
238,5312,0.217
238,5319,0.271
238,5470,0.3
238,5498,0.571
239,2433,0.224
239,2588,0.248
240,642,0.204
240,1239,0.212
240,1777,0.22
240,1936,0.22
240,2315,0.465
240,2484,0.261
240,3365,0.205
240,3701,0.233
240,5349,0.217
242,477,0.205
242,842,0.256
242,1678,0.299
242,1787,0.408
242,2458,0.335
242,2676,0.274
242,2722,0.365
242,2817,0.307
242,2956,0.242
242,2993,0.252
242,3229,0.397
242,3347,0.401
242,3393,0.338
242,3812,0.419
242,4447,0.204
242,5155,0.243
243,299,0.222
243,385,0.275
243,418,0.202
243,456,0.303
243,618,0.205
243,1477,0.305
243,1906,0.201
243,1923,0.202
243,2416,0.207
243,2622,0.201
243,2843,0.235
243,2941,0.235
243,2977,0.249
243,3401,0.288
243,3708,0.229
243,4097,0.221
243,4302,0.258
243,4449,0.212
246,1525,0.212
246,4063,0.201
247,348,0.286
247,506,0.204
247,620,0.204
247,697,0.217
247,748,0.251
247,1032,0.281
247,1176,0.241
247,1415,0.207
247,1563,0.212
247,2164,0.261
247,2373,0.277
247,2520,0.227
247,2521,0.308
247,2990,0.249
247,3052,0.227
247,3100,0.301
247,3402,0.22
247,3737,0.256
247,4180,0.219
247,4302,0.214
247,4492,0.22
247,4746,0.206
247,5043,0.227
247,5315,0.302
247,5326,0.267
247,5515,0.203
247,5551,0.273
247,5557,0.265
248,5634,0.238
249,360,0.229
249,536,0.205
249,1071,0.207
249,1075,0.235
249,1195,0.216
249,1392,0.375
249,1439,0.319
249,1445,0.202
249,1863,0.381
249,1880,0.368
249,1899,0.43
249,1902,0.23
249,1990,0.235
249,2096,0.224
249,2120,0.419
249,2230,0.241
249,2333,0.243
249,2621,0.37
249,2687,0.424
249,2809,0.25
249,2840,0.343
249,3016,0.203
249,3079,0.245
249,3138,0.214
249,3142,0.265
249,3243,0.223
249,3399,0.305
249,3459,0.412
249,3591,0.206
249,3682,0.252
249,4344,0.234
249,5385,0.44
249,5609,0.235
250,5085,0.233
251,1181,0.23
251,2313,0.214
251,3455,0.243
251,5062,0.22
252,4755,0.355
253,428,0.43
253,793,0.295
253,797,0.237
253,900,0.294
253,947,0.214
253,1190,0.399
253,1408,0.254
253,2032,0.353
253,2278,0.288
253,3208,0.336
253,4173,0.373
253,4244,0.266
253,4332,0.355
253,4856,0.262
253,4908,0.271
253,5546,0.457
254,1323,0.214
254,1332,0.218
254,2823,0.229
254,3940,0.208
254,4151,0.213
254,4311,0.239
255,1394,0.227
255,2854,0.209
256,347,0.289
256,451,0.305
256,836,0.262
256,899,0.39
256,1329,0.289
256,1511,0.201
256,1517,0.244
256,1591,0.204
256,1646,0.228
256,1732,0.317
256,1834,0.422
256,1990,0.494
256,2024,0.303
256,2066,0.392
256,2240,0.319
256,2502,0.414
256,2671,0.238
256,2714,0.209
256,2732,0.363
256,2801,0.266
256,2806,0.353
256,2844,0.239
256,2940,0.215
256,3080,0.312
256,3159,0.24
256,3275,0.285
256,3318,0.232
256,3340,0.219
256,3450,0.269
256,3723,0.38
256,3904,0.378
256,3923,0.275
256,3992,0.553
256,4226,0.464
256,4433,0.309
256,4569,0.213
256,4676,0.345
256,4857,0.586
256,5087,0.658
256,5141,0.367
256,5243,0.337
256,5290,0.26
257,1704,0.209
257,1719,0.201
257,3591,0.219
257,3681,0.253
257,3682,0.207
257,5597,0.218
260,590,0.221
260,1112,0.208
260,2587,0.236
260,2870,0.227
260,3245,0.292
260,5598,0.213
260,5612,0.216
261,5323,0.209
262,5128,0.351
263,1050,0.211
264,551,0.231
264,924,0.21
264,1347,0.261
264,1789,0.332
264,3178,0.367
264,4211,0.319
265,1074,0.215
265,1139,0.211
265,1486,0.239
265,1641,0.26
265,2033,0.226
265,2128,0.226
265,2212,0.248
265,2516,0.204
265,4090,0.236
265,4423,0.208
265,4543,0.217
265,4809,0.247
265,5077,0.254
265,5147,0.284
267,333,0.251
267,372,0.26
267,445,0.208
267,688,0.299
267,847,0.363
267,876,0.332
267,1071,0.37
267,1075,0.388
267,1195,0.207
267,1847,0.237
267,1976,0.203
267,2096,0.382
267,3243,0.283
267,3433,0.381
267,3626,0.241
267,3642,0.221
267,3872,0.276
267,3918,0.203
267,4029,0.443
267,4065,0.22
267,4417,0.294
267,4749,0.236
267,4984,0.444
267,5167,0.379
267,5301,0.257
267,5371,0.262
267,5394,0.235
267,5454,0.295
267,5640,0.388
268,915,0.216
268,1876,0.234
268,2740,0.313
268,3089,0.279
268,3095,0.226
268,3475,0.273
268,5014,0.208
268,5113,0.352
268,5286,0.303
269,3892,0.219
269,3964,0.212
269,4850,0.213
270,537,0.222
270,1112,0.215
270,2796,0.221
270,2875,0.264
270,3481,0.209
270,4523,0.23
270,4658,0.288
270,5178,0.332
270,5370,0.251
270,5526,0.288
270,5598,0.313
270,5613,0.212
270,5636,0.298
272,1504,0.23
272,3966,0.224
273,321,0.517
273,342,0.631
273,373,0.254
273,458,0.36
273,468,0.204
273,475,0.243
273,498,0.457
273,593,0.258
273,624,0.23
273,921,0.254
273,1002,0.335
273,1115,0.4
273,1289,0.304
273,1481,0.273
273,1519,0.312
273,1547,0.281
273,1551,0.329
273,1612,0.218
273,1650,0.321
273,1664,0.479
273,1720,0.42
273,1745,0.269
273,1754,0.672
273,1791,0.493
273,1816,0.504
273,1823,0.279
273,1897,0.248
273,1949,0.407
273,1960,0.22
273,1993,0.213
273,1998,0.219
273,2004,0.287
273,2076,0.316
273,2087,0.422
273,2223,0.232
273,2380,0.301
273,2400,0.301
273,2410,0.222
273,2439,0.325
273,2616,0.219
273,2668,0.239
273,2693,0.206
273,2756,0.271
273,2767,0.513
273,2792,0.401
273,2861,0.237
273,2904,0.267
273,2925,0.394
273,2960,0.267
273,2989,0.582
273,3019,0.251
273,3050,0.245
273,3161,0.349
273,3184,0.311
273,3281,0.313
273,3336,0.279
273,3385,0.246
273,3389,0.306
273,3438,0.227
273,3480,0.666
273,3510,0.333
273,3783,0.39
273,3816,0.365
273,3855,0.267
273,4245,0.208
273,4279,0.677
273,4285,0.447
273,4319,0.329
273,4421,0.275
273,4533,0.277
273,4535,0.211
273,4567,0.471
273,4657,0.216
273,4684,0.683
273,4692,0.225
273,4715,0.385
273,4767,0.614
273,4771,0.218
273,4864,0.525
273,4946,0.368
273,5124,0.364
273,5259,0.309
273,5312,0.49
273,5319,0.208
273,5489,0.254
273,5498,0.295
273,5568,0.318
273,5570,0.369
273,5571,0.385
274,1565,0.215
274,1800,0.271
274,1929,0.3
274,4770,0.515
274,5524,0.226
274,5574,0.205
275,1396,0.243
275,1764,0.565
275,2149,0.217
275,2588,0.422
275,2650,0.296
275,3824,0.517
275,3903,0.412
275,4116,0.419
275,4235,0.256
275,4495,0.201
275,4700,0.274
275,5321,0.398
275,5448,0.443
275,5604,0.521
276,741,0.222
276,4971,0.268
277,692,0.202
277,906,0.412
277,1028,0.424
277,1078,0.241
277,1695,0.339
277,2152,0.242
277,2252,0.289
277,5107,0.201
279,3213,0.222
279,5098,0.21
280,607,0.217
280,1703,0.227
280,2237,0.241
280,2669,0.249
280,3173,0.243
280,3696,0.296
280,3836,0.241
280,4122,0.202
280,4419,0.243
280,4863,0.467
280,5173,0.232
280,5204,0.205
280,5597,0.207
281,1241,0.205
282,886,0.236
282,1137,0.235
282,1321,0.216
282,2077,0.267
282,2643,0.212
282,3640,0.212
282,3791,0.213
282,3792,0.263
283,1662,0.201
285,401,0.229
285,722,0.266
285,2541,0.315
285,2618,0.33
285,2684,0.429
285,2884,0.29
285,4206,0.209
285,4518,0.265
285,4837,0.294
286,5190,0.486
287,586,0.491
288,769,0.24
288,1183,0.254
288,1321,0.232
288,1326,0.219
288,1705,0.214
288,1785,0.302
288,2511,0.202
288,2581,0.211
288,3785,0.244
288,3914,0.264
288,4682,0.23
288,4782,0.213
288,4959,0.237
289,2033,0.235
290,5337,0.246
291,1117,0.206
291,2901,0.201
291,3290,0.258
291,5188,0.212
292,373,0.217
292,475,0.262
292,484,0.291
292,709,0.311
292,796,0.256
292,1304,0.273
292,1481,0.378
292,1916,0.5
292,1960,0.355
292,2137,0.208
292,2223,0.45
292,2363,0.276
292,2410,0.207
292,2587,0.243
292,2672,0.256
292,2870,0.201
292,2904,0.481
292,2925,0.216
292,2979,0.205
292,3019,0.263
292,3754,0.217
292,3897,0.203
292,3907,0.226
292,4409,0.294
292,4441,0.329
292,4964,0.269
292,5489,0.217
295,385,0.224
295,418,0.389
295,470,0.203
295,697,0.263
295,1036,0.468
295,1176,0.243
295,1218,0.202
295,1413,0.331
295,1739,0.277
295,1860,0.247
295,1906,0.375
295,2072,0.242
295,2199,0.506
295,2270,0.236
295,2311,0.244
295,2662,0.3
295,2683,0.244
295,2747,0.244
295,2750,0.218
295,2864,0.216
295,3004,0.299
295,3084,0.228
295,3410,0.244
295,3637,0.332
295,3708,0.286
295,3737,0.326
295,3934,0.366
295,4130,0.221
295,4302,0.3
295,4873,0.248
295,4889,0.324
295,5315,0.205
295,5349,0.23
295,5362,0.209
295,5551,0.295
295,5557,0.235
296,300,0.329
296,442,0.256
296,509,0.215
296,548,0.297
296,571,0.232
296,721,0.202
296,837,0.224
296,841,0.259
296,955,0.267
296,1236,0.206
296,1503,0.205
296,1510,0.248
296,1520,0.382
296,1529,0.328
296,1660,0.418
296,1688,0.301
296,1767,0.303
296,2259,0.43
296,2300,0.266
296,2332,0.332
296,2390,0.252
296,2560,0.242
296,2699,0.253
296,2818,0.324
296,3076,0.356
296,3119,0.309
296,3131,0.335
296,3211,0.264
296,3564,0.236
296,3678,0.213
296,3694,0.205
296,4046,0.238
296,4096,0.249
296,4117,0.222
296,4460,0.365
296,4464,0.569
296,5068,0.233
296,5184,0.217
298,1482,0.216
298,1712,0.224
298,2017,0.221
298,2267,0.279
298,2786,0.276
298,3640,0.233
298,3726,0.218
298,3983,0.231
299,348,0.25
299,2072,0.204
299,2422,0.32
299,2622,0.233
299,3708,0.244
299,4097,0.204
299,5493,0.289
300,380,0.229
300,445,0.227
300,548,0.218
300,570,0.215
300,786,0.245
300,792,0.485
300,1043,0.205
300,1066,0.412
300,1130,0.315
300,1267,0.286
300,1385,0.221
300,1480,0.432
300,1510,0.216
300,1520,0.323
300,1525,0.298
300,1660,0.344
300,2259,0.333
300,2300,0.277
300,2332,0.364
300,2356,0.223
300,2560,0.407
300,2818,0.558
300,3076,0.279
300,3131,0.219
300,3211,0.376
300,3366,0.254
300,3504,0.32
300,3779,0.256
300,3893,0.35
300,4006,0.353
300,4096,0.213
300,4104,0.286
300,4198,0.431
300,4426,0.31
300,4460,0.253
300,4464,0.318
300,4600,0.387
300,4673,0.207
300,4812,0.232
300,5068,0.204
300,5149,0.283
300,5154,0.332
300,5184,0.255
300,5297,0.227
301,3576,0.217
301,5531,0.208
302,1498,0.327
302,4252,0.208
302,4317,0.218
303,860,0.207
303,3642,0.217
303,4229,0.209
303,5301,0.207
303,5532,0.206
304,899,0.224
304,1626,0.226
304,1733,0.259
304,1786,0.217
304,2292,0.249
304,3198,0.287
304,3209,0.259
304,3616,0.228
304,3660,0.259
304,3841,0.226
304,4313,0.211
304,4868,0.327
304,5005,0.21
304,5624,0.274
305,4752,0.227
305,5579,0.238
306,1292,0.223
306,3595,0.221
306,5383,0.233
308,310,0.378
308,569,0.251
308,746,0.23
308,799,0.296
308,877,0.285
308,891,0.471
308,987,0.243
308,1089,0.288
308,1257,0.293
308,1260,0.236
308,1262,0.224
308,1338,0.286
308,1403,0.329
308,1549,0.279
308,1576,0.202
308,1603,0.36
308,1658,0.262
308,1666,0.461
308,1692,0.528
308,1702,0.47
308,1714,0.257
308,1757,0.349
308,1804,0.339
308,1873,0.264
308,1988,0.258
308,1994,0.221
308,2290,0.207
308,2297,0.277
308,2391,0.304
308,2446,0.297
308,2470,0.454
308,2525,0.452
308,2586,0.204
308,2609,0.456
308,2700,0.258
308,2708,0.215
308,2763,0.561
308,2858,0.346
308,2896,0.203
308,2959,0.28
308,2978,0.231
308,3052,0.212
308,3145,0.354
308,3215,0.24
308,3272,0.246
308,3291,0.285
308,3372,0.28
308,3497,0.26
308,3985,0.265
308,4177,0.217
308,4383,0.327
308,4550,0.313
308,4577,0.304
308,4627,0.293
308,4707,0.346
308,4732,0.227
308,4776,0.209
308,4876,0.208
308,4910,0.289
308,4948,0.223
308,5227,0.388
308,5250,0.238
308,5308,0.202
308,5565,0.477
308,5618,0.25
310,569,0.208
310,576,0.208
310,891,0.356
310,987,0.252
310,1089,0.223
310,1549,0.282
310,1603,0.26
310,1658,0.221
310,1666,0.24
310,1692,0.346
310,1714,0.233
310,1726,0.211
310,1757,0.207
310,1804,0.252
310,1873,0.251
310,2085,0.202
310,2470,0.245
310,2525,0.262
310,2609,0.232
310,2682,0.224
310,2708,0.214
310,2763,0.288
310,2858,0.259
310,2959,0.221
310,3145,0.369
310,3215,0.269
310,3372,0.255
310,4005,0.226
310,4038,0.246
310,4177,0.208
310,4287,0.229
310,4383,0.252
310,4550,0.331
310,4707,0.211
310,4746,0.277
310,5326,0.236
310,5431,0.242
313,568,0.235
313,663,0.243
313,908,0.208
313,1063,0.204
313,1200,0.472
313,1252,0.31
313,1764,0.296
313,1894,0.237
313,2030,0.226
313,2149,0.224
313,2588,0.451
313,2617,0.224
313,2650,0.371
313,2853,0.241
313,3275,0.201
313,3546,0.259
313,3728,0.451
313,3729,0.244
313,4037,0.208
313,4041,0.25
313,4297,0.258
313,4321,0.22
313,4363,0.254
313,4495,0.228
313,4688,0.328
313,4758,0.341
313,4965,0.257
313,5180,0.328
313,5321,0.205
313,5336,0.268
313,5448,0.491
313,5576,0.347
313,5604,0.451
314,1090,0.263
314,2930,0.23
315,556,0.341
315,707,0.219
315,869,0.222
315,2056,0.215
315,2115,0.227
315,3194,0.221
315,3755,0.254
315,3983,0.218
315,4152,0.226
315,4846,0.305
315,4995,0.266
316,543,0.298
316,1346,0.305
316,2045,0.206
316,2435,0.387
316,3143,0.238
316,3275,0.25
316,4361,0.258
316,5523,0.223
317,372,0.218
317,657,0.21
317,1015,0.217
317,1997,0.259
317,2204,0.22
317,2311,0.219
317,3206,0.219
317,3490,0.203
317,3642,0.264
317,3763,0.254
317,3834,0.271
317,3849,0.256
317,3886,0.237
317,3981,0.258
317,4070,0.268
317,4229,0.231
317,4322,0.214
317,4414,0.211
317,4940,0.245
317,5130,0.213
317,5301,0.273
317,5371,0.397
317,5394,0.321
317,5454,0.35
318,888,0.27
318,2044,0.236
318,2933,0.215
318,5287,0.296
318,5517,0.215
318,5617,0.216
319,321,0.28
319,342,0.242
319,458,0.302
319,468,0.202
319,1115,0.214
319,1481,0.223
319,1551,0.253
319,1650,0.213
319,1664,0.293
319,1720,0.252
319,1754,0.296
319,1791,0.261
319,1916,0.204
319,1949,0.221
319,1960,0.212
319,2087,0.276
319,2439,0.249
319,2767,0.326
319,2925,0.205
319,3050,0.337
319,3136,0.211
319,3418,0.255
319,3438,0.31
319,3480,0.303
319,3510,0.281
319,3632,0.237
319,3783,0.208
319,3816,0.209
319,3913,0.207
319,4279,0.304
319,4533,0.233
319,4567,0.258
319,4684,0.342
319,4692,0.25
319,4767,0.242
319,4864,0.235
319,5105,0.282
319,5305,0.223
319,5312,0.215
320,488,0.204
320,541,0.276
320,683,0.264
320,1914,0.224
320,2371,0.306
320,2533,0.222
320,2942,0.349
320,3415,0.357
320,3704,0.256
320,3949,0.339
320,4013,0.251
320,4256,0.208
320,4360,0.28
320,4366,0.212
320,4615,0.207
320,4759,0.322
320,4859,0.213
320,4972,0.233
320,5023,0.236
320,5057,0.25
320,5274,0.261
320,5356,0.244
321,342,0.431
321,458,0.237
321,498,0.282
321,689,0.201
321,921,0.23
321,1002,0.27
321,1115,0.264
321,1269,0.204
321,1289,0.208
321,1547,0.295
321,1551,0.262
321,1612,0.239
321,1650,0.239
321,1664,0.413
321,1720,0.223
321,1754,0.467
321,1791,0.416
321,1816,0.507
321,1823,0.242
321,1916,0.206
321,1949,0.3
321,2004,0.426
321,2087,0.233
321,2350,0.201
321,2400,0.275
321,2439,0.437
321,2600,0.215
321,2767,0.339
321,2792,0.201
321,2925,0.232
321,2989,0.516
321,3050,0.202
321,3161,0.438
321,3184,0.209
321,3281,0.246
321,3389,0.215
321,3418,0.553
321,3480,0.42
321,3510,0.201
321,3632,0.202
321,3665,0.211
321,3816,0.446
321,3855,0.259
321,4233,0.236
321,4279,0.392
321,4285,0.226
321,4319,0.263
321,4403,0.211
321,4421,0.228
321,4533,0.201
321,4567,0.325
321,4684,0.445
321,4692,0.415
321,4715,0.265
321,4767,0.38
321,4803,0.22
321,4850,0.224
321,4864,0.236
321,4946,0.352
321,5105,0.363
321,5118,0.249
321,5312,0.31
321,5498,0.232
321,5570,0.325
321,5571,0.326
321,5631,0.411
322,438,0.239
322,4571,0.207
323,2576,0.258
324,620,0.218
324,1137,0.205
324,3435,0.234
324,3733,0.208
324,4466,0.221
324,4637,0.308
325,3865,0.41
325,4224,0.201
326,683,0.236
326,1292,0.307
326,1494,0.237
326,1611,0.233
326,2010,0.278
326,2369,0.226
326,2371,0.233
326,3102,0.258
326,3248,0.204
326,3671,0.233
326,4256,0.206
326,4634,0.217
326,4740,0.219
326,4791,0.209
326,4897,0.241
326,4972,0.217
326,5115,0.32
326,5383,0.273
326,5511,0.207
327,4145,0.321
327,5301,0.211
328,4048,0.215
332,1118,0.319
332,1387,0.272
332,1643,0.32
332,1665,0.211
332,2229,0.253
332,2880,0.224
332,2995,0.312
333,688,0.216
333,847,0.307
333,876,0.325
333,1071,0.417
333,1075,0.426
333,1529,0.28
333,1829,0.235
333,1847,0.433
333,2096,0.386
333,3097,0.576
333,3243,0.286
333,3433,0.328
333,3872,0.301
333,3918,0.214
333,4029,0.295
333,4417,0.3
333,4485,0.269
333,4984,0.29
333,5167,0.369
333,5640,0.361
334,3322,0.221
335,1295,0.291
335,1397,0.249
336,385,0.273
336,456,0.312
336,470,0.44
336,621,0.243
336,697,0.216
336,725,0.49
336,1176,0.508
336,1413,0.332
336,1477,0.341
336,1741,0.271
336,1923,0.329
336,2072,0.38
336,2094,0.251
336,2270,0.227
336,2349,0.556
336,2622,0.253
336,2662,0.214
336,2747,0.215
336,2750,0.202
336,2869,0.328
336,2941,0.514
336,2977,0.227
336,3052,0.221
336,3084,0.222
336,3219,0.205
336,3401,0.31
336,3410,0.201
336,3637,0.253
336,3708,0.291
336,3737,0.431
336,4097,0.211
336,4130,0.276
336,4202,0.219
336,4302,0.271
336,4318,0.49
336,4491,0.357
336,4939,0.404
336,5307,0.253
336,5315,0.276
336,5362,0.271
336,5551,0.267
336,5557,0.261
336,5621,0.202
337,646,0.207
337,5561,0.249
337,5636,0.235
338,1350,0.276
338,1424,0.259
338,1447,0.225
338,1712,0.279
338,2280,0.25
338,2287,0.213
338,2450,0.206
338,3916,0.225
339,470,0.203
339,552,0.252
339,632,0.411
339,642,0.212
339,910,0.254
339,1176,0.231
339,1413,0.213
339,1560,0.215
339,1563,0.258
339,1777,0.22
339,1963,0.25
339,2072,0.241
339,2349,0.255
339,2493,0.274
339,2569,0.293
339,2941,0.226
339,3250,0.215
339,3339,0.207
339,3534,0.268
339,3737,0.23
339,4302,0.212
339,4440,0.247
339,4797,0.308
339,5315,0.205
339,5334,0.381
339,5551,0.239
339,5557,0.275
340,2594,0.203
340,5280,0.211
341,390,0.362
341,496,0.254
341,1148,0.336
341,1179,0.428
341,1429,0.206
341,1453,0.204
341,1745,0.207
341,2282,0.219
341,3204,0.252
341,3426,0.334
341,3483,0.373
341,4064,0.202
341,4245,0.239
341,4590,0.206
341,5165,0.346
341,5215,0.528
341,5566,0.522
342,458,0.327
342,498,0.524
342,624,0.255
342,921,0.204
342,1002,0.395
342,1013,0.241
342,1115,0.332
342,1289,0.294
342,1411,0.224
342,1481,0.209
342,1519,0.234
342,1547,0.32
342,1551,0.307
342,1612,0.206
342,1650,0.279
342,1664,0.501
342,1720,0.31
342,1745,0.258
342,1754,0.703
342,1791,0.384
342,1816,0.472
342,1823,0.266
342,1949,0.417
342,1960,0.234
342,2004,0.25
342,2076,0.261
342,2087,0.367
342,2380,0.254
342,2400,0.342
342,2439,0.35
342,2668,0.226
342,2693,0.226
342,2756,0.234
342,2767,0.41
342,2792,0.286
342,2925,0.213
342,2960,0.212
342,2989,0.72
342,3050,0.261
342,3082,0.207
342,3136,0.364
342,3161,0.339
342,3184,0.292
342,3265,0.207
342,3281,0.426
342,3336,0.245
342,3385,0.231
342,3389,0.261
342,3418,0.414
342,3438,0.216
342,3480,0.562
342,3510,0.246
342,3632,0.411
342,3665,0.21
342,3783,0.259
342,3816,0.335
342,3855,0.316
342,4042,0.21
342,4279,0.523
342,4285,0.319
342,4319,0.291
342,4533,0.318
342,4567,0.462
342,4638,0.204
342,4684,0.646
342,4692,0.3
342,4715,0.343
342,4767,0.565
342,4771,0.231
342,4850,0.257
342,4864,0.363
342,4946,0.404
342,5002,0.359
342,5105,0.453
342,5118,0.267
342,5259,0.311
342,5305,0.212
342,5312,0.402
342,5318,0.302
342,5470,0.232
342,5489,0.201
342,5498,0.276
342,5568,0.243
342,5570,0.44
342,5571,0.431
342,5631,0.282
344,4849,0.254
344,5530,0.287
345,506,0.229
345,1717,0.25
345,3241,0.205
346,2846,0.223
346,2951,0.254
346,4248,0.264
346,4258,0.219
346,4503,0.248
346,4926,0.285
346,5386,0.423
347,836,0.295
347,899,0.32
347,1138,0.213
347,1329,0.359
347,1511,0.321
347,1646,0.236
347,1732,0.288
347,1834,0.259
347,1961,0.306
347,1990,0.274
347,2024,0.348
347,2066,0.314
347,2240,0.279
347,2361,0.325
347,2502,0.291
347,2732,0.34
347,2801,0.34
347,2806,0.331
347,3275,0.232
347,3450,0.313
347,3712,0.255
347,3923,0.321
347,3992,0.26
347,4187,0.245
347,4226,0.279
347,4433,0.221
347,4676,0.278
347,4691,0.289
347,4857,0.467
347,5087,0.5
347,5141,0.303
347,5174,0.37
347,5243,0.308
347,5290,0.294
347,5441,0.201
348,385,0.222
348,392,0.214
348,418,0.234
348,430,0.221
348,456,0.241
348,470,0.24
348,560,0.214
348,618,0.29
348,621,0.212
348,770,0.28
348,894,0.254
348,1001,0.211
348,1014,0.226
348,1017,0.228
348,1032,0.267
348,1036,0.217
348,1260,0.214
348,1351,0.276
348,1413,0.331
348,1415,0.262
348,1477,0.261
348,1479,0.201
348,1741,0.27
348,1906,0.227
348,2010,0.226
348,2072,0.212
348,2199,0.265
348,2270,0.365
348,2291,0.3
348,2349,0.237
348,2404,0.212
348,2497,0.245
348,2513,0.293
348,2622,0.349
348,2662,0.202
348,2750,0.22
348,2843,0.242
348,2941,0.258
348,2977,0.208
348,2978,0.221
348,3401,0.266
348,3402,0.272
348,3410,0.234
348,3448,0.289
348,3497,0.201
348,3533,0.225
348,3702,0.234
348,3708,0.327
348,3814,0.263
348,4097,0.252
348,4133,0.318
348,4146,0.201
348,4228,0.264
348,4302,0.234
348,4318,0.207
348,5043,0.384
348,5193,0.23
348,5399,0.306
348,5551,0.264
349,1556,0.228
349,3116,0.221
350,3010,0.202
350,3573,0.222
352,2186,0.201
352,3459,0.231
353,1205,0.267
353,3089,0.221
353,4301,0.302
353,5208,0.35
354,530,0.214
354,3419,0.466
354,4896,0.262
354,5176,0.221
355,683,0.225
355,1000,0.213
355,1221,0.203
355,1494,0.28
355,1542,0.314
355,1914,0.234
355,2075,0.273
355,2198,0.28
355,2245,0.206
355,2942,0.293
355,3490,0.206
355,3732,0.299
355,4013,0.244
355,4156,0.312
355,4225,0.203
355,4256,0.324
355,4366,0.287
355,4526,0.204
355,4581,0.289
355,4705,0.504
355,4713,0.252
355,5115,0.26
355,5333,0.246
355,5356,0.214
355,5510,0.238
356,912,0.331
356,963,0.259
356,973,0.23
356,1095,0.217
356,1594,0.301
356,2103,0.305
356,2931,0.234
356,3405,0.343
356,4335,0.363
356,4548,0.22
356,4557,0.279
356,4642,0.24
356,4717,0.305
356,4806,0.25
356,5251,0.277
357,710,0.215
357,930,0.561
357,1704,0.207
357,1966,0.513
357,3514,0.393
358,1705,0.443
358,1852,0.334
358,2085,0.298
358,2261,0.204
358,3102,0.213
358,3343,0.292
358,4718,0.251
358,5520,0.309
359,526,0.213
359,596,0.303
359,852,0.366
359,934,0.202
359,1299,0.219
359,1563,0.216
359,1671,0.355
359,1871,0.279
359,2200,0.218
359,2266,0.3
359,2327,0.341
359,2493,0.206
359,2569,0.214
359,2641,0.34
359,3100,0.276
359,3172,0.24
359,3360,0.252
359,3744,0.239
359,3750,0.264
359,4069,0.211
359,4356,0.331
359,4402,0.458
359,4492,0.219
359,4556,0.341
359,4774,0.267
359,4797,0.213
359,4827,0.221
359,4894,0.365
359,5037,0.211
359,5043,0.216
359,5150,0.315
359,5299,0.201
359,5413,0.264
359,5442,0.222
359,5515,0.207
360,536,0.216
360,856,0.275
360,1392,0.35
360,1439,0.255
360,1863,0.27
360,1880,0.262
360,1899,0.255
360,2120,0.285
360,2230,0.225
360,2333,0.238
360,2547,0.203
360,2621,0.527
360,2687,0.34
360,2840,0.228
360,3459,0.229
360,4344,0.207
360,5385,0.368
360,5627,0.217
361,2314,0.203
361,3108,0.202
362,391,0.234
362,587,0.222
362,723,0.208
362,798,0.23
362,1064,0.419
362,1451,0.205
362,1643,0.225
362,1707,0.369
362,2035,0.202
362,2054,0.201
362,2082,0.251
362,2229,0.215
362,2593,0.211
362,2723,0.201
362,3975,0.238
362,4110,0.273
362,4430,0.275
362,4456,0.292
362,4814,0.307
362,4856,0.206
362,4942,0.215
363,1250,0.218
363,1486,0.223
363,2158,0.216
363,2166,0.236
363,3392,0.239
363,3669,0.223
363,3732,0.24
363,3761,0.258
363,3870,0.204
363,4261,0.239
364,1772,0.272
364,1841,0.205
364,2042,0.295
364,2144,0.341
364,2215,0.25
364,2505,0.354
364,2548,0.303
364,2762,0.257
364,3120,0.286
364,3755,0.223
364,3954,0.237
364,3996,0.318
364,5005,0.214
364,5011,0.366
364,5426,0.219
365,2429,0.329
366,782,0.266
366,4085,0.245
366,4123,0.316
366,4971,0.201
368,545,0.301
368,980,0.296
368,997,0.21
368,1139,0.242
368,1177,0.215
368,1486,0.237
368,2158,0.311
368,2260,0.259
368,2370,0.258
368,2423,0.252
368,2516,0.253
368,2647,0.36
368,3022,0.274
368,3274,0.23
368,3524,0.205
368,3669,0.317
368,3732,0.283
368,3870,0.263
368,4435,0.521
368,4495,0.22
368,4888,0.314
368,5117,0.241
368,5406,0.258
369,1193,0.286
369,1874,0.227
369,3290,0.222
369,3432,0.257
369,3618,0.215
369,3965,0.213
369,4194,0.201
369,4999,0.282
370,718,0.557
370,742,0.283
370,959,0.285
370,1016,0.238
370,1136,0.439
370,1430,0.418
370,2471,0.443
370,2607,0.368
370,3012,0.328
370,3780,0.422
370,3829,0.497
370,4027,0.499
370,4061,0.44
370,4449,0.273
370,4644,0.565
371,471,0.221
371,5301,0.222
372,657,0.247
372,693,0.306
372,835,0.306
372,1015,0.25
372,1171,0.332
372,1188,0.249
372,1239,0.202
372,1335,0.21
372,1388,0.279
372,1534,0.208
372,1997,0.236
372,2311,0.237
372,2440,0.224
372,2491,0.233
372,2499,0.235
372,2768,0.267
372,3206,0.311
372,3445,0.203
372,3490,0.209
372,3611,0.246
372,3642,0.247
372,3886,0.235
372,3953,0.282
372,4014,0.314
372,4016,0.216
372,4070,0.283
372,4106,0.259
372,4146,0.205
372,4229,0.201
372,4589,0.22
372,4678,0.249
372,5301,0.423
372,5371,0.203
372,5394,0.237
372,5558,0.388
373,475,0.219
373,484,0.589
373,624,0.204
373,626,0.275
373,796,0.408
373,1110,0.47
373,1161,0.253
373,1232,0.201
373,1304,0.606
373,1384,0.376
373,1431,0.201
373,1481,0.392
373,1525,0.29
373,1655,0.21
373,1660,0.302
373,1681,0.205
373,1688,0.26
373,1916,0.305
373,1960,0.37
373,2195,0.205
373,2223,0.424
373,2363,0.261
373,2668,0.218
373,2751,0.212
373,2767,0.236
373,2904,0.245
373,2925,0.207
373,3014,0.233
373,3076,0.212
373,3632,0.234
373,4002,0.209
373,4224,0.208
373,4426,0.256
373,4548,0.298
373,4877,0.295
373,5305,0.236
373,5377,0.209
373,5568,0.312
373,5572,0.214
374,587,0.202
374,1118,0.237
374,4032,0.23
375,2478,0.291
375,3966,0.241
376,1961,0.213
376,2024,0.311
376,2262,0.269
376,2435,0.235
376,2712,0.325
376,2718,0.209
376,3318,0.281
376,3961,0.227
376,4782,0.24
376,4903,0.252
376,5220,0.205
377,1712,0.408
377,3983,0.21
378,478,0.353
379,864,0.305
379,1201,0.269
379,1703,0.246
379,2682,0.244
379,2893,0.216
379,3082,0.207
379,3173,0.207
379,3848,0.241
379,4630,0.221
379,4813,0.383
379,5204,0.285
380,570,0.223
380,624,0.267
380,694,0.264
380,786,0.37
380,792,0.351
380,1043,0.395
380,1066,0.384
380,1385,0.425
380,1480,0.397
380,1520,0.386
380,1744,0.327
380,2259,0.253
380,2332,0.424
380,2356,0.592
380,2552,0.217
380,2818,0.26
380,3119,0.289
380,3211,0.466
380,3212,0.271
380,3366,0.385
380,3439,0.472
380,3465,0.215
380,3504,0.418
380,3577,0.357
380,3779,0.512
380,4426,0.366
380,4464,0.231
380,4600,0.517
380,4812,0.294
380,5149,0.468
380,5219,0.205
382,610,0.33
382,729,0.235
382,1753,0.419
382,4475,0.205
382,5350,0.33
382,5435,0.226
382,5624,0.259
383,2686,0.214
383,5086,0.252
383,5634,0.269
384,3734,0.222
385,430,0.217
385,456,0.44
385,470,0.295
385,618,0.257
385,621,0.215
385,660,0.204
385,725,0.267
385,748,0.28
385,894,0.314
385,1019,0.244
385,1032,0.337
385,1036,0.236
385,1089,0.207
385,1176,0.34
385,1260,0.293
385,1413,0.43
385,1415,0.29
385,1477,0.467
385,1741,0.276
385,1860,0.211
385,1906,0.238
385,1923,0.284
385,2058,0.291
385,2072,0.29
385,2164,0.374
385,2199,0.231
385,2215,0.216
385,2270,0.531
385,2291,0.207
385,2349,0.249
385,2373,0.358
385,2493,0.206
385,2497,0.35
385,2622,0.304
385,2750,0.351
385,2843,0.238
385,2869,0.237
385,2941,0.318
385,2977,0.461
385,2978,0.335
385,2990,0.268
385,3033,0.281
385,3052,0.285
385,3144,0.247
385,3219,0.318
385,3395,0.222
385,3401,0.439
385,3402,0.285
385,3410,0.317
385,3448,0.241
385,3452,0.235
385,3637,0.254
385,3708,0.5
385,3737,0.534
385,4097,0.395
385,4133,0.214
385,4180,0.314
385,4302,0.372
385,4318,0.219
385,4346,0.209
385,4383,0.203
385,4492,0.302
385,4577,0.301
385,4776,0.224
385,4873,0.262
385,4876,0.254
385,4939,0.204
385,4945,0.333
385,5315,0.415
385,5326,0.292
385,5362,0.209
385,5515,0.304
385,5551,0.379
385,5557,0.341
385,5618,0.261
385,5621,0.387
387,762,0.236
389,465,0.243
389,544,0.229
389,591,0.419
389,1310,0.245
389,1404,0.203
389,1711,0.238
389,2825,0.268
389,3064,0.207
389,3501,0.301
389,3735,0.317
389,3815,0.204
389,3884,0.289
389,3966,0.223
389,4652,0.271
389,4799,0.215
389,4899,0.309
389,5026,0.208
389,5062,0.264
390,496,0.227
390,1148,0.243
390,1179,0.337
390,1353,0.204
390,1453,0.202
390,1954,0.226
390,2282,0.21
390,3204,0.203
390,3426,0.261
390,3483,0.402
390,4245,0.218
390,5165,0.428
390,5215,0.443
390,5560,0.217
390,5566,0.359
391,494,0.215
391,521,0.215
391,992,0.223
391,2061,0.259
391,4189,0.212
391,5015,0.266
391,5355,0.205
391,5513,0.216
392,934,0.215
392,1017,0.267
392,1112,0.232
392,1415,0.256
392,1597,0.235
392,2058,0.221
392,2233,0.206
392,2270,0.32
392,2417,0.211
392,2750,0.261
392,2875,0.215
392,3387,0.339
392,3402,0.206
392,3410,0.259
392,3702,0.307
392,3731,0.221
392,4097,0.214
392,5043,0.256
392,5551,0.255
393,1052,0.252
393,3595,0.243
393,4915,0.219
393,5579,0.244
393,5587,0.214
393,5619,0.317
393,5635,0.211
395,2813,0.219
395,3170,0.224
395,5425,0.439
396,494,0.224
396,707,0.203
396,1482,0.257
396,1985,0.29
396,2056,0.204
396,2268,0.288
396,2280,0.231
396,2786,0.3
396,2841,0.296
396,3120,0.211
396,3244,0.296
396,3437,0.258
396,4123,0.221
396,4662,0.227
396,4663,0.302
396,4759,0.235
396,4846,0.24
396,5198,0.206
396,5346,0.217
396,5427,0.257
396,5500,0.216
397,1674,0.207
398,676,0.207
398,990,0.271
398,1774,0.425
398,1968,0.426
398,2016,0.332
398,2511,0.383
398,2645,0.251
398,3089,0.239
398,3601,0.203
398,3643,0.319
398,4521,0.412
398,4949,0.304
399,4807,0.202
399,5349,0.219
399,5568,0.254
401,722,0.347
401,914,0.271
401,983,0.283
401,1055,0.21
401,1759,0.215
401,1944,0.214
401,2147,0.201
401,2160,0.237
401,2235,0.279
401,2508,0.241
401,2526,0.28
401,2684,0.346
401,2884,0.381
401,2981,0.214
401,3055,0.226
401,3290,0.259
401,4518,0.24
401,4734,0.216
401,4855,0.227
401,4999,0.298
401,5044,0.232
401,5156,0.232
401,5497,0.202
401,5545,0.258
402,4793,0.212
402,5131,0.25
403,610,0.224
403,1709,0.205
403,1792,0.26
403,1973,0.205
403,3771,0.217
403,5054,0.224
403,5435,0.252
404,3948,0.395
404,5553,0.205
404,5619,0.248
406,506,0.208
406,620,0.416
406,1003,0.229
406,1116,0.503
406,2521,0.243
406,2592,0.45
406,3165,0.284
406,3311,0.239
406,3435,0.21
406,4077,0.299
406,4419,0.206
406,4746,0.428
406,4770,0.208
406,5242,0.21
406,5524,0.432
406,5535,0.22
407,2761,0.239
408,2892,0.33
408,2927,0.515
408,3827,0.238
408,5411,0.271
409,2907,0.276
409,4048,0.408
410,2363,0.215
410,2432,0.211
410,3000,0.23
410,3133,0.202
410,3190,0.208
410,5561,0.21
410,5619,0.425
410,5636,0.332
411,4658,0.266
411,5613,0.213
413,902,0.216
413,2479,0.266
413,2576,0.29
413,4306,0.3
414,5093,0.216
416,1505,0.249
416,3762,0.232
417,853,0.201
418,621,0.239
418,1036,0.491
418,1413,0.351
418,1415,0.294
418,1741,0.225
418,1906,0.421
418,1923,0.204
418,2006,0.3
418,2058,0.247
418,2072,0.229
418,2199,0.6
418,2270,0.342
418,2349,0.221
418,2662,0.238
418,2683,0.22
418,2747,0.241
418,2750,0.321
418,2843,0.398
418,3219,0.215
418,3402,0.239
418,3410,0.365
418,3637,0.317
418,3708,0.334
418,3737,0.261
418,3934,0.393
418,4097,0.329
418,4130,0.231
418,4302,0.241
418,5043,0.258
418,5551,0.279
419,3657,0.48
419,4848,0.348
419,5531,0.279
421,4362,0.338
422,1612,0.282
422,1720,0.219
422,1897,0.257
422,2380,0.231
422,5319,0.239
423,908,0.257
423,1644,0.282
423,3112,0.216
425,1436,0.219
425,3404,0.234
425,4790,0.224
425,4966,0.384
426,2724,0.238
427,5518,0.217
428,793,0.4
428,797,0.238
428,900,0.306
428,947,0.217
428,1190,0.505
428,1408,0.248
428,2032,0.356
428,2278,0.309
428,2734,0.206
428,2901,0.325
428,3208,0.377
428,3925,0.238
428,4173,0.288
428,4244,0.344
428,4332,0.388
428,4856,0.338
428,4908,0.316
428,5546,0.511
429,647,0.275
429,2420,0.235
429,3959,0.21
429,4287,0.202
429,4348,0.212
429,4922,0.209
429,5405,0.353
429,5452,0.261
430,456,0.249
430,618,0.381
430,660,0.344
430,770,0.441
430,1019,0.448
430,1032,0.307
430,1176,0.279
430,1413,0.219
430,1477,0.24
430,1563,0.214
430,1941,0.278
430,2058,0.204
430,2373,0.215
430,2558,0.204
430,2622,0.205
430,2885,0.385
430,3100,0.23
430,3401,0.262
430,3448,0.396
430,3452,0.428
430,3534,0.21
430,3703,0.232
430,3708,0.201
430,3737,0.223
430,4440,0.216
430,4797,0.226
430,5315,0.389
430,5399,0.248
430,5515,0.206
430,5557,0.201
431,4778,0.211
432,4504,0.31
434,1407,0.201
434,3102,0.256
436,530,0.216
436,1039,0.49
436,1087,0.663
436,2621,0.218
436,2651,0.455
436,2760,0.239
436,2920,0.475
436,3329,0.271
436,3484,0.531
436,4128,0.537
436,4325,0.429
436,4344,0.217
436,4528,0.215
436,5101,0.637
436,5154,0.208
437,2262,0.202
437,2418,0.273
437,2753,0.237
437,4160,0.202
438,2140,0.22
438,3832,0.222
438,4327,0.252
438,4446,0.225
438,4450,0.204
440,4125,0.289
441,1383,0.227
441,1567,0.296
441,2002,0.23
441,2191,0.301
441,2820,0.388
441,3276,0.328
441,4287,0.264
442,4877,0.205
444,1280,0.208
445,1239,0.262
445,2311,0.202
445,2440,0.221
445,3490,0.294
445,5371,0.255
445,5394,0.228
445,5454,0.223
447,5064,0.219
448,900,0.209
448,939,0.236
448,1851,0.207
448,2278,0.211
448,2526,0.226
448,4855,0.229
448,5044,0.238
448,5089,0.232
448,5156,0.207
448,5548,0.253
450,2521,0.218
451,543,0.22
451,757,0.236
451,1329,0.241
451,1511,0.219
451,1517,0.318
451,1834,0.237
451,1990,0.325
451,2062,0.26
451,2066,0.273
451,2093,0.213
451,2502,0.344
451,2732,0.239
451,2801,0.212
451,2844,0.353
451,3080,0.393
451,3275,0.34
451,3318,0.441
451,3450,0.206
451,3578,0.225
451,3786,0.22
451,3923,0.231
451,3992,0.281
451,4226,0.309
451,4361,0.232
451,4433,0.365
451,4676,0.225
451,4756,0.377
451,4782,0.271
451,4857,0.447
451,5087,0.5
451,5141,0.35
451,5174,0.245
451,5263,0.207
451,5304,0.244
452,758,0.219
452,3035,0.262
452,3601,0.216
452,5468,0.205
453,5109,0.202
453,5114,0.247
454,1370,0.285
454,3222,0.209
454,3330,0.219
454,4941,0.221
454,4971,0.209
456,470,0.345
456,618,0.233
456,621,0.211
456,660,0.261
456,697,0.227
456,725,0.373
456,770,0.262
456,1019,0.274
456,1032,0.281
456,1176,0.426
456,1413,0.343
456,1477,0.628
456,1741,0.312
456,1923,0.386
456,2058,0.233
456,2072,0.399
456,2094,0.207
456,2164,0.21
456,2270,0.267
456,2291,0.214
456,2349,0.371
456,2373,0.24
456,2497,0.233
456,2622,0.466
456,2662,0.285
456,2683,0.207
456,2747,0.264
456,2750,0.212
456,2869,0.246
456,2885,0.224
456,2941,0.39
456,2977,0.449
456,2978,0.223
456,2990,0.258
456,3052,0.263
456,3084,0.239
456,3144,0.215
456,3219,0.221
456,3250,0.236
456,3395,0.212
456,3401,0.641
456,3402,0.223
456,3410,0.229
456,3448,0.247
456,3452,0.308
456,3708,0.363
456,3737,0.393
456,3861,0.203
456,4097,0.305
456,4130,0.259
456,4133,0.224
456,4302,0.403
456,4318,0.3
456,4492,0.23
456,4939,0.328
456,5315,0.566
456,5326,0.216
456,5362,0.263
456,5399,0.298
456,5515,0.216
456,5551,0.336
456,5557,0.395
456,5621,0.25
457,577,0.486
457,1507,0.227
457,2237,0.22
457,2373,0.218
457,2507,0.32
457,4202,0.452
457,4474,0.486
457,4599,0.491
457,5326,0.219
458,482,0.203
458,498,0.241
458,807,0.208
458,1002,0.268
458,1115,0.206
458,1289,0.203
458,1551,0.253
458,1664,0.353
458,1720,0.302
458,1754,0.348
458,1791,0.242
458,1816,0.385
458,1916,0.201
458,1927,0.218
458,1949,0.213
458,1993,0.424
458,2004,0.222
458,2087,0.306
458,2350,0.206
458,2439,0.22
458,2693,0.242
458,2767,0.296
458,2792,0.236
458,2925,0.233
458,2989,0.314
458,3019,0.235
458,3136,0.261
458,3161,0.234
458,3265,0.233
458,3281,0.226
458,3418,0.304
458,3438,0.206
458,3480,0.368
458,3510,0.446
458,3632,0.326
458,3783,0.228
458,3816,0.269
458,4279,0.38
458,4295,0.253
458,4319,0.333
458,4400,0.216
458,4567,0.311
458,4684,0.392
458,4692,0.217
458,4714,0.206
458,4767,0.298
458,4864,0.253
458,4946,0.329
458,5105,0.224
458,5259,0.388
458,5312,0.225
458,5570,0.235
458,5571,0.299
460,1263,0.369
460,1863,0.233
460,1885,0.266
460,1924,0.214
460,2010,0.215
460,2020,0.211
460,2120,0.233
460,2170,0.242
460,2286,0.225
460,2333,0.487
460,2621,0.224
460,2676,0.203
460,2687,0.252
460,2966,0.313
460,2993,0.234
460,3685,0.228
460,4067,0.206
460,4207,0.313
460,4424,0.302
460,4546,0.279
460,4604,0.262
460,4897,0.231
460,4901,0.314
460,5133,0.253
460,5155,0.334
460,5277,0.291
460,5385,0.311
460,5567,0.292
461,2203,0.256
461,2620,0.26
461,3455,0.338
463,5425,0.323
465,1118,0.211
467,3318,0.237
468,828,0.285
468,865,0.244
468,928,0.232
468,1115,0.306
468,1228,0.247
468,1236,0.22
468,1507,0.253
468,1519,0.48
468,1551,0.238
468,1694,0.205
468,1720,0.268
468,1754,0.223
468,1791,0.233
468,1823,0.218
468,1949,0.221
468,1998,0.368
468,2087,0.334
468,2380,0.272
468,2400,0.233
468,2682,0.21
468,2756,0.281
468,2767,0.209
468,2861,0.354
468,3050,0.258
468,3336,0.268
468,3389,0.209
468,3418,0.214
468,3438,0.217
468,3480,0.213
468,3632,0.241
468,3873,0.402
468,4279,0.249
468,4285,0.283
468,4339,0.27
468,4402,0.236
468,4533,0.229
468,4567,0.278
468,4679,0.471
468,4684,0.259
468,4767,0.232
468,4864,0.285
468,5064,0.211
468,5118,0.466
468,5124,0.242
468,5319,0.281
468,5391,0.208
468,5409,0.207
468,5458,0.236
468,5498,0.209
469,1298,0.219
469,1432,0.248
469,2136,0.238
469,4194,0.231
469,4933,0.202
470,621,0.227
470,632,0.234
470,725,0.432
470,876,0.215
470,894,0.223
470,1036,0.27
470,1176,0.445
470,1413,0.367
470,1477,0.413
470,1741,0.313
470,1923,0.37
470,2072,0.438
470,2094,0.224
470,2199,0.238
470,2270,0.258
470,2349,0.564
470,2497,0.217
470,2524,0.205
470,2569,0.206
470,2622,0.273
470,2662,0.254
470,2683,0.25
470,2747,0.273
470,2750,0.222
470,2869,0.338
470,2941,0.606
470,2977,0.28
470,2978,0.275
470,3084,0.208
470,3250,0.232
470,3401,0.369
470,3402,0.24
470,3410,0.219
470,3572,0.246
470,3637,0.273
470,3708,0.365
470,3737,0.455
470,4130,0.273
470,4302,0.301
470,4318,0.452
470,4491,0.313
470,4577,0.215
470,4873,0.224
470,4939,0.343
470,5307,0.224
470,5315,0.324
470,5334,0.342
470,5362,0.384
470,5551,0.31
470,5557,0.447
470,5618,0.202
471,1468,0.27
471,1572,0.295
471,1623,0.313
471,1669,0.247
471,1920,0.243
471,2009,0.204
471,2290,0.281
471,2551,0.234
471,4005,0.338
471,4139,0.453
471,5357,0.214
471,5596,0.457
474,991,0.285
474,2481,0.234
474,3851,0.266
474,4439,0.212
474,5303,0.248
474,5598,0.382
475,626,0.42
475,709,0.369
475,839,0.216
475,920,0.208
475,1304,0.228
475,1384,0.274
475,1431,0.224
475,1481,0.318
475,1681,0.233
475,1711,0.222
475,1816,0.27
475,1916,0.391
475,1960,0.298
475,2043,0.235
475,2106,0.273
475,2223,0.296
475,2363,0.238
475,2570,0.216
475,2672,0.297
475,2767,0.229
475,2904,0.295
475,2925,0.306
475,3019,0.226
475,3540,0.255
475,3694,0.216
475,3833,0.213
475,3907,0.26
475,4571,0.244
475,4902,0.249
475,5314,0.226
475,5489,0.221
476,4965,0.332
476,5502,0.356
477,559,0.302
477,711,0.371
477,1168,0.216
477,1197,0.226
477,1263,0.201
477,1586,0.313
477,1678,0.469
477,1746,0.29
477,1778,0.211
477,1787,0.21
477,1846,0.223
477,1885,0.33
477,2020,0.305
477,2286,0.256
477,2395,0.239
477,2458,0.225
477,2676,0.562
477,2722,0.289
477,2738,0.41
477,2817,0.285
477,2956,0.246
477,2966,0.392
477,2993,0.441
477,3058,0.451
477,3229,0.374
477,3388,0.241
477,3393,0.34
477,3613,0.493
477,3685,0.224
477,3727,0.388
477,3812,0.357
477,3847,0.322
477,4060,0.342
477,4067,0.205
477,4309,0.205
477,4447,0.471
477,4546,0.217
477,4604,0.38
477,4706,0.228
477,4990,0.206
477,5091,0.317
477,5155,0.41
477,5163,0.222
477,5174,0.247
477,5276,0.227
477,5277,0.448
477,5434,0.205
477,5567,0.348
477,5593,0.23
478,1534,0.207
478,1967,0.335
478,2506,0.216
478,2657,0.252
478,3394,0.248
480,494,0.237
480,505,0.22
480,992,0.266
480,2797,0.314
480,4189,0.234
480,5015,0.311
481,1316,0.25
481,1613,0.208
481,2042,0.224
481,2148,0.247
481,2734,0.267
481,4558,0.263
482,501,0.265
482,928,0.401
482,1720,0.215
482,1754,0.202
482,1791,0.212
482,2087,0.253
482,2439,0.23
482,3137,0.202
482,3161,0.218
482,3418,0.3
482,3480,0.209
482,3539,0.203
482,3816,0.205
482,4279,0.218
482,4369,0.265
482,4567,0.238
482,4684,0.217
482,4692,0.234
482,4767,0.224
482,4864,0.204
482,5334,0.221
483,935,0.317
483,1187,0.295
483,2772,0.27
483,3274,0.21
483,4090,0.44
484,624,0.213
484,626,0.223
484,796,0.42
484,1076,0.263
484,1110,0.305
484,1161,0.22
484,1304,0.572
484,1384,0.324
484,1481,0.376
484,1525,0.276
484,1660,0.25
484,1688,0.221
484,1916,0.341
484,1960,0.382
484,2223,0.434
484,2363,0.217
484,2668,0.208
484,2904,0.257
484,3632,0.226
484,4548,0.306
484,4877,0.265
484,5305,0.285
484,5377,0.206
484,5568,0.252
485,3851,0.247
485,5303,0.205
485,5380,0.222
485,5612,0.217
486,1060,0.28
486,4210,0.265
487,2370,0.212
487,2462,0.267
487,3395,0.26
487,5643,0.419
488,541,0.296
488,683,0.281
488,1068,0.224
488,2942,0.256
488,3949,0.277
488,4013,0.251
488,4256,0.217
488,4360,0.209
488,4615,0.222
488,4859,0.211
488,5023,0.272
488,5274,0.221
488,5356,0.205
488,5383,0.219
490,610,0.227
490,1712,0.307
490,3746,0.227
490,4297,0.205
490,4458,0.264
490,5435,0.396
492,496,0.434
492,617,0.276
492,638,0.279
492,689,0.254
492,921,0.345
492,1096,0.302
492,1172,0.284
492,1258,0.309
492,1353,0.228
492,1442,0.547
492,1453,0.421
492,1500,0.378
492,1745,0.342
492,1761,0.278
492,1939,0.309
492,1978,0.303
492,2004,0.232
492,2185,0.341
492,2325,0.223
492,2351,0.28
492,2514,0.228
492,2600,0.23
492,2655,0.27
492,2867,0.349
492,3192,0.233
492,3204,0.398
492,3349,0.268
492,3447,0.38
492,3583,0.359
492,3621,0.357
492,3838,0.314
492,4047,0.334
492,4064,0.278
492,4122,0.201
492,4126,0.251
492,4221,0.418
492,4245,0.453
492,4308,0.503
492,4354,0.311
492,4411,0.367
492,4421,0.239
492,4590,0.275
492,4613,0.23
492,4651,0.207
492,4803,0.252
492,4819,0.251
492,4918,0.493
492,4946,0.231
492,5025,0.298
492,5088,0.44
492,5118,0.267
492,5392,0.457
492,5402,0.236
492,5519,0.236
492,5571,0.205
493,2667,0.222
493,4834,0.218
493,5547,0.28
494,505,0.231
494,521,0.251
494,678,0.428
494,727,0.252
494,992,0.219
494,1428,0.218
494,1539,0.203
494,1792,0.381
494,1985,0.201
494,2061,0.244
494,2163,0.213
494,2532,0.203
494,2602,0.328
494,2841,0.412
494,3306,0.215
494,3437,0.308
494,4189,0.26
494,4505,0.252
494,4662,0.443
494,4846,0.205
494,5015,0.243
494,5198,0.451
494,5556,0.212
496,617,0.482
496,623,0.297
496,638,0.264
496,689,0.272
496,921,0.389
496,1096,0.435
496,1148,0.228
496,1172,0.314
496,1258,0.39
496,1353,0.244
496,1442,0.497
496,1453,0.788
496,1500,0.485
496,1745,0.44
496,1761,0.447
496,1939,0.45
496,1992,0.202
496,2185,0.529
496,2282,0.209
496,2325,0.22
496,2351,0.344
496,2514,0.255
496,2554,0.304
496,2600,0.298
496,2655,0.331
496,2690,0.236
496,2773,0.209
496,2867,0.498
496,2882,0.211
496,2913,0.222
496,2970,0.246
496,2989,0.265
496,3136,0.201
496,3192,0.298
496,3204,0.794
496,3251,0.204
496,3336,0.213
496,3349,0.438
496,3447,0.439
496,3519,0.237
496,3583,0.428
496,3621,0.446
496,3801,0.247
496,3838,0.517
496,3931,0.287
496,4047,0.44
496,4064,0.531
496,4122,0.212
496,4126,0.272
496,4221,0.611
496,4245,0.813
496,4308,0.46
496,4354,0.431
496,4403,0.319
496,4411,0.523
496,4421,0.266
496,4588,0.294
496,4590,0.288
496,4613,0.307
496,4715,0.204
496,4771,0.216
496,4803,0.322
496,4819,0.429
496,4860,0.232
496,4918,0.45
496,4946,0.236
496,5025,0.436
496,5088,0.534
496,5118,0.254
496,5215,0.248
496,5305,0.222
496,5392,0.473
496,5397,0.218
496,5402,0.521
496,5449,0.202
496,5583,0.208
497,571,0.269
497,721,0.357
497,796,0.204
497,1525,0.231
497,1794,0.263
497,1932,0.379
497,2390,0.207
497,2669,0.215
497,3799,0.253
497,3802,0.398
497,4967,0.3
497,5572,0.259
498,689,0.205
498,1002,0.343
498,1115,0.267
498,1258,0.213
498,1289,0.248
498,1453,0.205
498,1481,0.207
498,1519,0.241
498,1547,0.23
498,1664,0.454
498,1720,0.231
498,1745,0.346
498,1754,0.54
498,1791,0.436
498,1816,0.279
498,1823,0.209
498,1939,0.201
498,1949,0.402
498,2004,0.209
498,2076,0.262
498,2087,0.267
498,2350,0.254
498,2400,0.212
498,2439,0.392
498,2668,0.241
498,2767,0.331
498,2960,0.219
498,2989,0.62
498,3136,0.38
498,3161,0.383
498,3184,0.224
498,3281,0.284
498,3336,0.203
498,3349,0.248
498,3385,0.358
498,3389,0.202
498,3418,0.366
498,3439,0.201
498,3447,0.248
498,3480,0.479
498,3632,0.42
498,3816,0.393
498,3855,0.201
498,4245,0.201
498,4279,0.371
498,4285,0.226
498,4319,0.26
498,4403,0.23
498,4567,0.33
498,4684,0.52
498,4692,0.267
498,4715,0.269
498,4767,0.525
498,4771,0.221
498,4819,0.265
498,4850,0.226
498,4864,0.231
498,4946,0.285
498,5002,0.376
498,5088,0.21
498,5105,0.394
498,5259,0.24
498,5305,0.237
498,5312,0.343
498,5318,0.201
498,5570,0.434
498,5571,0.288
498,5631,0.202
500,4903,0.235
501,1132,0.223
501,2032,0.201
501,2814,0.248
501,3485,0.206
501,3539,0.212
501,4938,0.237
504,1052,0.234
504,5107,0.32
505,521,0.243
505,581,0.262
505,727,0.257
505,1428,0.255
505,1559,0.241
505,2061,0.218
505,2138,0.234
505,2602,0.294
505,3603,0.258
505,3664,0.201
505,4189,0.256
505,5015,0.235
506,657,0.206
506,925,0.239
506,963,0.424
506,978,0.213
506,1251,0.311
506,1271,0.369
506,1832,0.208
506,1989,0.203
506,2080,0.201
506,2362,0.211
506,2411,0.202
506,2521,0.558
506,2846,0.28
506,3241,0.251
506,3265,0.204
506,3416,0.235
506,3527,0.289
506,3539,0.246
506,4357,0.202
506,4550,0.202
506,4621,0.527
506,5300,0.51
506,5535,0.231
506,5581,0.209
507,1193,0.22
507,1512,0.385
507,2015,0.22
507,2706,0.217
507,2846,0.267
507,3432,0.227
507,3536,0.204
507,3544,0.208
508,4008,0.246
509,1112,0.237
509,2090,0.293
509,2432,0.211
509,2875,0.285
509,4523,0.222
509,4765,0.21
509,5526,0.22
509,5599,0.228
510,1208,0.251
510,1684,0.282
510,2329,0.358
510,2501,0.475
510,2805,0.253
510,3320,0.265
510,3581,0.352
511,1816,0.213
511,3547,0.233
511,5497,0.261
512,1091,0.402
512,1249,0.241
512,1626,0.267
512,3999,0.505
512,5146,0.252
514,1787,0.317
514,3631,0.231
514,4447,0.281
514,5091,0.237
514,5592,0.26
516,4350,0.372
516,4690,0.43
516,5606,0.201
517,4175,0.294
518,1443,0.211
518,1487,0.22
518,2968,0.302
518,3726,0.245
518,3938,0.244
518,4009,0.398
519,2617,0.203
519,3090,0.201
519,3382,0.262
519,3481,0.25
519,5576,0.226
521,992,0.257
521,1155,0.283
521,3290,0.211
521,3965,0.225
521,4189,0.296
521,4375,0.212
521,5015,0.268
521,5166,0.216
521,5513,0.447
521,5587,0.254
522,569,0.231
522,877,0.233
522,894,0.446
522,1032,0.251
522,1089,0.259
522,1257,0.268
522,1260,0.445
522,1262,0.262
522,1338,0.281
522,1603,0.234
522,1666,0.274
522,1702,0.298
522,1714,0.243
522,1757,0.24
522,1804,0.226
522,1994,0.311
522,2164,0.23
522,2297,0.236
522,2373,0.224
522,2497,0.308
522,2700,0.283
522,2763,0.267
522,2858,0.266
522,2959,0.23
522,2978,0.412
522,3033,0.424
522,3052,0.234
522,3272,0.274
522,3708,0.23
522,4180,0.216
522,4346,0.376
522,4383,0.28
522,4577,0.565
522,4707,0.406
522,4776,0.398
522,4876,0.442
522,4945,0.283
522,4957,0.218
522,5227,0.238
522,5326,0.211
522,5565,0.254
522,5618,0.41
522,5621,0.205
523,3028,0.242
523,5579,0.318
523,5595,0.268
524,1897,0.227
524,1998,0.298
524,2200,0.216
524,2380,0.226
524,3063,0.428
524,3137,0.202
524,3894,0.275
524,4157,0.329
524,5118,0.238
524,5187,0.205
524,5319,0.296
526,852,0.244
526,934,0.293
526,1238,0.413
526,1592,0.294
526,1871,0.437
526,2047,0.299
526,2200,0.268
526,2266,0.471
526,2305,0.225
526,2327,0.483
526,2411,0.416
526,2449,0.213
526,2614,0.553
526,2641,0.328
526,2665,0.584
526,2812,0.358
526,2902,0.311
526,3129,0.313
526,3172,0.433
526,3360,0.516
526,4069,0.394
526,4293,0.336
526,4356,0.547
526,4402,0.203
526,4482,0.463
526,4556,0.479
526,4664,0.264
526,4768,0.451
526,4774,0.398
526,4827,0.419
526,4894,0.491
526,4924,0.424
526,4980,0.437
526,5037,0.49
526,5409,0.458
526,5413,0.203
526,5442,0.465
526,5458,0.312
527,606,0.207
527,633,0.209
527,2066,0.206
527,2169,0.222
527,2627,0.215
527,2988,0.204
527,3485,0.217
527,3656,0.208
528,2247,0.213
528,2478,0.395
528,3966,0.203
529,3406,0.282
530,769,0.211
530,942,0.23
530,1392,0.26
530,1572,0.29
530,1899,0.252
530,2093,0.223
530,2120,0.267
530,2595,0.241
530,2651,0.232
530,2687,0.24
530,2838,0.203
530,2931,0.297
530,3256,0.208
530,3419,0.284
530,3612,0.256
530,4270,0.205
530,4325,0.233
530,4344,0.236
530,4382,0.204
530,4763,0.231
530,4896,0.216
530,5176,0.28
530,5332,0.24
530,5385,0.269
530,5584,0.227
530,5596,0.206
530,5627,0.214
531,1707,0.202
532,903,0.202
532,1017,0.323
532,1235,0.222
532,1351,0.226
532,1479,0.352
532,1706,0.433
532,2233,0.217
532,2291,0.233
532,2404,0.201
532,2990,0.33
532,3100,0.369
532,3533,0.209
532,4133,0.225
532,4228,0.278
532,4333,0.212
532,4373,0.344
532,4492,0.24
532,4498,0.21
532,4554,0.225
532,4805,0.289
532,4869,0.218
532,5043,0.249
532,5299,0.247
532,5343,0.244
532,5515,0.229
536,1051,0.26
536,1392,0.253
536,1439,0.276
536,1445,0.214
536,1572,0.203
536,1669,0.214
536,2120,0.236
536,2220,0.265
536,2345,0.239
536,2510,0.23
536,2621,0.263
536,2687,0.227
536,3329,0.312
536,4270,0.232
536,4344,0.498
536,4512,0.225
536,4528,0.288
536,4676,0.205
536,5314,0.217
536,5385,0.253
537,794,0.278
537,893,0.221
537,1207,0.239
537,1727,0.203
537,2101,0.207
537,2565,0.206
537,2579,0.288
537,2617,0.245
537,2853,0.382
537,2937,0.229
537,2962,0.206
537,3216,0.222
537,3352,0.206
537,3368,0.206
537,3382,0.299
537,3481,0.341
537,3998,0.238
537,4037,0.28
537,4263,0.208
537,4527,0.27
537,4667,0.214
537,4886,0.231
537,5078,0.206
537,5275,0.206
537,5422,0.208
537,5576,0.223
537,5602,0.207
538,932,0.394
538,1277,0.521
538,1417,0.279
538,1576,0.609
538,1666,0.208
538,1702,0.214
538,1831,0.71
538,2031,0.65
538,2165,0.698
538,2664,0.585
538,2799,0.586
538,4970,0.624
540,689,0.213
540,3287,0.234
541,650,0.229
541,657,0.205
541,683,0.331
541,1914,0.324
541,2245,0.223
541,2371,0.319
541,2462,0.202
541,2942,0.335
541,3429,0.225
541,3693,0.223
541,3704,0.213
541,3949,0.309
541,4013,0.293
541,4256,0.314
541,4360,0.309
541,4615,0.292
541,4759,0.249
541,4859,0.209
541,4972,0.239
541,5023,0.211
541,5274,0.356
541,5356,0.214
541,5383,0.318
542,1193,0.216
542,1264,0.22
542,1697,0.225
542,1874,0.239
542,1893,0.204
542,2137,0.216
542,2253,0.255
542,3290,0.348
542,3382,0.205
542,3432,0.291
542,3772,0.264
542,3928,0.205
542,4553,0.212
542,4816,0.224
542,4999,0.255
543,757,0.396
543,1329,0.453
543,1376,0.222
543,1459,0.243
543,1511,0.433
543,1517,0.399
543,1575,0.255
543,1652,0.267
543,1819,0.363
543,1943,0.247
543,1961,0.231
543,2045,0.249
543,2093,0.253
543,2240,0.221
543,2361,0.202
543,2435,0.259
543,2457,0.242
543,2801,0.315
543,3143,0.228
543,3275,0.254
543,3298,0.265
543,3345,0.26
543,3450,0.304
543,3474,0.242
543,3578,0.243
543,3923,0.275
543,4361,0.486
543,4756,0.281
543,4782,0.349
543,4794,0.322
543,5141,0.38
543,5263,0.335
543,5270,0.239
543,5304,0.265
543,5523,0.242
544,1112,0.205
544,1118,0.227
544,2735,0.225
545,980,0.289
545,997,0.216
545,1139,0.265
545,1177,0.219
545,1250,0.203
545,1274,0.219
545,1486,0.328
545,1848,0.219
545,2019,0.287
545,2158,0.282
545,2166,0.257
545,2370,0.21
545,2516,0.262
545,2647,0.336
545,2886,0.216
545,3022,0.261
545,3274,0.212
545,3669,0.286
545,3732,0.207
545,3870,0.315
545,3909,0.245
545,4394,0.205
545,4435,0.295
545,4495,0.229
545,4641,0.238
545,4809,0.25
545,4888,0.241
545,4952,0.201
545,5406,0.236
546,1637,0.204
546,2875,0.218
546,3851,0.247
546,5526,0.206
546,5598,0.415
547,3249,0.331
548,570,0.223
548,721,0.25
548,1232,0.262
548,1440,0.233
548,1510,0.257
548,1520,0.205
548,1525,0.467
548,1658,0.208
548,1660,0.43
548,1688,0.269
548,2259,0.373
548,2560,0.285
548,2979,0.204
548,3211,0.217
548,3373,0.202
548,3754,0.22
548,4002,0.291
548,4046,0.208
548,4460,0.533
548,4464,0.422
548,4877,0.202
548,5272,0.207
548,5379,0.226
549,794,0.201
549,1800,0.273
549,2930,0.296
549,3718,0.228
550,683,0.229
550,1213,0.247
550,1824,0.207
550,2236,0.317
550,2951,0.214
550,4156,0.271
550,4256,0.248
550,4859,0.361
550,4972,0.201
551,1181,0.238
551,1598,0.248
551,1619,0.215
551,3915,0.211
551,4021,0.209
551,4029,0.209
551,4528,0.232
551,4581,0.339
551,4710,0.208
552,594,0.407
552,596,0.231
552,632,0.211
552,642,0.221
552,748,0.26
552,768,0.436
552,894,0.22
552,934,0.32
552,1032,0.245
552,1176,0.256
552,1563,0.51
552,1963,0.394
552,2164,0.239
552,2327,0.208
552,2373,0.23
552,2411,0.235
552,2493,0.693
552,2497,0.262
552,2569,0.302
552,2641,0.209
552,2943,0.249
552,2978,0.223
552,3534,0.412
552,3744,0.369
552,3750,0.354
552,3773,0.285
552,4004,0.21
552,4180,0.208
552,4402,0.23
552,4440,0.363
552,4556,0.226
552,4568,0.24
552,4577,0.215
552,4761,0.218
552,4774,0.247
552,4797,0.34
552,4876,0.228
552,4894,0.21
552,4945,0.273
552,5326,0.282
552,5334,0.301
552,5618,0.309
553,887,0.203
553,1034,0.249
553,1073,0.233
553,1275,0.262
553,1494,0.239
553,1641,0.221
553,1657,0.206
553,2198,0.247
553,2303,0.201
553,2369,0.278
553,3249,0.241
553,3669,0.228
553,3870,0.209
553,4261,0.251
553,4435,0.257
553,4713,0.257
553,4791,0.262
554,1316,0.578
554,1332,0.268
554,1350,0.398
554,2450,0.611
554,2518,0.203
554,4068,0.289
554,4427,0.6
554,4773,0.258
555,1567,0.246
555,2050,0.223
555,3807,0.259
555,4191,0.243
555,4623,0.205
555,4647,0.211
555,5145,0.208
556,707,0.222
556,869,0.211
556,1295,0.217
556,1443,0.205
556,2056,0.29
556,2097,0.202
556,2267,0.308
556,2280,0.208
556,2672,0.235
556,2786,0.28
556,3726,0.22
556,3983,0.262
556,4689,0.235
556,4846,0.333
556,4995,0.239
556,5340,0.202
557,909,0.215
557,2675,0.211
557,4902,0.253
557,4953,0.208
558,1683,0.221
559,746,0.283
559,1263,0.268
559,1678,0.321
559,1746,0.392
559,1787,0.285
559,1885,0.225
559,2395,0.206
559,2676,0.227
559,2738,0.292
559,2828,0.218
559,2956,0.208
559,2966,0.299
559,2993,0.233
559,3058,0.307
559,3613,0.207
559,3685,0.385
559,3727,0.309
559,3847,0.254
559,3985,0.203
559,4060,0.233
559,4207,0.244
559,4424,0.309
559,4447,0.247
559,4604,0.397
559,4901,0.206
559,5045,0.369
559,5091,0.222
559,5155,0.3
559,5277,0.388
559,5567,0.351
559,5593,0.246
560,903,0.228
560,1017,0.308
560,1351,0.209
560,1509,0.203
560,1581,0.201
560,1706,0.269
560,2233,0.245
560,2270,0.234
560,2291,0.218
560,2990,0.246
560,3100,0.222
560,3533,0.252
560,3702,0.204
560,4097,0.212
560,4133,0.275
560,4228,0.212
560,4492,0.261
560,4805,0.221
560,5515,0.253
561,1172,0.281
561,1500,0.22
561,1978,0.214
561,1992,0.213
561,2514,0.218
561,2867,0.222
561,3621,0.212
561,3931,0.29
561,4411,0.248
561,4613,0.203
561,4918,0.221
561,5088,0.202
561,5402,0.204
561,5519,0.267
562,1609,0.231
562,2885,0.207
562,3452,0.209
562,4134,0.325
563,760,0.212
563,849,0.269
563,1205,0.211
563,1287,0.268
563,1686,0.276
563,1974,0.206
563,2510,0.208
563,5399,0.211
564,2807,0.227
564,5479,0.213
565,2593,0.221
566,1815,0.255
566,1838,0.23
566,1857,0.288
566,2527,0.262
566,2778,0.204
566,2947,0.349
566,3135,0.223
566,3186,0.245
566,3958,0.414
566,4642,0.321
566,5019,0.232
568,3382,0.211
568,4904,0.366
569,576,0.447
569,746,0.251
569,748,0.241
569,799,0.396
569,877,0.287
569,894,0.306
569,1003,0.262
569,1089,0.292
569,1130,0.295
569,1236,0.201
569,1257,0.349
569,1260,0.321
569,1262,0.272
569,1338,0.679
569,1403,0.431
569,1506,0.233
569,1549,0.491
569,1576,0.23
569,1603,0.358
569,1658,0.452
569,1666,0.398
569,1692,0.206
569,1702,0.346
569,1714,0.416
569,1757,0.561
569,1804,0.343
569,1994,0.357
569,2164,0.256
569,2297,0.265
569,2373,0.268
569,2497,0.283
569,2609,0.209
569,2700,0.332
569,2708,0.228
569,2763,0.307
569,2858,0.312
569,2959,0.261
569,2978,0.275
569,3006,0.414
569,3272,0.312
569,3291,0.208
569,3309,0.234
569,3497,0.269
569,3714,0.286
569,3959,0.274
569,3985,0.421
569,4006,0.378
569,4177,0.466
569,4180,0.217
569,4249,0.205
569,4287,0.428
569,4346,0.275
569,4348,0.22
569,4383,0.323
569,4550,0.217
569,4577,0.305
569,4673,0.32
569,4707,0.425
569,4732,0.405
569,4776,0.273
569,4876,0.317
569,4922,0.231
569,5326,0.376
569,5492,0.212
569,5618,0.282
570,608,0.226
570,624,0.218
570,786,0.286
570,1043,0.277
570,1385,0.203
570,1480,0.269
570,1510,0.48
570,1520,0.322
570,1525,0.261
570,1660,0.284
570,1744,0.238
570,2259,0.314
570,2332,0.222
570,2356,0.31
570,2560,0.259
570,3076,0.22
570,3211,0.264
570,3366,0.353
570,3439,0.267
570,3504,0.273
570,3779,0.205
570,4426,0.27
570,4460,0.217
570,4464,0.331
570,4600,0.297
570,5149,0.303
570,5310,0.203
571,721,0.434
571,1525,0.292
571,1660,0.224
571,1932,0.401
571,2390,0.487
571,2648,0.217
571,2783,0.212
571,3799,0.501
571,3802,0.357
571,4001,0.453
571,4314,0.212
571,4438,0.328
571,4967,0.332
571,5116,0.203
571,5572,0.503
572,603,0.311
572,1103,0.268
572,2946,0.281
572,2951,0.216
572,3693,0.344
572,3769,0.269
572,3953,0.466
572,4225,0.313
572,4248,0.253
572,4503,0.218
572,4800,0.26
572,5252,0.351
574,1970,0.246
574,2284,0.217
574,5217,0.281
574,5287,0.209
575,2939,0.29
576,746,0.24
576,799,0.33
576,932,0.261
576,1003,0.314
576,1089,0.227
576,1130,0.266
576,1338,0.45
576,1403,0.308
576,1506,0.258
576,1549,0.623
576,1576,0.201
576,1603,0.285
576,1658,0.481
576,1666,0.28
576,1702,0.248
576,1714,0.218
576,1757,0.395
576,1804,0.27
576,1994,0.202
576,2297,0.204
576,2525,0.205
576,2598,0.277
576,2708,0.227
576,2858,0.253
576,2959,0.214
576,3006,0.375
576,3145,0.217
576,3171,0.319
576,3272,0.203
576,3283,0.241
576,3497,0.249
576,3714,0.382
576,3959,0.307
576,3985,0.367
576,4006,0.312
576,4177,0.559
576,4287,0.455
576,4348,0.254
576,4383,0.285
576,4460,0.206
576,4550,0.226
576,4673,0.268
576,4707,0.22
576,4732,0.335
576,4905,0.234
576,5308,0.216
576,5628,0.202
577,932,0.228
577,1175,0.251
577,1257,0.221
577,1403,0.22
577,1549,0.203
577,1576,0.232
577,1666,0.23
577,1702,0.262
577,1735,0.277
577,2116,0.248
577,2507,0.275
577,2598,0.22
577,2664,0.21
577,2763,0.204
577,3283,0.214
577,3714,0.205
577,4202,0.45
577,4474,0.466
577,4525,0.221
577,4599,0.43
577,4707,0.211
578,934,0.269
578,1701,0.546
578,1703,0.373
578,2237,0.67
578,2812,0.203
578,2953,0.212
578,3232,0.541
578,3328,0.473
578,4679,0.216
578,5204,0.266
578,5431,0.269
578,5629,0.413
579,939,0.238
579,2137,0.216
579,5548,0.32
581,992,0.235
581,2797,0.303
581,4189,0.295
581,5015,0.3
582,3509,0.201
582,4902,0.207
584,3721,0.255
586,620,0.233
586,1207,0.212
586,1634,0.259
586,2387,0.402
586,3844,0.259
586,3920,0.397
586,4341,0.23
587,3966,0.208
588,617,0.319
588,638,0.277
588,666,0.382
588,670,0.292
588,908,0.246
588,918,0.547
588,1172,0.221
588,1258,0.322
588,1383,0.589
588,1453,0.207
588,1465,0.223
588,1500,0.253
588,1644,0.202
588,1656,0.307
588,1745,0.308
588,2175,0.412
588,2191,0.201
588,2210,0.289
588,2486,0.309
588,2514,0.206
588,2913,0.404
588,2989,0.207
588,3112,0.212
588,3204,0.203
588,3385,0.201
588,3518,0.322
588,3519,0.214
588,3583,0.21
588,3660,0.233
588,3801,0.236
588,3838,0.226
588,3855,0.217
588,4064,0.295
588,4411,0.27
588,4588,0.202
588,4613,0.322
588,4651,0.372
588,4803,0.208
588,4819,0.251
588,4918,0.266
588,4946,0.221
588,4965,0.202
588,5088,0.212
588,5305,0.209
588,5318,0.25
588,5397,0.226
588,5402,0.341
589,971,0.246
589,1309,0.203
589,1342,0.3
589,1457,0.444
589,1812,0.313
589,2075,0.298
589,2416,0.397
589,2440,0.231
589,3151,0.203
589,3501,0.244
589,3905,0.235
589,4074,0.244
589,4277,0.341
589,4309,0.239
589,4344,0.207
589,4469,0.31
589,4581,0.289
589,5333,0.333
590,1386,0.202
590,1742,0.222
590,2541,0.251
591,3292,0.228
591,3735,0.277
592,2323,0.203
592,5637,0.248
593,1264,0.246
593,1952,0.206
593,2223,0.257
593,4402,0.219
594,748,0.229
594,768,0.568
594,852,0.222
594,910,0.219
594,934,0.345
594,1176,0.269
594,1563,0.405
594,1963,0.206
594,2266,0.201
594,2373,0.302
594,2493,0.403
594,2869,0.209
594,2943,0.224
594,3534,0.294
594,3737,0.236
594,3744,0.456
594,3750,0.246
594,3773,0.388
594,4004,0.217
594,4440,0.24
594,4556,0.219
594,5315,0.259
594,5326,0.296
594,5334,0.234
595,2357,0.228
595,3433,0.206
596,934,0.208
596,1299,0.282
596,2200,0.267
596,2266,0.202
596,2327,0.233
596,2493,0.218
596,3744,0.203
596,3750,0.221
596,4069,0.222
596,4356,0.214
596,4402,0.209
596,4556,0.317
596,4568,0.219
596,4894,0.24
596,5368,0.273
596,5442,0.209
597,2901,0.247
597,3444,0.224
597,5188,0.267
598,991,0.215
598,1537,0.21
598,1578,0.209
598,2179,0.257
598,3753,0.212
598,5342,0.226
599,5613,0.246
600,797,0.263
600,939,0.219
600,2701,0.356
600,3955,0.27
600,4553,0.206
600,4897,0.223
600,5591,0.205
601,978,0.474
601,2075,0.206
601,4705,0.306
602,1537,0.285
602,4542,0.212
602,5342,0.218
603,1103,0.226
603,2288,0.203
603,2946,0.26
603,3693,0.289
603,3769,0.235
603,3953,0.337
603,4800,0.387
603,5010,0.268
603,5252,0.228
605,4530,0.215
605,5130,0.242
605,5558,0.257
606,807,0.253
606,1952,0.203
606,2511,0.203
606,2560,0.202
606,2669,0.223
606,3097,0.205
606,3701,0.231
606,5116,0.213
606,5349,0.237
606,5472,0.228
607,827,0.263
607,864,0.394
607,898,0.216
607,1201,0.278
607,1351,0.238
607,1623,0.217
607,1703,0.386
607,1735,0.385
607,2237,0.351
607,2362,0.251
607,2495,0.434
607,2584,0.353
607,2776,0.269
607,2893,0.263
607,2953,0.3
607,3082,0.3
607,3100,0.242
607,3153,0.208
607,3173,0.37
607,3381,0.212
607,3592,0.338
607,3696,0.305
607,3814,0.418
607,3836,0.272
607,3848,0.274
607,4342,0.285
607,4355,0.334
607,4373,0.205
607,4419,0.428
607,4492,0.208
607,4951,0.264
607,5050,0.23
607,5173,0.368
607,5204,0.443
607,5299,0.206
607,5399,0.242
607,5431,0.225
607,5515,0.216
607,5616,0.262
608,624,0.218
608,786,0.204
608,1510,0.262
608,1520,0.259
608,1525,0.225
608,1660,0.247
608,2332,0.228
608,3076,0.216
608,3211,0.212
608,3212,0.206
608,3366,0.358
608,3504,0.223
608,4464,0.239
608,4546,0.201
608,4604,0.227
608,5149,0.232
609,5425,0.381
610,831,0.202
610,1303,0.399
610,1569,0.217
610,1632,0.219
610,1747,0.267
610,1792,0.212
610,2232,0.304
610,2287,0.328
610,2532,0.211
610,2701,0.238
610,2992,0.263
610,3285,0.363
610,3299,0.204
610,3449,0.36
610,3854,0.212
610,4210,0.259
610,4631,0.272
610,4871,0.461
610,4920,0.307
610,5048,0.281
610,5435,0.565
610,5591,0.226
611,1893,0.274
611,2985,0.202
611,3772,0.204
611,4793,0.353
612,792,0.251
612,1043,0.275
612,1066,0.337
612,1377,0.414
612,1385,0.244
612,1431,0.242
612,1480,0.217
612,2300,0.275
612,2356,0.234
612,3258,0.299
612,3439,0.246
612,3656,0.341
612,3694,0.467
612,3779,0.311
612,4426,0.299
612,4564,0.528
612,5149,0.268
612,5297,0.39
613,2137,0.344
613,3609,0.202
613,3772,0.269
613,3887,0.21
613,4586,0.25
613,4643,0.227
614,682,0.205
614,1649,0.205
614,1674,0.225
614,2044,0.244
614,2339,0.256
614,2933,0.314
614,3277,0.276
614,3579,0.255
614,3943,0.218
614,5287,0.209
614,5473,0.227
616,2068,0.205
616,2678,0.393
616,3630,0.256
617,623,0.311
617,666,0.218
617,918,0.251
617,921,0.257
617,1096,0.328
617,1172,0.297
617,1258,0.437
617,1353,0.245
617,1383,0.277
617,1429,0.225
617,1442,0.344
617,1453,0.495
617,1500,0.316
617,1581,0.206
617,1644,0.202
617,1745,0.366
617,1761,0.287
617,1939,0.251
617,1992,0.222
617,1993,0.228
617,2185,0.446
617,2201,0.202
617,2282,0.201
617,2514,0.298
617,2600,0.213
617,2668,0.219
617,2773,0.236
617,2867,0.283
617,2913,0.269
617,2989,0.257
617,3204,0.433
617,3251,0.229
617,3349,0.321
617,3447,0.333
617,3519,0.296
617,3583,0.39
617,3621,0.377
617,3660,0.217
617,3801,0.261
617,3838,0.408
617,3931,0.273
617,4064,0.657
617,4221,0.4
617,4245,0.461
617,4308,0.346
617,4354,0.227
617,4403,0.256
617,4411,0.338
617,4421,0.226
617,4588,0.279
617,4590,0.202
617,4613,0.358
617,4715,0.261
617,4771,0.221
617,4803,0.348
617,4819,0.343
617,4918,0.379
617,4946,0.24
617,5025,0.31
617,5088,0.398
617,5186,0.215
617,5305,0.236
617,5392,0.392
617,5397,0.316
617,5402,0.662
617,5519,0.202
618,660,0.317
618,770,0.491
618,1019,0.379
618,1032,0.257
618,1176,0.234
618,1413,0.26
618,1477,0.233
618,1563,0.214
618,1822,0.202
618,1923,0.26
618,1941,0.378
618,2291,0.27
618,2373,0.219
618,2513,0.234
618,2520,0.243
618,2558,0.268
618,2622,0.251
618,2662,0.207
618,2885,0.321
618,2990,0.241
618,3100,0.306
618,3401,0.242
618,3448,0.478
618,3452,0.35
618,3703,0.247
618,3708,0.208
618,3737,0.204
618,4097,0.224
618,4133,0.299
618,4234,0.209
618,4373,0.224
618,4492,0.329
618,4554,0.26
618,4805,0.256
618,5315,0.453
618,5326,0.242
618,5399,0.353
618,5515,0.308
618,5551,0.213
619,2593,0.205
620,1116,0.47
620,1137,0.221
620,1837,0.331
620,1975,0.209
620,2592,0.384
620,2604,0.206
620,3014,0.226
620,3165,0.556
620,3435,0.216
620,3600,0.202
620,3991,0.218
620,4077,0.366
620,4179,0.217
620,4413,0.205
620,4621,0.255
620,4746,0.36
620,5300,0.208
620,5524,0.411
620,5593,0.255
620,5636,0.208
621,1014,0.248
621,1032,0.218
621,1036,0.267
621,1314,0.216
621,1413,0.446
621,1415,0.274
621,1477,0.227
621,1609,0.208
621,1741,0.319
621,1906,0.258
621,1923,0.412
621,2058,0.201
621,2072,0.334
621,2199,0.307
621,2270,0.343
621,2349,0.286
621,2662,0.404
621,2683,0.366
621,2747,0.425
621,2750,0.288
621,2843,0.293
621,2941,0.269
621,3401,0.264
621,3402,0.277
621,3410,0.245
621,3626,0.206
621,3637,0.298
621,3708,0.327
621,3814,0.227
621,4097,0.243
621,4130,0.459
621,4302,0.303
621,4318,0.277
621,4491,0.23
621,4889,0.202
621,4939,0.242
621,5043,0.24
621,5307,0.23
621,5362,0.217
621,5399,0.226
621,5551,0.316
622,2367,0.215
622,4658,0.286
622,5178,0.243
623,1096,0.256
623,1453,0.302
623,1745,0.233
623,1992,0.207
623,2201,0.222
623,2867,0.237
623,3204,0.262
623,3447,0.22
623,3519,0.213
623,3621,0.24
623,3931,0.207
623,4064,0.296
623,4245,0.252
623,4411,0.258
623,4918,0.207
623,5088,0.238
623,5402,0.371
624,792,0.203
624,1002,0.248
624,1043,0.345
624,1115,0.223
624,1385,0.382
624,1411,0.218
624,1481,0.29
624,1520,0.351
624,1551,0.203
624,1660,0.238
624,1664,0.22
624,1744,0.448
624,1754,0.25
624,1916,0.204
624,1949,0.227
624,1960,0.326
624,2332,0.235
624,2356,0.324
624,2668,0.227
624,2756,0.23
624,2767,0.314
624,2904,0.213
624,2960,0.225
624,2989,0.222
624,3050,0.228
624,3119,0.206
624,3136,0.251
624,3211,0.284
624,3366,0.396
624,3389,0.24
624,3438,0.203
624,3439,0.461
624,3480,0.229
624,3504,0.322
624,3577,0.345
624,3632,0.267
624,3779,0.32
624,3897,0.202
624,4224,0.201
624,4279,0.253
624,4409,0.248
624,4426,0.35
624,4533,0.268
624,4567,0.271
624,4600,0.327
624,4638,0.213
624,4684,0.25
624,4767,0.201
624,4771,0.209
624,4812,0.208
624,5149,0.362
624,5219,0.215
624,5305,0.275
624,5312,0.201
624,5568,0.233
626,796,0.208
626,1110,0.28
626,1161,0.224
626,1304,0.224
626,1384,0.25
626,1481,0.239
626,1525,0.26
626,1660,0.207
626,1688,0.238
626,1916,0.276
626,1960,0.251
626,2223,0.248
626,2363,0.222
626,2672,0.254
626,2904,0.261
626,5377,0.205
627,5380,0.206
628,1574,0.223
629,1200,0.286
629,2580,0.202
629,2588,0.337
629,3421,0.229
629,4235,0.206
629,4688,0.25
629,4847,0.487
629,5180,0.218
629,5336,0.226
630,2085,0.265
630,3343,0.308
630,4718,0.206
630,5253,0.237
630,5305,0.206
631,1857,0.237
631,2318,0.266
631,3476,0.211
632,725,0.244
632,910,0.21
632,1032,0.211
632,1176,0.378
632,1413,0.235
632,1563,0.249
632,1777,0.214
632,1923,0.215
632,2072,0.329
632,2349,0.295
632,2373,0.218
632,2493,0.234
632,2569,0.239
632,2869,0.254
632,2941,0.235
632,3250,0.209
632,3534,0.258
632,3572,0.251
632,3737,0.314
632,4302,0.233
632,4440,0.202
632,4797,0.267
632,4939,0.23
632,5315,0.313
632,5326,0.213
632,5334,0.475
632,5551,0.239
632,5557,0.369
633,886,0.23
633,1031,0.227
633,1321,0.309
633,1728,0.254
633,1773,0.265
633,1952,0.268
633,4562,0.218
633,5116,0.253
633,5349,0.361
633,5611,0.214
634,2025,0.205
635,2769,0.212
635,5390,0.327
636,758,0.219
636,2873,0.281
636,5467,0.289
637,2555,0.277
637,3439,0.207
637,3556,0.285
637,4384,0.21
638,670,0.263
638,918,0.291
638,921,0.337
638,1021,0.267
638,1204,0.262
638,1258,0.432
638,1353,0.206
638,1383,0.272
638,1442,0.281
638,1453,0.241
638,1500,0.299
638,1588,0.255
638,1656,0.227
638,1745,0.217
638,1761,0.259
638,2284,0.284
638,2351,0.208
638,2486,0.236
638,2655,0.257
638,2867,0.247
638,2913,0.21
638,3192,0.21
638,3204,0.237
638,3447,0.275
638,3518,0.214
638,3583,0.329
638,3801,0.335
638,3838,0.208
638,4047,0.232
638,4122,0.211
638,4245,0.288
638,4308,0.235
638,4411,0.228
638,4613,0.283
638,4651,0.275
638,4819,0.221
638,4918,0.297
638,5088,0.207
638,5219,0.309
638,5392,0.292
638,5449,0.226
639,766,0.204
639,1389,0.204
639,3189,0.223
641,3500,0.334
642,1403,0.236
642,1563,0.251
642,2493,0.253
642,2700,0.211
642,2978,0.239
642,3420,0.21
642,3594,0.202
644,1018,0.225
646,2432,0.204
646,3600,0.255
646,4982,0.204
646,5561,0.238
646,5636,0.213
647,924,0.207
647,935,0.219
647,1021,0.222
647,1588,0.243
647,2073,0.243
647,3234,0.233
647,4395,0.206
647,4677,0.228
647,4785,0.232
648,1848,0.227
648,3732,0.229
650,683,0.276
650,1830,0.28
650,2371,0.289
650,2462,0.37
650,2942,0.202
650,4013,0.226
650,4256,0.265
650,5023,0.237
654,4276,0.246
656,2171,0.202
657,683,0.276
657,925,0.216
657,1512,0.203
657,2186,0.346
657,2371,0.234
657,2521,0.216
657,2942,0.218
657,3248,0.261
657,3415,0.207
657,3429,0.24
657,3490,0.282
657,3642,0.237
657,3693,0.215
657,3704,0.22
657,3949,0.243
657,3953,0.23
657,4013,0.277
657,4256,0.233
657,4360,0.401
657,4451,0.216
657,4615,0.236
657,4759,0.254
657,4859,0.203
657,4972,0.326
657,5115,0.208
657,5130,0.245
657,5249,0.307
657,5301,0.279
657,5356,0.297
657,5371,0.368
657,5383,0.225
657,5394,0.349
657,5454,0.435
657,5603,0.263
657,5611,0.33
658,1911,0.205
658,4582,0.218
660,770,0.304
660,1019,0.414
660,1032,0.219
660,1477,0.201
660,1941,0.236
660,2885,0.434
660,3401,0.223
660,3448,0.37
660,3452,0.418
660,5315,0.27
660,5399,0.216
662,5610,0.241
663,1200,0.466
663,1252,0.345
663,1396,0.256
663,1764,0.325
663,2030,0.238
663,2149,0.304
663,2588,0.541
663,2650,0.451
663,3275,0.212
663,3636,0.24
663,3728,0.224
663,3729,0.222
663,3824,0.28
663,3903,0.208
663,4041,0.327
663,4222,0.276
663,4235,0.338
663,4297,0.259
663,4363,0.234
663,4612,0.318
663,4688,0.302
663,4700,0.201
663,4758,0.402
663,4847,0.236
663,5180,0.382
663,5321,0.451
663,5336,0.254
663,5448,0.494
663,5604,0.451
666,670,0.297
666,918,0.439
666,1258,0.24
666,1383,0.437
666,1500,0.214
666,1656,0.295
666,1745,0.285
666,2175,0.468
666,2191,0.247
666,2210,0.355
666,2367,0.201
666,2486,0.302
666,2913,0.217
666,3385,0.239
666,3518,0.261
666,3801,0.216
666,4613,0.254
666,4651,0.31
666,4918,0.209
666,5219,0.266
666,5402,0.212
666,5449,0.22
668,677,0.206
668,866,0.202
668,1239,0.215
668,1296,0.224
668,1435,0.204
668,1439,0.225
668,2186,0.246
668,2198,0.222
668,2236,0.264
668,2896,0.223
668,3704,0.217
668,4156,0.228
668,4451,0.287
670,918,0.282
670,1383,0.292
670,2175,0.312
670,2913,0.267
670,4651,0.209
670,5219,0.263
670,5318,0.263
671,3441,0.218
671,5355,0.207
672,935,0.583
672,1083,0.232
672,1310,0.225
672,1438,0.253
672,1825,0.271
672,2453,0.33
672,3042,0.482
672,3057,0.292
672,3190,0.296
672,3478,0.217
672,3902,0.293
672,4677,0.48
672,5506,0.226
674,897,0.396
674,1274,0.268
674,1502,0.238
674,1569,0.323
674,2492,0.387
674,3878,0.328
674,4218,0.398
674,4583,0.47
674,4878,0.221
675,1389,0.38
675,1652,0.21
675,1725,0.247
675,1950,0.233
675,2813,0.204
675,3252,0.209
675,3436,0.201
675,3553,0.265
675,4782,0.234
675,5121,0.24
676,1774,0.203
676,1968,0.242
676,3089,0.237
676,3318,0.236
676,4521,0.22
677,1001,0.203
677,1657,0.218
677,2186,0.26
677,2417,0.258
677,2524,0.287
677,3152,0.433
677,3731,0.381
677,4451,0.231
677,5023,0.224
677,5356,0.213
677,5611,0.314
678,1792,0.226
678,2532,0.274
678,2841,0.287
678,3244,0.249
678,3306,0.226
678,3437,0.287
678,3792,0.259
678,3896,0.251
678,4505,0.235
678,4662,0.248
678,5198,0.463
678,5432,0.256
678,5556,0.285
680,2767,0.213
680,4881,0.201
680,4946,0.221
681,741,0.212
681,4971,0.287
682,1475,0.202
682,5613,0.379
683,814,0.258
683,1213,0.264
683,1296,0.283
683,2186,0.294
683,2245,0.256
683,2371,0.412
683,2851,0.208
683,2942,0.358
683,2946,0.229
683,3248,0.224
683,3408,0.242
683,3415,0.278
683,3429,0.224
683,3693,0.27
683,3704,0.313
683,3804,0.238
683,3949,0.363
683,3953,0.242
683,4013,0.477
683,4105,0.23
683,4256,0.439
683,4360,0.32
683,4423,0.25
683,4451,0.222
683,4562,0.202
683,4615,0.291
683,4740,0.213
683,4759,0.301
683,4859,0.322
683,4972,0.329
683,5023,0.396
683,5057,0.238
683,5115,0.247
683,5274,0.298
683,5336,0.22
683,5356,0.308
683,5383,0.469
683,5603,0.207
683,5611,0.331
684,2478,0.21
684,3091,0.228
684,3966,0.554
684,5062,0.211
684,5374,0.261
684,5513,0.209
685,5192,0.205
686,846,0.382
686,1221,0.418
686,2661,0.387
688,847,0.203
688,876,0.282
688,1847,0.205
688,3097,0.296
688,4065,0.246
688,4417,0.388
688,4576,0.21
688,4984,0.335
688,5167,0.63
688,5371,0.286
688,5394,0.245
688,5454,0.397
688,5640,0.56
689,921,0.207
689,1096,0.231
689,1353,0.216
689,1442,0.282
689,1453,0.275
689,1500,0.217
689,1745,0.218
689,1761,0.249
689,1778,0.274
689,1823,0.214
689,1949,0.216
689,1978,0.217
689,2185,0.205
689,2351,0.214
689,2767,0.273
689,2867,0.251
689,2989,0.203
689,3184,0.207
689,3204,0.219
689,3287,0.206
689,3336,0.213
689,3349,0.222
689,3447,0.36
689,3621,0.203
689,4047,0.268
689,4075,0.367
689,4122,0.252
689,4126,0.231
689,4245,0.274
689,4282,0.218
689,4308,0.299
689,4354,0.234
689,4403,0.231
689,4588,0.207
689,4590,0.202
689,4653,0.201
689,4918,0.257
689,4946,0.248
689,5025,0.248
689,5088,0.271
689,5392,0.242
689,5424,0.243
690,4198,0.246
690,4936,0.287
690,5154,0.201
691,1044,0.226
691,1137,0.231
691,1159,0.204
691,1207,0.23
691,1311,0.209
691,2276,0.205
691,2278,0.298
691,2548,0.298
691,3208,0.217
691,3261,0.201
691,3374,0.212
691,3444,0.451
691,3522,0.287
691,3640,0.381
691,3771,0.451
691,3955,0.228
691,4250,0.214
691,5430,0.203
691,5444,0.307
693,835,0.234
693,2768,0.204
693,2795,0.222
693,3490,0.212
693,3611,0.202
693,3642,0.202
693,4145,0.209
693,4934,0.207
693,5130,0.215
693,5301,0.314
693,5558,0.299
694,1043,0.287
694,1385,0.29
694,1480,0.202
694,2259,0.204
694,2332,0.22
694,2356,0.331
694,3119,0.223
694,3211,0.206
694,3212,0.301
694,3504,0.254
694,3577,0.265
694,3779,0.243
694,4812,0.258
695,5643,0.24
697,725,0.241
697,1176,0.23
697,1351,0.226
697,1413,0.28
697,1777,0.231
697,2199,0.235
697,2270,0.204
697,2662,0.294
697,2747,0.277
697,3100,0.23
697,3387,0.233
697,3637,0.248
697,3737,0.273
697,3934,0.221
697,4130,0.305
697,4133,0.211
697,4302,0.221
697,4318,0.204
697,4333,0.246
697,4848,0.202
697,4939,0.203
697,5043,0.293
697,5315,0.213
697,5551,0.22
698,758,0.268
698,2873,0.323
698,5468,0.288
699,1337,0.501
699,2326,0.201
699,2545,0.491
699,3188,0.225
699,3545,0.429
699,5257,0.281
699,5283,0.531
700,5250,0.218
701,949,0.53
701,1501,0.257
701,3110,0.393
702,748,0.203
702,1034,0.21
702,1358,0.202
702,2329,0.209
702,2336,0.222
702,2501,0.205
702,2569,0.214
702,2662,0.233
702,2805,0.28
702,2971,0.264
702,3243,0.209
702,3534,0.217
702,3560,0.228
702,3891,0.277
702,4004,0.269
702,4118,0.202
702,4326,0.225
702,4388,0.222
702,4446,0.211
702,4468,0.312
702,4701,0.229
702,4703,0.354
702,4828,0.52
702,4957,0.219
703,2119,0.249
703,2531,0.201
703,2915,0.217
703,3102,0.274
703,3625,0.229
703,4403,0.285
703,4504,0.31
703,4637,0.256
703,5229,0.245
703,5537,0.213
705,997,0.269
705,1198,0.272
705,2065,0.204
705,2236,0.253
705,2951,0.321
705,3155,0.354
705,3203,0.3
705,3620,0.252
705,3926,0.324
705,4241,0.253
705,4257,0.213
705,4258,0.224
705,5381,0.283
705,5534,0.226
706,897,0.515
706,1274,0.443
706,1502,0.285
706,1569,0.223
706,1709,0.349
706,2492,0.504
706,3711,0.253
706,3878,0.472
706,3989,0.207
706,4051,0.287
706,4218,0.529
706,4583,0.58
706,4878,0.328
707,1443,0.241
707,2097,0.236
707,2267,0.209
707,2786,0.236
707,2968,0.201
707,3726,0.202
707,3983,0.298
707,4286,0.211
707,4689,0.257
707,4846,0.286
707,4995,0.3
707,5340,0.206
707,5415,0.204
709,1304,0.255
709,1481,0.307
709,1816,0.286
709,1916,0.367
709,1960,0.324
709,2146,0.217
709,2223,0.442
709,2363,0.225
709,2904,0.272
709,2925,0.229
709,3019,0.203
709,3907,0.241
709,4588,0.212
709,4877,0.21
709,4946,0.216
709,5489,0.224
709,5571,0.225
710,930,0.233
710,988,0.219
710,1856,0.226
710,1966,0.221
710,2417,0.206
710,3731,0.263
710,4118,0.318
711,842,0.207
711,1678,0.346
711,1778,0.214
711,1787,0.237
711,2137,0.201
711,2458,0.337
711,2676,0.432
711,2722,0.351
711,2738,0.258
711,2817,0.289
711,2956,0.259
711,2966,0.262
711,2993,0.291
711,3058,0.402
711,3229,0.514
711,3393,0.331
711,3613,0.484
711,3812,0.365
711,3847,0.223
711,4060,0.298
711,4447,0.375
711,5091,0.346
711,5155,0.264
711,5277,0.255
711,5567,0.242
711,5592,0.233
712,1935,0.243
713,884,0.452
713,2190,0.25
713,2619,0.248
713,2949,0.23
713,3477,0.754
713,5097,0.231
714,4241,0.214
714,4504,0.258
715,3907,0.204
716,850,0.211
716,1297,0.239
716,2630,0.245
716,5216,0.206
717,1438,0.272
717,3057,0.21
717,3489,0.334
717,5452,0.222
718,742,0.367
718,1016,0.267
718,1136,0.448
718,1430,0.37
718,2471,0.431
718,3012,0.43
718,3780,0.472
718,3829,0.509
718,4027,0.432
718,4061,0.369
718,4449,0.522
718,4581,0.231
718,4644,0.536
719,5579,0.205
720,769,0.215
720,1899,0.247
720,2840,0.209
720,2974,0.31
720,3033,0.211
720,3626,0.371
720,4749,0.207
720,5283,0.21
720,5594,0.23
721,796,0.203
721,1232,0.22
721,1525,0.293
721,1660,0.242
721,1882,0.213
721,1932,0.477
721,2390,0.426
721,2560,0.206
721,2648,0.269
721,2669,0.234
721,2751,0.204
721,2783,0.254
721,2805,0.241
721,3373,0.282
721,3799,0.468
721,3802,0.478
721,4001,0.449
721,4314,0.282
721,4438,0.448
721,4464,0.201
721,4967,0.326
721,5568,0.226
721,5572,0.477
722,1900,0.215
722,2541,0.281
722,2618,0.48
722,2684,0.363
722,2884,0.307
722,4402,0.282
722,4518,0.284
722,4837,0.359
722,5395,0.296
722,5458,0.208
723,2723,0.229
723,4032,0.217
723,4831,0.262
723,5577,0.221
724,1018,0.22
724,1033,0.206
724,1328,0.217
724,1893,0.243
724,2985,0.233
724,3290,0.205
724,3618,0.204
724,3928,0.216
725,748,0.205
725,768,0.223
725,1032,0.219
725,1176,0.469
725,1413,0.455
725,1477,0.344
725,1923,0.22
725,2072,0.459
725,2094,0.327
725,2164,0.211
725,2270,0.23
725,2349,0.499
725,2371,0.256
725,2497,0.202
725,2662,0.366
725,2683,0.229
725,2698,0.216
725,2747,0.312
725,2869,0.305
725,2941,0.385
725,3084,0.235
725,3219,0.225
725,3250,0.299
725,3395,0.242
725,3401,0.331
725,3448,0.205
725,3637,0.312
725,3708,0.403
725,3737,0.526
725,3939,0.22
725,3953,0.203
725,4130,0.309
725,4302,0.291
725,4318,0.333
725,4889,0.211
725,4939,0.507
725,5023,0.289
725,5315,0.307
725,5362,0.342
725,5551,0.304
725,5557,0.385
727,939,0.255
727,2797,0.245
727,4189,0.225
727,4231,0.227
727,5015,0.222
729,1436,0.268
729,2056,0.234
729,2992,0.26
729,5367,0.253
730,795,0.268
730,1881,0.428
730,1909,0.475
730,2465,0.44
730,4150,0.521
730,4197,0.278
730,4633,0.469
730,4696,0.515
730,4762,0.387
730,4884,0.351
731,2283,0.213
731,2304,0.222
732,1444,0.218
732,1792,0.23
732,2148,0.306
732,2775,0.242
732,2841,0.293
732,4846,0.231
733,4201,0.219
733,4513,0.215
736,1157,0.22
736,1509,0.23
736,2344,0.212
736,5492,0.218
737,1454,0.222
737,1605,0.209
737,2669,0.207
737,4571,0.245
738,1001,0.298
739,3786,0.214
740,1326,0.228
740,3500,0.228
740,4632,0.24
740,4682,0.214
741,989,0.207
741,1642,0.246
741,1969,0.208
741,1977,0.238
741,2060,0.384
741,2190,0.211
741,2742,0.306
741,2918,0.205
741,3525,0.335
741,4101,0.228
741,4551,0.214
741,5490,0.204
741,5504,0.318
742,1136,0.216
742,2471,0.209
742,3012,0.201
742,3780,0.222
742,3829,0.251
742,4027,0.273
742,4061,0.21
742,4449,0.27
742,4644,0.337
743,1264,0.205
743,1712,0.303
743,2224,0.294
743,2345,0.219
743,2715,0.206
743,3214,0.21
743,4286,0.217
743,5642,0.203
744,2222,0.221
746,799,0.266
746,932,0.238
746,1130,0.333
746,1257,0.22
746,1267,0.21
746,1338,0.297
746,1549,0.295
746,1576,0.221
746,1603,0.233
746,1666,0.295
746,1702,0.288
746,1714,0.298
746,1757,0.257
746,1994,0.285
746,2031,0.207
746,2164,0.207
746,2165,0.214
746,2700,0.279
746,2708,0.242
746,2858,0.202
746,3006,0.333
746,3272,0.21
746,3283,0.261
746,3685,0.277
746,3714,0.252
746,3959,0.204
746,3985,0.426
746,4006,0.385
746,4177,0.26
746,4249,0.232
746,4287,0.281
746,4604,0.456
746,4673,0.34
746,4707,0.355
746,4732,0.435
746,5045,0.258
746,5154,0.208
746,5184,0.227
746,5277,0.219
747,1578,0.214
747,1999,0.348
748,768,0.292
748,877,0.246
748,894,0.248
748,934,0.332
748,1032,0.474
748,1089,0.242
748,1176,0.384
748,1257,0.324
748,1260,0.345
748,1338,0.301
748,1403,0.302
748,1413,0.27
748,1549,0.211
748,1563,0.423
748,1603,0.327
748,1666,0.254
748,1702,0.262
748,1714,0.276
748,1741,0.255
748,1757,0.305
748,1804,0.328
748,1923,0.234
748,1941,0.262
748,2072,0.234
748,2164,0.692
748,2373,0.724
748,2493,0.307
748,2497,0.353
748,2569,0.204
748,2641,0.204
748,2700,0.215
748,2858,0.235
748,2869,0.21
748,2959,0.209
748,2978,0.355
748,3033,0.32
748,3052,0.274
748,3272,0.336
748,3448,0.202
748,3497,0.247
748,3534,0.345
748,3708,0.257
748,3737,0.326
748,4177,0.22
748,4180,0.669
748,4302,0.229
748,4346,0.284
748,4383,0.245
748,4440,0.309
748,4577,0.294
748,4707,0.285
748,4776,0.218
748,4797,0.372
748,4876,0.301
748,4945,0.299
748,4957,0.246
748,5315,0.261
748,5316,0.211
748,5326,0.664
748,5334,0.273
748,5551,0.245
748,5557,0.237
748,5618,0.351
749,4116,0.229
750,881,0.221
750,955,0.299
750,987,0.217
750,1096,0.239
750,1236,0.576
750,1529,0.508
750,1822,0.243
750,1923,0.284
750,1926,0.201
750,2390,0.428
750,2682,0.269
750,2819,0.456
750,3540,0.244
750,3564,0.359
750,3694,0.268
750,3833,0.254
750,4038,0.289
750,4589,0.412
750,4774,0.271
750,4840,0.386
750,5248,0.275
750,5326,0.229
751,4892,0.212
752,5246,0.383
753,1738,0.201
754,1332,0.324
754,2518,0.363
754,4068,0.308
755,1266,0.273
755,1846,0.354
755,2228,0.241
755,2738,0.213
755,2993,0.284
755,3847,0.217
756,1286,0.296
756,4426,0.201
757,1329,0.224
757,1575,0.293
757,1652,0.244
757,1819,0.204
757,1943,0.218
757,1961,0.223
757,2457,0.232
757,3275,0.21
757,3318,0.374
757,3345,0.226
757,3474,0.26
757,3923,0.203
757,4361,0.426
757,4782,0.333
757,4794,0.266
757,4903,0.222
757,5141,0.219
757,5174,0.206
757,5263,0.345
757,5270,0.236
757,5304,0.267
758,1405,0.28
758,1854,0.449
758,2821,0.342
758,2873,0.254
758,3035,0.226
758,3358,0.353
758,3811,0.232
758,4410,0.265
758,5138,0.243
758,5467,0.222
758,5468,0.457
759,863,0.477
759,924,0.305
759,952,0.463
759,1728,0.233
759,1747,0.488
759,2073,0.319
759,2225,0.424
759,2368,0.486
759,2900,0.405
759,3011,0.454
759,3234,0.286
759,4385,0.291
759,4666,0.459
759,4785,0.373
762,5128,0.208
763,5568,0.322
764,1370,0.212
764,1602,0.208
764,2701,0.272
764,3299,0.259
764,4666,0.23
764,4941,0.213
764,5532,0.214
765,1325,0.309
768,934,0.213
768,1032,0.242
768,1563,0.485
768,1963,0.297
768,2164,0.206
768,2266,0.237
768,2327,0.21
768,2411,0.205
768,2493,0.424
768,2497,0.213
768,2569,0.258
768,2641,0.208
768,2943,0.29
768,3534,0.365
768,3744,0.4
768,3750,0.276
768,3773,0.397
768,3939,0.232
768,4004,0.224
768,4057,0.209
768,4180,0.212
768,4373,0.216
768,4388,0.213
768,4440,0.332
768,4556,0.236
768,4568,0.232
768,4761,0.218
768,4774,0.229
768,4797,0.351
768,4894,0.233
768,5315,0.25
768,5334,0.21
769,1061,0.276
769,1183,0.293
769,1509,0.227
769,1705,0.226
769,1719,0.209
769,2840,0.26
769,3550,0.248
769,4963,0.231
769,5140,0.242
769,5146,0.269
770,1019,0.369
770,1032,0.296
770,1413,0.22
770,1477,0.255
770,1941,0.349
770,2270,0.209
770,2291,0.264
770,2513,0.214
770,2520,0.311
770,2558,0.284
770,2622,0.212
770,2885,0.31
770,3401,0.249
770,3448,0.574
770,3452,0.374
770,3703,0.315
770,3708,0.214
770,4133,0.347
770,4234,0.233
770,5399,0.341
771,4913,0.258
772,1712,0.211
773,1167,0.272
773,1306,0.236
773,3035,0.233
773,4153,0.326
773,4206,0.226
775,1326,0.206
775,3510,0.209
775,5259,0.206
776,1004,0.263
776,1398,0.224
776,1586,0.342
776,1885,0.293
776,2020,0.207
776,2159,0.201
776,2286,0.393
776,2676,0.229
776,2828,0.219
776,2966,0.235
776,2993,0.288
776,3685,0.238
776,3727,0.237
776,3847,0.247
776,4207,0.323
776,4604,0.341
776,5155,0.25
776,5277,0.383
776,5567,0.269
777,824,0.418
777,4704,0.233
777,4764,0.216
778,2463,0.214
778,2900,0.203
779,1205,0.227
779,2740,0.208
779,3089,0.256
779,5208,0.26
780,897,0.327
780,1123,0.22
780,1274,0.289
780,1502,0.21
780,1709,0.304
780,2398,0.219
780,2492,0.398
780,2675,0.325
780,2696,0.256
780,2982,0.263
780,3039,0.295
780,3711,0.216
780,3878,0.353
780,4051,0.381
780,4138,0.27
780,4218,0.327
780,4583,0.472
782,845,0.215
782,1394,0.239
782,2026,0.319
782,2181,0.28
782,2211,0.245
782,2285,0.207
782,2391,0.206
782,2424,0.201
782,2475,0.253
782,2748,0.209
782,2836,0.24
782,3543,0.582
782,3640,0.264
782,3960,0.204
782,4085,0.204
782,4123,0.467
782,4529,0.216
782,4547,0.283
782,4553,0.216
782,4612,0.207
782,4663,0.378
782,5047,0.21
782,5346,0.362
782,5373,0.222
782,5426,0.326
782,5500,0.212
785,3489,0.237
786,792,0.36
786,1043,0.236
786,1066,0.368
786,1385,0.206
786,1480,0.309
786,1510,0.292
786,1520,0.338
786,1525,0.284
786,1660,0.201
786,1744,0.202
786,2300,0.209
786,2332,0.37
786,2356,0.368
786,2818,0.239
786,3119,0.377
786,3211,0.282
786,3779,0.418
786,4426,0.268
786,4460,0.248
786,4464,0.389
786,5149,0.333
789,1413,0.206
789,2501,0.249
789,2990,0.22
789,3737,0.219
789,5315,0.225
790,1286,0.344
790,3292,0.55
790,5499,0.214
792,1043,0.385
792,1066,0.578
792,1130,0.3
792,1267,0.277
792,1385,0.388
792,1480,0.48
792,1520,0.33
792,1660,0.232
792,1744,0.219
792,2300,0.341
792,2332,0.369
792,2356,0.394
792,2560,0.21
792,2818,0.415
792,3119,0.22
792,3211,0.339
792,3212,0.232
792,3366,0.258
792,3417,0.273
792,3439,0.289
792,3504,0.323
792,3577,0.262
792,3779,0.409
792,3893,0.436
792,4006,0.263
792,4096,0.219
792,4104,0.264
792,4198,0.493
792,4426,0.387
792,4516,0.207
792,4600,0.328
792,4673,0.272
792,4812,0.288
792,4993,0.202
792,5068,0.242
792,5149,0.332
792,5154,0.448
792,5297,0.268
792,5379,0.211
792,5568,0.218
792,5614,0.217
793,797,0.301
793,900,0.367
793,947,0.215
793,1190,0.463
793,1408,0.306
793,1893,0.22
793,2032,0.367
793,2278,0.453
793,2594,0.205
793,2901,0.272
793,2985,0.206
793,3208,0.408
793,4244,0.341
793,4332,0.281
793,4856,0.38
793,4908,0.33
793,5532,0.211
793,5546,0.522
794,1207,0.208
794,2579,0.242
794,2827,0.248
794,2853,0.248
794,2923,0.208
794,3481,0.274
794,4037,0.267
794,4263,0.207
794,4527,0.282
794,5602,0.202
795,1881,0.26
795,1909,0.226
795,2306,0.367
795,4150,0.257
795,4762,0.22
795,4884,0.427
796,1076,0.235
796,1110,0.212
796,1304,0.449
796,1384,0.289
796,1481,0.24
796,1525,0.285
796,1655,0.216
796,1660,0.287
796,1681,0.209
796,1688,0.214
796,1916,0.293
796,1960,0.261
796,2223,0.28
796,2363,0.214
796,2560,0.213
796,2672,0.227
796,3802,0.206
796,3839,0.204
796,4002,0.243
796,4548,0.32
796,4877,0.25
796,5377,0.201
797,939,0.228
797,948,0.217
797,1085,0.256
797,1190,0.216
797,1408,0.221
797,1893,0.253
797,2032,0.265
797,2278,0.296
797,2701,0.365
797,2901,0.259
797,2985,0.218
797,3208,0.36
797,3299,0.21
797,3444,0.263
797,3772,0.22
797,3955,0.239
797,4129,0.279
797,4173,0.221
797,4244,0.308
797,4553,0.228
797,4856,0.245
797,4897,0.326
797,4908,0.244
797,5532,0.218
797,5546,0.265
797,5591,0.212
798,1605,0.261
798,1759,0.304
798,1970,0.333
798,2055,0.256
798,4965,0.237
799,877,0.28
799,891,0.252
799,1089,0.257
799,1130,0.24
799,1257,0.233
799,1338,0.387
799,1403,0.305
799,1506,0.218
799,1549,0.42
799,1603,0.308
799,1658,0.243
799,1666,0.328
799,1692,0.247
799,1702,0.28
799,1705,0.204
799,1714,0.332
799,1757,0.409
799,1804,0.293
799,1873,0.211
799,1905,0.204
799,1988,0.201
799,1994,0.28
799,2297,0.232
799,2470,0.255
799,2525,0.293
799,2609,0.31
799,2708,0.449
799,2763,0.23
799,2858,0.285
799,2959,0.245
799,3006,0.278
799,3171,0.215
799,3272,0.201
799,3497,0.229
799,3506,0.203
799,3714,0.301
799,3959,0.285
799,3985,0.387
799,4006,0.302
799,4177,0.315
799,4287,0.397
799,4348,0.316
799,4383,0.309
799,4419,0.205
799,4424,0.234
799,4484,0.224
799,4550,0.294
799,4577,0.248
799,4673,0.295
799,4707,0.366
799,4732,0.365
799,4922,0.261
799,5045,0.256
799,5227,0.279
799,5492,0.204
799,5535,0.238
800,2084,0.319
800,4975,0.224
803,1321,0.239
803,1785,0.206
803,1943,0.266
803,1961,0.313
803,2024,0.229
803,2066,0.226
803,2801,0.223
803,3578,0.225
803,3785,0.263
803,3914,0.219
803,4691,0.215
803,4782,0.266
803,5087,0.281
803,5141,0.213
803,5174,0.328
803,5243,0.203
803,5276,0.206
803,5334,0.214
805,2422,0.217
806,1392,0.296
806,1445,0.213
806,1902,0.217
806,1990,0.248
806,2510,0.236
806,2551,0.222
806,2687,0.253
806,3130,0.228
806,3142,0.364
806,3591,0.24
806,3682,0.357
806,4412,0.213
806,5385,0.266
806,5627,0.515
807,1939,0.24
807,2693,0.21
807,3385,0.272
807,3418,0.226
807,3816,0.226
807,3913,0.276
807,4656,0.201
807,5318,0.263
807,5532,0.224
809,1714,0.232
809,4402,0.208
809,5531,0.204
809,5635,0.22
812,3249,0.269
813,2955,0.215
813,3455,0.231
813,5119,0.245
813,5548,0.23
814,1296,0.266
814,4225,0.216
815,1200,0.222
815,2588,0.238
815,3903,0.204
815,5180,0.205
818,2525,0.247
818,3145,0.258
818,3215,0.327
818,4287,0.246
818,5042,0.22
819,4556,0.24
819,4687,0.249
820,1077,0.238
820,3099,0.21
820,3292,0.254
822,2459,0.238
823,3820,0.203
824,4704,0.283
824,4764,0.223
827,1150,0.458
827,1549,0.243
827,1703,0.244
827,1757,0.202
827,2237,0.203
827,2763,0.226
827,2776,0.223
827,2953,0.274
827,3173,0.298
827,3381,0.21
827,3696,0.422
827,3836,0.208
827,4342,0.245
827,4419,0.295
827,4910,0.219
827,4948,0.449
827,4951,0.289
827,5173,0.39
827,5431,0.486
827,5616,0.213
828,865,0.211
828,1115,0.268
828,1228,0.22
828,1998,0.441
828,4679,0.201
828,5319,0.218
829,887,0.211
829,3425,0.224
830,1194,0.28
830,2187,0.227
830,2678,0.237
830,5587,0.201
831,1295,0.203
831,1792,0.201
831,1839,0.264
831,2042,0.23
831,2563,0.206
831,2992,0.213
831,3728,0.204
832,4194,0.224
833,2530,0.218
833,4112,0.21
833,5577,0.371
834,1887,0.211
834,4582,0.289
834,5414,0.226
834,5482,0.211
835,1112,0.205
835,2768,0.223
835,3658,0.223
835,4145,0.206
835,5301,0.259
835,5558,0.256
836,899,0.288
836,1329,0.252
836,1445,0.254
836,1511,0.244
836,1517,0.235
836,1575,0.238
836,1646,0.277
836,1732,0.28
836,1786,0.202
836,1834,0.28
836,1943,0.324
836,1961,0.235
836,1990,0.382
836,2024,0.48
836,2062,0.222
836,2240,0.306
836,2262,0.284
836,2361,0.202
836,2460,0.211
836,2502,0.281
836,2732,0.259
836,2801,0.299
836,2806,0.368
836,2922,0.249
836,3318,0.22
836,3923,0.24
836,3961,0.214
836,4226,0.233
836,4361,0.222
836,4676,0.273
836,4691,0.213
836,4782,0.38
836,4794,0.245
836,4857,0.317
836,4903,0.314
836,5087,0.387
836,5141,0.302
836,5243,0.284
836,5263,0.276
836,5270,0.211
836,5290,0.248
836,5432,0.202
837,2818,0.245
837,3076,0.225
837,3504,0.218
837,5514,0.207
839,920,0.211
839,1049,0.207
839,1236,0.207
839,2369,0.241
839,2802,0.216
839,4571,0.335
840,1712,0.274
840,3214,0.201
840,4286,0.263
841,1168,0.223
841,1197,0.213
841,1236,0.215
841,1266,0.303
841,1846,0.243
841,2738,0.267
841,2864,0.229
841,2993,0.299
841,3847,0.246
841,4447,0.213
841,4695,0.205
841,5349,0.257
842,1237,0.365
842,1800,0.262
842,2458,0.312
842,2676,0.235
842,2722,0.414
842,2817,0.303
842,3229,0.466
842,3393,0.26
842,3812,0.368
842,4447,0.219
842,5091,0.245
843,3105,0.371
843,3527,0.208
845,1712,0.301
845,2901,0.26
845,3222,0.285
845,4458,0.229
845,5591,0.212
846,1221,0.48
846,2661,0.437
846,3292,0.224
846,4556,0.217
847,876,0.245
847,1071,0.341
847,1075,0.334
847,1529,0.238
847,1847,0.338
847,2096,0.367
847,3243,0.295
847,3433,0.547
847,3626,0.247
847,3872,0.347
847,3918,0.28
847,3940,0.255
847,4029,0.285
847,4749,0.279
847,4984,0.341
849,1686,0.554
849,4906,0.288
849,5399,0.219
850,1297,0.215
850,2151,0.224
850,2630,0.257
850,4476,0.228
850,5136,0.211
850,5471,0.242
851,3337,0.22
851,4676,0.229
852,1073,0.209
852,1236,0.229
852,1507,0.229
852,1592,0.221
852,1671,0.449
852,2200,0.401
852,2266,0.213
852,2327,0.248
852,2614,0.304
852,3129,0.223
852,4069,0.248
852,4356,0.339
852,4402,0.628
852,4556,0.294
852,4679,0.26
852,4768,0.236
852,4774,0.287
852,4827,0.232
852,4894,0.264
852,4945,0.229
852,5037,0.297
852,5395,0.227
852,5409,0.263
852,5413,0.374
852,5458,0.293
855,3077,0.338
855,4326,0.234
856,1287,0.237
856,1974,0.231
856,2194,0.202
856,2621,0.251
856,3354,0.228
857,1097,0.259
857,5020,0.258
858,2042,0.203
860,961,0.287
860,1015,0.335
860,1158,0.298
860,1388,0.208
860,1416,0.303
860,1505,0.331
860,1627,0.261
860,1845,0.356
860,1997,0.271
860,2414,0.27
860,2781,0.231
860,3151,0.225
860,3236,0.219
860,3364,0.218
860,3445,0.256
860,3609,0.204
860,4040,0.27
860,4107,0.249
860,4230,0.285
860,4322,0.29
860,4530,0.368
860,4678,0.263
860,4757,0.359
860,5213,0.311
860,5301,0.219
861,2024,0.202
861,3618,0.27
861,4782,0.233
861,4903,0.203
861,5172,0.208
861,5270,0.399
862,1292,0.207
862,2132,0.202
862,5250,0.23
863,924,0.376
863,1747,0.516
863,2073,0.418
863,2225,0.574
863,2368,0.526
863,2900,0.574
863,3011,0.542
863,3188,0.204
863,3234,0.286
863,4385,0.255
863,4666,0.452
863,4785,0.385
864,1201,0.477
864,1703,0.457
864,1704,0.244
864,1735,0.232
864,2237,0.395
864,2495,0.337
864,2682,0.282
864,2893,0.356
864,2953,0.263
864,3082,0.309
864,3173,0.284
864,3381,0.272
864,3516,0.231
864,3592,0.24
864,3696,0.302
864,3836,0.272
864,3848,0.272
864,4248,0.205
864,4289,0.374
864,4342,0.243
864,4355,0.345
864,4419,0.395
864,4951,0.285
864,5173,0.351
864,5204,0.42
864,5431,0.243
865,1519,0.215
865,2756,0.253
865,3184,0.234
865,3855,0.234
865,3873,0.205
865,5118,0.232
865,5568,0.21
866,937,0.267
867,1232,0.233
867,1440,0.207
867,2259,0.235
867,4002,0.244
867,4124,0.202
868,1056,0.271
868,1238,0.217
868,1592,0.294
868,1871,0.407
868,2047,0.202
868,2266,0.341
868,2305,0.214
868,2327,0.302
868,2411,0.251
868,2433,0.208
868,2641,0.245
868,2902,0.255
868,3172,0.306
868,3360,0.287
868,4069,0.235
868,4293,0.309
868,4356,0.303
868,4402,0.243
868,4440,0.203
868,4556,0.366
868,4664,0.217
868,4679,0.345
868,4774,0.347
868,4847,0.285
868,4894,0.276
868,5037,0.216
868,5409,0.202
868,5442,0.38
869,2144,0.238
869,2397,0.206
869,3983,0.225
869,4077,0.224
869,4152,0.253
869,4204,0.22
869,5588,0.206
870,5276,0.203
873,1551,0.203
873,1736,0.282
873,3281,0.213
873,3389,0.215
873,4567,0.244
874,2685,0.216
874,3171,0.271
874,4287,0.215
875,1402,0.207
875,2893,0.249
875,3273,0.293
876,1071,0.318
876,1075,0.364
876,1195,0.267
876,1847,0.323
876,2090,0.201
876,2096,0.374
876,2662,0.253
876,3062,0.279
876,3084,0.215
876,3097,0.423
876,3243,0.304
876,3433,0.227
876,3626,0.297
876,4065,0.254
876,4417,0.506
876,4749,0.25
876,4984,0.328
876,5167,0.548
876,5640,0.603
877,891,0.249
877,894,0.256
877,1089,0.585
877,1257,0.28
877,1260,0.308
877,1262,0.236
877,1338,0.277
877,1403,0.211
877,1549,0.261
877,1603,0.58
877,1666,0.329
877,1692,0.271
877,1702,0.317
877,1714,0.294
877,1757,0.209
877,1804,0.547
877,1994,0.328
877,2164,0.271
877,2297,0.514
877,2373,0.245
877,2391,0.229
877,2470,0.283
877,2497,0.247
877,2525,0.26
877,2609,0.242
877,2700,0.226
877,2708,0.256
877,2763,0.346
877,2858,0.552
877,2959,0.538
877,2978,0.235
877,3006,0.237
877,3033,0.202
877,3052,0.216
877,3291,0.234
877,3708,0.226
877,4177,0.213
877,4180,0.233
877,4346,0.247
877,4383,0.546
877,4484,0.227
877,4550,0.286
877,4577,0.409
877,4707,0.378
877,4776,0.239
877,4876,0.31
877,4910,0.292
877,5227,0.255
877,5308,0.274
877,5326,0.232
877,5431,0.218
877,5492,0.225
877,5535,0.232
877,5618,0.244
877,5621,0.262
880,986,0.216
880,1076,0.318
880,1581,0.206
880,2075,0.246
880,2201,0.373
880,3741,0.395
880,4705,0.312
881,3914,0.3
881,4369,0.288
882,2418,0.261
882,4276,0.255
884,1266,0.253
884,2619,0.51
884,2966,0.201
884,2993,0.222
884,3223,0.441
884,3477,0.498
884,4424,0.299
884,4447,0.228
884,4604,0.254
884,5155,0.205
884,5277,0.211
885,1095,0.23
885,3021,0.266
885,3638,0.249
885,5251,0.223
886,1120,0.216
886,1237,0.294
886,1321,0.283
886,1728,0.214
886,2344,0.212
886,2819,0.244
886,3045,0.204
886,3423,0.219
886,3451,0.206
886,3803,0.355
886,4038,0.227
886,4369,0.263
886,4529,0.244
886,4938,0.203
886,4991,0.249
886,5056,0.228
886,5349,0.302
887,980,0.224
887,1034,0.254
887,1073,0.237
887,4791,0.236
887,4809,0.202
887,5117,0.211
888,5287,0.464
888,5374,0.203
888,5517,0.202
889,4375,0.211
891,1089,0.242
891,1338,0.201
891,1403,0.272
891,1549,0.268
891,1603,0.296
891,1666,0.382
891,1692,0.589
891,1702,0.401
891,1757,0.236
891,1804,0.29
891,2297,0.285
891,2391,0.448
891,2446,0.362
891,2470,0.494
891,2525,0.402
891,2586,0.235
891,2609,0.403
891,2763,0.527
891,2858,0.3
891,2896,0.202
891,2953,0.201
891,2959,0.254
891,2978,0.236
891,3145,0.275
891,3272,0.208
891,3291,0.202
891,3497,0.252
891,4346,0.205
891,4383,0.295
891,4419,0.249
891,4550,0.25
891,4577,0.222
891,4627,0.303
891,4707,0.255
891,4910,0.374
891,5051,0.207
891,5227,0.405
891,5535,0.206
891,5565,0.499
891,5618,0.213
892,1017,0.234
892,1581,0.442
892,1706,0.236
892,4498,0.465
892,4805,0.267
892,4869,0.22
893,1162,0.352
893,1628,0.24
893,4270,0.518
893,4527,0.201
893,5315,0.207
893,5385,0.211
893,5627,0.219
894,1032,0.367
894,1089,0.321
894,1257,0.367
894,1260,0.544
894,1262,0.286
894,1338,0.306
894,1403,0.251
894,1413,0.246
894,1563,0.268
894,1603,0.25
894,1666,0.329
894,1702,0.398
894,1714,0.272
894,1741,0.26
894,1757,0.335
894,1804,0.256
894,1994,0.282
894,2164,0.37
894,2270,0.238
894,2297,0.252
894,2373,0.342
894,2493,0.259
894,2497,0.493
894,2569,0.222
894,2622,0.259
894,2700,0.322
894,2763,0.285
894,2858,0.256
894,2941,0.202
894,2959,0.261
894,2978,0.692
894,3006,0.205
894,3033,0.468
894,3052,0.359
894,3144,0.244
894,3272,0.307
894,3497,0.259
894,3708,0.389
894,3737,0.219
894,4180,0.3
894,4346,0.482
894,4383,0.284
894,4566,0.224
894,4577,0.55
894,4707,0.42
894,4746,0.215
894,4776,0.46
894,4876,0.654
894,4945,0.498
894,4957,0.246
894,5316,0.23
894,5326,0.336
894,5535,0.225
894,5618,0.606
894,5621,0.26
897,911,0.227
897,1086,0.493
897,1123,0.228
897,1274,0.461
897,1430,0.268
897,1502,0.6
897,1569,0.472
897,1709,0.259
897,2410,0.259
897,2492,0.697
897,2675,0.398
897,2696,0.299
897,2982,0.21
897,3039,0.389
897,3276,0.298
897,3711,0.494
897,3878,0.5
897,3989,0.419
897,4051,0.247
897,4218,0.6
897,4583,0.611
897,4587,0.263
897,4878,0.461
897,5051,0.217
897,5477,0.308
898,3030,0.309
898,3082,0.201
898,3592,0.216
898,4419,0.236
898,5204,0.233
898,5597,0.208
899,1329,0.305
899,1511,0.269
899,1646,0.399
899,1732,0.343
899,1834,0.378
899,1943,0.237
899,1990,0.294
899,2024,0.347
899,2066,0.361
899,2220,0.206
899,2240,0.405
899,2345,0.305
899,2361,0.289
899,2460,0.201
899,2502,0.288
899,2577,0.287
899,2732,0.329
899,2801,0.357
899,2806,0.416
899,2844,0.22
899,2940,0.225
899,3159,0.231
899,3318,0.204
899,3450,0.3
899,3723,0.393
899,3904,0.265
899,3923,0.298
899,3992,0.488
899,4187,0.202
899,4226,0.447
899,4433,0.227
899,4676,0.42
899,4857,0.504
899,5087,0.586
899,5141,0.326
899,5230,0.231
899,5243,0.404
899,5290,0.363
899,5304,0.217
900,1190,0.452
900,1408,0.388
900,1472,0.238
900,1874,0.233
900,2032,0.379
900,2278,0.449
900,3208,0.362
900,3290,0.206
900,3618,0.215
900,4244,0.306
900,4332,0.333
900,4671,0.231
900,4856,0.398
900,4908,0.304
900,4999,0.213
900,5089,0.217
900,5497,0.245
900,5546,0.554
900,5619,0.26
902,2479,0.244
902,3318,0.234
902,4582,0.259
903,1017,0.396
903,1133,0.298
903,1351,0.349
903,1706,0.227
903,1822,0.542
903,2233,0.231
903,2291,0.231
903,2404,0.31
903,2990,0.235
903,3303,0.398
903,3533,0.318
903,3702,0.222
903,4133,0.23
903,4146,0.331
903,4228,0.304
903,4333,0.251
903,4492,0.313
903,4498,0.239
903,4606,0.202
903,4805,0.263
903,4869,0.425
903,5399,0.287
903,5424,0.217
903,5515,0.302
904,1090,0.282
904,1638,0.51
904,2006,0.248
904,2327,0.215
904,2641,0.209
904,2669,0.371
904,2805,0.308
904,3534,0.211
904,4468,0.251
904,4703,0.281
904,4828,0.232
904,5064,0.277
905,4802,0.226
907,1295,0.293
907,1443,0.461
907,2042,0.202
907,2968,0.259
907,3617,0.211
907,3726,0.328
907,3956,0.219
907,4009,0.289
907,4024,0.234
907,4056,0.493
907,4995,0.298
908,1200,0.207
908,1261,0.212
908,1383,0.222
908,1444,0.214
908,1644,0.335
908,1764,0.285
908,2191,0.203
908,2588,0.254
908,2650,0.328
908,2989,0.229
908,3112,0.247
908,3728,0.384
908,3729,0.305
908,4363,0.227
908,4613,0.201
908,4662,0.205
908,4758,0.27
908,4965,0.209
908,5180,0.221
908,5321,0.268
908,5397,0.206
908,5402,0.201
908,5448,0.443
908,5604,0.459
909,1764,0.261
909,2588,0.393
909,2650,0.27
909,3170,0.215
909,3715,0.213
909,3824,0.402
909,3903,0.23
909,4116,0.259
909,4700,0.234
909,5321,0.494
909,5448,0.3
909,5604,0.353
910,1515,0.22
910,1563,0.305
910,1777,0.236
910,1936,0.226
910,2373,0.219
910,2493,0.22
910,3773,0.21
910,5629,0.242
911,1274,0.253
911,2002,0.242
911,2492,0.203
911,2675,0.205
911,2696,0.214
911,3711,0.228
911,3878,0.217
911,4051,0.292
911,4138,0.21
911,4201,0.289
911,4218,0.228
911,4515,0.263
911,4583,0.248
911,4587,0.208
911,5188,0.212
912,2360,0.244
912,3405,0.399
912,4335,0.3
912,4557,0.297
912,4717,0.256
912,4806,0.224
912,5545,0.211
914,939,0.201
914,1264,0.206
914,1874,0.267
914,1893,0.248
914,3290,0.266
914,3432,0.208
914,3618,0.232
914,3909,0.231
914,3928,0.219
914,3955,0.204
914,4999,0.3
916,4485,0.238
918,1258,0.314
918,1383,0.584
918,1429,0.212
918,1465,0.207
918,1500,0.205
918,1644,0.212
918,1656,0.325
918,1745,0.297
918,2175,0.38
918,2191,0.227
918,2210,0.312
918,2486,0.396
918,2913,0.306
918,3385,0.276
918,3518,0.322
918,3583,0.205
918,3801,0.233
918,4064,0.21
918,4221,0.219
918,4411,0.215
918,4613,0.274
918,4638,0.209
918,4651,0.385
918,4819,0.27
918,4918,0.224
918,5318,0.208
918,5402,0.297
920,2106,0.228
920,2910,0.219
920,4571,0.206
920,4902,0.258
921,1096,0.293
921,1172,0.329
921,1258,0.295
921,1411,0.206
921,1442,0.277
921,1453,0.404
921,1500,0.36
921,1581,0.218
921,1745,0.314
921,1754,0.237
921,1761,0.347
921,1924,0.204
921,1949,0.209
921,1992,0.217
921,2325,0.298
921,2351,0.248
921,2514,0.408
921,2600,0.367
921,2655,0.354
921,2767,0.209
921,2814,0.251
921,2816,0.201
921,2867,0.434
921,2960,0.281
921,2970,0.264
921,2989,0.32
921,3018,0.223
921,3184,0.225
921,3192,0.245
921,3204,0.373
921,3336,0.364
921,3349,0.307
921,3447,0.345
921,3583,0.203
921,3621,0.413
921,3891,0.217
921,3931,0.264
921,4047,0.422
921,4064,0.268
921,4122,0.332
921,4126,0.224
921,4245,0.422
921,4308,0.292
921,4354,0.358
921,4403,0.274
921,4411,0.432
921,4421,0.219
921,4588,0.266
921,4651,0.227
921,4684,0.205
921,4767,0.207
921,4860,0.276
921,4918,0.307
921,4946,0.228
921,5025,0.283
921,5088,0.378
921,5118,0.358
921,5384,0.223
921,5392,0.283
921,5402,0.26
921,5449,0.271
921,5519,0.209
921,5568,0.284
922,2345,0.249
923,1215,0.216
924,1021,0.21
924,1588,0.307
924,1747,0.345
924,2055,0.288
924,2073,0.61
924,2225,0.437
924,2284,0.324
924,2368,0.414
924,2552,0.214
924,2900,0.437
924,3011,0.386
924,3234,0.493
924,4385,0.381
924,4666,0.329
924,4785,0.69
924,5162,0.213
925,963,0.221
925,1513,0.228
925,2186,0.278
925,2444,0.207
925,2521,0.306
925,2846,0.242
925,3539,0.206
925,3583,0.23
927,1231,0.267
927,1257,0.204
927,1905,0.425
927,2443,0.211
927,2616,0.212
927,2899,0.211
928,1519,0.215
928,2087,0.202
928,3161,0.229
928,3281,0.203
928,3418,0.242
928,3816,0.23
928,4063,0.247
928,4319,0.215
928,4402,0.245
928,4679,0.207
928,4767,0.217
929,2137,0.203
929,4530,0.253
929,5585,0.236
930,1704,0.266
930,1966,0.686
930,2760,0.206
930,3514,0.44
930,3598,0.203
931,4317,0.264
931,4999,0.246
931,5031,0.229
932,1277,0.342
932,1417,0.231
932,1549,0.291
932,1576,0.391
932,1702,0.226
932,1714,0.224
932,1831,0.37
932,1994,0.204
932,2031,0.401
932,2164,0.216
932,2165,0.426
932,2664,0.326
932,2700,0.253
932,2799,0.329
932,3499,0.257
932,4177,0.224
932,4180,0.221
932,4419,0.216
932,4707,0.233
932,4970,0.313
933,3851,0.233
933,5598,0.22
934,1032,0.242
934,1257,0.236
934,1403,0.234
934,1563,0.305
934,1603,0.23
934,1623,0.207
934,1777,0.203
934,2164,0.22
934,2200,0.207
934,2411,0.202
934,2493,0.331
934,2497,0.207
934,2569,0.22
934,2614,0.231
934,2812,0.237
934,2978,0.212
934,3052,0.219
934,3150,0.221
934,3360,0.209
934,3448,0.201
934,3497,0.201
934,3534,0.209
934,3744,0.214
934,3750,0.269
934,4388,0.253
934,4894,0.249
934,5037,0.221
934,5326,0.236
934,5413,0.228
935,1017,0.23
935,1467,0.267
935,1793,0.202
935,2125,0.228
935,2139,0.328
935,2524,0.259
935,2702,0.206
935,2734,0.205
935,3042,0.257
935,3190,0.34
935,3299,0.451
935,3489,0.23
935,3898,0.224
935,4677,0.552
935,5506,0.223
935,5591,0.376
937,1473,0.297
937,2202,0.469
937,2285,0.311
937,2852,0.255
937,3399,0.224
937,3951,0.244
937,4065,0.277
937,4334,0.286
937,4347,0.305
937,4378,0.408
937,4576,0.235
937,4649,0.218
939,983,0.232
939,1266,0.201
939,1285,0.213
939,1449,0.241
939,1625,0.317
939,1717,0.256
939,1893,0.222
939,1927,0.206
939,2278,0.327
939,2626,0.258
939,2719,0.223
939,2778,0.202
939,2984,0.242
939,3021,0.208
939,3213,0.277
939,3688,0.228
939,4526,0.216
939,4703,0.204
939,4753,0.21
939,4793,0.232
939,5044,0.213
939,5098,0.279
939,5548,0.201
940,2000,0.289
940,2083,0.232
940,3713,0.203
941,4582,0.217
941,5482,0.224
942,1081,0.218
942,5584,0.748
942,5627,0.229
944,4623,0.253
945,2814,0.232
945,3200,0.287
947,1190,0.246
947,4251,0.294
947,4934,0.207
947,5546,0.307
948,2701,0.281
948,2901,0.224
948,2992,0.258
948,3955,0.268
948,4129,0.244
948,4999,0.206
948,5188,0.226
949,3110,0.515
950,4928,0.22
952,1681,0.257
952,1747,0.513
952,2368,0.452
952,2900,0.419
952,4548,0.23
953,1445,0.253
953,2148,0.493
953,5338,0.256
953,5432,0.227
954,3543,0.258
954,3640,0.348
954,3956,0.274
954,4204,0.257
954,4547,0.242
954,4626,0.292
954,5250,0.222
955,986,0.235
955,1076,0.505
955,1187,0.312
955,1236,0.385
955,1729,0.45
955,1843,0.432
955,1926,0.207
955,2157,0.279
955,2201,0.378
955,2540,0.336
955,3741,0.388
955,3784,0.293
955,3833,0.3
955,4119,0.212
955,4127,0.344
955,4553,0.37
955,5310,0.207
955,5463,0.278
956,3322,0.218
956,4125,0.248
956,4570,0.226
958,2346,0.201
959,1767,0.263
959,2972,0.21
959,3256,0.208
959,4852,0.294
960,4432,0.265
961,4530,0.363
962,1343,0.204
962,1427,0.238
962,1598,0.412
962,3108,0.272
962,3432,0.214
962,4658,0.218
962,4831,0.209
962,4919,0.228
962,5178,0.226
962,5453,0.274
962,5573,0.232
962,5613,0.245
963,1594,0.246
963,2846,0.234
963,3405,0.285
963,3539,0.213
963,4179,0.203
963,4335,0.27
963,4717,0.412
963,4806,0.351
963,5100,0.219
963,5300,0.306
964,1397,0.207
964,2877,0.292
965,1205,0.267
965,1370,0.211
965,3089,0.207
965,3102,0.239
965,4634,0.243
965,5208,0.246
969,1167,0.223
969,1605,0.241
969,3453,0.274
969,4153,0.214
969,4571,0.218
969,5635,0.224
971,1513,0.268
971,4015,0.24
971,4277,0.207
973,1251,0.244
973,1431,0.22
973,3212,0.209
973,3534,0.241
973,4132,0.318
973,4440,0.205
973,4797,0.207
973,5162,0.27
973,5174,0.211
973,5251,0.227
973,5574,0.205
974,4481,0.243
974,5585,0.278
976,1194,0.243
976,2678,0.207
976,5355,0.317
976,5513,0.207
976,5587,0.261
977,1200,0.276
977,2588,0.346
977,3824,0.262
977,4847,0.209
977,5180,0.272
978,1213,0.238
978,3630,0.203
980,997,0.228
980,1034,0.242
980,1139,0.269
980,1486,0.266
980,1641,0.219
980,2033,0.22
980,2158,0.256
980,2166,0.246
980,2516,0.25
980,2647,0.309
980,2886,0.246
980,3022,0.316
980,3155,0.205
980,3669,0.248
980,3732,0.267
980,3761,0.224
980,3870,0.291
980,3909,0.227
980,4394,0.231
980,4435,0.311
980,4641,0.277
980,4809,0.267
980,4888,0.293
980,5406,0.218
981,1610,0.25
981,1888,0.332
981,3667,0.202
982,1764,0.206
982,2650,0.267
982,5321,0.226
982,5448,0.253
982,5604,0.256
983,1193,0.202
983,1264,0.224
983,1874,0.245
983,1893,0.268
983,2137,0.246
983,3928,0.22
983,3955,0.225
983,4553,0.23
983,4999,0.299
983,5497,0.254
986,1076,0.315
986,1187,0.23
986,1660,0.241
986,1729,0.303
986,1764,0.272
986,1843,0.255
986,2201,0.339
986,2540,0.28
986,2588,0.263
986,2650,0.222
986,3373,0.422
986,3546,0.262
986,3715,0.225
986,3728,0.214
986,3741,0.268
986,3766,0.205
986,3784,0.238
986,4127,0.235
986,4220,0.219
986,4553,0.412
986,4758,0.229
986,4819,0.27
986,4934,0.224
986,5180,0.216
986,5310,0.321
986,5321,0.23
986,5336,0.204
986,5379,0.216
986,5463,0.236
986,5604,0.202
987,1236,0.232
987,1549,0.212
987,1666,0.262
987,1702,0.25
987,1714,0.352
987,1881,0.204
987,2373,0.26
987,2609,0.226
987,2682,0.239
987,2763,0.277
987,3283,0.272
987,3497,0.206
987,3714,0.201
987,4550,0.202
987,4732,0.205
987,4746,0.336
987,4774,0.249
987,5326,0.383
987,5431,0.245
988,4118,0.33
989,1244,0.225
989,1712,0.206
989,5562,0.222
990,1355,0.218
990,1981,0.203
990,2645,0.224
990,4098,0.22
991,1084,0.246
991,1291,0.288
991,1317,0.38
991,1886,0.202
991,3270,0.205
992,1428,0.21
992,1559,0.226
992,2061,0.234
992,2602,0.218
992,2797,0.246
992,3603,0.265
992,4189,0.248
992,5015,0.273
993,4933,0.234
994,1096,0.201
994,1761,0.261
994,4403,0.255
994,4620,0.26
994,5583,0.325
995,3891,0.214
996,1244,0.262
997,1198,0.229
997,1486,0.203
997,2236,0.227
997,2397,0.271
997,2706,0.201
997,2951,0.277
997,3022,0.21
997,3155,0.273
997,3926,0.281
997,4241,0.235
997,4258,0.328
997,4503,0.207
997,4888,0.203
997,4926,0.211
997,5381,0.217
997,5386,0.233
998,3218,0.266
999,2122,0.318
999,3863,0.203
1000,1512,0.236
1000,2198,0.256
1000,2498,0.295
1000,2650,0.208
1000,2706,0.259
1000,3536,0.383
1000,3544,0.28
1000,3950,0.229
1000,4705,0.327
1000,5315,0.248
1000,5604,0.208
1001,1201,0.259
1001,2479,0.264
1001,3469,0.223
1001,3828,0.251
1001,3871,0.256
1001,4172,0.224
1001,4761,0.253
1001,4802,0.299
1001,4829,0.285
1002,1013,0.275
1002,1115,0.223
1002,1121,0.266
1002,1289,0.355
1002,1440,0.224
1002,1547,0.229
1002,1551,0.286
1002,1650,0.253
1002,1664,0.361
1002,1744,0.209
1002,1754,0.403
1002,1791,0.347
1002,1816,0.247
1002,1949,0.241
1002,2087,0.209
1002,2155,0.24
1002,2439,0.236
1002,2668,0.24
1002,2756,0.204
1002,2767,0.353
1002,2792,0.288
1002,2989,0.349
1002,3136,0.377
1002,3137,0.207
1002,3161,0.256
1002,3186,0.242
1002,3281,0.404
1002,3366,0.21
1002,3385,0.232
1002,3389,0.316
1002,3418,0.339
1002,3439,0.226
1002,3480,0.34
1002,3510,0.223
1002,3632,0.307
1002,3665,0.235
1002,3816,0.263
1002,3839,0.304
1002,3855,0.243
1002,4002,0.231
1002,4063,0.201
1002,4279,0.406
1002,4285,0.222
1002,4319,0.233
1002,4400,0.212
1002,4533,0.263
1002,4567,0.31
1002,4638,0.344
1002,4684,0.402
1002,4714,0.22
1002,4715,0.269
1002,4767,0.345
1002,4771,0.24
1002,4864,0.214
1002,5002,0.202
1002,5105,0.324
1002,5253,0.221
1002,5259,0.212
1002,5272,0.23
1002,5305,0.253
1002,5312,0.344
1002,5318,0.353
1002,5379,0.204
1002,5440,0.21
1002,5568,0.295
1002,5570,0.216
1002,5571,0.319
1002,5575,0.228
1002,5614,0.231
1002,5631,0.247
1003,1116,0.208
1003,1260,0.215
1003,1338,0.287
1003,1403,0.3
1003,1549,0.328
1003,1603,0.21
1003,1666,0.328
1003,1692,0.313
1003,1702,0.249
1003,1757,0.232
1003,1804,0.243
1003,1871,0.214
1003,2266,0.203
1003,2297,0.219
1003,2327,0.24
1003,2763,0.292
1003,2858,0.259
1003,3052,0.225
1003,3339,0.204
1003,4177,0.303
1003,4287,0.242
1003,4356,0.23
1003,4383,0.23
1003,4746,0.451
1003,4894,0.22
1004,1398,0.204
1004,1586,0.21
1004,1885,0.259
1004,2020,0.26
1004,2286,0.273
1004,2738,0.216
1004,2966,0.232
1004,2993,0.229
1004,3847,0.208
1004,4207,0.268
1004,4546,0.247
1004,4604,0.326
1004,5155,0.213
1004,5277,0.351
1006,5315,0.226
1006,5334,0.215
1006,5557,0.224
1007,1538,0.214
1010,1972,0.214
1010,4150,0.206
1010,5400,0.217
1011,4184,0.204
1011,4430,0.208
1011,4658,0.215
1013,1289,0.211
1013,1481,0.218
1013,1519,0.201
1013,1754,0.234
1013,1939,0.214
1013,1960,0.203
1013,2960,0.372
1013,3018,0.536
1013,3136,0.342
1013,3336,0.294
1013,3632,0.209
1013,4279,0.206
1013,4400,0.219
1013,4426,0.239
1013,4567,0.204
1013,4735,0.482
1013,4819,0.262
1013,5149,0.219
1013,5318,0.518
1014,1270,0.439
1014,1413,0.249
1014,1739,0.539
1014,1741,0.219
1014,2072,0.223
1014,2199,0.229
1014,2270,0.22
1014,2662,0.332
1014,2683,0.331
1014,2747,0.261
1014,3004,0.457
1014,3052,0.225
1014,3062,0.204
1014,3124,0.225
1014,3560,0.218
1014,3708,0.235
1014,3737,0.203
1014,3872,0.223
1014,4097,0.228
1014,4130,0.341
1014,4889,0.475
1014,4945,0.236
1014,5334,0.286
1015,1416,0.253
1015,3611,0.274
1015,3642,0.341
1015,4229,0.207
1015,4530,0.335
1015,4678,0.295
1015,5130,0.224
1015,5301,0.246
1016,1136,0.233
1016,2420,0.205
1016,3012,0.252
1016,3621,0.205
1016,3780,0.218
1016,3915,0.327
1016,4027,0.261
1016,4411,0.201
1016,4644,0.203
1017,1085,0.26
1017,1133,0.226
1017,1135,0.228
1017,1351,0.422
1017,1467,0.451
1017,1479,0.226
1017,1533,0.26
1017,1736,0.213
1017,1822,0.212
1017,2233,0.451
1017,2291,0.323
1017,2404,0.272
1017,2702,0.249
1017,2734,0.324
1017,2901,0.212
1017,3533,0.491
1017,3702,0.324
1017,4133,0.317
1017,4146,0.307
1017,4228,0.443
1017,4377,0.298
1017,4554,0.231
1017,4558,0.224
1017,4869,0.327
1017,4911,0.212
1017,5043,0.253
1017,5048,0.206
1017,5399,0.248
1018,2024,0.32
1018,2526,0.324
1018,4178,0.33
1018,4372,0.207
1018,4712,0.381
1019,1032,0.262
1019,1176,0.22
1019,1477,0.243
1019,1941,0.275
1019,2291,0.25
1019,2622,0.26
1019,2885,0.447
1019,3401,0.254
1019,3448,0.39
1019,3452,0.543
1019,4133,0.262
1019,4492,0.229
1019,5315,0.41
1019,5515,0.262
1019,5621,0.215
1021,1204,0.212
1021,1588,0.408
1021,2073,0.253
1021,2284,0.486
1021,4784,0.469
1021,4965,0.214
1021,5368,0.219
1022,1569,0.244
1022,4486,0.203
1022,5223,0.229
1024,1836,0.211
1024,2518,0.228
1024,3435,0.327
1024,5157,0.203
1024,5430,0.297
1025,1496,0.215
1025,3301,0.247
1025,3743,0.275
1026,1343,0.267
1026,1355,0.21
1026,1834,0.216
1026,1943,0.319
1026,1961,0.282
1026,1981,0.225
1026,2024,0.24
1026,2568,0.243
1026,2801,0.306
1026,2922,0.245
1026,3340,0.235
1026,3450,0.22
1026,3578,0.206
1026,3712,0.242
1026,3923,0.274
1026,4691,0.245
1026,4782,0.252
1026,4903,0.293
1026,5141,0.209
1026,5174,0.238
1026,5243,0.237
1026,5263,0.241
1026,5589,0.203
1026,5617,0.236
1027,2678,0.272
1027,2887,0.236
1027,3454,0.235
1027,4999,0.225
1028,2752,0.211
1029,2849,0.375
1029,3435,0.242
1029,4608,0.388
1029,5157,0.228
1029,5373,0.219
1031,1726,0.283
1031,1773,0.25
1031,4094,0.232
1031,4562,0.394
1031,4637,0.205
1032,1049,0.246
1032,1176,0.401
1032,1257,0.264
1032,1260,0.436
1032,1338,0.234
1032,1403,0.326
1032,1413,0.382
1032,1477,0.253
1032,1563,0.395
1032,1603,0.236
1032,1702,0.204
1032,1714,0.23
1032,1757,0.28
1032,1804,0.237
1032,1923,0.26
1032,1941,0.301
1032,2058,0.201
1032,2072,0.24
1032,2164,0.503
1032,2270,0.242
1032,2373,0.578
1032,2493,0.285
1032,2497,0.459
1032,2520,0.262
1032,2558,0.23
1032,2569,0.237
1032,2641,0.22
1032,2750,0.209
1032,2869,0.211
1032,2978,0.442
1032,3033,0.312
1032,3052,0.322
1032,3272,0.215
1032,3401,0.272
1032,3448,0.354
1032,3452,0.201
1032,3497,0.271
1032,3534,0.302
1032,3703,0.245
1032,3708,0.403
1032,3737,0.476
1032,4180,0.485
1032,4302,0.257
1032,4346,0.354
1032,4388,0.223
1032,4440,0.29
1032,4577,0.429
1032,4707,0.271
1032,4746,0.273
1032,4776,0.311
1032,4797,0.31
1032,4876,0.412
1032,4945,0.335
1032,4957,0.242
1032,5315,0.385
1032,5316,0.205
1032,5326,0.523
1032,5334,0.248
1032,5431,0.205
1032,5551,0.308
1032,5557,0.284
1032,5618,0.406
1032,5621,0.227
1033,3055,0.243
1033,3158,0.219
1033,3618,0.223
1033,3733,0.208
1033,3909,0.201
1033,4345,0.369
1034,1073,0.305
1034,1275,0.247
1034,1486,0.254
1034,1494,0.216
1034,1641,0.271
1034,1848,0.27
1034,2033,0.209
1034,2198,0.219
1034,2303,0.256
1034,2369,0.27
1034,2399,0.256
1034,2516,0.222
1034,2942,0.211
1034,3425,0.239
1034,3732,0.302
1034,3909,0.222
1034,4021,0.202
1034,4366,0.202
1034,4465,0.201
1034,4495,0.214
1034,4543,0.314
1034,4791,0.335
1034,4809,0.203
1034,5117,0.307
1034,5147,0.266
1034,5246,0.202
1034,5406,0.224
1034,5611,0.201
1036,1176,0.264
1036,1413,0.307
1036,1415,0.32
1036,1860,0.223
1036,1906,0.369
1036,2006,0.247
1036,2058,0.317
1036,2072,0.239
1036,2199,0.551
1036,2270,0.327
1036,2349,0.223
1036,2662,0.244
1036,2683,0.228
1036,2747,0.244
1036,2750,0.343
1036,2843,0.305
1036,2869,0.251
1036,2941,0.258
1036,2990,0.333
1036,3100,0.249
1036,3387,0.246
1036,3410,0.326
1036,3637,0.357
1036,3708,0.315
1036,3737,0.35
1036,3934,0.402
1036,4097,0.282
1036,4130,0.254
1036,4302,0.206
1036,4492,0.205
1036,4873,0.322
1036,5043,0.247
1036,5334,0.266
1036,5362,0.261
1036,5515,0.216
1036,5551,0.289
1037,4413,0.234
1037,5598,0.202
1037,5636,0.448
1038,1153,0.228
1038,1346,0.241
1038,2002,0.253
1038,3329,0.202
1038,3672,0.388
1038,4297,0.237
1038,5017,0.248
1038,5385,0.255
1038,5512,0.212
1039,1087,0.475
1039,2547,0.229
1039,2651,0.226
1039,2752,0.204
1039,2760,0.216
1039,2920,0.363
1039,3484,0.592
1039,4128,0.425
1039,4325,0.262
1039,5101,0.538
1041,1680,0.209
1041,2815,0.204
1041,3292,0.215
1042,5380,0.229
1043,1066,0.359
1043,1377,0.208
1043,1385,0.492
1043,1411,0.292
1043,1431,0.227
1043,1480,0.339
1043,1481,0.219
1043,1519,0.21
1043,1520,0.338
1043,1525,0.255
1043,1660,0.331
1043,1744,0.386
1043,1916,0.227
1043,1960,0.233
1043,2259,0.237
1043,2300,0.285
1043,2332,0.335
1043,2356,0.522
1043,2628,0.233
1043,2756,0.24
1043,2767,0.207
1043,2904,0.221
1043,2960,0.278
1043,2988,0.307
1043,3076,0.214
1043,3119,0.222
1043,3131,0.201
1043,3136,0.22
1043,3211,0.342
1043,3212,0.254
1043,3281,0.221
1043,3366,0.329
1043,3373,0.222
1043,3389,0.223
1043,3439,0.522
1043,3504,0.535
1043,3577,0.34
1043,3632,0.262
1043,3779,0.374
1043,3855,0.208
1043,4096,0.295
1043,4365,0.22
1043,4426,0.49
1043,4564,0.236
1043,4600,0.412
1043,4657,0.201
1043,4812,0.288
1043,5068,0.23
1043,5149,0.458
1043,5317,0.216
1043,5568,0.285
1044,1370,0.236
1044,1467,0.205
1044,2010,0.231
1044,2119,0.219
1044,2545,0.226
1044,2734,0.238
1044,3500,0.22
1044,3981,0.205
1044,4634,0.23
1044,4941,0.206
1046,5637,0.206
1047,2588,0.203
1047,4612,0.201
1048,1170,0.24
1048,1828,0.266
1048,2541,0.277
1048,4534,0.201
1048,5145,0.304
1049,2543,0.224
1049,4187,0.257
1049,4428,0.242
1050,5164,0.208
1050,5514,0.277
1051,1572,0.206
1051,2230,0.239
1051,3329,0.328
1051,4344,0.255
1052,1472,0.325
1052,2599,0.221
1052,2602,0.263
1052,2737,0.289
1052,5619,0.294
1053,1628,0.216
1054,1416,0.227
1054,1663,0.422
1054,2103,0.207
1054,2192,0.265
1054,2499,0.223
1054,2781,0.262
1054,3057,0.222
1054,4040,0.299
1054,4230,0.213
1054,4643,0.24
1055,1893,0.237
1055,4999,0.21
1055,5497,0.238
1056,1871,0.26
1056,2327,0.204
1056,4293,0.227
1056,4402,0.233
1056,4556,0.287
1056,4774,0.331
1056,5409,0.257
1056,5458,0.276
1058,2523,0.331
1059,4454,0.226
1061,1785,0.242
1061,3914,0.25
1062,2311,0.238
1063,2617,0.21
1063,3382,0.214
1063,4037,0.207
1063,5576,0.204
1064,4456,0.257
1065,2025,0.223
1066,1130,0.314
1066,1267,0.216
1066,1385,0.391
1066,1480,0.446
1066,1520,0.381
1066,2300,0.335
1066,2332,0.388
1066,2356,0.387
1066,2818,0.389
1066,3119,0.209
1066,3211,0.346
1066,3212,0.259
1066,3366,0.236
1066,3417,0.277
1066,3439,0.422
1066,3504,0.3
1066,3577,0.243
1066,3779,0.429
1066,3893,0.325
1066,4006,0.261
1066,4198,0.274
1066,4365,0.222
1066,4426,0.438
1066,4600,0.393
1066,4673,0.224
1066,4812,0.222
1066,4993,0.267
1066,5068,0.255
1066,5149,0.431
1066,5154,0.299
1066,5297,0.209
1066,5379,0.203
1067,3642,0.255
1068,2714,0.216
1068,2942,0.241
1068,3620,0.223
1068,3949,0.234
1068,4013,0.228
1068,5274,0.211
1070,5208,0.218
1071,1075,0.626
1071,1195,0.306
1071,1529,0.21
1071,1847,0.429
1071,2096,0.623
1071,2621,0.224
1071,3097,0.423
1071,3243,0.431
1071,3433,0.43
1071,3459,0.25
1071,3564,0.214
1071,3626,0.287
1071,3872,0.392
1071,3918,0.255
1071,4029,0.49
1071,4417,0.376
1071,4984,0.388
1071,5167,0.396
1071,5640,0.434
1073,1177,0.254
1073,1274,0.317
1073,1486,0.24
1073,1641,0.212
1073,2033,0.214
1073,2166,0.237
1073,2198,0.24
1073,2303,0.218
1073,2369,0.214
1073,2370,0.204
1073,2399,0.239
1073,2423,0.216
1073,3022,0.241
1073,3274,0.214
1073,3392,0.247
1073,3524,0.226
1073,3732,0.359
1073,3909,0.286
1073,4197,0.21
1073,4261,0.284
1073,4366,0.201
1073,4435,0.228
1073,4495,0.209
1073,4543,0.271
1073,4713,0.26
1073,4791,0.265
1073,4809,0.213
1073,4999,0.213
1073,5117,0.265
1073,5147,0.232
1073,5188,0.208
1073,5406,0.268
1074,1848,0.257
1074,3909,0.202
1074,4374,0.216
1074,4543,0.261
1074,5147,0.248
1074,5221,0.369
1075,1195,0.268
1075,1847,0.41
1075,1863,0.266
1075,2096,0.621
1075,3097,0.407
1075,3243,0.407
1075,3433,0.395
1075,3459,0.252
1075,3626,0.312
1075,3861,0.228
1075,3872,0.351
1075,3918,0.294
1075,4029,0.451
1075,4417,0.357
1075,4984,0.385
1075,5167,0.453
1075,5385,0.255
1075,5640,0.468
1076,1121,0.262
1076,1161,0.235
1076,1187,0.429
1076,1232,0.22
1076,1258,0.203
1076,1304,0.205
1076,1481,0.203
1076,1510,0.261
1076,1660,0.285
1076,1681,0.217
1076,1729,0.537
1076,1843,0.593
1076,2157,0.494
1076,2201,0.566
1076,2223,0.201
1076,2259,0.289
1076,2540,0.493
1076,2560,0.275
1076,2611,0.206
1076,2685,0.276
1076,2912,0.289
1076,3076,0.21
1076,3209,0.304
1076,3220,0.316
1076,3583,0.203
1076,3741,0.498
1076,3784,0.294
1076,4046,0.253
1076,4119,0.299
1076,4124,0.368
1076,4127,0.372
1076,4300,0.251
1076,4460,0.217
1076,4464,0.289
1076,4510,0.235
1076,4548,0.201
1076,4877,0.269
1076,5463,0.529
1077,3099,0.225
1077,3292,0.308
1077,3601,0.264
1077,4782,0.201
1078,2152,0.247
1079,2608,0.242
1081,2232,0.212
1081,4341,0.226
1082,4982,0.261
1083,1825,0.288
1083,2810,0.266
1083,4677,0.298
1084,3618,0.204
1084,5612,0.213
1085,1143,0.289
1085,1467,0.548
1085,1793,0.211
1085,2081,0.217
1085,2467,0.26
1085,2701,0.267
1085,2702,0.444
1085,2734,0.451
1085,2901,0.213
1085,3073,0.256
1085,3208,0.26
1085,3299,0.221
1085,3653,0.207
1085,3684,0.308
1085,3898,0.259
1085,4129,0.258
1085,4377,0.472
1085,4555,0.206
1085,4558,0.328
1085,4911,0.324
1085,4941,0.21
1086,1123,0.226
1086,1274,0.308
1086,1502,0.267
1086,1709,0.26
1086,2492,0.524
1086,2500,0.223
1086,3878,0.402
1086,4218,0.532
1086,4583,0.491
1086,4878,0.317
1087,2194,0.22
1087,2330,0.209
1087,2455,0.213
1087,2547,0.216
1087,2621,0.257
1087,2651,0.422
1087,2752,0.26
1087,2760,0.311
1087,2920,0.465
1087,3329,0.214
1087,3484,0.415
1087,4128,0.607
1087,4325,0.456
1087,4344,0.222
1087,4528,0.211
1087,4601,0.242
1087,5101,0.56
1087,5311,0.238
1087,5375,0.217
1088,1736,0.213
1089,1257,0.287
1089,1260,0.335
1089,1262,0.262
1089,1338,0.294
1089,1549,0.286
1089,1603,0.601
1089,1666,0.331
1089,1692,0.307
1089,1702,0.291
1089,1714,0.312
1089,1757,0.221
1089,1804,0.561
1089,1994,0.347
1089,2164,0.305
1089,2297,0.562
1089,2373,0.248
1089,2391,0.233
1089,2470,0.249
1089,2497,0.272
1089,2525,0.238
1089,2609,0.246
1089,2700,0.253
1089,2708,0.211
1089,2763,0.377
1089,2858,0.578
1089,2959,0.541
1089,2978,0.263
1089,3006,0.217
1089,3033,0.232
1089,3052,0.265
1089,3145,0.215
1089,3272,0.217
1089,3283,0.217
1089,3291,0.239
1089,3708,0.206
1089,4177,0.234
1089,4180,0.257
1089,4346,0.273
1089,4383,0.573
1089,4419,0.246
1089,4550,0.326
1089,4577,0.386
1089,4707,0.378
1089,4746,0.23
1089,4776,0.262
1089,4876,0.333
1089,4910,0.331
1089,4945,0.207
1089,4957,0.221
1089,5227,0.242
1089,5308,0.278
1089,5326,0.274
1089,5431,0.233
1089,5492,0.242
1089,5535,0.226
1089,5618,0.29
1089,5621,0.249
1090,1638,0.217
1090,1751,0.215
1090,1756,0.28
1090,2186,0.214
1090,2227,0.247
1090,2581,0.304
1090,5064,0.267
1090,5611,0.286
1091,1626,0.299
1091,3999,0.444
1091,5146,0.205
1093,1531,0.224
1093,1687,0.204
1093,2346,0.203
1093,3770,0.221
1094,1183,0.399
1094,2377,0.219
1094,3914,0.265
1095,3186,0.245
1095,5585,0.202
1096,1172,0.323
1096,1236,0.241
1096,1258,0.263
1096,1353,0.472
1096,1361,0.231
1096,1442,0.335
1096,1453,0.448
1096,1500,0.405
1096,1612,0.248
1096,1745,0.526
1096,1761,0.421
1096,1939,0.255
1096,1978,0.201
1096,1992,0.224
1096,2185,0.305
1096,2334,0.201
1096,2335,0.227
1096,2351,0.203
1096,2468,0.211
1096,2486,0.239
1096,2514,0.314
1096,2600,0.222
1096,2690,0.214
1096,2773,0.205
1096,2867,0.276
1096,2913,0.252
1096,2989,0.269
1096,3067,0.232
1096,3192,0.205
1096,3204,0.412
1096,3349,0.503
1096,3447,0.54
1096,3518,0.238
1096,3519,0.256
1096,3621,0.393
1096,3838,0.365
1096,3931,0.252
1096,4005,0.209
1096,4064,0.34
1096,4126,0.335
1096,4221,0.323
1096,4245,0.389
1096,4308,0.27
1096,4354,0.235
1096,4403,0.505
1096,4411,0.347
1096,4421,0.261
1096,4571,0.227
1096,4588,0.27
1096,4590,0.283
1096,4613,0.211
1096,4620,0.226
1096,4651,0.286
1096,4803,0.289
1096,4819,0.297
1096,4860,0.311
1096,4918,0.426
1096,4986,0.275
1096,5009,0.224
1096,5025,0.46
1096,5088,0.475
1096,5118,0.274
1096,5186,0.22
1096,5215,0.221
1096,5392,0.299
1096,5397,0.228
1096,5402,0.331
1096,5449,0.276
1096,5519,0.255
1096,5545,0.28
1096,5583,0.301
1097,1376,0.218
1097,1652,0.251
1097,3793,0.255
1097,4272,0.236
1098,1205,0.261
1098,2110,0.311
1098,4301,0.293
1098,4655,0.218
1098,5208,0.347
1099,1602,0.205
1099,3642,0.225
1099,4934,0.229
1099,5301,0.243
1099,5371,0.27
1100,5303,0.215
1100,5598,0.21
1101,3028,0.216
1101,5579,0.344
1101,5595,0.232
1102,3097,0.221
1102,3954,0.212
1102,5334,0.317
1103,2946,0.217
1103,3693,0.254
1103,3953,0.207
1103,4800,0.298
1105,1633,0.21
1105,3465,0.232
1105,3527,0.227
1105,3650,0.228
1105,4108,0.204
1105,4323,0.209
1105,4367,0.203
1105,5514,0.203
1106,2783,0.36
1106,3532,0.357
1106,3886,0.214
1106,4014,0.248
1107,2136,0.233
1107,2323,0.226
1107,5345,0.217
1108,1577,0.209
1108,3768,0.22
1108,3883,0.279
1108,4933,0.276
1110,1136,0.217
1110,1304,0.271
1110,1481,0.273
1110,1525,0.273
1110,1688,0.285
1110,1960,0.25
1110,2195,0.219
1110,3891,0.256
1110,4548,0.231
1110,4877,0.318
1112,1272,0.222
1112,1629,0.236
1112,1890,0.208
1112,2090,0.385
1112,2735,0.218
1112,2875,0.473
1112,2891,0.205
1112,2915,0.209
1112,3056,0.304
1112,3123,0.226
1112,3631,0.212
1112,4523,0.298
1112,5026,0.232
1112,5489,0.215
1112,5526,0.31
1112,5598,0.212
1113,1343,0.215
1113,1598,0.25
1113,2090,0.209
1113,2301,0.241
1113,2432,0.209
1113,2875,0.235
1113,4032,0.211
1113,4523,0.271
1113,4658,0.251
1113,4919,0.262
1113,5178,0.341
1113,5526,0.263
1113,5573,0.203
1113,5613,0.315
1114,1837,0.231
1114,2146,0.204
1114,2867,0.227
1114,3200,0.262
1114,3660,0.238
1114,4369,0.215
1114,4771,0.205
1114,4861,0.648
1115,1228,0.356
1115,1289,0.245
1115,1411,0.261
1115,1481,0.253
1115,1519,0.287
1115,1547,0.369
1115,1551,0.288
1115,1650,0.337
1115,1664,0.206
1115,1720,0.285
1115,1754,0.381
1115,1791,0.229
1115,1816,0.228
1115,1823,0.492
1115,1897,0.207
1115,1949,0.32
1115,1952,0.233
1115,1960,0.261
1115,1998,0.407
1115,2076,0.32
1115,2087,0.349
1115,2380,0.364
1115,2400,0.459
1115,2756,0.275
1115,2767,0.374
1115,2925,0.211
1115,2960,0.232
1115,2989,0.427
1115,3050,0.403
1115,3136,0.393
1115,3137,0.237
1115,3184,0.232
1115,3336,0.281
1115,3389,0.365
1115,3418,0.238
1115,3438,0.413
1115,3480,0.326
1115,3632,0.423
1115,3665,0.225
1115,3783,0.356
1115,3855,0.375
1115,3873,0.228
1115,4279,0.295
1115,4285,0.378
1115,4319,0.243
1115,4533,0.377
1115,4567,0.489
1115,4638,0.264
1115,4684,0.393
1115,4767,0.36
1115,4864,0.388
1115,4946,0.291
1115,4986,0.213
1115,5105,0.263
1115,5124,0.364
1115,5259,0.209
1115,5312,0.27
1115,5319,0.312
1115,5391,0.302
1115,5470,0.525
1115,5498,0.316
1115,5570,0.217
1115,5571,0.29
1116,1837,0.256
1116,2592,0.48
1116,3165,0.568
1116,3757,0.202
1116,4077,0.393
1116,4621,0.33
1116,4746,0.463
1116,5242,0.284
1116,5300,0.325
1116,5524,0.457
1116,5593,0.239
1117,1792,0.216
1117,2002,0.259
1117,5188,0.268
1118,1226,0.245
1118,1387,0.413
1118,1404,0.235
1118,1643,0.3
1118,1665,0.319
1118,1760,0.249
1118,2413,0.263
1118,2563,0.214
1118,2880,0.201
1118,2891,0.204
1118,2894,0.217
1118,2995,0.383
1118,3064,0.201
1118,3491,0.242
1118,4032,0.223
1118,4472,0.203
1118,4831,0.205
1118,4842,0.355
1118,4899,0.261
1118,4947,0.203
1121,1258,0.222
1121,1547,0.226
1121,1551,0.214
1121,1650,0.216
1121,1717,0.247
1121,1874,0.203
1121,2076,0.222
1121,2201,0.232
1121,2560,0.213
1121,2767,0.277
1121,2989,0.229
1121,3389,0.207
1121,3855,0.251
1121,3928,0.205
1121,4300,0.227
1121,4510,0.329
1121,4567,0.277
1121,4590,0.23
1121,4819,0.228
1121,4918,0.21
1121,5575,0.272
1123,1502,0.205
1123,2492,0.299
1123,2675,0.264
1123,3039,0.218
1123,4218,0.264
1123,4583,0.212
1123,4878,0.212
1123,5051,0.224
1124,2008,0.21
1124,2269,0.623
1124,3902,0.252
1126,2588,0.291
1126,2650,0.325
1126,3728,0.212
1126,4181,0.201
1126,5321,0.289
1126,5448,0.328
1126,5604,0.296
1128,2576,0.304
1128,3502,0.206
1129,5334,0.238
1130,1267,0.215
1130,1338,0.338
1130,1480,0.255
1130,1549,0.281
1130,1611,0.245
1130,1658,0.252
1130,1702,0.229
1130,1757,0.264
1130,2300,0.263
1130,2818,0.233
1130,3006,0.205
1130,3417,0.336
1130,3893,0.242
1130,3985,0.394
1130,4006,0.707
1130,4177,0.219
1130,4287,0.337
1130,4673,0.647
1130,4707,0.208
1130,4732,0.319
1130,4993,0.524
1130,5045,0.218
1132,2627,0.206
1132,5462,0.233
1133,1135,0.35
1133,1351,0.584
1133,1706,0.209
1133,1822,0.401
1133,2010,0.298
1133,2291,0.283
1133,2404,0.383
1133,2990,0.4
1133,3100,0.247
1133,3303,0.309
1133,3424,0.462
1133,4133,0.297
1133,4146,0.384
1133,4333,0.363
1133,4492,0.369
1133,4554,0.374
1133,4805,0.469
1133,4869,0.376
1133,5399,0.428
1133,5515,0.36
1134,1511,0.223
1134,1646,0.214
1134,1943,0.203
1134,2066,0.265
1134,2240,0.314
1134,2457,0.35
1134,2671,0.251
1134,3275,0.215
1134,3992,0.33
1134,4226,0.257
1134,5243,0.266
1134,5304,0.217
1135,1351,0.382
1135,1581,0.268
1135,1706,0.349
1135,1822,0.265
1135,2010,0.255
1135,2291,0.218
1135,2404,0.355
1135,2990,0.49
1135,3100,0.306
1135,3303,0.204
1135,3424,0.387
1135,3533,0.263
1135,4133,0.215
1135,4146,0.423
1135,4228,0.203
1135,4333,0.333
1135,4492,0.409
1135,4498,0.207
1135,4554,0.451
1135,4805,0.507
1135,4869,0.333
1135,5371,0.287
1135,5394,0.231
1135,5399,0.317
1135,5454,0.313
1135,5515,0.392
1136,1430,0.564
1136,2420,0.209
1136,2471,0.567
1136,2607,0.558
1136,3012,0.481
1136,3780,0.583
1136,3829,0.377
1136,4027,0.589
1136,4061,0.595
1136,4449,0.295
1136,4644,0.415
1137,2077,0.259
1137,2643,0.328
1137,3032,0.299
1137,3498,0.23
1137,3791,0.298
1138,1376,0.271
1138,1961,0.22
1138,2903,0.278
1138,2906,0.492
1138,3061,0.275
1138,3066,0.269
1138,3388,0.329
1138,3425,0.236
1138,3474,0.313
1138,3973,0.33
1138,4176,0.357
1138,4750,0.28
1138,4770,0.214
1138,4990,0.212
1138,5174,0.274
1138,5276,0.294
1138,5396,0.248
1138,5441,0.263
1138,5524,0.203
1138,5574,0.206
1139,1399,0.241
1139,1486,0.292
1139,1848,0.246
1139,1870,0.206
1139,2019,0.216
1139,2033,0.211
1139,2166,0.26
1139,2246,0.227
1139,2516,0.318
1139,2647,0.231
1139,2886,0.261
1139,3022,0.227
1139,3669,0.249
1139,3732,0.237
1139,3761,0.207
1139,3870,0.286
1139,4435,0.244
1139,4641,0.273
1139,4809,0.263
1139,4888,0.247
1139,4952,0.253
1139,5147,0.202
1139,5381,0.209
1141,1284,0.22
1141,1878,0.209
1142,4742,0.212
1143,1467,0.363
1143,2734,0.312
1143,3299,0.21
1143,4558,0.26
1143,5062,0.218
1145,2057,0.333
1145,2603,0.238
1145,3413,0.202
1145,3475,0.228
1145,4913,0.229
1147,1735,0.241
1147,2476,0.278
1147,3453,0.229
1147,4207,0.232
1148,1179,0.255
1148,3204,0.222
1148,3426,0.276
1148,3483,0.283
1148,3583,0.226
1148,4245,0.208
1148,5165,0.236
1148,5215,0.342
1148,5566,0.306
1149,5202,0.242
1150,3173,0.244
1150,3696,0.326
1150,4948,0.387
1150,5173,0.269
1151,4057,0.205
1151,4580,0.25
1152,1734,0.253
1153,1386,0.229
1153,1712,0.245
1153,2346,0.237
1153,3359,0.206
1153,3568,0.378
1153,3758,0.211
1154,1611,0.409
1154,3490,0.223
1154,4993,0.234
1154,5249,0.218
1154,5406,0.23
1155,1193,0.222
1155,3290,0.213
1155,3965,0.258
1155,3966,0.208
1155,4375,0.235
1155,4831,0.204
1155,5513,0.527
1155,5587,0.229
1157,2807,0.302
1157,3039,0.204
1157,5223,0.233
1158,4530,0.298
1158,4678,0.231
1158,5130,0.254
1158,5213,0.266
1158,5532,0.23
1159,1784,0.218
1160,3613,0.226
1161,1660,0.236
1161,2201,0.269
1161,2560,0.271
1161,2979,0.24
1161,5568,0.253
1162,1624,0.244
1162,1850,0.203
1162,4270,0.602
1163,3727,0.236
1163,3761,0.272
1163,4822,0.218
1164,4547,0.224
1164,5340,0.209
1164,5373,0.25
1167,1855,0.338
1167,2131,0.344
1167,3035,0.237
1167,4917,0.215
1168,1197,0.45
1168,1266,0.382
1168,1678,0.333
1168,1737,0.239
1168,1846,0.235
1168,1885,0.205
1168,2020,0.259
1168,2676,0.217
1168,2738,0.294
1168,2864,0.271
1168,2966,0.216
1168,2993,0.436
1168,3223,0.243
1168,3351,0.21
1168,3613,0.217
1168,3847,0.311
1168,4309,0.213
1168,4447,0.296
1168,4695,0.233
1168,5155,0.232
1168,5277,0.28
1171,5301,0.276
1171,5558,0.342
1172,1258,0.355
1172,1282,0.244
1172,1353,0.247
1172,1442,0.305
1172,1453,0.336
1172,1500,0.45
1172,1581,0.289
1172,1745,0.372
1172,1761,0.379
1172,1978,0.31
1172,1992,0.282
1172,2351,0.238
1172,2367,0.259
1172,2514,0.339
1172,2600,0.267
1172,2867,0.373
1172,2913,0.215
1172,2989,0.267
1172,3040,0.233
1172,3067,0.237
1172,3192,0.272
1172,3204,0.239
1172,3349,0.32
1172,3447,0.275
1172,3519,0.221
1172,3621,0.408
1172,3931,0.381
1172,4047,0.243
1172,4064,0.281
1172,4122,0.206
1172,4126,0.214
1172,4221,0.251
1172,4245,0.299
1172,4308,0.242
1172,4354,0.256
1172,4403,0.25
1172,4411,0.455
1172,4421,0.207
1172,4588,0.28
1172,4590,0.323
1172,4613,0.325
1172,4651,0.22
1172,4819,0.205
1172,4860,0.337
1172,4918,0.379
1172,5009,0.278
1172,5025,0.287
1172,5088,0.442
1172,5118,0.208
1172,5186,0.236
1172,5392,0.316
1172,5402,0.359
1172,5449,0.378
1172,5519,0.337
1173,1712,0.212
1173,1792,0.268
1173,3928,0.206
1173,4404,0.238
1173,5188,0.248
1173,5497,0.215
1175,2507,0.283
1176,1413,0.56
1176,1415,0.298
1176,1477,0.386
1176,1563,0.326
1176,1739,0.283
1176,1906,0.257
1176,1923,0.361
1176,1963,0.244
1176,2058,0.274
1176,2072,0.58
1176,2094,0.43
1176,2164,0.407
1176,2199,0.293
1176,2270,0.273
1176,2349,0.575
1176,2373,0.377
1176,2493,0.238
1176,2497,0.277
1176,2513,0.214
1176,2662,0.432
1176,2683,0.293
1176,2747,0.289
1176,2750,0.329
1176,2869,0.557
1176,2941,0.485
1176,2971,0.236
1176,2978,0.317
1176,2990,0.234
1176,3052,0.262
1176,3084,0.254
1176,3100,0.206
1176,3219,0.268
1176,3250,0.29
1176,3401,0.429
1176,3410,0.287
1176,3448,0.283
1176,3497,0.263
1176,3534,0.269
1176,3572,0.217
1176,3637,0.331
1176,3708,0.489
1176,3737,0.565
1176,3744,0.202
1176,3750,0.226
1176,3934,0.236
1176,4130,0.342
1176,4180,0.385
1176,4302,0.476
1176,4318,0.422
1176,4873,0.259
1176,4876,0.22
1176,4889,0.205
1176,4939,0.42
1176,5056,0.221
1176,5315,0.47
1176,5316,0.209
1176,5326,0.295
1176,5334,0.34
1176,5362,0.446
1176,5551,0.445
1176,5557,0.485
1176,5618,0.223
1176,5621,0.286
1177,1274,0.308
1177,1296,0.21
1177,3496,0.207
1177,3524,0.202
1177,3732,0.322
1177,3909,0.271
1177,4261,0.236
1177,4366,0.251
1177,4435,0.239
1177,4495,0.268
1177,4543,0.203
1177,4705,0.207
1177,4888,0.223
1177,5406,0.244
1178,3290,0.232
1178,4999,0.219
1178,5619,0.247
1179,3426,0.499
1179,3483,0.353
1179,4300,0.202
1179,5165,0.378
1179,5215,0.58
1179,5566,0.333
1180,1389,0.462
1180,1725,0.206
1180,1951,0.22
1180,3262,0.239
1180,3436,0.294
1180,5141,0.216
1181,1598,0.214
1183,1445,0.212
1183,1990,0.268
1183,3785,0.253
1183,3914,0.246
1183,4857,0.212
1183,5371,0.26
1183,5454,0.234
1185,3355,0.217
1186,2021,0.212
1187,1660,0.202
1187,1729,0.368
1187,1843,0.449
1187,2201,0.351
1187,2540,0.356
1187,2560,0.336
1187,2668,0.213
1187,3076,0.201
1187,3741,0.277
1187,4046,0.212
1187,4119,0.399
1187,4127,0.251
1187,4300,0.212
1187,4351,0.216
1187,4464,0.225
1187,4553,0.331
1187,5310,0.432
1188,1388,0.202
1188,3394,0.207
1188,3611,0.443
1188,3642,0.258
1188,4229,0.222
1188,4934,0.223
1188,5039,0.318
1190,1408,0.455
1190,1732,0.436
1190,2032,0.369
1190,2278,0.531
1190,3208,0.52
1190,3419,0.233
1190,4244,0.605
1190,4332,0.435
1190,4671,0.213
1190,4856,0.399
1190,4908,0.389
1190,5546,0.471
1191,5587,0.235
1192,2198,0.219
1192,4791,0.213
1193,1241,0.24
1193,1383,0.31
1193,1566,0.248
1193,1759,0.226
1193,1874,0.243
1193,1907,0.216
1193,1908,0.406
1193,1948,0.213
1193,2053,0.254
1193,2147,0.264
1193,2410,0.231
1193,2451,0.217
1193,2526,0.233
1193,2744,0.215
1193,2784,0.225
1193,2847,0.233
1193,2874,0.307
1193,3055,0.336
1193,3208,0.445
1193,3290,0.341
1193,3432,0.46
1193,3558,0.318
1193,3733,0.214
1193,3917,0.314
1193,3928,0.206
1193,3965,0.263
1193,4621,0.247
1193,4734,0.341
1193,4753,0.235
1193,4804,0.223
1193,4816,0.271
1193,4855,0.252
1193,4908,0.218
1193,4999,0.406
1193,5513,0.221
1193,5545,0.203
1194,2451,0.217
1194,2678,0.201
1194,3005,0.25
1194,3378,0.257
1194,4544,0.214
1195,1847,0.282
1195,2096,0.283
1195,2621,0.231
1195,3079,0.208
1195,3084,0.22
1195,3097,0.205
1195,3243,0.324
1195,3626,0.254
1195,4029,0.278
1195,4417,0.342
1195,4984,0.284
1195,5167,0.359
1195,5640,0.385
1196,1426,0.219
1196,1490,0.234
1196,2376,0.204
1196,3748,0.239
1197,1266,0.293
1197,1678,0.287
1197,1737,0.215
1197,1846,0.219
1197,2020,0.294
1197,2228,0.205
1197,2864,0.259
1197,2966,0.246
1197,2993,0.38
1197,3058,0.213
1197,3223,0.256
1197,3847,0.264
1197,4309,0.202
1197,4695,0.255
1197,5155,0.272
1197,5277,0.212
1197,5567,0.234
1198,1693,0.227
1198,2065,0.265
1198,2236,0.269
1198,2397,0.297
1198,2706,0.225
1198,2951,0.368
1198,3155,0.285
1198,3203,0.202
1198,3311,0.233
1198,3881,0.21
1198,3926,0.336
1198,4216,0.228
1198,4225,0.225
1198,4241,0.255
1198,4258,0.278
1198,5381,0.242
1199,2942,0.219
1200,1252,0.536
1200,1261,0.272
1200,1396,0.28
1200,1425,0.226
1200,1444,0.233
1200,1529,0.24
1200,1642,0.221
1200,2030,0.26
1200,2149,0.453
1200,2214,0.293
1200,2299,0.218
1200,2482,0.309
1200,2588,0.547
1200,2650,0.287
1200,2824,0.266
1200,3421,0.313
1200,3491,0.336
1200,3546,0.214
1200,3636,0.393
1200,3728,0.398
1200,3729,0.459
1200,3767,0.364
1200,3810,0.345
1200,3824,0.272
1200,4041,0.544
1200,4222,0.367
1200,4235,0.492
1200,4297,0.264
1200,4363,0.325
1200,4612,0.246
1200,4688,0.318
1200,4758,0.387
1200,4847,0.337
1200,4965,0.209
1200,5180,0.4
1200,5321,0.21
1200,5336,0.263
1200,5448,0.376
1200,5604,0.268
1201,1703,0.258
1201,2237,0.206
1201,2362,0.216
1201,2495,0.258
1201,2682,0.242
1201,2893,0.343
1201,2953,0.207
1201,3082,0.275
1201,3592,0.289
1201,3696,0.21
1201,3836,0.211
1201,3848,0.224
1201,4289,0.451
1201,4342,0.306
1201,4951,0.254
1201,5173,0.326
1201,5204,0.253
1201,5616,0.202
1202,1408,0.252
1204,1567,0.286
1204,1588,0.206
1204,2552,0.439
1204,3276,0.304
1204,5219,0.369
1205,2399,0.231
1205,3231,0.208
1205,4598,0.216
1205,5208,0.206
1207,3481,0.216
1207,4507,0.217
1208,3320,0.377
1208,4957,0.216
1209,2423,0.274
1209,2719,0.248
1212,2574,0.206
1213,2592,0.237
1213,3704,0.212
1213,4156,0.224
1213,4759,0.214
1213,4859,0.337
1214,1777,0.217
1214,3029,0.247
1214,3489,0.25
1215,2222,0.207
1215,4035,0.28
1215,4363,0.205
1215,5082,0.234
1216,1514,0.261
1216,3571,0.268
1216,4408,0.266
1217,2813,0.239
1217,5595,0.212
1218,2072,0.22
1218,2712,0.212
1218,3737,0.218
1218,5102,0.231
1220,4553,0.213
1221,2075,0.217
1221,2607,0.206
1221,2661,0.441
1221,4526,0.281
1221,4705,0.335
1222,2268,0.276
1222,4547,0.239
1222,5340,0.217
1222,5373,0.335
1222,5559,0.237
1223,1413,0.223
1223,2270,0.28
1223,2466,0.202
1223,5551,0.211
1224,2345,0.283
1226,1325,0.238
1226,1665,0.23
1226,1955,0.265
1226,2894,0.311
1226,4658,0.26
1226,5062,0.21
1226,5085,0.202
1227,3645,0.211
1227,4030,0.266
1228,1519,0.206
1228,1952,0.221
1228,1998,0.422
1228,2087,0.213
1228,2380,0.268
1228,2400,0.345
1228,2581,0.221
1228,2693,0.219
1228,3050,0.221
1228,3136,0.245
1228,3389,0.22
1228,3632,0.232
1228,3783,0.218
1228,3873,0.221
1228,4285,0.253
1228,4533,0.27
1228,4567,0.308
1228,4684,0.203
1228,4864,0.231
1228,5105,0.222
1228,5118,0.222
1228,5124,0.223
1228,5319,0.302
1228,5349,0.222
1228,5391,0.234
1228,5470,0.223
1228,5498,0.284
1230,3206,0.215
1230,3763,0.272
1230,3834,0.314
1230,3849,0.215
1230,4070,0.274
1230,4229,0.229
1230,4678,0.223
1230,4685,0.245
1230,5348,0.218
1230,5371,0.242
1230,5479,0.218
1231,1423,0.207
1231,2038,0.209
1231,2443,0.299
1231,3292,0.215
1231,3691,0.245
1231,4511,0.202
1231,5107,0.228
1232,1304,0.204
1232,1319,0.206
1232,1525,0.284
1232,1660,0.279
1232,1688,0.21
1232,2259,0.289
1232,2560,0.234
1232,2979,0.205
1232,3373,0.228
1232,3839,0.225
1232,4002,0.319
1232,4046,0.385
1232,4124,0.268
1232,4300,0.204
1232,4460,0.213
1232,4464,0.318
1232,5572,0.21
1233,4690,0.259
1233,5106,0.217
1233,5327,0.227
1234,1578,0.219
1234,2948,0.215
1234,5501,0.381
1234,5514,0.23
1235,1479,0.425
1235,3100,0.229
1235,4373,0.206
1236,1429,0.228
1236,1529,0.505
1236,1711,0.25
1236,1822,0.326
1236,1900,0.226
1236,1923,0.347
1236,1926,0.229
1236,2106,0.202
1236,2390,0.436
1236,2682,0.329
1236,2819,0.517
1236,3424,0.246
1236,3540,0.26
1236,3564,0.549
1236,3694,0.268
1236,3783,0.211
1236,3833,0.367
1236,3873,0.216
1236,4038,0.401
1236,4402,0.208
1236,4589,0.457
1236,4774,0.293
1236,4840,0.373
1236,5248,0.327
1236,5326,0.291
1236,5395,0.217
1236,5413,0.215
1236,5458,0.228
1237,1321,0.248
1237,1678,0.237
1237,1778,0.211
1237,1787,0.278
1237,2458,0.266
1237,2676,0.222
1237,2722,0.394
1237,2817,0.396
1237,2956,0.246
1237,2993,0.267
1237,3058,0.314
1237,3229,0.345
1237,3393,0.275
1237,3812,0.283
1237,4067,0.209
1237,4529,0.236
1237,4706,0.363
1237,5091,0.422
1237,5349,0.205
1238,1592,0.457
1238,1871,0.414
1238,2047,0.391
1238,2266,0.378
1238,2305,0.313
1238,2327,0.338
1238,2411,0.32
1238,2614,0.497
1238,2641,0.238
1238,2665,0.377
1238,2812,0.27
1238,2902,0.332
1238,3129,0.537
1238,3172,0.455
1238,3360,0.374
1238,4069,0.498
1238,4271,0.205
1238,4293,0.549
1238,4356,0.388
1238,4482,0.343
1238,4556,0.311
1238,4664,0.412
1238,4679,0.229
1238,4768,0.542
1238,4774,0.216
1238,4827,0.487
1238,4894,0.361
1238,4912,0.217
1238,4924,0.523
1238,4980,0.543
1238,5037,0.287
1238,5409,0.42
1238,5442,0.453
1238,5458,0.5
1239,1936,0.236
1239,2315,0.202
1239,3490,0.226
1239,3642,0.252
1239,4414,0.225
1239,5130,0.231
1239,5301,0.331
1239,5371,0.406
1239,5394,0.346
1239,5454,0.447
1240,1940,0.245
1240,3884,0.245
1241,1874,0.296
1241,1893,0.204
1241,2137,0.201
1241,3432,0.253
1241,3618,0.21
1241,3772,0.205
1241,3909,0.223
1241,4444,0.21
1241,4553,0.248
1241,4999,0.375
1242,5102,0.218
1244,2819,0.244
1244,3313,0.284
1244,4381,0.227
1244,4609,0.25
1244,5472,0.277
1245,2313,0.359
1245,2364,0.251
1245,2686,0.223
1245,3368,0.203
1245,4251,0.226
1245,5291,0.246
1245,5341,0.291
1248,1578,0.271
1248,1725,0.238
1248,3400,0.21
1248,3576,0.206
1248,5465,0.202
1249,2992,0.396
1249,3999,0.234
1249,4920,0.23
1249,5048,0.213
1250,1486,0.201
1250,1641,0.232
1250,2019,0.217
1250,2033,0.244
1250,2158,0.215
1250,2212,0.213
1250,2516,0.245
1250,2647,0.268
1250,2886,0.219
1250,2951,0.219
1250,3022,0.313
1250,3732,0.27
1250,4261,0.203
1250,4888,0.423
1250,4952,0.216
1250,5077,0.213
1250,5511,0.206
1251,1656,0.272
1251,2055,0.209
1251,2521,0.206
1251,3234,0.206
1251,3518,0.203
1251,4651,0.268
1251,4816,0.205
1251,5174,0.217
1251,5276,0.255
1252,1261,0.247
1252,1396,0.245
1252,1444,0.211
1252,1764,0.389
1252,2030,0.315
1252,2149,0.337
1252,2588,0.568
1252,2650,0.472
1252,3275,0.225
1252,3636,0.293
1252,3728,0.463
1252,3729,0.276
1252,3824,0.241
1252,4041,0.373
1252,4222,0.275
1252,4235,0.391
1252,4297,0.342
1252,4363,0.227
1252,4612,0.253
1252,4688,0.4
1252,4700,0.214
1252,4758,0.493
1252,4847,0.229
1252,5180,0.43
1252,5321,0.447
1252,5336,0.304
1252,5448,0.561
1252,5604,0.467
1255,1290,0.221
1255,3166,0.279
1256,3035,0.202
1257,1260,0.444
1257,1262,0.291
1257,1338,0.428
1257,1403,0.331
1257,1549,0.281
1257,1603,0.322
1257,1658,0.25
1257,1666,0.446
1257,1692,0.257
1257,1702,0.413
1257,1714,0.361
1257,1757,0.488
1257,1804,0.306
1257,1994,0.457
1257,2164,0.39
1257,2297,0.249
1257,2373,0.329
1257,2497,0.269
1257,2525,0.239
1257,2609,0.232
1257,2700,0.486
1257,2763,0.341
1257,2858,0.285
1257,2959,0.249
1257,2978,0.383
1257,3006,0.24
1257,3033,0.271
1257,3052,0.391
1257,3272,0.34
1257,3291,0.221
1257,3497,0.228
1257,3985,0.266
1257,4006,0.271
1257,4177,0.271
1257,4180,0.375
1257,4346,0.301
1257,4383,0.261
1257,4419,0.213
1257,4525,0.557
1257,4550,0.233
1257,4577,0.373
1257,4673,0.24
1257,4707,0.529
1257,4732,0.206
1257,4776,0.272
1257,4876,0.349
1257,4957,0.278
1257,5227,0.268
1257,5326,0.282
1257,5492,0.285
1257,5565,0.24
1257,5618,0.37
1257,5621,0.211
1258,1353,0.294
1258,1383,0.332
1258,1442,0.373
1258,1453,0.366
1258,1500,0.329
1258,1656,0.218
1258,1717,0.215
1258,1745,0.377
1258,1754,0.209
1258,1761,0.239
1258,1939,0.226
1258,2185,0.328
1258,2201,0.267
1258,2210,0.263
1258,2367,0.219
1258,2486,0.255
1258,2514,0.23
1258,2668,0.221
1258,2773,0.238
1258,2867,0.261
1258,2913,0.246
1258,2989,0.24
1258,3067,0.235
1258,3204,0.367
1258,3251,0.249
1258,3349,0.245
1258,3385,0.234
1258,3447,0.298
1258,3518,0.237
1258,3519,0.233
1258,3583,0.469
1258,3621,0.257
1258,3660,0.289
1258,3801,0.462
1258,3838,0.348
1258,3839,0.208
1258,4047,0.216
1258,4064,0.445
1258,4221,0.374
1258,4245,0.402
1258,4300,0.243
1258,4308,0.403
1258,4403,0.219
1258,4411,0.276
1258,4510,0.231
1258,4588,0.218
1258,4590,0.268
1258,4613,0.395
1258,4651,0.268
1258,4771,0.228
1258,4803,0.303
1258,4819,0.4
1258,4860,0.229
1258,4918,0.462
1258,4946,0.213
1258,5025,0.259
1258,5088,0.368
1258,5118,0.231
1258,5186,0.207
1258,5305,0.232
1258,5310,0.206
1258,5318,0.239
1258,5392,0.465
1258,5402,0.464
1258,5449,0.292
1258,5519,0.203
1260,1262,0.299
1260,1338,0.41
1260,1403,0.464
1260,1413,0.271
1260,1549,0.232
1260,1563,0.23
1260,1603,0.35
1260,1666,0.376
1260,1692,0.27
1260,1702,0.428
1260,1714,0.364
1260,1741,0.223
1260,1757,0.507
1260,1804,0.356
1260,1994,0.401
1260,2164,0.438
1260,2297,0.29
1260,2373,0.341
1260,2493,0.228
1260,2497,0.505
1260,2609,0.211
1260,2622,0.224
1260,2700,0.392
1260,2763,0.345
1260,2858,0.319
1260,2959,0.304
1260,2978,0.597
1260,3006,0.261
1260,3033,0.355
1260,3052,0.376
1260,3272,0.321
1260,3497,0.423
1260,3708,0.333
1260,3737,0.228
1260,3985,0.23
1260,4177,0.208
1260,4180,0.384
1260,4287,0.206
1260,4346,0.475
1260,4383,0.316
1260,4525,0.217
1260,4550,0.219
1260,4577,0.643
1260,4707,0.477
1260,4776,0.489
1260,4876,0.642
1260,4945,0.298
1260,4957,0.307
1260,5227,0.214
1260,5316,0.208
1260,5326,0.298
1260,5492,0.236
1260,5535,0.21
1260,5565,0.223
1260,5618,0.626
1260,5621,0.225
1261,1444,0.396
1261,1445,0.225
1261,1764,0.307
1261,2148,0.491
1261,2149,0.243
1261,2588,0.463
1261,2650,0.323
1261,2752,0.201
1261,3275,0.384
1261,3728,0.268
1261,3729,0.254
1261,4495,0.289
1261,4678,0.212
1261,4758,0.23
1261,5180,0.206
1261,5321,0.267
1261,5448,0.517
1261,5604,0.447
1262,1338,0.258
1262,1403,0.225
1262,1506,0.207
1262,1603,0.264
1262,1666,0.284
1262,1702,0.266
1262,1714,0.361
1262,1757,0.265
1262,1804,0.291
1262,1994,0.417
1262,2297,0.22
1262,2497,0.22
1262,2700,0.513
1262,2858,0.224
1262,2959,0.259
1262,2978,0.302
1262,3003,0.294
1262,3006,0.297
1262,3033,0.213
1262,3052,0.205
1262,3272,0.201
1262,3420,0.242
1262,3985,0.261
1262,4346,0.24
1262,4383,0.247
1262,4484,0.207
1262,4577,0.321
1262,4707,0.395
1262,4776,0.246
1262,4876,0.328
1262,5227,0.214
1262,5250,0.222
1262,5492,0.222
1262,5618,0.308
1263,1586,0.213
1263,1615,0.201
1263,1678,0.255
1263,1746,0.239
1263,1787,0.202
1263,1885,0.314
1263,1924,0.219
1263,2244,0.286
1263,2333,0.453
1263,2395,0.202
1263,2601,0.201
1263,2828,0.208
1263,2956,0.23
1263,2966,0.329
1263,2993,0.254
1263,3058,0.225
1263,3685,0.346
1263,3727,0.226
1263,3847,0.246
1263,4207,0.292
1263,4417,0.263
1263,4424,0.304
1263,4447,0.209
1263,4546,0.301
1263,4604,0.378
1263,4901,0.519
1263,5045,0.368
1263,5133,0.297
1263,5155,0.347
1263,5163,0.22
1263,5277,0.326
1263,5567,0.267
1264,1408,0.211
1264,1908,0.217
1264,2147,0.21
1264,2235,0.225
1264,3055,0.209
1264,3063,0.246
1264,3208,0.244
1264,3314,0.23
1264,3316,0.209
1264,4999,0.244
1264,5047,0.208
1265,2689,0.264
1265,5401,0.322
1266,1586,0.217
1266,1678,0.354
1266,1846,0.407
1266,1885,0.231
1266,2020,0.29
1266,2286,0.254
1266,2619,0.302
1266,2738,0.292
1266,2864,0.368
1266,2956,0.214
1266,2966,0.26
1266,2993,0.445
1266,3223,0.402
1266,3351,0.201
1266,3847,0.368
1266,4424,0.231
1266,4447,0.384
1266,4546,0.26
1266,4604,0.302
1266,5155,0.314
1266,5277,0.272
1266,5567,0.219
1267,1480,0.223
1267,2300,0.223
1267,3417,0.257
1267,3893,0.455
1267,4006,0.251
1267,4104,0.405
1267,4198,0.54
1267,4516,0.275
1267,4673,0.221
1267,4812,0.206
1267,5154,0.586
1267,5568,0.229
1269,2145,0.296
1269,2328,0.26
1269,3418,0.209
1269,3710,0.284
1269,3886,0.424
1269,3938,0.259
1269,4233,0.282
1269,4319,0.219
1269,4591,0.229
1269,4692,0.21
1270,1739,0.425
1270,2270,0.216
1270,2662,0.248
1270,2683,0.319
1270,2747,0.22
1270,3004,0.562
1270,3387,0.201
1270,3737,0.244
1270,4130,0.311
1270,4889,0.566
1271,1968,0.254
1271,2117,0.315
1271,2275,0.363
1271,2645,0.205
1271,3527,0.223
1271,4507,0.246
1272,2875,0.259
1272,4523,0.239
1272,4632,0.228
1272,5526,0.218
1273,2377,0.216
1273,3104,0.208
1274,1430,0.238
1274,1502,0.472
1274,1569,0.384
1274,1709,0.202
1274,2410,0.207
1274,2423,0.204
1274,2492,0.402
1274,2675,0.36
1274,3039,0.328
1274,3524,0.212
1274,3711,0.341
1274,3732,0.308
1274,3878,0.314
1274,3989,0.376
1274,4051,0.314
1274,4218,0.463
1274,4261,0.317
1274,4583,0.451
1274,4587,0.268
1274,4878,0.227
1275,1494,0.207
1275,2198,0.252
1275,3605,0.207
1275,3732,0.323
1275,4435,0.215
1275,4713,0.22
1275,4791,0.245
1275,5117,0.203
1277,1417,0.263
1277,1576,0.597
1277,1831,0.523
1277,2031,0.56
1277,2165,0.593
1277,2664,0.565
1277,2799,0.509
1277,3499,0.21
1277,4002,0.204
1277,4970,0.532
1278,5501,0.253
1279,1711,0.247
1281,1748,0.216
1281,2156,0.647
1281,3371,0.308
1281,5436,0.39
1282,1500,0.215
1282,1745,0.234
1282,1761,0.25
1282,3040,0.454
1282,3067,0.338
1282,3192,0.307
1282,3412,0.252
1282,3455,0.322
1282,3931,0.202
1282,4411,0.229
1282,4588,0.411
1282,4918,0.214
1282,5009,0.491
1282,5449,0.21
1283,3900,0.209
1284,1327,0.265
1284,1876,0.237
1284,2071,0.313
1284,2740,0.205
1284,3095,0.29
1284,4403,0.207
1284,5450,0.29
1285,1893,0.203
1285,3290,0.225
1285,3772,0.211
1285,4793,0.269
1285,5553,0.244
1286,3875,0.286
1287,1686,0.232
1287,1902,0.289
1287,1974,0.686
1287,2194,0.238
1287,2290,0.214
1287,2330,0.277
1287,2455,0.413
1287,2510,0.473
1287,2547,0.236
1287,2551,0.246
1287,2687,0.231
1287,3130,0.222
1287,3607,0.279
1287,3682,0.215
1287,4240,0.233
1287,4270,0.202
1287,4282,0.237
1287,4649,0.222
1287,5584,0.289
1287,5596,0.205
1288,2901,0.267
1288,3222,0.334
1288,3444,0.256
1288,3728,0.22
1288,3771,0.317
1289,1551,0.207
1289,1650,0.214
1289,1664,0.246
1289,1720,0.267
1289,1754,0.351
1289,1791,0.291
1289,1949,0.26
1289,2076,0.32
1289,2087,0.288
1289,2380,0.243
1289,2400,0.209
1289,2439,0.263
1289,2668,0.257
1289,2693,0.263
1289,2767,0.224
1289,2989,0.33
1289,3136,0.413
1289,3137,0.206
1289,3161,0.251
1289,3281,0.232
1289,3389,0.206
1289,3418,0.288
1289,3439,0.247
1289,3480,0.296
1289,3632,0.35
1289,3816,0.223
1289,4279,0.294
1289,4285,0.241
1289,4319,0.225
1289,4400,0.225
1289,4533,0.228
1289,4567,0.407
1289,4684,0.308
1289,4715,0.222
1289,4767,0.315
1289,4771,0.206
1289,4864,0.314
1289,5305,0.264
1289,5312,0.289
1289,5318,0.366
1289,5470,0.254
1289,5498,0.259
1290,1479,0.207
1290,1961,0.207
1290,3166,0.231
1290,5174,0.343
1290,5276,0.388
1290,5524,0.214
1292,1533,0.232
1292,1611,0.227
1292,1734,0.233
1292,2010,0.201
1292,2119,0.245
1292,2170,0.208
1292,2590,0.242
1292,3183,0.24
1292,3224,0.252
1292,3233,0.224
1292,3250,0.225
1292,3671,0.291
1292,3932,0.207
1292,3940,0.206
1292,3981,0.205
1292,4140,0.234
1292,4158,0.204
1292,4958,0.219
1292,5115,0.428
1292,5383,0.269
1292,5537,0.212
1295,3476,0.237
1295,3617,0.308
1295,3983,0.226
1295,4056,0.363
1295,4995,0.21
1296,1848,0.218
1296,2186,0.332
1296,2245,0.225
1296,2371,0.313
1296,2533,0.23
1296,2942,0.282
1296,3248,0.271
1296,3308,0.223
1296,3429,0.251
1296,3669,0.214
1296,3704,0.254
1296,3909,0.375
1296,3949,0.401
1296,4013,0.324
1296,4156,0.248
1296,4256,0.277
1296,4360,0.22
1296,4423,0.366
1296,4451,0.301
1296,4859,0.257
1296,4972,0.275
1296,5023,0.259
1296,5221,0.232
1296,5249,0.295
1296,5356,0.396
1296,5603,0.218
1296,5611,0.405
1297,2151,0.245
1297,2630,0.22
1297,2825,0.244
1297,3991,0.223
1297,5471,0.246
1299,2055,0.218
1299,3062,0.379
1299,4356,0.214
1299,4556,0.212
1299,4774,0.213
1299,5267,0.244
1299,5368,0.449
1301,1360,0.246
1301,1585,0.227
1301,3295,0.21
1302,1989,0.258
1302,3924,0.612
1302,4092,0.212
1302,5283,0.202
1303,1602,0.218
1303,2901,0.226
1303,3222,0.26
1303,3449,0.246
1303,3771,0.206
1303,4920,0.21
1303,5048,0.235
1303,5591,0.397
1304,1384,0.375
1304,1481,0.38
1304,1660,0.239
1304,1744,0.207
1304,1916,0.341
1304,1960,0.328
1304,2223,0.431
1304,2363,0.225
1304,2668,0.215
1304,2672,0.237
1304,2904,0.238
1304,3897,0.205
1304,4002,0.251
1304,4224,0.209
1304,4548,0.337
1304,4877,0.269
1304,5305,0.235
1304,5365,0.206
1304,5377,0.248
1304,5568,0.263
1306,1562,0.207
1306,2294,0.425
1306,3807,0.24
1306,4368,0.211
1306,4616,0.212
1308,4637,0.206
1309,2075,0.22
1309,4469,0.217
1309,4560,0.208
1309,5333,0.301
1310,3292,0.214
1310,3604,0.225
1310,4198,0.234
1310,5062,0.202
1310,5154,0.234
1311,1467,0.256
1311,2734,0.217
1311,2901,0.267
1311,3444,0.207
1311,4558,0.256
1312,1530,0.239
1314,1413,0.252
1314,1595,0.216
1314,2662,0.302
1314,2683,0.279
1314,2747,0.339
1314,3084,0.433
1314,3737,0.209
1314,3861,0.441
1314,4130,0.255
1314,5315,0.221
1314,5557,0.206
1314,5640,0.217
1315,3757,0.258
1315,5426,0.229
1316,1332,0.251
1316,2450,0.289
1316,2518,0.225
1316,2734,0.281
1316,4068,0.257
1316,4427,0.24
1316,4558,0.287
1318,2093,0.409
1318,2844,0.239
1318,3080,0.228
1318,3612,0.335
1318,3827,0.242
1318,4217,0.265
1318,4763,0.313
1318,5276,0.243
1318,5523,0.287
1319,2560,0.231
1319,2848,0.219
1319,4046,0.344
1319,5349,0.323
1321,1351,0.275
1321,1592,0.203
1321,1728,0.241
1321,1778,0.203
1321,1794,0.23
1321,1963,0.214
1321,2157,0.206
1321,2311,0.256
1321,2344,0.446
1321,2814,0.226
1321,2864,0.201
1321,3045,0.287
1321,3097,0.232
1321,3379,0.254
1321,4529,0.224
1321,4938,0.263
1321,4991,0.221
1321,5334,0.228
1321,5349,0.252
1321,5611,0.208
1322,1440,0.243
1322,1878,0.462
1322,2195,0.24
1322,3548,0.236
1322,3572,0.521
1322,3839,0.239
1322,4002,0.211
1322,4063,0.285
1322,4220,0.225
1322,5272,0.241
1322,5614,0.226
1324,1761,0.251
1324,1869,0.245
1324,2447,0.218
1324,2898,0.201
1324,2905,0.213
1324,4403,0.213
1324,4620,0.234
1324,5009,0.212
1324,5028,0.201
1324,5033,0.281
1324,5583,0.3
1325,1890,0.207
1325,1955,0.248
1325,2365,0.233
1325,3639,0.21
1325,4658,0.275
1325,5178,0.216
1326,1390,0.216
1326,1614,0.207
1326,1641,0.22
1326,2093,0.216
1326,2153,0.211
1326,2631,0.247
1326,3001,0.281
1326,3141,0.284
1326,3419,0.233
1326,3484,0.21
1326,4325,0.211
1326,4528,0.22
1326,4682,0.266
1326,4896,0.278
1326,5101,0.252
1326,5176,0.288
1326,5617,0.207
1327,1694,0.292
1327,4339,0.309
1327,4679,0.342
1328,1893,0.209
1328,3055,0.236
1328,3158,0.214
1328,5497,0.203
1329,1511,0.375
1329,1517,0.256
1329,1575,0.351
1329,1646,0.272
1329,1732,0.237
1329,1834,0.258
1329,1943,0.335
1329,1961,0.365
1329,1981,0.222
1329,1990,0.202
1329,2024,0.43
1329,2066,0.292
1329,2240,0.385
1329,2262,0.242
1329,2361,0.348
1329,2457,0.281
1329,2502,0.363
1329,2568,0.235
1329,2732,0.304
1329,2801,0.451
1329,2806,0.325
1329,2844,0.207
1329,2922,0.268
1329,3159,0.232
1329,3275,0.345
1329,3318,0.321
1329,3450,0.312
1329,3474,0.214
1329,3578,0.282
1329,3923,0.423
1329,3992,0.203
1329,4098,0.22
1329,4217,0.232
1329,4226,0.305
1329,4361,0.437
1329,4676,0.272
1329,4756,0.247
1329,4782,0.47
1329,4794,0.328
1329,4857,0.494
1329,4903,0.316
1329,5087,0.412
1329,5141,0.465
1329,5174,0.238
1329,5243,0.423
1329,5263,0.442
1329,5270,0.265
1329,5290,0.242
1329,5304,0.268
1329,5523,0.246
1330,5619,0.366
1332,1350,0.459
1332,1753,0.341
1332,2450,0.296
1332,2518,0.553
1332,3198,0.227
1332,3616,0.26
1332,4068,0.543
1332,4111,0.213
1332,4427,0.208
1332,4475,0.226
1333,5337,0.229
1334,2623,0.223
1335,1794,0.238
1335,4229,0.255
1335,5558,0.209
1336,4509,0.221
1337,1976,0.213
1337,2326,0.237
1337,2545,0.483
1337,2805,0.201
1337,3188,0.225
1337,3545,0.418
1337,4513,0.206
1337,4906,0.201
1337,5257,0.28
1337,5283,0.578
1338,1403,0.531
1338,1549,0.534
1338,1576,0.246
1338,1603,0.372
1338,1658,0.432
1338,1666,0.441
1338,1692,0.293
1338,1702,0.446
1338,1714,0.343
1338,1757,0.616
1338,1804,0.366
1338,1994,0.379
1338,2164,0.359
1338,2165,0.216
1338,2297,0.256
1338,2373,0.223
1338,2497,0.31
1338,2525,0.241
1338,2609,0.245
1338,2700,0.368
1338,2708,0.293
1338,2763,0.354
1338,2858,0.313
1338,2959,0.261
1338,2978,0.342
1338,3006,0.479
1338,3033,0.274
1338,3052,0.256
1338,3171,0.227
1338,3272,0.312
1338,3291,0.209
1338,3309,0.363
1338,3497,0.379
1338,3714,0.275
1338,3959,0.266
1338,3985,0.458
1338,4006,0.412
1338,4177,0.481
1338,4180,0.31
1338,4287,0.548
1338,4346,0.323
1338,4348,0.223
1338,4383,0.324
1338,4550,0.265
1338,4577,0.505
1338,4673,0.405
1338,4707,0.501
1338,4732,0.44
1338,4776,0.304
1338,4876,0.363
1338,4905,0.241
1338,4922,0.209
1338,4957,0.21
1338,5045,0.205
1338,5326,0.228
1338,5492,0.229
1338,5618,0.373
1339,1370,0.219
1339,1467,0.231
1339,1792,0.205
1339,2701,0.245
1339,2734,0.253
1339,3222,0.226
1339,4631,0.253
1339,4971,0.205
1339,5048,0.211
1342,1513,0.245
1342,1737,0.227
1342,1812,0.289
1342,2129,0.22
1342,2416,0.261
1342,2440,0.326
1342,2993,0.214
1342,3501,0.283
1342,4074,0.321
1342,4309,0.304
1342,4469,0.322
1342,4604,0.201
1342,4695,0.265
1344,2640,0.224
1344,4410,0.246
1346,1489,0.205
1346,2093,0.262
1346,2435,0.317
1346,3143,0.258
1346,4763,0.237
1346,4794,0.215
1347,1789,0.275
1347,2849,0.272
1347,3178,0.323
1347,3268,0.236
1347,5225,0.227
1350,1712,0.217
1350,2345,0.224
1350,2450,0.25
1350,2518,0.396
1350,2905,0.276
1350,4068,0.428
1350,5033,0.284
1351,1581,0.234
1351,1706,0.348
1351,1822,0.411
1351,2010,0.338
1351,2290,0.205
1351,2291,0.3
1351,2404,0.426
1351,2990,0.446
1351,3100,0.457
1351,3303,0.262
1351,3424,0.418
1351,3533,0.285
1351,4133,0.299
1351,4139,0.227
1351,4146,0.376
1351,4228,0.298
1351,4333,0.393
1351,4373,0.235
1351,4492,0.32
1351,4554,0.376
1351,4805,0.408
1351,4869,0.483
1351,5399,0.472
1351,5515,0.3
1352,2987,0.247
1352,4582,0.264
1353,1442,0.244
1353,1453,0.258
1353,1500,0.287
1353,1745,0.486
1353,1761,0.284
1353,2185,0.209
1353,2367,0.245
1353,2486,0.271
1353,2514,0.204
1353,2867,0.213
1353,2913,0.241
1353,2960,0.205
1353,2989,0.218
1353,3026,0.218
1353,3067,0.21
1353,3184,0.218
1353,3204,0.212
1353,3349,0.359
1353,3447,0.299
1353,3518,0.273
1353,3519,0.204
1353,3621,0.312
1353,3801,0.239
1353,3838,0.212
1353,4064,0.248
1353,4126,0.302
1353,4221,0.273
1353,4245,0.219
1353,4308,0.233
1353,4403,0.289
1353,4411,0.255
1353,4590,0.232
1353,4651,0.289
1353,4653,0.252
1353,4803,0.202
1353,4819,0.25
1353,4918,0.293
1353,5025,0.49
1353,5088,0.306
1353,5118,0.273
1353,5215,0.22
1353,5392,0.253
1353,5402,0.26
1353,5449,0.201
1353,5519,0.274
1353,5545,0.254
1353,5583,0.271
1354,5428,0.223
1354,5613,0.236
1355,1376,0.256
1355,1981,0.388
1355,2903,0.339
1355,2906,0.312
1355,3154,0.436
1355,3277,0.241
1355,3388,0.207
1355,3474,0.317
1355,3973,0.224
1355,4098,0.255
1355,4537,0.239
1355,4750,0.384
1355,4896,0.233
1355,4959,0.291
1355,4981,0.275
1355,5211,0.444
1355,5617,0.371
1356,4549,0.273
1357,1976,0.209
1357,2629,0.208
1357,3086,0.228
1357,3420,0.291
1357,3872,0.267
1357,4576,0.205
1357,4974,0.432
1358,3842,0.232
1359,3084,0.215
1359,3626,0.224
1360,1450,0.204
1360,1981,0.238
1360,2883,0.202
1360,4981,0.201
1360,5336,0.475
1361,1578,0.21
1361,1745,0.225
1361,1761,0.218
1361,3349,0.227
1361,3901,0.23
1361,4819,0.207
1361,5186,0.23
1363,2378,0.467
1363,3231,0.29
1364,2712,0.27
1364,4317,0.222
1365,1594,0.209
1365,2104,0.205
1365,2931,0.362
1365,3405,0.232
1365,4252,0.241
1365,5061,0.218
1365,5297,0.303
1366,3394,0.214
1368,5501,0.249
1369,3965,0.207
1369,4375,0.205
1369,4831,0.245
1369,5513,0.295
1370,1583,0.214
1370,1621,0.26
1370,1935,0.225
1370,2118,0.211
1370,2211,0.283
1370,2406,0.217
1370,2461,0.217
1370,2754,0.23
1370,3091,0.204
1370,3456,0.218
1370,3920,0.209
1370,3981,0.21
1370,4158,0.204
1370,4897,0.235
1370,4941,0.329
1370,4961,0.262
1374,5239,0.204
1376,1459,0.404
1376,1652,0.254
1376,2906,0.312
1376,3061,0.328
1376,3345,0.442
1376,3474,0.383
1376,4176,0.29
1376,4537,0.241
1376,4750,0.295
1376,4959,0.341
1376,5211,0.228
1377,1385,0.204
1377,1431,0.259
1377,2300,0.209
1377,3258,0.204
1377,3504,0.204
1377,3656,0.52
1377,3694,0.469
1377,4104,0.202
1377,4426,0.203
1377,4564,0.307
1377,5297,0.409
1377,5568,0.269
1378,2281,0.283
1378,2563,0.224
1378,2880,0.223
1378,3555,0.232
1378,4814,0.201
1378,5344,0.218
1378,5637,0.366
1379,4437,0.398
1379,5579,0.206
1379,5587,0.203
1380,4427,0.205
1382,1748,0.244
1382,1945,0.23
1382,2527,0.209
1383,1644,0.226
1383,1656,0.34
1383,1745,0.25
1383,2175,0.424
1383,2191,0.217
1383,2210,0.364
1383,2367,0.224
1383,2486,0.334
1383,2913,0.279
1383,3112,0.278
1383,3290,0.259
1383,3385,0.266
1383,3432,0.257
1383,3518,0.344
1383,3801,0.264
1383,4064,0.226
1383,4411,0.224
1383,4613,0.281
1383,4651,0.393
1383,4819,0.251
1383,4918,0.214
1383,5402,0.323
1384,1411,0.203
1384,1481,0.216
1384,1660,0.23
1384,1916,0.211
1384,1960,0.215
1384,2223,0.278
1384,2323,0.21
1384,2363,0.261
1384,3014,0.216
1384,4002,0.219
1384,4548,0.26
1384,4789,0.213
1384,4877,0.204
1384,5568,0.201
1385,1480,0.335
1385,1519,0.202
1385,1520,0.314
1385,1660,0.266
1385,1744,0.336
1385,2259,0.209
1385,2300,0.301
1385,2332,0.342
1385,2356,0.444
1385,2400,0.224
1385,2560,0.228
1385,2818,0.221
1385,3119,0.231
1385,3211,0.346
1385,3212,0.287
1385,3366,0.369
1385,3373,0.25
1385,3439,0.578
1385,3465,0.228
1385,3485,0.3
1385,3504,0.507
1385,3577,0.391
1385,3779,0.361
1385,4096,0.217
1385,4198,0.281
1385,4426,0.342
1385,4564,0.212
1385,4600,0.398
1385,4812,0.307
1385,5068,0.262
1385,5149,0.391
1385,5154,0.262
1385,5310,0.208
1385,5317,0.208
1385,5568,0.286
1386,1445,0.212
1386,1834,0.206
1386,1928,0.208
1386,2148,0.226
1386,3792,0.325
1386,3896,0.259
1386,4202,0.202
1386,4496,0.306
1386,4662,0.27
1386,5338,0.267
1386,5432,0.253
1388,3537,0.208
1388,3611,0.488
1388,3642,0.262
1388,4145,0.205
1388,4229,0.267
1388,5039,0.319
1388,5301,0.21
1389,1802,0.263
1389,1950,0.281
1389,1951,0.565
1389,2079,0.229
1389,2082,0.205
1389,2476,0.25
1389,2604,0.206
1389,3436,0.46
1389,3553,0.343
1389,3832,0.209
1389,4815,0.261
1389,5121,0.264
1390,4682,0.484
1390,5065,0.202
1390,5168,0.29
1392,1439,0.315
1392,1863,0.445
1392,1880,0.317
1392,1899,0.395
1392,1902,0.224
1392,2120,0.498
1392,2230,0.242
1392,2333,0.293
1392,2621,0.319
1392,2687,0.549
1392,2809,0.311
1392,2840,0.328
1392,3399,0.219
1392,3459,0.332
1392,3591,0.219
1392,3682,0.226
1392,4270,0.271
1392,4344,0.283
1392,4349,0.227
1392,4489,0.229
1392,4512,0.203
1392,4719,0.207
1392,4770,0.279
1392,5133,0.208
1392,5174,0.207
1392,5385,0.65
1392,5437,0.219
1392,5574,0.209
1392,5584,0.23
1392,5597,0.329
1392,5609,0.279
1392,5627,0.386
1393,4792,0.229
1394,2174,0.44
1394,2181,0.219
1394,2280,0.201
1394,2748,0.277
1394,3472,0.365
1394,3983,0.221
1394,4083,0.264
1394,4123,0.243
1394,4286,0.249
1394,4663,0.205
1394,4689,0.204
1394,4773,0.461
1394,4801,0.419
1394,5271,0.226
1395,5475,0.238
1396,1764,0.463
1396,2149,0.239
1396,2588,0.441
1396,2650,0.268
1396,3824,0.459
1396,3903,0.557
1396,4116,0.342
1396,4235,0.311
1396,4700,0.25
1396,4758,0.201
1396,5180,0.262
1396,5321,0.451
1396,5336,0.207
1396,5448,0.451
1396,5604,0.47
1398,1586,0.26
1398,1885,0.256
1398,2966,0.209
1398,3685,0.29
1398,4530,0.203
1398,4546,0.255
1398,4604,0.287
1398,5277,0.231
1399,1486,0.222
1399,1515,0.213
1399,2158,0.202
1399,2166,0.223
1399,2516,0.207
1399,2966,0.202
1399,3613,0.277
1399,3669,0.213
1399,3870,0.213
1399,4435,0.226
1399,4447,0.269
1399,4604,0.205
1399,4641,0.224
1399,4926,0.227
1399,5277,0.202
1399,5434,0.21
1400,1573,0.214
1401,4167,0.208
1401,4603,0.206
1401,5465,0.271
1402,1865,0.203
1402,2437,0.251
1402,3066,0.218
1402,3885,0.202
1402,4824,0.207
1403,1549,0.379
1403,1563,0.235
1403,1603,0.264
1403,1658,0.21
1403,1666,0.291
1403,1692,0.338
1403,1702,0.316
1403,1714,0.339
1403,1757,0.635
1403,1804,0.267
1403,1994,0.324
1403,2164,0.342
1403,2297,0.204
1403,2373,0.298
1403,2497,0.269
1403,2521,0.201
1403,2525,0.261
1403,2586,0.21
1403,2598,0.204
1403,2609,0.3
1403,2700,0.284
1403,2708,0.292
1403,2763,0.352
1403,2776,0.208
1403,2858,0.245
1403,2978,0.329
1403,3006,0.36
1403,3033,0.258
1403,3052,0.284
1403,3272,0.262
1403,3497,0.561
1403,3534,0.204
1403,3985,0.254
1403,4177,0.331
1403,4180,0.318
1403,4202,0.225
1403,4287,0.451
1403,4346,0.355
1403,4419,0.23
1403,4484,0.289
1403,4525,0.21
1403,4550,0.28
1403,4577,0.429
1403,4707,0.488
1403,4732,0.241
1403,4746,0.209
1403,4776,0.278
1403,4876,0.415
1403,5227,0.217
1403,5315,0.22
1403,5326,0.3
1403,5431,0.221
1403,5492,0.24
1403,5618,0.367
1404,4194,0.276
1404,4899,0.237
1405,2873,0.245
1405,5467,0.221
1407,2189,0.205
1407,5455,0.291
1408,2032,0.283
1408,2278,0.397
1408,3208,0.355
1408,4244,0.317
1408,4332,0.264
1408,4856,0.324
1408,4908,0.281
1408,5546,0.498
1409,2922,0.219
1409,3048,0.258
1409,3277,0.261
1409,5205,0.315
1411,1431,0.21
1411,1519,0.209
1411,1655,0.222
1411,1660,0.286
1411,1744,0.281
1411,1916,0.202
1411,1960,0.201
1411,2076,0.224
1411,2300,0.302
1411,2400,0.223
1411,2693,0.207
1411,2756,0.385
1411,2767,0.301
1411,2818,0.228
1411,2861,0.213
1411,2960,0.364
1411,2989,0.228
1411,3038,0.276
1411,3076,0.209
1411,3136,0.384
1411,3137,0.256
1411,3336,0.333
1411,3389,0.31
1411,3480,0.251
1411,3485,0.254
1411,3632,0.444
1411,3665,0.209
1411,3839,0.265
1411,3855,0.238
1411,4096,0.253
1411,4104,0.248
1411,4326,0.224
1411,4426,0.308
1411,4514,0.243
1411,4567,0.29
1411,4657,0.26
1411,4684,0.242
1411,4767,0.234
1411,4771,0.222
1411,5002,0.204
1411,5105,0.208
1411,5149,0.221
1411,5272,0.264
1411,5312,0.226
1411,5317,0.553
1411,5379,0.216
1411,5440,0.27
1411,5477,0.221
1411,5562,0.263
1411,5568,0.223
1411,5575,0.209
1411,5614,0.205
1413,1415,0.338
1413,1477,0.358
1413,1563,0.242
1413,1739,0.263
1413,1741,0.526
1413,1860,0.233
1413,1906,0.411
1413,1923,0.448
1413,2058,0.321
1413,2072,0.504
1413,2094,0.238
1413,2164,0.348
1413,2199,0.38
1413,2270,0.426
1413,2349,0.437
1413,2373,0.295
1413,2493,0.242
1413,2497,0.318
1413,2513,0.221
1413,2662,0.394
1413,2683,0.345
1413,2698,0.217
1413,2747,0.42
1413,2750,0.408
1413,2843,0.232
1413,2869,0.362
1413,2941,0.428
1413,2977,0.307
1413,2978,0.264
1413,2990,0.26
1413,3052,0.311
1413,3084,0.389
1413,3100,0.201
1413,3144,0.216
1413,3219,0.266
1413,3250,0.252
1413,3387,0.295
1413,3401,0.376
1413,3402,0.341
1413,3410,0.39
1413,3448,0.305
1413,3637,0.412
1413,3708,0.646
1413,3737,0.807
1413,3861,0.23
1413,4097,0.341
1413,4130,0.436
1413,4180,0.336
1413,4302,0.455
1413,4318,0.325
1413,4491,0.314
1413,4492,0.26
1413,4873,0.238
1413,4876,0.224
1413,4889,0.217
1413,4939,0.373
1413,5043,0.201
1413,5307,0.341
1413,5315,0.486
1413,5334,0.235
1413,5362,0.34
1413,5515,0.237
1413,5551,0.497
1413,5557,0.497
1413,5621,0.308
1415,1741,0.213
1415,1906,0.308
1415,2058,0.349
1415,2072,0.203
1415,2199,0.334
1415,2270,0.453
1415,2750,0.404
1415,2843,0.217
1415,3219,0.264
1415,3387,0.381
1415,3402,0.369
1415,3410,0.447
1415,3448,0.216
1415,3637,0.305
1415,3708,0.306
1415,3737,0.392
1415,3934,0.203
1415,4097,0.422
1415,4130,0.217
1415,4373,0.235
1415,4873,0.274
1415,5315,0.218
1415,5334,0.23
1415,5551,0.357
1415,5621,0.26
1416,2137,0.249
1416,3611,0.283
1416,3642,0.247
1416,4229,0.206
1416,4230,0.219
1416,4530,0.366
1416,4678,0.208
1416,5301,0.218
1417,1576,0.337
1417,1831,0.3
1417,2031,0.308
1417,2165,0.343
1417,2664,0.34
1417,2799,0.275
1417,3499,0.215
1417,4632,0.244
1417,4970,0.246
1419,1473,0.213
1419,1976,0.205
1419,4104,0.258
1419,4378,0.304
1420,3290,0.265
1420,3432,0.201
1420,4198,0.204
1421,2678,0.242
1421,3478,0.232
1421,3800,0.237
1421,4175,0.264
1421,5483,0.202
1422,2478,0.289
1423,1913,0.255
1423,2443,0.211
1423,5425,0.214
1424,2400,0.211
1424,4946,0.237
1424,5470,0.297
1424,5588,0.346
1425,2588,0.228
1425,4847,0.243
1426,2691,0.305
1426,5452,0.216
1427,1598,0.385
1427,2324,0.239
1427,4919,0.243
1427,5178,0.241
1427,5370,0.225
1427,5453,0.252
1427,5573,0.221
1427,5613,0.223
1428,4189,0.292
1428,5015,0.268
1428,5547,0.216
1429,1453,0.222
1429,1717,0.253
1429,2276,0.295
1429,2282,0.279
1429,2400,0.211
1429,2833,0.301
1429,4064,0.213
1429,4300,0.234
1429,5215,0.247
1429,5397,0.308
1429,5402,0.25
1430,2420,0.268
1430,2471,0.57
1430,2492,0.272
1430,2607,0.564
1430,3012,0.436
1430,3780,0.607
1430,3829,0.401
1430,3878,0.221
1430,3915,0.213
1430,4027,0.579
1430,4061,0.526
1430,4218,0.398
1430,4449,0.24
1430,4583,0.328
1430,4644,0.405
1431,1481,0.231
1431,1660,0.262
1431,1916,0.254
1431,1960,0.251
1431,2223,0.245
1431,2300,0.34
1431,2818,0.223
1431,2925,0.273
1431,2988,0.243
1431,3184,0.226
1431,3485,0.233
1431,3504,0.214
1431,3656,0.27
1431,3694,0.301
1431,4096,0.271
1431,4198,0.251
1431,4426,0.334
1431,4553,0.218
1431,4564,0.297
1431,5149,0.231
1431,5154,0.223
1431,5297,0.201
1431,5568,0.302
1432,1578,0.238
1432,2573,0.241
1432,2854,0.209
1432,3101,0.233
1432,4999,0.233
1434,5047,0.249
1435,1800,0.202
1435,3718,0.202
1435,3795,0.208
1435,4451,0.227
1436,2992,0.298
1436,4920,0.227
1436,5293,0.212
1436,5624,0.207
1437,5085,0.227
1438,1472,0.272
1438,1833,0.275
1438,2098,0.236
1438,2453,0.321
1438,2810,0.206
1438,3042,0.205
1438,3057,0.253
1438,3489,0.312
1438,3902,0.42
1438,4677,0.226
1438,5080,0.243
1438,5619,0.307
1439,1863,0.329
1439,1880,0.207
1439,1899,0.242
1439,1990,0.212
1439,2120,0.317
1439,2357,0.208
1439,2621,0.433
1439,2660,0.339
1439,2687,0.222
1439,3079,0.235
1439,3138,0.241
1439,3142,0.24
1439,3297,0.22
1439,3459,0.27
1439,4344,0.251
1439,5385,0.251
1440,2195,0.231
1440,2332,0.201
1440,3136,0.21
1440,3385,0.213
1440,3548,0.506
1440,3633,0.25
1440,3839,0.369
1440,4063,0.406
1440,4220,0.491
1440,4460,0.218
1440,5272,0.711
1440,5379,0.655
1440,5614,0.651
1440,5631,0.236
1441,2601,0.207
1442,1453,0.446
1442,1500,0.395
1442,1717,0.211
1442,1745,0.356
1442,1761,0.332
1442,1949,0.222
1442,1978,0.296
1442,2185,0.385
1442,2201,0.208
1442,2351,0.249
1442,2514,0.234
1442,2600,0.235
1442,2655,0.242
1442,2690,0.203
1442,2867,0.4
1442,2989,0.216
1442,3067,0.232
1442,3204,0.471
1442,3349,0.307
1442,3447,0.427
1442,3583,0.302
1442,3621,0.33
1442,3660,0.211
1442,3838,0.37
1442,4047,0.316
1442,4064,0.364
1442,4126,0.264
1442,4221,0.377
1442,4245,0.473
1442,4308,0.623
1442,4354,0.267
1442,4403,0.253
1442,4411,0.36
1442,4588,0.267
1442,4590,0.298
1442,4613,0.339
1442,4771,0.204
1442,4803,0.303
1442,4819,0.264
1442,4860,0.209
1442,4918,0.566
1442,4946,0.203
1442,5025,0.355
1442,5088,0.527
1442,5392,0.61
1442,5402,0.318
1442,5583,0.201
1443,2968,0.285
1443,3261,0.218
1443,3284,0.238
1443,3617,0.387
1443,3771,0.205
1443,3983,0.221
1443,4009,0.233
1443,4056,0.312
1443,4286,0.216
1443,4995,0.28
1444,1445,0.248
1444,1764,0.317
1444,2148,0.494
1444,2149,0.212
1444,2222,0.285
1444,2588,0.443
1444,2650,0.268
1444,2734,0.206
1444,3275,0.26
1444,3546,0.201
1444,3721,0.204
1444,3729,0.233
1444,3800,0.24
1444,3824,0.203
1444,4116,0.213
1444,4281,0.208
1444,4363,0.255
1444,4495,0.212
1444,4678,0.208
1444,4758,0.268
1444,5180,0.226
1444,5321,0.267
1444,5448,0.494
1444,5486,0.213
1444,5604,0.451
1445,1468,0.235
1445,1572,0.212
1445,1902,0.328
1445,1990,0.206
1445,2012,0.281
1445,2059,0.221
1445,2148,0.217
1445,2370,0.23
1445,3130,0.317
1445,3209,0.272
1445,3723,0.329
1445,3889,0.214
1445,4187,0.263
1445,4240,0.313
1445,4392,0.227
1445,4763,0.21
1447,2220,0.216
1447,2424,0.202
1447,3396,0.231
1447,3916,0.214
1447,4123,0.257
1447,5555,0.272
1448,1623,0.209
1448,1863,0.21
1448,1902,0.266
1448,1976,0.341
1448,1990,0.308
1448,2595,0.257
1448,2629,0.713
1448,3086,0.547
1448,3332,0.703
1448,3351,0.759
1448,3420,0.399
1448,4334,0.201
1448,4378,0.312
1448,4517,0.723
1448,4546,0.238
1448,4576,0.249
1448,4604,0.227
1448,4649,0.281
1448,4749,0.202
1448,4900,0.524
1448,5087,0.203
1448,5434,0.205
1448,5584,0.233
1449,4229,0.276
1449,4678,0.231
1449,4849,0.213
1449,5558,0.215
1450,1516,0.219
1450,1649,0.236
1450,1740,0.202
1450,2567,0.229
1450,3883,0.267
1450,4771,0.208
1451,2961,0.218
1451,3738,0.206
1451,3966,0.283
1451,4012,0.218
1452,2932,0.24
1452,4650,0.205
1452,5573,0.225
1453,1500,0.525
1453,1612,0.217
1453,1745,0.454
1453,1761,0.409
1453,1939,0.421
1453,1949,0.21
1453,1992,0.223
1453,2185,0.501
1453,2276,0.203
1453,2282,0.202
1453,2325,0.246
1453,2334,0.202
1453,2351,0.34
1453,2514,0.315
1453,2554,0.324
1453,2600,0.338
1453,2655,0.281
1453,2690,0.216
1453,2773,0.289
1453,2867,0.476
1453,2913,0.223
1453,2970,0.255
1453,2989,0.253
1453,3136,0.207
1453,3192,0.294
1453,3204,0.782
1453,3336,0.209
1453,3349,0.443
1453,3447,0.469
1453,3519,0.278
1453,3583,0.393
1453,3621,0.468
1453,3660,0.282
1453,3838,0.541
1453,3931,0.301
1453,4047,0.427
1453,4064,0.548
1453,4122,0.216
1453,4126,0.259
1453,4221,0.53
1453,4245,0.805
1453,4308,0.419
1453,4354,0.438
1453,4403,0.38
1453,4411,0.541
1453,4421,0.229
1453,4588,0.387
1453,4590,0.297
1453,4613,0.287
1453,4715,0.227
1453,4771,0.203
1453,4803,0.399
1453,4819,0.42
1453,4860,0.28
1453,4918,0.467
1453,4946,0.254
1453,5009,0.232
1453,5025,0.43
1453,5088,0.523
1453,5118,0.223
1453,5215,0.212
1453,5305,0.205
1453,5392,0.422
1453,5397,0.258
1453,5402,0.519
1453,5449,0.236
1453,5583,0.211
1454,2570,0.206
1454,4902,0.239
1454,5061,0.212
1455,3738,0.207
1455,4403,0.282
1455,4844,0.206
1456,2592,0.239
1457,2416,0.253
1457,3905,0.247
1457,4074,0.225
1457,4277,0.287
1457,4364,0.267
1457,4560,0.213
1457,4698,0.307
1459,3345,0.299
1459,3474,0.209
1460,2143,0.244
1461,3227,0.352
1463,2432,0.266
1463,5062,0.284
1466,2509,0.224
1467,1533,0.267
1467,1613,0.313
1467,1792,0.214
1467,1793,0.267
1467,1882,0.234
1467,1933,0.26
1467,2007,0.212
1467,2406,0.226
1467,2467,0.26
1467,2701,0.258
1467,2702,0.451
1467,2734,0.697
1467,2901,0.281
1467,2938,0.219
1467,3073,0.267
1467,3208,0.207
1467,3284,0.209
1467,3299,0.234
1467,3382,0.213
1467,3653,0.353
1467,3676,0.23
1467,3684,0.224
1467,3898,0.221
1467,4129,0.287
1467,4377,0.658
1467,4502,0.205
1467,4558,0.578
1467,4631,0.263
1467,4829,0.229
1467,4871,0.249
1467,4911,0.5
1467,4941,0.234
1467,5048,0.206
1468,1572,0.694
1468,1623,0.425
1468,1669,0.334
1468,1902,0.24
1468,1920,0.324
1468,1990,0.203
1468,2290,0.466
1468,2510,0.218
1468,2551,0.282
1468,2838,0.201
1468,3130,0.202
1468,3142,0.21
1468,4005,0.351
1468,4139,0.546
1468,4277,0.226
1468,4344,0.241
1468,5146,0.208
1468,5357,0.254
1468,5596,0.518
1468,5627,0.234
1470,3344,0.251
1470,3457,0.205
1470,3570,0.208
1470,5195,0.231
1471,2613,0.203
1471,4542,0.207
1471,5514,0.205
1472,1487,0.212
1472,2320,0.218
1472,2845,0.207
1472,3278,0.324
1472,3595,0.226
1472,4017,0.329
1472,4019,0.237
1472,4802,0.215
1472,5619,0.396
1473,2202,0.24
1473,2285,0.264
1473,3583,0.204
1474,1703,0.235
1474,1777,0.205
1474,2237,0.463
1474,2708,0.264
1474,3232,0.209
1474,3775,0.352
1474,4042,0.224
1474,4342,0.233
1474,4419,0.21
1474,5491,0.255
1475,1598,0.227
1475,1987,0.209
1475,4658,0.206
1475,5178,0.225
1475,5613,0.426
1476,5547,0.234
1477,1741,0.233
1477,1906,0.202
1477,1923,0.35
1477,2058,0.228
1477,2072,0.42
1477,2094,0.208
1477,2270,0.285
1477,2349,0.392
1477,2373,0.212
1477,2497,0.244
1477,2513,0.204
1477,2622,0.53
1477,2662,0.26
1477,2683,0.211
1477,2747,0.282
1477,2750,0.23
1477,2869,0.248
1477,2941,0.422
1477,2977,0.449
1477,2978,0.227
1477,2990,0.274
1477,3052,0.3
1477,3084,0.244
1477,3144,0.221
1477,3219,0.25
1477,3250,0.203
1477,3401,0.633
1477,3402,0.218
1477,3410,0.239
1477,3448,0.235
1477,3452,0.272
1477,3489,0.258
1477,3708,0.348
1477,3737,0.343
1477,4097,0.282
1477,4130,0.268
1477,4133,0.239
1477,4302,0.411
1477,4318,0.312
1477,4491,0.203
1477,4492,0.252
1477,4873,0.21
1477,4939,0.34
1477,5315,0.566
1477,5362,0.253
1477,5399,0.227
1477,5515,0.226
1477,5551,0.342
1477,5557,0.444
1477,5621,0.284
1479,2404,0.223
1479,3814,0.298
1479,4373,0.36
1480,1510,0.216
1480,1520,0.411
1480,1660,0.267
1480,1744,0.245
1480,2259,0.334
1480,2300,0.309
1480,2332,0.405
1480,2356,0.415
1480,2628,0.249
1480,2818,0.387
1480,3076,0.233
1480,3119,0.25
1480,3211,0.408
1480,3212,0.299
1480,3366,0.315
1480,3439,0.393
1480,3485,0.22
1480,3504,0.415
1480,3577,0.214
1480,3779,0.402
1480,3893,0.219
1480,4006,0.204
1480,4104,0.253
1480,4198,0.21
1480,4426,0.384
1480,4464,0.295
1480,4600,0.472
1480,4673,0.203
1480,4812,0.293
1480,4993,0.206
1480,5068,0.295
1480,5149,0.419
1480,5154,0.228
1480,5297,0.231
1481,1551,0.276
1481,1655,0.212
1481,1660,0.214
1481,1664,0.242
1481,1681,0.208
1481,1744,0.25
1481,1754,0.305
1481,1816,0.278
1481,1823,0.289
1481,1916,0.511
1481,1949,0.267
1481,1952,0.277
1481,1960,0.806
1481,2027,0.205
1481,2076,0.242
1481,2146,0.289
1481,2195,0.253
1481,2223,0.447
1481,2363,0.261
1481,2668,0.264
1481,2672,0.213
1481,2756,0.244
1481,2767,0.355
1481,2904,0.542
1481,2925,0.41
1481,2960,0.207
1481,2989,0.239
1481,3019,0.323
1481,3050,0.346
1481,3136,0.248
1481,3389,0.252
1481,3438,0.288
1481,3480,0.222
1481,3632,0.306
1481,3873,0.231
1481,3897,0.27
1481,3907,0.287
1481,4002,0.247
1481,4233,0.204
1481,4279,0.265
1481,4409,0.364
1481,4426,0.244
1481,4533,0.274
1481,4567,0.242
1481,4684,0.259
1481,4771,0.239
1481,4877,0.329
1481,4946,0.283
1481,5105,0.253
1481,5149,0.202
1481,5305,0.41
1481,5318,0.205
1481,5489,0.331
1481,5493,0.293
1481,5568,0.212
1481,5570,0.227
1481,5571,0.274
1482,2268,0.259
1482,2836,0.241
1482,4626,0.297
1482,5069,0.244
1482,5500,0.215
1483,1578,0.285
1483,5181,0.202
1484,1996,0.259
1485,2593,0.21
1485,2627,0.247
1485,4207,0.274
1485,4546,0.486
1485,4604,0.213
1486,1641,0.298
1486,2019,0.314
1486,2033,0.292
1486,2128,0.292
1486,2158,0.355
1486,2166,0.343
1486,2212,0.303
1486,2246,0.245
1486,2253,0.206
1486,2260,0.317
1486,2370,0.309
1486,2423,0.278
1486,2516,0.298
1486,2647,0.335
1486,2886,0.246
1486,3022,0.296
1486,3233,0.215
1486,3274,0.263
1486,3392,0.237
1486,3524,0.25
1486,3669,0.236
1486,3732,0.301
1486,3761,0.24
1486,3870,0.258
1486,3909,0.313
1486,4090,0.242
1486,4258,0.204
1486,4261,0.214
1486,4366,0.229
1486,4423,0.211
1486,4497,0.203
1486,4543,0.235
1486,4641,0.379
1486,4713,0.209
1486,4809,0.35
1486,4888,0.264
1486,4952,0.341
1486,5077,0.325
1486,5117,0.255
1486,5147,0.239
1486,5467,0.208
1486,5607,0.222
1487,2968,0.208
1487,3684,0.218
1489,2435,0.229
1489,3143,0.289
1489,4059,0.216
1489,4182,0.217
1489,4404,0.295
1493,3062,0.25
1493,4556,0.282
1493,4774,0.219
1493,5540,0.206
1494,1611,0.228
1494,1641,0.253
1494,1677,0.205
1494,2033,0.236
1494,2198,0.408
1494,2369,0.218
1494,2370,0.215
1494,2942,0.209
1494,3274,0.233
1494,3425,0.432
1494,3718,0.203
1494,3732,0.352
1494,4261,0.267
1494,4366,0.224
1494,4394,0.213
1494,4435,0.255
1494,4495,0.275
1494,4543,0.213
1494,4713,0.324
1494,4791,0.229
1494,5115,0.32
1494,5406,0.244
1494,5510,0.201
1494,5511,0.203
1494,5603,0.373
1495,1607,0.203
1495,2148,0.313
1495,3721,0.254
1496,2426,0.308
1496,3301,0.446
1496,3743,0.343
1496,4016,0.224
1496,5534,0.388
1498,2150,0.21
1498,2852,0.335
1498,3594,0.215
1498,5209,0.227
1500,1581,0.267
1500,1745,0.424
1500,1754,0.214
1500,1761,0.445
1500,1978,0.252
1500,1992,0.219
1500,2061,0.214
1500,2185,0.382
1500,2325,0.277
1500,2351,0.544
1500,2367,0.213
1500,2468,0.214
1500,2486,0.242
1500,2514,0.328
1500,2554,0.287
1500,2600,0.369
1500,2655,0.317
1500,2690,0.32
1500,2773,0.204
1500,2867,0.409
1500,2913,0.229
1500,2970,0.317
1500,2989,0.314
1500,3040,0.217
1500,3067,0.269
1500,3192,0.313
1500,3204,0.451
1500,3349,0.401
1500,3418,0.219
1500,3447,0.435
1500,3518,0.282
1500,3519,0.204
1500,3583,0.222
1500,3621,0.433
1500,3838,0.423
1500,3931,0.35
1500,4047,0.308
1500,4064,0.344
1500,4122,0.262
1500,4126,0.247
1500,4221,0.29
1500,4245,0.487
1500,4308,0.357
1500,4354,0.395
1500,4403,0.482
1500,4411,0.443
1500,4588,0.494
1500,4590,0.345
1500,4613,0.35
1500,4651,0.331
1500,4803,0.408
1500,4819,0.237
1500,4860,0.381
1500,4918,0.479
1500,4946,0.221
1500,4986,0.21
1500,5009,0.341
1500,5025,0.385
1500,5088,0.458
1500,5118,0.25
1500,5186,0.229
1500,5392,0.391
1500,5397,0.295
1500,5402,0.326
1500,5449,0.294
1500,5583,0.21
1501,5531,0.239
1502,1569,0.301
1502,1709,0.327
1502,2398,0.219
1502,2492,0.612
1502,2675,0.223
1502,3039,0.201
1502,3711,0.245
1502,3878,0.611
1502,3989,0.237
1502,4051,0.27
1502,4138,0.203
1502,4218,0.735
1502,4583,0.658
1502,4878,0.309
1503,1961,0.229
1503,2733,0.22
1503,3485,0.226
1503,4198,0.24
1503,5068,0.232
1503,5119,0.211
1503,5154,0.23
1503,5174,0.212
1503,5276,0.246
1504,2089,0.213
1504,5302,0.227
1505,1526,0.218
1505,4530,0.22
1506,1549,0.276
1506,1658,0.223
1506,1757,0.29
1506,3959,0.248
1506,3985,0.218
1506,4177,0.213
1506,4287,0.339
1507,2088,0.204
1507,2598,0.247
1507,3235,0.347
1507,3465,0.212
1507,3698,0.229
1507,3808,0.218
1507,4599,0.283
1507,4850,0.224
1507,4954,0.238
1509,1706,0.246
1509,2309,0.236
1509,2990,0.267
1509,4133,0.222
1509,4228,0.307
1509,4492,0.395
1509,4498,0.262
1509,5299,0.219
1509,5515,0.365
1510,1520,0.277
1510,1525,0.281
1510,1660,0.293
1510,1744,0.202
1510,2201,0.229
1510,2259,0.388
1510,2332,0.266
1510,2560,0.33
1510,3076,0.282
1510,3119,0.258
1510,3131,0.22
1510,3211,0.273
1510,3366,0.393
1510,3504,0.202
1510,4460,0.227
1510,4464,0.367
1510,5149,0.223
1511,1517,0.245
1511,1575,0.304
1511,1646,0.253
1511,1732,0.212
1511,1819,0.286
1511,1834,0.22
1511,1943,0.324
1511,1961,0.351
1511,1981,0.202
1511,2024,0.361
1511,2066,0.278
1511,2240,0.314
1511,2361,0.25
1511,2457,0.269
1511,2502,0.236
1511,2568,0.272
1511,2671,0.202
1511,2732,0.214
1511,2801,0.333
1511,2806,0.314
1511,2922,0.232
1511,3159,0.256
1511,3275,0.244
1511,3318,0.234
1511,3340,0.201
1511,3450,0.312
1511,3474,0.209
1511,3578,0.341
1511,3923,0.387
1511,4226,0.26
1511,4361,0.492
1511,4676,0.249
1511,4756,0.311
1511,4782,0.49
1511,4794,0.251
1511,4857,0.307
1511,4903,0.258
1511,4959,0.21
1511,5087,0.304
1511,5141,0.403
1511,5174,0.277
1511,5243,0.366
1511,5263,0.425
1511,5270,0.27
1511,5290,0.252
1511,5304,0.323
1511,5523,0.21
1512,1693,0.23
1512,1746,0.204
1512,2015,0.407
1512,2480,0.252
1512,2498,0.292
1512,2706,0.474
1512,2846,0.369
1512,2949,0.209
1512,2951,0.225
1512,3704,0.206
1512,4013,0.239
1512,4257,0.221
1512,4258,0.296
1512,4267,0.209
1512,4451,0.238
1512,4503,0.281
1512,4926,0.203
1512,5386,0.303
1513,1737,0.223
1513,1787,0.212
1513,2075,0.205
1513,2416,0.216
1513,2783,0.226
1513,2993,0.218
1513,3151,0.296
1513,3347,0.207
1513,3393,0.207
1513,3501,0.295
1513,3905,0.4
1513,4015,0.342
1513,4074,0.58
1513,4309,0.454
1513,4512,0.205
1513,4604,0.231
1513,4672,0.327
1513,5593,0.251
1514,4969,0.236
1515,2303,0.208
1515,2834,0.201
1515,4543,0.203
1515,4621,0.265
1515,4641,0.206
1517,1575,0.351
1517,1819,0.242
1517,1834,0.256
1517,1943,0.324
1517,1961,0.28
1517,1981,0.254
1517,1990,0.293
1517,2024,0.215
1517,2066,0.227
1517,2457,0.315
1517,2502,0.376
1517,2568,0.247
1517,2732,0.283
1517,2801,0.258
1517,2922,0.221
1517,3154,0.211
1517,3159,0.246
1517,3275,0.366
1517,3318,0.224
1517,3474,0.216
1517,3578,0.303
1517,3923,0.234
1517,4226,0.264
1517,4361,0.421
1517,4433,0.208
1517,4676,0.243
1517,4682,0.215
1517,4782,0.43
1517,4794,0.233
1517,4857,0.287
1517,4903,0.311
1517,4959,0.201
1517,5087,0.324
1517,5141,0.388
1517,5174,0.237
1517,5243,0.211
1517,5263,0.39
1517,5270,0.28
1517,5304,0.223
1519,1551,0.236
1519,1650,0.212
1519,1664,0.235
1519,1745,0.21
1519,1754,0.248
1519,1791,0.225
1519,1823,0.258
1519,1949,0.261
1519,1998,0.22
1519,2076,0.255
1519,2087,0.229
1519,2350,0.259
1519,2400,0.255
1519,2756,0.248
1519,2767,0.238
1519,2861,0.27
1519,2960,0.271
1519,2989,0.301
1519,3136,0.31
1519,3161,0.229
1519,3184,0.244
1519,3281,0.234
1519,3336,0.203
1519,3389,0.26
1519,3439,0.234
1519,3480,0.244
1519,3504,0.208
1519,3632,0.277
1519,3816,0.227
1519,3855,0.253
1519,3873,0.421
1519,4279,0.226
1519,4567,0.301
1519,4684,0.29
1519,4767,0.278
1519,4864,0.208
1519,4946,0.239
1519,5118,0.35
1519,5312,0.203
1519,5318,0.207
1519,5391,0.218
1519,5470,0.217
1519,5568,0.203
1519,5570,0.231
1519,5571,0.226
1520,1525,0.303
1520,1660,0.389
1520,1744,0.354
1520,2259,0.319
1520,2332,0.508
1520,2356,0.41
1520,2400,0.217
1520,2560,0.253
1520,2818,0.276
1520,2988,0.207
1520,3076,0.265
1520,3119,0.35
1520,3211,0.442
1520,3212,0.322
1520,3366,0.45
1520,3439,0.402
1520,3485,0.202
1520,3504,0.497
1520,3577,0.295
1520,3741,0.208
1520,3779,0.419
1520,3839,0.216
1520,4063,0.212
1520,4096,0.212
1520,4426,0.427
1520,4460,0.222
1520,4464,0.449
1520,4600,0.412
1520,4812,0.243
1520,5068,0.223
1520,5149,0.551
1520,5568,0.226
1521,2624,0.228
1522,2849,0.212
1523,3772,0.212
1524,1837,0.264
1525,1660,0.535
1525,1688,0.478
1525,1932,0.262
1525,2195,0.276
1525,2332,0.233
1525,2390,0.285
1525,2818,0.262
1525,3076,0.27
1525,3131,0.239
1525,3211,0.268
1525,3373,0.256
1525,3799,0.225
1525,4001,0.228
1525,4046,0.242
1525,4124,0.216
1525,4287,0.228
1525,4314,0.201
1525,4426,0.215
1525,4460,0.36
1525,4464,0.472
1525,4877,0.231
1525,5149,0.399
1525,5572,0.34
1529,1926,0.201
1529,2096,0.201
1529,2373,0.204
1529,2588,0.275
1529,2682,0.281
1529,3097,0.327
1529,3433,0.28
1529,3564,0.242
1529,3678,0.318
1529,3810,0.202
1529,3824,0.266
1529,3833,0.268
1529,3872,0.216
1529,4235,0.208
1529,4774,0.275
1529,4840,0.266
1529,4847,0.349
1529,5180,0.24
1529,5326,0.296
1530,1847,0.287
1530,2208,0.235
1530,2330,0.251
1530,2355,0.471
1530,2660,0.204
1530,3334,0.253
1530,4436,0.256
1530,4947,0.237
1531,1945,0.207
1531,2474,0.222
1531,5501,0.263
1532,2610,0.226
1532,2845,0.245
1533,2119,0.206
1533,2590,0.208
1533,4281,0.252
1534,1628,0.206
1534,4678,0.213
1534,4934,0.222
1534,5301,0.277
1534,5371,0.249
1535,5154,0.216
1537,1662,0.215
1537,3096,0.293
1537,3270,0.291
1537,3747,0.419
1537,3753,0.212
1537,3991,0.258
1537,4280,0.281
1537,4413,0.224
1537,5342,0.422
1539,4231,0.216
1539,5281,0.204
1540,2728,0.227
1540,3091,0.252
1540,3688,0.209
1540,3966,0.304
1540,5019,0.203
1542,2075,0.238
1542,2198,0.217
1542,2942,0.204
1542,3490,0.245
1542,4366,0.205
1542,4705,0.451
1542,5333,0.25
1543,2663,0.214
1545,2090,0.201
1545,3239,0.206
1547,1551,0.337
1547,1650,0.453
1547,1664,0.323
1547,1754,0.302
1547,1791,0.225
1547,1816,0.258
1547,2076,0.234
1547,2400,0.244
1547,2767,0.553
1547,2792,0.251
1547,2989,0.294
1547,3050,0.213
1547,3281,0.27
1547,3389,0.544
1547,3480,0.346
1547,3665,0.307
1547,3855,0.456
1547,4279,0.237
1547,4533,0.279
1547,4567,0.333
1547,4684,0.365
1547,4767,0.321
1547,4771,0.208
1547,4864,0.253
1547,4946,0.301
1547,5259,0.237
1547,5570,0.242
1547,5571,0.294
1549,1603,0.373
1549,1658,0.541
1549,1666,0.395
1549,1692,0.254
1549,1702,0.323
1549,1714,0.271
1549,1726,0.21
1549,1757,0.526
1549,1804,0.32
1549,1873,0.247
1549,1994,0.255
1549,2164,0.235
1549,2297,0.23
1549,2470,0.22
1549,2497,0.219
1549,2525,0.243
1549,2598,0.288
1549,2609,0.255
1549,2708,0.212
1549,2763,0.321
1549,2776,0.228
1549,2858,0.356
1549,2953,0.222
1549,2959,0.265
1549,2978,0.218
1549,3006,0.406
1549,3052,0.251
1549,3145,0.319
1549,3171,0.282
1549,3272,0.228
1549,3283,0.261
1549,3291,0.207
1549,3372,0.269
1549,3497,0.319
1549,3714,0.451
1549,3959,0.399
1549,3985,0.415
1549,4006,0.324
1549,4177,0.606
1549,4180,0.203
1549,4287,0.585
1549,4348,0.263
1549,4383,0.34
1549,4419,0.235
1549,4550,0.305
1549,4577,0.217
1549,4673,0.297
1549,4707,0.323
1549,4732,0.371
1549,4746,0.209
1549,4876,0.208
1549,4905,0.258
1549,4922,0.229
1549,5316,0.219
1549,5334,0.208
1549,5431,0.249
1549,5535,0.209
1549,5618,0.224
1550,1705,0.245
1550,1852,0.243
1550,4963,0.219
1550,5520,0.279
1551,1650,0.375
1551,1664,0.313
1551,1720,0.274
1551,1744,0.205
1551,1754,0.322
1551,1791,0.255
1551,1816,0.303
1551,1916,0.27
1551,1949,0.221
1551,1960,0.269
1551,2076,0.201
1551,2087,0.293
1551,2223,0.205
1551,2380,0.261
1551,2400,0.319
1551,2556,0.226
1551,2756,0.255
1551,2767,0.518
1551,2792,0.287
1551,2904,0.232
1551,2925,0.235
1551,2960,0.208
1551,2989,0.294
1551,3050,0.268
1551,3136,0.225
1551,3281,0.327
1551,3389,0.399
1551,3418,0.221
1551,3438,0.247
1551,3480,0.376
1551,3632,0.306
1551,3665,0.252
1551,3855,0.356
1551,3873,0.209
1551,4279,0.359
1551,4285,0.271
1551,4426,0.209
1551,4533,0.428
1551,4567,0.393
1551,4684,0.376
1551,4714,0.219
1551,4715,0.215
1551,4767,0.306
1551,4771,0.221
1551,4850,0.232
1551,4864,0.339
1551,4946,0.303
1551,5105,0.309
1551,5312,0.343
1551,5479,0.204
1551,5489,0.206
1551,5498,0.231
1551,5570,0.231
1551,5571,0.322
1552,5052,0.212
1554,1615,0.438
1554,2244,0.426
1554,2601,0.227
1554,3278,0.293
1554,4802,0.223
1555,3022,0.218
1555,3024,0.265
1555,4402,0.225
1555,4888,0.215
1555,5042,0.223
1555,5462,0.206
1556,2469,0.252
1556,4430,0.245
1556,5349,0.227
1558,5034,0.209
1559,2588,0.213
1559,2797,0.209
1559,3824,0.214
1559,4189,0.261
1559,5015,0.272
1560,2100,0.203
1560,2200,0.222
1560,2237,0.204
1560,2493,0.207
1560,2569,0.223
1560,3029,0.244
1560,3750,0.243
1560,4440,0.28
1560,4761,0.301
1560,4828,0.241
1560,5316,0.285
1562,1792,0.314
1562,2734,0.206
1562,3299,0.308
1563,1738,0.205
1563,1777,0.221
1563,1941,0.224
1563,1963,0.347
1563,2058,0.229
1563,2072,0.215
1563,2164,0.396
1563,2266,0.218
1563,2327,0.297
1563,2373,0.474
1563,2411,0.313
1563,2493,0.546
1563,2497,0.319
1563,2569,0.346
1563,2641,0.358
1563,2869,0.253
1563,2943,0.25
1563,2971,0.295
1563,2978,0.314
1563,3052,0.214
1563,3150,0.202
1563,3272,0.207
1563,3339,0.206
1563,3360,0.244
1563,3448,0.209
1563,3497,0.237
1563,3534,0.52
1563,3708,0.214
1563,3737,0.265
1563,3744,0.366
1563,3750,0.387
1563,3773,0.307
1563,4004,0.24
1563,4180,0.371
1563,4356,0.211
1563,4388,0.269
1563,4402,0.213
1563,4440,0.486
1563,4568,0.227
1563,4746,0.264
1563,4774,0.216
1563,4797,0.495
1563,4876,0.266
1563,4894,0.305
1563,4945,0.233
1563,5315,0.262
1563,5316,0.213
1563,5326,0.451
1563,5334,0.302
1563,5431,0.248
1563,5551,0.236
1563,5618,0.319
1565,4362,0.248
1565,4770,0.203
1566,2279,0.228
1566,2980,0.246
1566,3432,0.264
1566,4734,0.259
1566,4816,0.228
1566,4999,0.212
1567,2175,0.223
1567,2191,0.311
1567,2210,0.232
1567,2552,0.294
1567,2820,0.282
1567,3276,0.346
1569,2346,0.211
1569,2492,0.472
1569,3878,0.398
1569,4218,0.578
1569,4390,0.232
1569,4583,0.578
1569,4878,0.228
1569,4920,0.256
1569,5223,0.23
1571,2394,0.308
1572,1623,0.408
1572,1669,0.349
1572,1902,0.216
1572,1920,0.309
1572,2290,0.456
1572,2510,0.212
1572,2551,0.308
1572,2651,0.207
1572,3142,0.225
1572,4005,0.345
1572,4139,0.545
1572,4277,0.202
1572,4344,0.239
1572,5146,0.277
1572,5357,0.242
1572,5584,0.223
1572,5596,0.519
1572,5627,0.259
1573,5635,0.244
1574,3102,0.264
1575,1732,0.31
1575,1819,0.295
1575,1943,0.291
1575,1961,0.243
1575,1981,0.226
1575,2024,0.27
1575,2262,0.251
1575,2361,0.298
1575,2502,0.264
1575,2568,0.258
1575,2801,0.354
1575,2922,0.242
1575,3159,0.214
1575,3275,0.243
1575,3298,0.256
1575,3340,0.321
1575,3450,0.238
1575,3474,0.207
1575,3578,0.244
1575,3923,0.297
1575,4361,0.266
1575,4782,0.328
1575,4794,0.205
1575,4903,0.297
1575,5141,0.282
1575,5145,0.254
1575,5243,0.245
1575,5263,0.327
1576,1666,0.235
1576,1702,0.216
1576,1831,0.606
1576,2031,0.673
1576,2165,0.77
1576,2664,0.626
1576,2700,0.204
1576,2763,0.219
1576,2799,0.566
1576,3003,0.208
1576,3171,0.258
1576,3291,0.205
1576,3499,0.265
1576,3580,0.204
1576,4707,0.219
1576,4970,0.668
1577,3768,0.215
1578,1655,0.226
1578,1995,0.239
1578,2126,0.242
1578,2196,0.202
1578,2534,0.256
1578,2573,0.261
1578,3576,0.289
1578,4271,0.248
1578,4326,0.202
1578,4434,0.365
1578,4743,0.201
1578,4820,0.319
1579,1712,0.205
1579,2618,0.217
1579,2633,0.257
1579,3651,0.235
1581,1761,0.266
1581,1787,0.225
1581,1992,0.219
1581,2468,0.212
1581,2486,0.246
1581,2514,0.261
1581,2690,0.243
1581,2773,0.237
1581,2867,0.305
1581,2966,0.211
1581,2970,0.268
1581,3067,0.216
1581,3204,0.208
1581,3303,0.228
1581,3321,0.269
1581,3533,0.205
1581,3621,0.247
1581,3631,0.205
1581,3931,0.252
1581,3939,0.216
1581,4064,0.219
1581,4146,0.237
1581,4228,0.27
1581,4333,0.224
1581,4403,0.269
1581,4411,0.204
1581,4492,0.219
1581,4498,0.515
1581,4586,0.253
1581,4588,0.206
1581,4604,0.216
1581,4860,0.285
1581,4918,0.252
1581,4932,0.373
1581,5009,0.213
1581,5025,0.251
1581,5088,0.222
1581,5186,0.209
1581,5392,0.203
1581,5402,0.246
1581,5449,0.252
1583,4971,0.212
1583,5256,0.255
1584,2099,0.25
1584,2432,0.276
1584,2796,0.295
1584,3013,0.284
1584,5269,0.243
1584,5561,0.222
1586,1678,0.259
1586,1746,0.244
1586,1885,0.407
1586,1924,0.253
1586,2020,0.234
1586,2286,0.294
1586,2627,0.354
1586,2676,0.234
1586,2738,0.219
1586,2966,0.284
1586,2993,0.327
1586,3058,0.269
1586,3223,0.225
1586,3295,0.231
1586,3685,0.317
1586,3727,0.282
1586,3847,0.262
1586,4207,0.459
1586,4406,0.206
1586,4447,0.222
1586,4546,0.52
1586,4604,0.382
1586,4901,0.201
1586,5045,0.243
1586,5091,0.211
1586,5155,0.283
1586,5277,0.423
1586,5349,0.222
1586,5567,0.315
1588,1735,0.266
1588,1970,0.247
1588,2055,0.276
1588,2073,0.343
1588,2225,0.208
1588,2284,0.335
1588,3234,0.228
1588,4785,0.283
1588,4812,0.219
1588,4965,0.206
1589,2446,0.259
1589,2525,0.234
1589,2549,0.26
1589,4038,0.232
1589,4938,0.208
1589,5051,0.205
1589,5565,0.204
1591,1990,0.328
1591,3904,0.324
1591,5290,0.204
1592,1871,0.432
1592,2047,0.319
1592,2266,0.388
1592,2305,0.436
1592,2311,0.209
1592,2327,0.354
1592,2411,0.29
1592,2614,0.274
1592,2665,0.299
1592,2680,0.203
1592,2812,0.459
1592,2902,0.316
1592,3129,0.472
1592,3150,0.206
1592,3172,0.338
1592,3360,0.356
1592,3773,0.237
1592,4069,0.587
1592,4119,0.265
1592,4271,0.21
1592,4293,0.588
1592,4356,0.441
1592,4556,0.336
1592,4664,0.529
1592,4768,0.478
1592,4774,0.351
1592,4827,0.374
1592,4894,0.378
1592,5037,0.373
1592,5409,0.389
1592,5413,0.222
1592,5458,0.427
1593,2407,0.212
1593,2604,0.348
1593,2611,0.276
1593,2796,0.208
1593,3444,0.221
1593,5501,0.226
1593,5561,0.28
1593,5636,0.279
1594,2931,0.202
1594,3405,0.28
1594,3852,0.203
1594,4335,0.344
1594,4557,0.219
1594,4806,0.224
1595,5232,0.204
1598,1619,0.21
1598,2413,0.217
1598,2965,0.225
1598,3168,0.244
1598,3354,0.224
1598,3420,0.205
1598,3639,0.213
1598,4213,0.276
1598,4581,0.245
1598,4919,0.219
1599,1660,0.218
1599,1916,0.215
1600,3906,0.473
1600,4163,0.222
1600,5297,0.209
1601,3254,0.207
1602,2807,0.216
1602,3444,0.281
1602,3771,0.235
1602,4341,0.22
1602,4871,0.212
1602,5371,0.224
1602,5591,0.233
1603,1658,0.232
1603,1666,0.37
1603,1692,0.352
1603,1702,0.351
1603,1714,0.381
1603,1757,0.314
1603,1804,0.669
1603,1873,0.213
1603,1988,0.207
1603,1994,0.383
1603,2164,0.377
1603,2297,0.531
1603,2373,0.35
1603,2391,0.248
1603,2446,0.217
1603,2470,0.345
1603,2497,0.293
1603,2525,0.362
1603,2609,0.357
1603,2700,0.283
1603,2708,0.34
1603,2763,0.388
1603,2858,0.625
1603,2896,0.205
1603,2959,0.546
1603,2978,0.267
1603,3006,0.267
1603,3033,0.251
1603,3052,0.255
1603,3145,0.256
1603,3272,0.311
1603,3283,0.211
1603,3291,0.253
1603,3372,0.212
1603,3497,0.279
1603,3985,0.28
1603,4006,0.204
1603,4177,0.328
1603,4180,0.325
1603,4287,0.218
1603,4346,0.283
1603,4383,0.596
1603,4419,0.22
1603,4484,0.277
1603,4550,0.348
1603,4577,0.482
1603,4707,0.451
1603,4732,0.255
1603,4746,0.221
1603,4776,0.285
1603,4876,0.362
1603,4957,0.243
1603,5227,0.316
1603,5308,0.221
1603,5326,0.31
1603,5431,0.24
1603,5492,0.244
1603,5535,0.233
1603,5565,0.202
1603,5618,0.298
1603,5621,0.223
1605,2910,0.225
1605,3540,0.213
1605,4571,0.228
1605,4902,0.274
1607,2132,0.257
1607,4151,0.26
1607,4392,0.228
1609,2662,0.268
1609,2747,0.266
1609,4130,0.204
1609,5551,0.204
1610,1888,0.303
1611,2462,0.237
1611,3490,0.231
1611,4634,0.217
1611,4705,0.368
1611,4740,0.229
1611,4993,0.26
1611,5115,0.268
1611,5383,0.245
1611,5603,0.261
1612,1720,0.202
1612,1745,0.227
1612,1761,0.289
1612,2380,0.24
1612,2400,0.279
1612,2439,0.225
1612,2989,0.26
1612,3418,0.26
1612,3447,0.202
1612,3480,0.203
1612,3621,0.26
1612,3816,0.219
1612,4279,0.226
1612,4285,0.252
1612,4403,0.212
1612,4421,0.209
1612,4567,0.213
1612,4684,0.229
1612,4715,0.227
1612,4986,0.332
1612,5088,0.21
1612,5118,0.21
1612,5312,0.22
1612,5583,0.282
1613,1792,0.246
1613,2734,0.382
1613,4558,0.341
1615,1905,0.236
1615,2244,0.512
1615,2601,0.263
1615,3098,0.336
1615,4656,0.314
1616,1894,0.217
1616,2127,0.22
1616,2617,0.214
1617,3307,0.228
1618,1856,0.248
1618,2007,0.229
1618,2139,0.472
1618,2262,0.226
1618,2417,0.234
1618,2524,0.451
1618,2702,0.219
1618,3152,0.472
1618,3193,0.265
1618,3299,0.238
1618,3679,0.223
1618,3731,0.26
1618,4153,0.21
1618,4454,0.393
1618,4907,0.224
1619,1764,0.293
1619,2440,0.246
1619,3824,0.23
1619,4710,0.211
1619,5321,0.212
1619,5462,0.243
1619,5604,0.207
1620,2090,0.259
1620,2432,0.357
1620,2796,0.279
1620,2875,0.236
1620,3642,0.261
1620,4523,0.21
1620,5178,0.207
1620,5301,0.201
1620,5561,0.244
1620,5636,0.233
1621,2216,0.255
1621,3126,0.247
1621,4393,0.257
1621,5360,0.6
1622,2479,0.247
1622,4674,0.211
1622,5231,0.236
1623,1669,0.292
1623,1920,0.453
1623,2290,0.436
1623,2444,0.206
1623,2584,0.208
1623,2629,0.213
1623,2838,0.28
1623,3351,0.227
1623,3814,0.21
1623,4005,0.231
1623,4139,0.471
1623,5596,0.288
1624,4270,0.289
1625,5098,0.256
1626,3999,0.242
1626,4689,0.201
1626,5373,0.256
1627,4107,0.205
1627,4530,0.286
1628,3537,0.235
1628,4934,0.213
1628,5018,0.229
1629,2875,0.208
1629,5026,0.202
1629,5526,0.239
1630,1906,0.208
1630,2199,0.204
1630,3410,0.201
1631,2408,0.245
1631,2593,0.249
1631,5019,0.296
1631,5530,0.254
1632,2901,0.307
1632,4920,0.203
1632,5591,0.263
1633,3258,0.366
1633,3465,0.448
1633,3527,0.232
1633,3650,0.662
1633,4104,0.215
1633,4108,0.36
1633,4250,0.216
1633,4323,0.463
1633,4367,0.624
1633,5225,0.205
1633,5253,0.221
1633,5520,0.206
1634,4289,0.217
1634,4636,0.221
1637,1767,0.217
1637,2214,0.203
1637,3604,0.25
1637,4057,0.246
1637,4580,0.308
1638,2669,0.31
1638,2805,0.226
1638,4468,0.23
1638,5064,0.206
1641,1848,0.367
1641,2019,0.253
1641,2033,0.331
1641,2253,0.212
1641,2303,0.215
1641,2399,0.221
1641,2423,0.205
1641,2647,0.201
1641,3274,0.235
1641,3671,0.21
1641,3732,0.394
1641,3909,0.283
1641,4197,0.253
1641,4366,0.246
1641,4528,0.223
1641,4543,0.242
1641,4809,0.221
1641,5117,0.223
1641,5147,0.377
1641,5221,0.258
1641,5406,0.284
1642,2588,0.306
1642,3595,0.218
1642,3824,0.219
1642,4847,0.242
1642,5180,0.241
1643,5637,0.202
1644,2989,0.211
1644,3112,0.289
1644,5402,0.212
1646,1732,0.201
1646,1834,0.321
1646,1943,0.279
1646,1990,0.26
1646,2024,0.328
1646,2066,0.293
1646,2220,0.247
1646,2240,0.345
1646,2345,0.318
1646,2502,0.205
1646,2671,0.25
1646,2732,0.247
1646,2801,0.308
1646,2806,0.302
1646,3450,0.249
1646,3723,0.284
1646,3792,0.21
1646,3923,0.237
1646,3992,0.322
1646,4085,0.203
1646,4226,0.312
1646,4676,0.348
1646,4857,0.323
1646,5087,0.412
1646,5141,0.272
1646,5243,0.353
1649,3277,0.278
1649,4422,0.203
1650,1664,0.283
1650,1720,0.231
1650,1754,0.296
1650,1791,0.205
1650,1816,0.298
1650,1949,0.208
1650,1960,0.206
1650,2076,0.201
1650,2087,0.238
1650,2400,0.275
1650,2556,0.231
1650,2767,0.509
1650,2792,0.207
1650,2989,0.32
1650,3050,0.227
1650,3136,0.24
1650,3180,0.238
1650,3389,0.448
1650,3438,0.212
1650,3480,0.337
1650,3510,0.204
1650,3632,0.32
1650,3665,0.312
1650,3855,0.505
1650,4279,0.275
1650,4426,0.238
1650,4533,0.381
1650,4567,0.364
1650,4684,0.369
1650,4767,0.294
1650,4771,0.231
1650,4864,0.269
1650,4946,0.401
1650,5105,0.227
1650,5259,0.208
1650,5312,0.24
1650,5570,0.233
1650,5571,0.253
1651,5131,0.247
1652,3200,0.207
1652,3345,0.247
1652,3474,0.247
1652,3793,0.237
1652,5141,0.249
1653,2807,0.229
1653,3102,0.214
1653,5256,0.203
1654,5482,0.225
1655,1916,0.253
1655,1960,0.202
1655,2767,0.209
1655,3632,0.213
1656,1745,0.208
1656,2175,0.281
1656,2210,0.359
1656,2486,0.286
1656,3518,0.244
1656,4651,0.313
1656,4946,0.227
1656,5219,0.388
1657,1856,0.312
1657,2198,0.208
1657,2417,0.494
1657,2524,0.263
1657,2682,0.209
1657,2702,0.327
1657,3152,0.296
1657,3516,0.275
1657,3731,0.522
1657,4237,0.217
1657,4791,0.228
1657,5204,0.314
1657,5248,0.231
1658,1666,0.267
1658,1702,0.23
1658,1757,0.402
1658,1804,0.217
1658,1994,0.226
1658,2525,0.265
1658,2700,0.203
1658,2763,0.229
1658,2858,0.225
1658,3006,0.255
1658,3145,0.212
1658,3985,0.294
1658,4006,0.308
1658,4177,0.515
1658,4287,0.323
1658,4383,0.216
1658,4550,0.219
1658,4673,0.217
1658,4707,0.282
1658,4732,0.219
1660,1688,0.337
1660,1744,0.246
1660,1916,0.206
1660,1932,0.224
1660,1960,0.247
1660,2201,0.272
1660,2259,0.41
1660,2300,0.268
1660,2332,0.337
1660,2356,0.202
1660,2390,0.216
1660,2560,0.399
1660,2685,0.235
1660,2818,0.327
1660,2960,0.203
1660,2979,0.285
1660,3014,0.21
1660,3076,0.385
1660,3119,0.22
1660,3131,0.294
1660,3211,0.344
1660,3366,0.354
1660,3373,0.222
1660,3439,0.238
1660,3485,0.257
1660,3504,0.365
1660,3577,0.205
1660,3741,0.208
1660,3799,0.237
1660,3839,0.236
1660,4046,0.287
1660,4096,0.244
1660,4104,0.254
1660,4198,0.247
1660,4287,0.35
1660,4348,0.246
1660,4426,0.352
1660,4460,0.461
1660,4464,0.482
1660,4548,0.226
1660,4600,0.23
1660,4812,0.244
1660,4877,0.223
1660,4922,0.216
1660,5149,0.363
1660,5154,0.21
1660,5272,0.204
1660,5317,0.251
1660,5379,0.235
1660,5568,0.296
1660,5572,0.3
1661,1712,0.202
1664,1720,0.312
1664,1745,0.233
1664,1754,0.485
1664,1791,0.419
1664,1816,0.486
1664,1823,0.279
1664,1916,0.231
1664,1949,0.388
1664,1960,0.264
1664,1993,0.282
1664,2004,0.276
1664,2076,0.311
1664,2087,0.296
1664,2400,0.271
1664,2421,0.211
1664,2439,0.41
1664,2668,0.215
1664,2693,0.236
1664,2756,0.222
1664,2767,0.365
1664,2792,0.215
1664,2904,0.21
1664,2925,0.233
1664,2960,0.214
1664,2989,0.573
1664,3050,0.206
1664,3161,0.389
1664,3184,0.255
1664,3281,0.356
1664,3389,0.265
1664,3418,0.405
1664,3447,0.205
1664,3480,0.446
1664,3510,0.253
1664,3632,0.235
1664,3816,0.391
1664,3855,0.323
1664,4233,0.21
1664,4279,0.423
1664,4285,0.245
1664,4319,0.251
1664,4400,0.262
1664,4421,0.217
1664,4533,0.237
1664,4567,0.317
1664,4684,0.522
1664,4692,0.312
1664,4715,0.279
1664,4767,0.43
1664,4850,0.293
1664,4864,0.263
1664,4946,0.444
1664,5002,0.351
1664,5105,0.449
1664,5259,0.292
1664,5312,0.375
1664,5318,0.235
1664,5498,0.286
1664,5568,0.217
1664,5570,0.42
1664,5571,0.36
1664,5631,0.214
1665,1955,0.219
1665,2880,0.307
1665,2894,0.417
1665,4374,0.213
1665,4669,0.261
1665,5085,0.287
1665,5637,0.208
1666,1692,0.486
1666,1702,0.717
1666,1714,0.424
1666,1726,0.246
1666,1757,0.398
1666,1804,0.378
1666,1873,0.231
1666,1994,0.435
1666,2164,0.279
1666,2165,0.219
1666,2297,0.325
1666,2373,0.214
1666,2391,0.246
1666,2446,0.278
1666,2470,0.268
1666,2497,0.242
1666,2525,0.362
1666,2609,0.351
1666,2664,0.214
1666,2700,0.376
1666,2763,0.635
1666,2858,0.382
1666,2959,0.293
1666,2978,0.353
1666,3006,0.257
1666,3033,0.249
1666,3052,0.479
1666,3171,0.204
1666,3272,0.326
1666,3283,0.306
1666,3291,0.434
1666,3372,0.217
1666,3497,0.251
1666,3714,0.208
1666,3959,0.229
1666,3985,0.315
1666,4006,0.287
1666,4177,0.342
1666,4180,0.249
1666,4287,0.213
1666,4346,0.267
1666,4383,0.383
1666,4550,0.371
1666,4577,0.355
1666,4673,0.23
1666,4707,0.49
1666,4732,0.277
1666,4746,0.264
1666,4776,0.245
1666,4876,0.305
1666,4910,0.222
1666,4957,0.276
1666,5184,0.202
1666,5227,0.316
1666,5316,0.3
1666,5326,0.219
1666,5492,0.276
1666,5535,0.223
1666,5565,0.28
1666,5618,0.289
1667,4397,0.206
1669,1920,0.201
1669,2290,0.435
1669,2444,0.25
1669,2510,0.215
1669,3607,0.253
1669,4005,0.226
1669,4139,0.307
1669,5357,0.34
1669,5424,0.272
1669,5596,0.304
1670,3966,0.221
1671,2266,0.231
1671,3172,0.208
1671,4482,0.208
1673,5110,0.253
1674,3277,0.268
1674,4422,0.281
1675,3354,0.235
1677,2462,0.232
1677,2875,0.204
1677,3949,0.216
1677,5383,0.217
1677,5603,0.259
1677,5611,0.232
1678,1746,0.334
1678,1787,0.407
1678,1846,0.322
1678,1885,0.308
1678,2020,0.269
1678,2159,0.205
1678,2286,0.285
1678,2395,0.295
1678,2458,0.281
1678,2600,0.203
1678,2676,0.445
1678,2722,0.389
1678,2738,0.511
1678,2817,0.401
1678,2828,0.212
1678,2864,0.214
1678,2956,0.341
1678,2966,0.422
1678,2993,0.571
1678,3058,0.441
1678,3223,0.276
1678,3229,0.379
1678,3347,0.295
1678,3393,0.399
1678,3613,0.408
1678,3685,0.277
1678,3727,0.356
1678,3812,0.336
1678,3847,0.498
1678,4060,0.28
1678,4067,0.201
1678,4074,0.23
1678,4309,0.246
1678,4403,0.217
1678,4424,0.236
1678,4447,0.535
1678,4529,0.201
1678,4546,0.208
1678,4604,0.445
1678,4706,0.305
1678,5045,0.216
1678,5091,0.361
1678,5155,0.474
1678,5163,0.206
1678,5277,0.511
1678,5567,0.362
1678,5592,0.209
1678,5593,0.303
1679,3035,0.262
1679,3601,0.391
1680,2815,0.21
1680,3035,0.215
1680,3292,0.243
1681,2223,0.232
1681,2363,0.225
1681,2560,0.204
1681,2979,0.233
1681,3227,0.201
1681,3269,0.204
1681,3754,0.308
1681,4198,0.3
1681,5154,0.205
1684,2329,0.291
1684,2501,0.324
1684,3455,0.202
1684,3581,0.278
1684,5119,0.206
1686,1735,0.212
1686,4906,0.213
1686,5424,0.214
1688,2259,0.217
1688,3076,0.274
1688,3131,0.233
1688,4046,0.228
1688,4117,0.227
1688,4124,0.237
1688,4460,0.208
1688,4464,0.301
1688,5149,0.225
1689,3725,0.208
1691,4030,0.224
1691,4667,0.211
1692,1702,0.535
1692,1714,0.264
1692,1726,0.201
1692,1757,0.345
1692,1804,0.373
1692,1873,0.204
1692,1994,0.248
1692,2297,0.289
1692,2391,0.508
1692,2446,0.264
1692,2470,0.476
1692,2525,0.465
1692,2586,0.204
1692,2609,0.441
1692,2763,0.595
1692,2858,0.359
1692,2959,0.304
1692,2978,0.226
1692,3052,0.235
1692,3145,0.281
1692,3272,0.244
1692,3291,0.27
1692,3372,0.256
1692,3497,0.258
1692,3985,0.206
1692,4177,0.217
1692,4346,0.238
1692,4383,0.364
1692,4550,0.34
1692,4577,0.221
1692,4627,0.268
1692,4707,0.349
1692,4732,0.225
1692,4746,0.251
1692,4876,0.227
1692,4910,0.297
1692,4991,0.22
1692,5227,0.281
1692,5308,0.212
1692,5535,0.209
1692,5565,0.389
1692,5618,0.246
1693,2065,0.345
1693,2857,0.227
1693,2951,0.239
1693,3155,0.226
1693,3203,0.296
1693,3926,0.288
1693,4258,0.249
1693,4503,0.202
1693,4926,0.261
1693,5381,0.205
1693,5386,0.3
1694,3173,0.227
1694,4339,0.481
1694,4402,0.234
1694,4679,0.508
1694,5204,0.232
1697,1874,0.256
1697,2137,0.227
1697,3618,0.246
1697,3909,0.294
1697,4999,0.275
1699,1709,0.281
1699,2492,0.208
1699,4218,0.226
1701,1703,0.277
1701,2237,0.597
1701,2953,0.214
1701,3232,0.517
1701,3328,0.435
1701,4355,0.245
1701,5204,0.227
1701,5250,0.204
1701,5629,0.412
1702,1714,0.405
1702,1726,0.268
1702,1757,0.417
1702,1804,0.326
1702,1873,0.254
1702,1994,0.477
1702,2031,0.201
1702,2164,0.315
1702,2165,0.218
1702,2297,0.277
1702,2373,0.235
1702,2391,0.269
1702,2446,0.331
1702,2470,0.321
1702,2497,0.275
1702,2525,0.389
1702,2586,0.226
1702,2609,0.396
1702,2664,0.213
1702,2700,0.415
1702,2708,0.22
1702,2763,0.68
1702,2858,0.302
1702,2959,0.253
1702,2978,0.434
1702,3006,0.34
1702,3033,0.245
1702,3052,0.565
1702,3171,0.247
1702,3272,0.341
1702,3283,0.281
1702,3291,0.507
1702,3497,0.278
1702,3985,0.278
1702,4006,0.266
1702,4177,0.273
1702,4180,0.27
1702,4346,0.34
1702,4383,0.34
1702,4525,0.205
1702,4550,0.463
1702,4577,0.34
1702,4627,0.207
1702,4673,0.229
1702,4707,0.585
1702,4732,0.268
1702,4746,0.32
1702,4776,0.271
1702,4876,0.349
1702,4910,0.27
1702,4945,0.217
1702,4957,0.256
1702,5227,0.237
1702,5316,0.293
1702,5326,0.217
1702,5492,0.328
1702,5535,0.236
1702,5565,0.282
1702,5618,0.348
1703,1704,0.26
1703,1735,0.256
1703,2237,0.538
1703,2362,0.205
1703,2495,0.407
1703,2584,0.268
1703,2953,0.34
1703,3173,0.408
1703,3232,0.397
1703,3273,0.23
1703,3328,0.493
1703,3696,0.31
1703,3836,0.326
1703,3848,0.437
1703,4355,0.235
1703,4395,0.261
1703,4419,0.376
1703,4863,0.234
1703,5173,0.486
1703,5204,0.211
1703,5431,0.243
1704,1966,0.22
1704,2495,0.204
1704,2776,0.249
1704,3082,0.206
1704,3173,0.268
1704,3381,0.223
1704,3681,0.247
1704,3696,0.262
1704,4289,0.296
1704,4342,0.31
1704,4395,0.238
1704,4419,0.207
1704,4951,0.379
1704,5173,0.363
1704,5597,0.209
1704,5609,0.216
1704,5616,0.216
1705,1852,0.298
1705,2085,0.358
1705,3343,0.402
1705,3550,0.254
1705,4177,0.204
1705,4718,0.301
1705,4963,0.34
1705,5253,0.27
1705,5520,0.453
1706,1822,0.312
1706,2233,0.224
1706,2291,0.324
1706,2309,0.332
1706,2990,0.47
1706,3100,0.441
1706,3181,0.302
1706,3303,0.246
1706,3424,0.334
1706,3533,0.314
1706,3702,0.346
1706,4133,0.239
1706,4146,0.342
1706,4228,0.492
1706,4333,0.338
1706,4492,0.341
1706,4498,0.205
1706,4554,0.357
1706,4805,0.373
1706,4932,0.213
1706,5043,0.293
1706,5299,0.243
1706,5343,0.235
1706,5515,0.302
1707,2593,0.221
1707,4430,0.257
1709,1973,0.227
1709,2398,0.209
1709,2492,0.312
1709,2675,0.328
1709,2696,0.323
1709,2982,0.203
1709,3039,0.393
1709,3498,0.256
1709,3530,0.226
1709,3711,0.387
1709,3989,0.226
1709,4051,0.259
1709,4138,0.205
1709,4218,0.256
1709,4583,0.3
1709,4587,0.328
1709,4878,0.226
1709,5054,0.263
1709,5477,0.227
1709,5556,0.298
1710,1717,0.404
1710,3026,0.215
1711,3540,0.246
1711,3884,0.276
1711,3966,0.267
1711,4571,0.253
1711,4582,0.212
1711,5026,0.272
1711,5380,0.262
1712,1743,0.218
1712,1846,0.246
1712,2069,0.226
1712,2097,0.426
1712,2188,0.201
1712,2241,0.235
1712,2280,0.231
1712,2424,0.262
1712,2659,0.234
1712,2672,0.254
1712,2865,0.213
1712,2976,0.211
1712,3007,0.23
1712,3041,0.285
1712,3179,0.341
1712,3194,0.285
1712,3222,0.212
1712,3337,0.223
1712,3359,0.232
1712,3488,0.211
1712,3568,0.231
1712,3730,0.228
1712,3821,0.292
1712,3916,0.326
1712,3960,0.219
1712,3983,0.239
1712,3988,0.289
1712,4250,0.284
1712,4254,0.339
1712,4496,0.254
1712,4587,0.27
1712,4676,0.291
1712,4846,0.208
1712,5040,0.236
1712,5139,0.217
1712,5415,0.404
1712,5588,0.206
1714,1726,0.22
1714,1757,0.451
1714,1804,0.393
1714,1994,0.488
1714,2164,0.317
1714,2297,0.264
1714,2373,0.326
1714,2497,0.281
1714,2525,0.212
1714,2664,0.215
1714,2700,0.38
1714,2708,0.282
1714,2763,0.281
1714,2858,0.364
1714,2959,0.301
1714,2978,0.277
1714,3006,0.259
1714,3033,0.234
1714,3052,0.316
1714,3272,0.405
1714,3283,0.274
1714,3291,0.286
1714,3497,0.294
1714,3959,0.285
1714,3985,0.364
1714,4006,0.201
1714,4177,0.276
1714,4180,0.283
1714,4346,0.28
1714,4383,0.361
1714,4402,0.229
1714,4484,0.202
1714,4550,0.317
1714,4577,0.267
1714,4707,0.481
1714,4732,0.345
1714,4746,0.221
1714,4776,0.279
1714,4876,0.372
1714,4945,0.218
1714,4957,0.269
1714,5184,0.223
1714,5316,0.263
1714,5326,0.264
1714,5492,0.209
1714,5535,0.22
1714,5618,0.301
1715,2125,0.259
1715,2139,0.325
1715,2524,0.259
1715,2702,0.203
1715,3299,0.494
1716,5337,0.201
1717,1843,0.247
1717,1927,0.221
1717,2668,0.228
1717,2985,0.456
1717,3273,0.207
1717,3583,0.212
1717,4064,0.201
1717,4300,0.413
1717,5278,0.257
1717,5402,0.267
1717,5575,0.256
1718,2989,0.217
1718,3416,0.545
1718,4514,0.704
1718,4715,0.215
1719,1850,0.202
1719,1899,0.225
1719,1990,0.253
1719,2324,0.321
1719,2687,0.207
1719,2840,0.248
1719,3062,0.268
1719,3399,0.275
1719,4270,0.232
1719,4649,0.218
1719,4658,0.203
1719,5178,0.309
1719,5385,0.363
1719,5627,0.389
1720,1754,0.343
1720,1791,0.254
1720,1816,0.333
1720,1823,0.228
1720,1897,0.288
1720,1927,0.205
1720,1949,0.307
1720,1993,0.254
1720,1998,0.287
1720,2076,0.272
1720,2087,0.582
1720,2380,0.446
1720,2400,0.4
1720,2439,0.206
1720,2693,0.291
1720,2767,0.304
1720,2792,0.259
1720,2989,0.325
1720,3050,0.254
1720,3136,0.314
1720,3137,0.273
1720,3161,0.239
1720,3265,0.246
1720,3336,0.211
1720,3389,0.231
1720,3418,0.278
1720,3438,0.222
1720,3480,0.347
1720,3510,0.213
1720,3632,0.402
1720,3783,0.317
1720,3816,0.241
1720,3855,0.226
1720,3894,0.214
1720,4279,0.403
1720,4285,0.298
1720,4295,0.29
1720,4533,0.227
1720,4567,0.413
1720,4684,0.362
1720,4715,0.208
1720,4767,0.317
1720,4864,0.48
1720,4946,0.359
1720,5118,0.208
1720,5259,0.241
1720,5312,0.26
1720,5319,0.25
1720,5470,0.277
1720,5498,0.44
1720,5570,0.255
1720,5571,0.252
1722,1894,0.255
1722,2608,0.203
1722,4252,0.213
1723,1829,0.337
1723,2698,0.257
1723,3835,0.268
1723,4092,0.286
1723,5435,0.204
1725,1792,0.217
1725,1950,0.277
1725,2532,0.296
1725,2901,0.217
1725,3553,0.239
1725,4159,0.222
1726,1804,0.206
1726,1873,0.229
1726,2708,0.278
1726,2763,0.221
1726,3052,0.222
1726,4042,0.226
1726,4419,0.213
1726,4550,0.317
1726,4562,0.232
1726,5316,0.221
1726,5535,0.248
1728,2311,0.212
1728,2480,0.247
1728,2814,0.21
1728,3004,0.201
1728,3045,0.216
1728,4562,0.234
1728,5349,0.313
1729,1843,0.61
1729,2086,0.251
1729,2157,0.383
1729,2201,0.567
1729,2259,0.235
1729,2540,0.617
1729,2560,0.222
1729,3373,0.235
1729,3741,0.666
1729,3784,0.332
1729,4046,0.201
1729,4119,0.359
1729,4127,0.507
1729,4300,0.203
1729,4553,0.512
1729,5310,0.306
1729,5463,0.344
1729,5626,0.208
1732,1834,0.258
1732,1943,0.204
1732,1990,0.276
1732,2024,0.478
1732,2240,0.282
1732,2262,0.304
1732,2361,0.249
1732,2502,0.323
1732,2732,0.311
1732,2801,0.217
1732,2806,0.372
1732,3080,0.268
1732,3318,0.217
1732,3340,0.21
1732,3618,0.294
1732,3923,0.256
1732,3992,0.218
1732,4217,0.228
1732,4226,0.266
1732,4433,0.202
1732,4676,0.296
1732,4782,0.273
1732,4794,0.224
1732,4857,0.494
1732,4903,0.295
1732,5087,0.451
1732,5141,0.353
1732,5243,0.297
1732,5263,0.262
1732,5270,0.233
1732,5290,0.412
1732,5546,0.54
1733,2714,0.218
1734,4504,0.261
1735,2237,0.205
1735,2362,0.52
1735,2495,0.247
1735,2584,0.594
1735,2949,0.32
1735,2996,0.282
1735,3173,0.221
1735,3814,0.28
1735,4060,0.21
1735,4355,0.233
1735,4419,0.407
1735,5173,0.247
1735,5204,0.214
1735,5431,0.201
1737,1812,0.231
1737,2129,0.207
1737,2864,0.213
1737,2993,0.255
1737,3501,0.201
1737,4074,0.221
1737,4309,0.243
1737,4695,0.369
1737,4710,0.29
1737,4999,0.236
1739,2072,0.259
1739,2199,0.215
1739,2349,0.205
1739,2662,0.289
1739,2683,0.346
1739,2747,0.273
1739,3004,0.545
1739,3097,0.218
1739,3124,0.208
1739,3708,0.233
1739,3737,0.313
1739,4130,0.316
1739,4889,0.556
1739,5315,0.203
1739,5334,0.332
1740,5474,0.208
1741,1767,0.205
1741,1923,0.383
1741,2072,0.381
1741,2199,0.299
1741,2270,0.299
1741,2349,0.312
1741,2497,0.288
1741,2622,0.211
1741,2662,0.277
1741,2683,0.263
1741,2747,0.32
1741,2750,0.292
1741,2843,0.311
1741,2869,0.209
1741,2941,0.367
1741,2977,0.293
1741,2978,0.216
1741,3052,0.252
1741,3219,0.211
1741,3395,0.202
1741,3401,0.281
1741,3402,0.332
1741,3410,0.296
1741,3563,0.238
1741,3637,0.245
1741,3708,0.546
1741,4097,0.28
1741,4130,0.361
1741,4302,0.266
1741,4318,0.275
1741,4491,0.213
1741,4852,0.236
1741,4939,0.208
1741,5307,0.26
1741,5362,0.293
1741,5551,0.352
1742,5507,0.297
1743,2292,0.205
1743,4475,0.211
1743,4496,0.223
1743,5588,0.217
1744,1754,0.204
1744,1916,0.259
1744,1960,0.259
1744,2259,0.212
1744,2332,0.284
1744,2356,0.357
1744,2400,0.235
1744,2560,0.219
1744,2756,0.221
1744,2767,0.277
1744,2960,0.255
1744,2989,0.253
1744,3211,0.273
1744,3212,0.257
1744,3366,0.391
1744,3389,0.291
1744,3439,0.324
1744,3480,0.205
1744,3485,0.302
1744,3504,0.383
1744,3577,0.289
1744,3632,0.22
1744,3779,0.282
1744,3839,0.218
1744,3855,0.231
1744,4002,0.208
1744,4224,0.328
1744,4365,0.25
1744,4426,0.355
1744,4441,0.229
1744,4533,0.21
1744,4567,0.201
1744,4600,0.267
1744,4684,0.268
1744,4767,0.227
1744,4812,0.272
1744,5068,0.275
1744,5149,0.339
1744,5253,0.224
1745,1754,0.307
1745,1761,0.364
1745,1939,0.27
1745,1949,0.293
1745,1992,0.22
1745,2175,0.222
1745,2185,0.338
1745,2210,0.279
1745,2276,0.208
1745,2282,0.215
1745,2351,0.254
1745,2439,0.241
1745,2468,0.209
1745,2486,0.362
1745,2514,0.303
1745,2756,0.211
1745,2767,0.224
1745,2773,0.204
1745,2867,0.321
1745,2913,0.327
1745,2960,0.271
1745,2989,0.397
1745,3040,0.239
1745,3067,0.259
1745,3161,0.274
1745,3184,0.307
1745,3192,0.238
1745,3204,0.43
1745,3336,0.24
1745,3349,0.503
1745,3385,0.29
1745,3418,0.297
1745,3447,0.463
1745,3480,0.214
1745,3518,0.283
1745,3519,0.249
1745,3583,0.275
1745,3621,0.386
1745,3816,0.241
1745,3838,0.394
1745,3855,0.205
1745,3931,0.253
1745,4047,0.247
1745,4064,0.38
1745,4126,0.285
1745,4221,0.38
1745,4245,0.438
1745,4279,0.235
1745,4308,0.315
1745,4354,0.218
1745,4365,0.264
1745,4403,0.449
1745,4411,0.407
1745,4421,0.244
1745,4588,0.332
1745,4590,0.232
1745,4613,0.266
1745,4651,0.382
1745,4684,0.248
1745,4715,0.254
1745,4767,0.272
1745,4771,0.214
1745,4803,0.303
1745,4819,0.396
1745,4850,0.207
1745,4860,0.275
1745,4918,0.409
1745,4946,0.252
1745,4986,0.208
1745,5009,0.264
1745,5025,0.504
1745,5088,0.422
1745,5118,0.264
1745,5186,0.251
1745,5215,0.212
1745,5312,0.252
1745,5318,0.203
1745,5392,0.326
1745,5397,0.27
1745,5402,0.365
1745,5449,0.342
1745,5519,0.272
1745,5545,0.242
1745,5583,0.233
1746,1787,0.277
1746,1885,0.317
1746,2395,0.245
1746,2676,0.257
1746,2738,0.312
1746,2817,0.217
1746,2966,0.314
1746,2993,0.252
1746,3058,0.312
1746,3347,0.208
1746,3393,0.264
1746,3613,0.205
1746,3685,0.358
1746,3727,0.339
1746,3847,0.244
1746,4207,0.201
1746,4403,0.236
1746,4424,0.22
1746,4447,0.278
1746,4604,0.46
1746,4901,0.203
1746,4935,0.224
1746,5045,0.288
1746,5091,0.213
1746,5155,0.318
1746,5277,0.443
1746,5397,0.204
1746,5567,0.265
1746,5593,0.279
1747,2055,0.211
1747,2073,0.359
1747,2225,0.529
1747,2326,0.244
1747,2368,0.598
1747,2900,0.516
1747,3011,0.496
1747,3188,0.258
1747,3234,0.335
1747,4385,0.258
1747,4548,0.234
1747,4666,0.542
1747,4785,0.362
1747,4934,0.284
1747,5435,0.248
1748,1992,0.241
1749,2608,0.211
1750,5501,0.205
1751,1943,0.221
1751,2581,0.431
1751,2786,0.202
1751,4098,0.208
1751,4782,0.227
1753,2518,0.304
1753,4068,0.324
1753,5350,0.272
1754,1791,0.415
1754,1816,0.481
1754,1823,0.341
1754,1916,0.224
1754,1949,0.455
1754,1960,0.324
1754,1993,0.219
1754,1998,0.206
1754,2004,0.275
1754,2076,0.281
1754,2087,0.35
1754,2380,0.259
1754,2400,0.312
1754,2439,0.418
1754,2668,0.251
1754,2693,0.209
1754,2756,0.241
1754,2767,0.404
1754,2792,0.254
1754,2904,0.241
1754,2925,0.268
1754,2989,0.799
1754,3019,0.203
1754,3050,0.31
1754,3136,0.364
1754,3161,0.381
1754,3184,0.261
1754,3281,0.321
1754,3336,0.232
1754,3389,0.283
1754,3418,0.46
1754,3438,0.289
1754,3439,0.226
1754,3447,0.224
1754,3480,0.612
1754,3510,0.246
1754,3632,0.39
1754,3783,0.268
1754,3816,0.388
1754,3855,0.25
1754,4233,0.201
1754,4279,0.546
1754,4285,0.367
1754,4308,0.216
1754,4319,0.352
1754,4403,0.254
1754,4421,0.206
1754,4533,0.303
1754,4567,0.431
1754,4588,0.242
1754,4684,0.728
1754,4692,0.274
1754,4715,0.326
1754,4767,0.619
1754,4771,0.213
1754,4850,0.28
1754,4864,0.376
1754,4946,0.453
1754,5002,0.333
1754,5105,0.464
1754,5118,0.28
1754,5124,0.202
1754,5149,0.204
1754,5259,0.302
1754,5305,0.227
1754,5312,0.431
1754,5318,0.316
1754,5470,0.238
1754,5489,0.228
1754,5498,0.276
1754,5568,0.232
1754,5570,0.459
1754,5571,0.39
1754,5631,0.331
1755,2804,0.219
1755,5019,0.265
1756,1944,0.407
1756,2227,0.535
1756,3808,0.201
1756,4666,0.205
1756,5395,0.221
1757,1804,0.296
1757,1994,0.443
1757,2164,0.367
1757,2470,0.251
1757,2497,0.374
1757,2525,0.241
1757,2598,0.213
1757,2609,0.283
1757,2700,0.398
1757,2763,0.32
1757,2776,0.229
1757,2858,0.323
1757,2959,0.207
1757,2978,0.362
1757,3006,0.415
1757,3052,0.277
1757,3086,0.214
1757,3171,0.224
1757,3309,0.22
1757,3497,0.468
1757,3959,0.325
1757,3985,0.456
1757,4006,0.379
1757,4177,0.356
1757,4180,0.278
1757,4287,0.585
1757,4346,0.304
1757,4348,0.251
1757,4383,0.244
1757,4525,0.229
1757,4550,0.266
1757,4673,0.333
1757,4707,0.592
1757,4732,0.421
1757,4776,0.293
1757,4876,0.433
1757,4905,0.222
1757,4957,0.213
1757,5045,0.213
1757,5492,0.3
1757,5618,0.436
1759,1874,0.216
1759,1970,0.379
1759,2055,0.331
1759,3432,0.228
1759,3928,0.234
1759,4965,0.237
1759,4999,0.348
1761,1978,0.25
1761,2185,0.324
1761,2325,0.242
1761,2335,0.206
1761,2351,0.333
1761,2439,0.214
1761,2514,0.274
1761,2600,0.385
1761,2655,0.4
1761,2690,0.309
1761,2738,0.22
1761,2773,0.244
1761,2814,0.203
1761,2867,0.378
1761,2898,0.279
1761,2929,0.203
1761,2970,0.318
1761,2989,0.269
1761,3040,0.217
1761,3067,0.256
1761,3192,0.293
1761,3204,0.393
1761,3321,0.212
1761,3349,0.41
1761,3418,0.201
1761,3447,0.461
1761,3621,0.455
1761,3838,0.322
1761,3931,0.324
1761,4047,0.224
1761,4064,0.303
1761,4122,0.382
1761,4126,0.325
1761,4221,0.256
1761,4245,0.43
1761,4308,0.309
1761,4354,0.322
1761,4403,0.527
1761,4411,0.378
1761,4498,0.218
1761,4586,0.202
1761,4588,0.299
1761,4590,0.202
1761,4613,0.244
1761,4620,0.259
1761,4803,0.289
1761,4819,0.222
1761,4860,0.344
1761,4918,0.433
1761,4986,0.278
1761,5009,0.285
1761,5025,0.433
1761,5088,0.409
1761,5118,0.291
1761,5392,0.348
1761,5397,0.203
1761,5402,0.222
1761,5449,0.322
1761,5583,0.317
1763,2067,0.207
1764,2117,0.317
1764,2149,0.494
1764,2440,0.233
1764,2447,0.209
1764,2458,0.234
1764,2588,0.459
1764,2650,0.33
1764,3003,0.325
1764,3181,0.289
1764,3408,0.412
1764,3526,0.317
1764,3546,0.451
1764,3595,0.26
1764,3653,0.22
1764,3715,0.27
1764,3728,0.22
1764,3824,0.472
1764,3836,0.341
1764,3903,0.299
1764,4041,0.264
1764,4116,0.366
1764,4235,0.5
1764,4261,0.205
1764,4363,0.451
1764,4364,0.233
1764,4483,0.256
1764,4586,0.393
1764,4612,0.234
1764,4700,0.5
1764,4758,0.227
1764,5321,0.398
1764,5448,0.461
1764,5604,0.481
1766,2629,0.242
1766,2674,0.344
1767,2699,0.309
1767,2818,0.216
1767,3076,0.32
1767,3131,0.285
1767,3556,0.208
1767,4117,0.479
1767,4198,0.24
1767,5154,0.205
1768,4849,0.363
1771,2593,0.244
1771,2732,0.212
1771,5182,0.216
1772,2042,0.227
1772,2049,0.274
1772,2505,0.212
1772,2546,0.205
1772,2823,0.237
1772,2865,0.227
1772,4000,0.208
1772,5512,0.203
1772,5588,0.209
1773,3102,0.238
1773,4216,0.209
1773,4562,0.273
1773,5250,0.215
1774,1968,0.497
1774,2016,0.335
1774,2511,0.54
1774,2581,0.217
1774,3643,0.353
1774,4507,0.243
1774,4521,0.46
1774,4949,0.389
1775,2644,0.236
1775,4475,0.23
1775,5435,0.201
1777,2411,0.223
1777,3029,0.244
1777,3225,0.211
1777,3534,0.209
1777,3750,0.222
1777,4761,0.215
1777,5316,0.214
1777,5413,0.209
1778,1978,0.274
1778,2581,0.215
1778,2676,0.264
1778,2738,0.231
1778,2993,0.235
1778,3058,0.257
1778,3229,0.242
1778,3287,0.273
1778,3812,0.204
1778,5116,0.205
1778,5349,0.382
1778,5424,0.281
1782,2374,0.236
1782,4465,0.204
1783,2423,0.204
1783,2859,0.202
1784,2188,0.207
1784,2930,0.23
1784,3187,0.215
1784,3715,0.23
1784,3860,0.203
1785,2227,0.259
1785,3612,0.208
1785,4763,0.221
1786,1990,0.26
1786,3673,0.515
1786,4578,0.259
1786,5290,0.317
1787,2020,0.237
1787,2395,0.272
1787,2458,0.322
1787,2676,0.31
1787,2722,0.372
1787,2738,0.349
1787,2817,0.394
1787,2956,0.417
1787,2966,0.333
1787,2970,0.202
1787,2993,0.394
1787,3058,0.332
1787,3229,0.316
1787,3347,0.329
1787,3393,0.387
1787,3613,0.271
1787,3685,0.265
1787,3727,0.208
1787,3812,0.263
1787,3847,0.291
1787,4067,0.32
1787,4424,0.307
1787,4447,0.429
1787,4546,0.25
1787,4604,0.365
1787,4706,0.321
1787,5045,0.228
1787,5091,0.44
1787,5155,0.358
1787,5277,0.39
1787,5567,0.261
1787,5592,0.224
1787,5593,0.213
1789,3178,0.512
1789,4163,0.298
1789,4211,0.427
1791,1816,0.443
1791,1949,0.278
1791,1993,0.342
1791,2004,0.21
1791,2076,0.261
1791,2087,0.301
1791,2350,0.279
1791,2380,0.207
1791,2400,0.27
1791,2439,0.379
1791,2693,0.241
1791,2767,0.292
1791,2861,0.224
1791,2989,0.499
1791,3136,0.287
1791,3161,0.409
1791,3281,0.237
1791,3385,0.24
1791,3418,0.383
1791,3480,0.494
1791,3632,0.321
1791,3665,0.224
1791,3816,0.4
1791,4233,0.206
1791,4279,0.392
1791,4285,0.251
1791,4319,0.278
1791,4567,0.327
1791,4684,0.473
1791,4692,0.287
1791,4715,0.27
1791,4767,0.444
1791,4864,0.256
1791,4946,0.366
1791,5105,0.354
1791,5259,0.217
1791,5312,0.328
1791,5498,0.243
1791,5568,0.23
1791,5570,0.382
1791,5571,0.235
1791,5631,0.264
1792,1808,0.246
1792,1919,0.257
1792,1992,0.202
1792,2121,0.226
1792,2287,0.201
1792,2379,0.308
1792,2532,0.5
1792,2701,0.227
1792,2734,0.227
1792,3285,0.242
1792,3299,0.228
1792,3306,0.298
1792,3653,0.212
1792,3684,0.298
1792,3729,0.281
1792,3854,0.22
1792,4210,0.248
1792,4377,0.209
1792,4558,0.243
1792,4631,0.298
1792,4662,0.251
1792,4960,0.203
1792,5048,0.26
1792,5198,0.23
1792,5435,0.235
1793,1856,0.226
1793,1882,0.266
1793,2125,0.268
1793,2139,0.268
1793,2417,0.211
1793,2524,0.354
1793,2702,0.259
1793,2734,0.226
1793,3152,0.212
1793,3193,0.22
1793,3299,0.398
1793,3731,0.242
1793,3898,0.235
1793,4454,0.263
1793,4631,0.287
1793,4741,0.218
1793,4907,0.208
1794,2344,0.284
1795,4971,0.219
1795,4973,0.249
1795,5098,0.229
1796,4125,0.217
1800,2930,0.202
1800,3718,0.258
1800,4094,0.282
1800,4488,0.215
1800,5267,0.219
1802,2396,0.291
1804,1873,0.242
1804,1994,0.408
1804,2164,0.384
1804,2297,0.544
1804,2373,0.344
1804,2391,0.259
1804,2446,0.213
1804,2470,0.337
1804,2497,0.283
1804,2525,0.328
1804,2609,0.326
1804,2700,0.294
1804,2708,0.305
1804,2763,0.388
1804,2858,0.593
1804,2896,0.201
1804,2959,0.538
1804,2978,0.278
1804,3006,0.226
1804,3033,0.234
1804,3052,0.277
1804,3145,0.28
1804,3272,0.286
1804,3283,0.206
1804,3291,0.247
1804,3497,0.253
1804,3985,0.259
1804,4177,0.299
1804,4180,0.342
1804,4346,0.296
1804,4383,0.61
1804,4484,0.233
1804,4550,0.343
1804,4577,0.419
1804,4707,0.444
1804,4732,0.23
1804,4746,0.209
1804,4776,0.283
1804,4876,0.354
1804,4910,0.272
1804,4945,0.202
1804,4957,0.244
1804,5227,0.313
1804,5326,0.291
1804,5431,0.247
1804,5492,0.246
1804,5535,0.22
1804,5618,0.314
1804,5621,0.209
1807,3463,0.204
1807,4793,0.217
1807,5131,0.251
1808,1863,0.244
1808,4631,0.236
1808,5385,0.232
1809,2358,0.204
1809,3008,0.255
1809,3965,0.241
1809,4375,0.248
1809,5573,0.213
1810,2330,0.327
1810,2547,0.374
1810,2752,0.355
1810,2760,0.223
1810,3334,0.426
1810,3767,0.204
1810,4601,0.379
1810,5311,0.395
1812,2440,0.287
1812,2864,0.229
1812,3501,0.209
1812,4074,0.255
1812,4309,0.201
1812,4469,0.395
1812,4593,0.227
1812,4672,0.364
1812,4695,0.218
1812,5462,0.21
1813,2139,0.33
1813,2524,0.258
1813,3299,0.297
1813,4637,0.307
1813,4907,0.202
1814,3125,0.224
1815,1838,0.218
1815,1857,0.22
1815,5019,0.318
1816,1823,0.27
1816,1897,0.264
1816,1916,0.225
1816,1927,0.233
1816,1949,0.206
1816,1952,0.22
1816,1960,0.242
1816,1998,0.222
1816,2004,0.253
1816,2076,0.246
1816,2087,0.306
1816,2145,0.236
1816,2223,0.262
1816,2380,0.248
1816,2400,0.266
1816,2410,0.212
1816,2439,0.39
1816,2693,0.235
1816,2745,0.219
1816,2756,0.224
1816,2767,0.456
1816,2792,0.239
1816,2904,0.274
1816,2925,0.474
1816,2960,0.208
1816,2989,0.475
1816,3019,0.281
1816,3050,0.282
1816,3161,0.379
1816,3184,0.227
1816,3281,0.247
1816,3336,0.26
1816,3389,0.232
1816,3438,0.265
1816,3480,0.5
1816,3510,0.274
1816,3547,0.214
1816,3694,0.229
1816,3783,0.262
1816,3816,0.38
1816,3886,0.269
1816,3907,0.214
1816,4233,0.255
1816,4279,0.485
1816,4285,0.268
1816,4319,0.263
1816,4421,0.201
1816,4567,0.4
1816,4610,0.227
1816,4684,0.505
1816,4692,0.316
1816,4715,0.256
1816,4767,0.426
1816,4771,0.218
1816,4825,0.213
1816,4864,0.438
1816,4944,0.252
1816,4946,0.405
1816,5259,0.293
1816,5312,0.355
1816,5489,0.39
1816,5498,0.257
1816,5568,0.228
1816,5570,0.358
1816,5571,0.429
1818,3843,0.235
1819,1943,0.222
1819,1961,0.233
1819,2024,0.245
1819,2262,0.273
1819,2457,0.232
1819,2568,0.237
1819,2922,0.224
1819,3275,0.237
1819,3450,0.216
1819,3578,0.216
1819,3923,0.222
1819,4361,0.381
1819,4782,0.387
1819,4794,0.27
1819,4903,0.261
1819,5141,0.254
1819,5263,0.365
1819,5270,0.232
1819,5304,0.202
1819,5523,0.217
1822,1926,0.258
1822,2010,0.31
1822,2291,0.234
1822,2404,0.358
1822,2682,0.215
1822,2990,0.291
1822,3303,0.481
1822,3424,0.399
1822,3533,0.216
1822,3833,0.328
1822,4133,0.218
1822,4146,0.284
1822,4228,0.238
1822,4333,0.333
1822,4492,0.368
1822,4498,0.269
1822,4554,0.219
1822,4606,0.21
1822,4805,0.493
1822,4869,0.44
1822,5399,0.324
1822,5515,0.364
1823,1871,0.206
1823,1949,0.217
1823,1952,0.534
1823,1960,0.336
1823,1998,0.26
1823,2076,0.401
1823,2087,0.209
1823,2146,0.303
1823,2223,0.206
1823,2400,0.219
1823,2668,0.234
1823,2767,0.472
1823,2904,0.272
1823,2925,0.282
1823,2989,0.242
1823,3019,0.23
1823,3050,0.835
1823,3192,0.208
1823,3389,0.253
1823,3438,0.782
1823,3480,0.249
1823,3510,0.222
1823,3705,0.204
1823,3783,0.491
1823,3855,0.243
1823,3873,0.286
1823,4279,0.235
1823,4285,0.236
1823,4421,0.249
1823,4533,0.267
1823,4567,0.288
1823,4684,0.315
1823,4767,0.272
1823,4864,0.287
1823,4946,0.529
1823,5124,0.261
1823,5259,0.25
1823,5368,0.202
1823,5470,0.389
1823,5489,0.234
1823,5571,0.339
1824,2236,0.281
1824,2397,0.212
1824,2480,0.218
1824,2951,0.266
1824,4258,0.268
1824,4451,0.293
1824,4859,0.207
1824,4926,0.21
1825,2810,0.235
1825,4677,0.343
1826,4306,0.207
1826,4398,0.202
1829,1847,0.259
1829,3097,0.244
1829,3138,0.228
1830,2942,0.209
1830,3949,0.225
1830,4013,0.266
1830,4256,0.229
1830,5510,0.217
1831,2031,0.648
1831,2165,0.688
1831,2664,0.602
1831,2799,0.58
1831,3171,0.206
1831,3985,0.218
1831,4732,0.241
1831,4970,0.654
1831,5202,0.248
1832,4550,0.246
1833,3489,0.392
1834,1943,0.301
1834,1961,0.201
1834,1990,0.493
1834,2024,0.286
1834,2066,0.403
1834,2240,0.241
1834,2345,0.39
1834,2346,0.207
1834,2457,0.226
1834,2502,0.378
1834,2732,0.308
1834,2801,0.28
1834,2806,0.341
1834,3159,0.203
1834,3275,0.282
1834,3318,0.201
1834,3340,0.224
1834,3450,0.234
1834,3723,0.317
1834,3904,0.31
1834,3923,0.258
1834,3992,0.483
1834,4226,0.436
1834,4433,0.295
1834,4676,0.498
1834,4782,0.212
1834,4857,0.472
1834,4903,0.221
1834,5087,0.5
1834,5141,0.382
1834,5243,0.301
1836,5340,0.299
1836,5430,0.263
1837,2592,0.253
1837,3098,0.312
1837,4369,0.208
1837,5524,0.244
1838,2527,0.262
1838,3958,0.222
1838,5019,0.237
1843,2086,0.212
1843,2157,0.296
1843,2201,0.591
1843,2540,0.518
1843,2560,0.216
1843,3741,0.567
1843,3784,0.281
1843,4119,0.376
1843,4127,0.403
1843,4300,0.244
1843,4464,0.222
1843,4553,0.418
1843,4590,0.25
1843,5310,0.36
1843,5463,0.32
1844,2481,0.233
1844,3851,0.229
1844,5303,0.222
1844,5598,0.322
1844,5636,0.21
1845,4530,0.337
1846,2228,0.206
1846,2280,0.203
1846,2676,0.214
1846,2738,0.341
1846,2864,0.208
1846,2966,0.22
1846,2993,0.364
1846,3222,0.208
1846,3223,0.305
1846,3229,0.207
1846,3444,0.205
1846,3727,0.231
1846,3847,0.351
1846,4447,0.249
1846,4604,0.229
1846,5155,0.266
1846,5277,0.266
1846,5567,0.221
1847,2096,0.425
1847,2148,0.23
1847,2524,0.23
1847,3097,0.494
1847,3243,0.248
1847,3433,0.302
1847,3459,0.205
1847,4029,0.305
1847,4417,0.308
1847,4454,0.203
1847,4485,0.221
1847,4749,0.216
1847,4984,0.272
1847,5167,0.435
1847,5640,0.373
1848,1992,0.222
1848,2019,0.263
1848,2033,0.203
1848,2150,0.235
1848,2303,0.237
1848,2370,0.279
1848,2423,0.327
1848,2942,0.208
1848,2983,0.248
1848,3274,0.308
1848,3496,0.204
1848,3732,0.276
1848,4423,0.266
1848,4543,0.274
1848,4809,0.247
1848,5147,0.226
1848,5406,0.223
1849,4904,0.22
1850,2120,0.204
1850,2551,0.208
1850,2687,0.253
1850,3681,0.252
1850,3682,0.237
1850,4270,0.305
1850,4719,0.315
1850,5385,0.275
1850,5609,0.213
1850,5627,0.24
1851,4999,0.215
1851,5548,0.206
1852,2085,0.221
1852,3343,0.245
1852,3550,0.228
1852,4718,0.313
1852,4963,0.305
1852,5253,0.263
1852,5520,0.335
1854,3035,0.202
1854,3842,0.268
1854,5468,0.401
1855,3035,0.234
1856,2007,0.259
1856,2139,0.206
1856,2417,0.308
1856,2516,0.256
1856,2524,0.256
1856,3073,0.294
1856,3150,0.328
1856,3152,0.226
1856,3193,0.259
1856,3669,0.263
1856,3676,0.257
1856,3679,0.327
1856,3731,0.267
1856,3889,0.283
1856,3963,0.389
1856,4237,0.451
1856,4377,0.226
1856,4905,0.259
1856,5117,0.201
1856,5537,0.216
1856,5549,0.328
1857,3186,0.269
1857,4527,0.204
1857,4971,0.233
1857,4973,0.227
1857,5019,0.287
1857,5062,0.221
1858,3084,0.201
1858,4032,0.229
1858,4417,0.226
1858,4658,0.216
1858,5167,0.34
1858,5640,0.307
1859,4233,0.203
1859,5349,0.248
1860,1906,0.262
1860,2199,0.223
1860,3410,0.231
1860,3708,0.204
1860,3737,0.298
1860,3934,0.211
1860,4130,0.222
1860,4302,0.21
1860,5315,0.284
1860,5334,0.213
1860,5557,0.237
1861,3527,0.276
1861,3650,0.242
1862,4782,0.211
1862,5065,0.248
1863,1899,0.325
1863,2080,0.298
1863,2120,0.427
1863,2230,0.266
1863,2272,0.208
1863,2333,0.244
1863,2629,0.216
1863,2687,0.407
1863,2840,0.295
1863,3016,0.286
1863,3142,0.278
1863,3243,0.205
1863,3626,0.253
1863,5385,0.494
1863,5609,0.216
1865,3842,0.233
1866,4691,0.213
1866,5042,0.286
1866,5603,0.222
1867,3434,0.212
1869,2027,0.201
1869,2677,0.252
1869,2905,0.207
1869,2996,0.222
1869,3727,0.207
1869,4124,0.314
1869,5033,0.208
1870,2647,0.215
1870,3762,0.235
1870,4641,0.252
1870,4809,0.213
1871,2047,0.337
1871,2200,0.209
1871,2266,0.525
1871,2305,0.324
1871,2327,0.611
1871,2411,0.441
1871,2614,0.448
1871,2641,0.489
1871,2665,0.385
1871,2812,0.347
1871,2902,0.404
1871,3129,0.406
1871,3150,0.235
1871,3172,0.449
1871,3360,0.495
1871,4069,0.471
1871,4293,0.494
1871,4356,0.574
1871,4402,0.248
1871,4482,0.275
1871,4556,0.573
1871,4664,0.372
1871,4679,0.301
1871,4768,0.433
1871,4774,0.58
1871,4827,0.436
1871,4894,0.618
1871,4924,0.318
1871,4980,0.376
1871,5037,0.407
1871,5368,0.229
1871,5409,0.469
1871,5413,0.244
1871,5442,0.57
1871,5458,0.469
1872,2006,0.212
1872,2505,0.22
1872,3956,0.238
1872,5271,0.205
1873,2297,0.202
1873,2470,0.227
1873,2763,0.243
1873,3291,0.215
1873,3372,0.226
1873,4383,0.221
1873,4550,0.379
1873,4746,0.207
1873,5227,0.232
1873,5535,0.204
1873,5565,0.207
1874,1908,0.293
1874,1948,0.217
1874,1958,0.225
1874,2137,0.245
1874,2147,0.275
1874,2235,0.316
1874,2508,0.238
1874,2526,0.286
1874,2874,0.277
1874,3055,0.29
1874,3290,0.229
1874,3432,0.218
1874,3618,0.216
1874,3733,0.222
1874,3909,0.232
1874,3917,0.241
1874,3928,0.209
1874,4715,0.229
1874,4734,0.262
1874,4804,0.212
1874,4816,0.278
1874,4855,0.21
1874,4999,0.339
1874,5156,0.203
1875,4532,0.207
1875,5514,0.248
1876,2511,0.223
1876,2740,0.237
1876,3089,0.256
1876,4969,0.208
1876,5430,0.205
1876,5520,0.232
1876,5619,0.259
1877,5019,0.247
1878,2195,0.353
1878,2904,0.303
1878,3572,0.391
1878,4063,0.261
1878,4964,0.205
1879,2238,0.247
1879,3894,0.262
1879,5009,0.245
1880,1899,0.287
1880,1902,0.202
1880,2010,0.215
1880,2120,0.351
1880,2621,0.223
1880,2687,0.37
1880,2809,0.235
1880,2840,0.26
1880,3138,0.201
1880,4412,0.203
1880,4556,0.227
1880,5385,0.343
1880,5609,0.273
1881,1909,0.302
1881,2465,0.478
1881,2809,0.233
1881,3533,0.29
1881,4150,0.424
1881,4197,0.207
1881,4633,0.361
1881,4696,0.388
1881,4762,0.221
1881,4884,0.255
1881,5545,0.232
1882,1932,0.224
1882,1933,0.261
1882,2125,0.219
1882,2139,0.402
1882,2524,0.393
1882,2702,0.224
1882,2938,0.227
1882,3193,0.265
1882,3299,0.493
1882,3802,0.204
1882,4377,0.205
1882,4454,0.23
1882,4555,0.209
1882,4907,0.259
1882,4967,0.448
1882,5572,0.205
1883,3382,0.205
1884,4134,0.293
1885,1924,0.273
1885,2020,0.222
1885,2159,0.263
1885,2170,0.272
1885,2286,0.303
1885,2333,0.256
1885,2395,0.214
1885,2627,0.262
1885,2676,0.36
1885,2738,0.273
1885,2817,0.222
1885,2828,0.247
1885,2864,0.206
1885,2956,0.203
1885,2966,0.438
1885,2993,0.374
1885,3058,0.292
1885,3223,0.251
1885,3393,0.274
1885,3613,0.28
1885,3685,0.432
1885,3727,0.339
1885,3847,0.367
1885,4060,0.204
1885,4074,0.203
1885,4179,0.234
1885,4207,0.408
1885,4406,0.237
1885,4424,0.33
1885,4447,0.246
1885,4546,0.416
1885,4604,0.544
1885,4901,0.235
1885,5045,0.272
1885,5091,0.245
1885,5155,0.445
1885,5163,0.23
1885,5277,0.565
1885,5349,0.21
1885,5567,0.4
1885,5593,0.219
1886,3851,0.234
1886,5026,0.262
1886,5062,0.222
1886,5380,0.29
1887,5414,0.238
1890,2432,0.243
1890,2875,0.303
1890,4658,0.29
1890,5085,0.237
1890,5178,0.234
1890,5561,0.206
1890,5636,0.24
1891,2593,0.374
1891,2732,0.205
1891,3186,0.218
1891,3372,0.233
1891,4826,0.261
1891,5558,0.219
1893,2037,0.219
1893,2235,0.226
1893,2293,0.215
1893,2508,0.224
1893,2526,0.233
1893,2663,0.305
1893,2884,0.234
1893,2981,0.239
1893,3055,0.257
1893,3158,0.287
1893,3187,0.239
1893,3208,0.262
1893,3314,0.219
1893,3538,0.205
1893,3618,0.214
1893,3733,0.227
1893,4443,0.224
1893,4742,0.208
1893,4855,0.208
1893,4908,0.225
1893,4999,0.215
1893,5044,0.203
1893,5472,0.205
1893,5497,0.262
1893,5545,0.279
1894,2608,0.211
1894,3382,0.271
1894,4037,0.209
1894,5372,0.216
1894,5576,0.224
1896,2067,0.202
1897,1998,0.27
1897,2087,0.312
1897,2380,0.363
1897,2400,0.366
1897,2693,0.202
1897,2989,0.216
1897,3783,0.227
1897,3894,0.268
1897,4157,0.203
1897,4285,0.224
1897,4567,0.205
1897,4864,0.289
1897,4946,0.229
1897,5319,0.238
1897,5470,0.229
1897,5498,0.364
1899,2120,0.453
1899,2333,0.25
1899,2621,0.29
1899,2687,0.487
1899,2809,0.316
1899,2840,0.361
1899,3016,0.202
1899,3079,0.226
1899,3142,0.202
1899,3399,0.212
1899,3459,0.32
1899,3626,0.22
1899,3682,0.213
1899,4270,0.244
1899,5385,0.589
1899,5597,0.227
1899,5609,0.298
1899,5627,0.355
1900,4402,0.259
1900,5009,0.217
1900,5064,0.204
1900,5395,0.377
1900,5409,0.201
1902,1974,0.31
1902,1990,0.205
1902,2120,0.23
1902,2194,0.253
1902,2455,0.264
1902,2510,0.348
1902,2629,0.222
1902,2651,0.222
1902,2687,0.222
1902,3104,0.213
1902,3130,0.502
1902,3332,0.209
1902,3351,0.237
1902,3500,0.207
1902,3591,0.203
1902,3682,0.218
1902,4240,0.546
1902,4270,0.246
1902,4325,0.211
1902,4344,0.234
1902,4353,0.221
1902,4517,0.226
1902,5176,0.232
1902,5280,0.215
1902,5385,0.22
1902,5440,0.254
1902,5584,0.512
1902,5627,0.231
1903,4276,0.24
1904,3292,0.228
1905,2244,0.249
1905,3506,0.395
1906,1923,0.213
1906,2006,0.242
1906,2058,0.28
1906,2072,0.238
1906,2199,0.413
1906,2270,0.322
1906,2662,0.222
1906,2747,0.227
1906,2750,0.294
1906,2843,0.298
1906,2990,0.238
1906,3100,0.213
1906,3219,0.22
1906,3387,0.24
1906,3401,0.215
1906,3402,0.311
1906,3410,0.319
1906,3637,0.428
1906,3708,0.41
1906,3737,0.476
1906,3934,0.268
1906,4097,0.294
1906,4130,0.222
1906,4302,0.31
1906,5043,0.227
1906,5315,0.286
1906,5399,0.227
1906,5551,0.312
1906,5557,0.334
1906,5621,0.238
1907,3290,0.205
1907,3432,0.249
1908,2137,0.242
1908,3290,0.206
1908,3432,0.369
1908,3909,0.224
1908,3928,0.219
1908,4197,0.212
1908,4999,0.458
1909,2465,0.348
1909,4150,0.39
1909,4197,0.202
1909,4633,0.37
1909,4696,0.382
1909,4762,0.234
1909,4884,0.291
1910,4037,0.215
1911,2088,0.208
1911,2536,0.226
1913,3691,0.21
1914,2245,0.206
1914,2371,0.206
1914,2942,0.305
1914,3415,0.226
1914,3429,0.3
1914,3543,0.228
1914,3949,0.237
1914,4000,0.221
1914,4013,0.231
1914,4360,0.203
1914,4759,0.284
1914,4859,0.21
1914,4972,0.204
1914,5274,0.286
1915,4725,0.356
1916,1960,0.503
1916,2027,0.228
1916,2146,0.224
1916,2223,0.518
1916,2363,0.287
1916,2587,0.235
1916,2672,0.306
1916,2756,0.25
1916,2767,0.244
1916,2904,0.482
1916,2925,0.324
1916,2960,0.209
1916,3019,0.292
1916,3050,0.223
1916,3067,0.203
1916,3230,0.202
1916,3480,0.224
1916,3632,0.245
1916,3754,0.217
1916,3897,0.226
1916,3907,0.301
1916,4279,0.228
1916,4409,0.337
1916,4426,0.214
1916,4441,0.278
1916,4684,0.254
1916,4877,0.216
1916,4964,0.271
1916,5105,0.221
1916,5305,0.232
1916,5377,0.241
1916,5489,0.282
1916,5571,0.224
1918,3170,0.215
1918,5466,0.202
1918,5602,0.205
1919,2148,0.258
1919,2734,0.205
1919,3771,0.203
1919,4558,0.203
1919,4631,0.26
1920,2290,0.387
1920,2551,0.234
1920,4005,0.283
1920,4139,0.671
1920,5424,0.209
1920,5596,0.373
1921,4476,0.243
1922,3325,0.201
1922,5239,0.202
1922,5349,0.224
1923,2058,0.22
1923,2072,0.518
1923,2094,0.267
1923,2164,0.214
1923,2199,0.232
1923,2270,0.279
1923,2349,0.399
1923,2373,0.329
1923,2493,0.209
1923,2497,0.248
1923,2662,0.397
1923,2682,0.215
1923,2683,0.257
1923,2698,0.233
1923,2747,0.379
1923,2750,0.265
1923,2843,0.223
1923,2869,0.348
1923,2941,0.438
1923,2977,0.34
1923,3084,0.207
1923,3250,0.247
1923,3401,0.398
1923,3402,0.269
1923,3410,0.276
1923,3448,0.239
1923,3637,0.242
1923,3708,0.375
1923,3737,0.385
1923,4097,0.258
1923,4130,0.342
1923,4302,0.41
1923,4318,0.347
1923,4491,0.542
1923,4774,0.254
1923,4939,0.357
1923,5307,0.29
1923,5315,0.303
1923,5326,0.456
1923,5362,0.427
1923,5399,0.258
1923,5551,0.332
1923,5557,0.339
1924,2333,0.225
1924,2627,0.289
1924,2966,0.259
1924,3685,0.21
1924,3727,0.202
1924,4207,0.35
1924,4546,0.315
1924,4604,0.346
1924,5155,0.219
1924,5277,0.375
1926,2819,0.273
1926,3564,0.361
1926,3694,0.274
1926,3833,0.348
1926,4038,0.399
1926,4589,0.246
1926,4692,0.209
1926,5248,0.243
1927,1993,0.274
1927,4295,0.21
1927,4946,0.256
1927,5498,0.216
1929,4770,0.336
1929,4958,0.482
1930,2768,0.204
1930,5301,0.249
1930,5558,0.287
1932,2390,0.298
1932,2648,0.327
1932,2669,0.202
1932,3799,0.385
1932,3802,0.455
1932,4001,0.339
1932,4438,0.226
1932,4967,0.373
1932,5572,0.391
1933,2535,0.208
1933,2734,0.201
1933,2901,0.22
1933,3299,0.231
1933,3326,0.23
1933,3439,0.201
1933,5107,0.316
1933,5591,0.212
1934,4032,0.264
1934,4173,0.205
1935,1959,0.222
1935,1972,0.233
1935,2488,0.241
1935,2754,0.203
1935,3307,0.259
1935,3488,0.236
1936,2315,0.233
1936,3339,0.241
1936,4388,0.243
1936,4440,0.267
1936,4797,0.265
1937,3296,0.209
1938,2067,0.221
1938,2969,0.244
1939,2185,0.375
1939,2334,0.27
1939,2350,0.23
1939,2690,0.212
1939,2867,0.22
1939,2882,0.211
1939,3136,0.228
1939,3204,0.469
1939,3336,0.386
1939,3349,0.234
1939,3385,0.273
1939,3447,0.225
1939,3583,0.363
1939,3838,0.28
1939,4047,0.23
1939,4064,0.298
1939,4221,0.433
1939,4245,0.456
1939,4326,0.206
1939,4590,0.277
1939,4613,0.212
1939,4771,0.233
1939,4819,0.466
1939,5025,0.224
1939,5088,0.28
1939,5392,0.301
1939,5402,0.328
1939,5545,0.237
1940,4282,0.484
1940,4412,0.218
1940,5424,0.354
1941,2164,0.213
1941,2291,0.209
1941,2373,0.218
1941,2520,0.373
1941,2558,0.397
1941,2885,0.219
1941,3100,0.233
1941,3448,0.387
1941,3452,0.242
1941,3534,0.232
1941,3703,0.368
1941,4180,0.202
1941,4234,0.412
1941,4373,0.221
1941,4440,0.208
1941,4797,0.233
1941,5315,0.276
1941,5326,0.23
1941,5399,0.263
1942,2716,0.449
1942,5250,0.237
1942,5359,0.445
1943,1961,0.381
1943,1981,0.264
1943,2024,0.363
1943,2066,0.345
1943,2262,0.256
1943,2457,0.297
1943,2460,0.269
1943,2502,0.297
1943,2568,0.323
1943,2671,0.296
1943,2757,0.255
1943,2801,0.495
1943,2806,0.328
1943,2844,0.247
1943,2922,0.377
1943,3159,0.271
1943,3275,0.309
1943,3298,0.225
1943,3318,0.28
1943,3331,0.237
1943,3340,0.271
1943,3450,0.312
1943,3474,0.229
1943,3578,0.279
1943,3712,0.225
1943,3923,0.385
1943,3992,0.286
1943,4066,0.252
1943,4098,0.21
1943,4182,0.26
1943,4187,0.234
1943,4226,0.254
1943,4361,0.285
1943,4459,0.206
1943,4676,0.23
1943,4691,0.254
1943,4782,0.438
1943,4903,0.376
1943,5141,0.423
1943,5174,0.264
1943,5243,0.351
1943,5263,0.336
1943,5617,0.205
1944,2227,0.385
1944,3465,0.206
1944,4402,0.209
1944,4705,0.228
1944,4785,0.218
1945,5474,0.247
1945,5545,0.24
1946,3862,0.319
1946,5226,0.216
1946,5635,0.22
1948,3290,0.228
1948,5548,0.214
1949,1960,0.253
1949,2076,0.268
1949,2087,0.304
1949,2380,0.227
1949,2400,0.338
1949,2439,0.232
1949,2555,0.222
1949,2668,0.229
1949,2693,0.201
1949,2756,0.259
1949,2767,0.351
1949,2960,0.206
1949,2989,0.478
1949,3050,0.215
1949,3136,0.344
1949,3161,0.252
1949,3336,0.268
1949,3349,0.229
1949,3385,0.221
1949,3389,0.208
1949,3418,0.332
1949,3447,0.235
1949,3480,0.417
1949,3632,0.365
1949,3783,0.223
1949,3816,0.257
1949,3855,0.234
1949,3873,0.246
1949,4064,0.203
1949,4104,0.306
1949,4245,0.205
1949,4279,0.39
1949,4285,0.266
1949,4308,0.207
1949,4319,0.254
1949,4365,0.225
1949,4384,0.238
1949,4533,0.226
1949,4567,0.37
1949,4684,0.429
1949,4715,0.294
1949,4767,0.419
1949,4771,0.206
1949,4850,0.268
1949,4864,0.322
1949,4946,0.314
1949,5002,0.331
1949,5105,0.392
1949,5118,0.287
1949,5124,0.246
1949,5305,0.258
1949,5312,0.317
1949,5392,0.235
1949,5470,0.219
1949,5498,0.24
1949,5568,0.229
1949,5570,0.321
1950,2476,0.253
1950,2813,0.21
1950,3553,0.257
1951,3436,0.248
1951,5514,0.204
1952,1960,0.232
1952,1998,0.266
1952,2087,0.222
1952,2223,0.205
1952,2311,0.219
1952,2400,0.212
1952,2668,0.214
1952,2767,0.254
1952,2904,0.23
1952,2925,0.32
1952,3019,0.25
1952,3050,0.538
1952,3423,0.279
1952,3438,0.54
1952,3783,0.218
1952,3803,0.238
1952,3907,0.211
1952,4864,0.24
1952,5116,0.216
1952,5124,0.226
1952,5319,0.206
1952,5349,0.273
1952,5470,0.242
1952,5489,0.201
1952,5571,0.254
1953,4780,0.3
1955,2880,0.235
1955,2894,0.282
1955,4669,0.247
1956,2610,0.207
1957,3396,0.259
1958,2137,0.225
1958,4999,0.224
1958,5497,0.212
1960,2027,0.208
1960,2076,0.222
1960,2146,0.303
1960,2195,0.261
1960,2223,0.444
1960,2363,0.258
1960,2668,0.287
1960,2672,0.202
1960,2756,0.256
1960,2767,0.384
1960,2904,0.526
1960,2925,0.384
1960,2960,0.219
1960,2989,0.215
1960,3019,0.309
1960,3050,0.348
1960,3136,0.263
1960,3389,0.277
1960,3438,0.308
1960,3480,0.246
1960,3485,0.214
1960,3632,0.299
1960,3873,0.227
1960,3897,0.256
1960,3907,0.274
1960,4002,0.25
1960,4279,0.252
1960,4409,0.371
1960,4426,0.285
1960,4441,0.219
1960,4533,0.279
1960,4567,0.224
1960,4684,0.275
1960,4767,0.21
1960,4771,0.25
1960,4877,0.328
1960,4946,0.316
1960,5105,0.282
1960,5149,0.207
1960,5305,0.404
1960,5377,0.212
1960,5489,0.368
1960,5493,0.204
1960,5568,0.222
1960,5571,0.244
1961,2024,0.265
1961,2062,0.275
1961,2066,0.305
1961,2262,0.251
1961,2457,0.26
1961,2502,0.322
1961,2568,0.322
1961,2671,0.238
1961,2732,0.263
1961,2733,0.259
1961,2801,0.394
1961,2806,0.217
1961,2844,0.236
1961,2922,0.304
1961,3159,0.219
1961,3275,0.33
1961,3318,0.265
1961,3331,0.211
1961,3340,0.249
1961,3450,0.281
1961,3578,0.317
1961,3712,0.293
1961,3923,0.392
1961,4098,0.22
1961,4182,0.224
1961,4361,0.301
1961,4691,0.316
1961,4756,0.224
1961,4782,0.403
1961,4903,0.319
1961,5141,0.265
1961,5174,0.465
1961,5243,0.245
1961,5263,0.321
1961,5276,0.338
1961,5633,0.202
1962,4658,0.216
1963,2493,0.372
1963,2497,0.218
1963,2569,0.201
1963,2592,0.235
1963,2943,0.299
1963,3534,0.251
1963,3737,0.205
1963,3744,0.355
1963,3750,0.373
1963,3773,0.235
1963,4440,0.228
1963,4568,0.281
1963,4761,0.202
1963,4770,0.428
1963,4797,0.24
1963,5315,0.222
1963,5334,0.314
1963,5524,0.238
1963,5574,0.212
1965,2907,0.242
1966,3514,0.442
1967,3611,0.242
1968,2016,0.391
1968,2275,0.217
1968,2511,0.552
1968,2581,0.261
1968,2645,0.215
1968,3643,0.342
1968,4507,0.248
1968,4521,0.508
1968,4949,0.406
1970,2055,0.368
1970,4965,0.352
1970,5217,0.218
1971,3581,0.28
1971,3890,0.251
1972,2056,0.229
1972,3488,0.231
1973,2548,0.237
1973,2865,0.207
1973,3120,0.236
1973,3261,0.226
1973,3498,0.324
1973,3755,0.202
1973,3771,0.287
1973,5054,0.34
1973,5556,0.328
1974,2194,0.281
1974,2330,0.308
1974,2455,0.424
1974,2510,0.485
1974,2547,0.252
1974,2621,0.225
1974,2687,0.203
1974,3130,0.219
1974,3607,0.288
1974,3682,0.235
1974,4139,0.211
1974,4240,0.252
1974,5584,0.256
1974,5627,0.202
1976,2629,0.374
1976,3332,0.412
1976,3351,0.309
1976,3420,0.391
1976,3564,0.207
1976,3626,0.217
1976,4517,0.344
1976,4576,0.203
1976,4900,0.238
1976,4974,0.232
1976,4984,0.21
1978,2351,0.215
1978,2690,0.342
1978,3621,0.209
1978,4221,0.229
1978,4308,0.244
1978,4590,0.292
1978,4918,0.297
1978,5088,0.28
1978,5310,0.204
1978,5392,0.225
1980,3386,0.235
1981,2024,0.239
1981,2361,0.255
1981,2568,0.203
1981,2801,0.243
1981,2844,0.233
1981,2922,0.343
1981,3154,0.339
1981,3256,0.241
1981,3450,0.308
1981,3474,0.287
1981,3857,0.211
1981,3923,0.238
1981,4098,0.295
1981,4750,0.276
1981,4782,0.305
1981,4896,0.206
1981,4903,0.378
1981,4959,0.276
1981,4981,0.287
1981,5141,0.226
1981,5211,0.304
1981,5263,0.268
1981,5270,0.224
1981,5617,0.322
1983,2712,0.243
1983,4317,0.24
1983,4340,0.225
1985,2268,0.238
1985,2841,0.263
1985,5013,0.228
1985,5250,0.225
1985,5427,0.213
1985,5500,0.227
1986,2464,0.21
1986,3772,0.218
1986,4832,0.217
1987,2872,0.234
1987,3884,0.225
1987,4919,0.233
1987,5062,0.206
1987,5577,0.212
1987,5613,0.431
1988,2446,0.224
1988,2470,0.212
1988,2896,0.213
1988,5227,0.318
1988,5332,0.261
1988,5565,0.274
1989,3924,0.253
1990,2024,0.238
1990,2066,0.398
1990,2240,0.26
1990,2502,0.494
1990,2629,0.241
1990,2645,0.258
1990,2732,0.425
1990,2806,0.325
1990,3130,0.285
1990,3275,0.253
1990,3332,0.267
1990,3450,0.258
1990,3459,0.238
1990,3673,0.235
1990,3723,0.341
1990,3880,0.202
1990,3904,0.504
1990,3923,0.234
1990,3992,0.393
1990,4187,0.212
1990,4226,0.481
1990,4433,0.396
1990,4517,0.285
1990,4521,0.224
1990,4569,0.289
1990,4589,0.27
1990,4676,0.397
1990,4763,0.213
1990,4857,0.306
1990,5087,0.451
1990,5141,0.6
1990,5243,0.272
1990,5290,0.324
1990,5473,0.228
1991,3842,0.212
1991,4010,0.209
1992,2514,0.236
1992,2867,0.215
1992,3251,0.205
1992,3519,0.208
1992,3621,0.307
1992,3931,0.254
1992,4064,0.221
1992,4221,0.221
1992,4245,0.204
1992,4411,0.279
1992,4528,0.266
1992,4762,0.207
1992,4918,0.24
1992,5052,0.22
1992,5088,0.237
1992,5215,0.202
1992,5402,0.3
1993,2076,0.206
1993,2439,0.304
1993,2693,0.393
1993,2861,0.202
1993,2898,0.208
1993,2989,0.222
1993,3161,0.3
1993,3385,0.302
1993,3480,0.215
1993,3510,0.341
1993,3783,0.202
1993,3816,0.33
1993,4064,0.232
1993,4245,0.206
1993,4279,0.258
1993,4684,0.257
1993,4767,0.229
1993,4946,0.297
1993,5259,0.304
1993,5402,0.206
1994,2164,0.255
1994,2297,0.283
1994,2470,0.21
1994,2497,0.272
1994,2700,0.48
1994,2708,0.262
1994,2763,0.324
1994,2858,0.378
1994,2959,0.345
1994,2978,0.315
1994,3006,0.297
1994,3033,0.224
1994,3052,0.342
1994,3272,0.247
1994,3291,0.288
1994,3506,0.212
1994,3714,0.237
1994,3985,0.345
1994,4006,0.261
1994,4177,0.241
1994,4180,0.231
1994,4287,0.201
1994,4346,0.293
1994,4383,0.383
1994,4484,0.239
1994,4525,0.302
1994,4550,0.204
1994,4577,0.313
1994,4673,0.205
1994,4707,0.493
1994,4732,0.323
1994,4776,0.265
1994,4876,0.366
1994,4957,0.22
1994,5184,0.213
1994,5492,0.387
1994,5535,0.249
1994,5618,0.335
1995,2093,0.204
1995,3400,0.302
1997,3611,0.315
1997,3642,0.239
1997,4530,0.214
1997,5301,0.23
1997,5371,0.216
1998,2087,0.345
1998,2350,0.281
1998,2380,0.402
1998,2400,0.351
1998,2448,0.208
1998,2693,0.227
1998,2989,0.231
1998,3050,0.229
1998,3063,0.207
1998,3136,0.219
1998,3137,0.281
1998,3336,0.203
1998,3438,0.225
1998,3480,0.208
1998,3632,0.273
1998,3783,0.285
1998,3855,0.24
1998,3873,0.229
1998,3894,0.204
1998,4157,0.25
1998,4285,0.255
1998,4533,0.214
1998,4567,0.331
1998,4684,0.255
1998,4767,0.24
1998,4864,0.328
1998,5118,0.226
1998,5124,0.344
1998,5319,0.464
1998,5391,0.282
1998,5470,0.275
1998,5498,0.412
1998,5570,0.238
1998,5571,0.214
2002,2784,0.296
2002,3035,0.212
2002,3181,0.212
2002,3405,0.211
2002,4965,0.263
2002,5510,0.325
2002,5548,0.218
2003,3097,0.232
2003,4807,0.201
2004,2439,0.445
2004,2693,0.208
2004,2767,0.247
2004,2925,0.218
2004,2989,0.225
2004,3161,0.453
2004,3265,0.205
2004,3281,0.203
2004,3783,0.275
2004,3816,0.382
2004,4233,0.215
2004,4245,0.218
2004,4279,0.258
2004,4285,0.206
2004,4319,0.222
2004,4489,0.21
2004,4567,0.21
2004,4620,0.205
2004,4684,0.215
2004,4767,0.251
2004,5570,0.255
2004,5571,0.252
2005,4148,0.224
2006,2199,0.395
2006,2843,0.26
2006,3637,0.218
2006,3934,0.258
2006,5043,0.22
2006,5399,0.258
2007,2125,0.228
2007,2139,0.472
2007,2417,0.287
2007,2524,0.494
2007,2702,0.281
2007,3152,0.349
2007,3193,0.251
2007,3299,0.268
2007,3679,0.212
2007,3731,0.267
2007,4454,0.36
2007,4555,0.223
2007,4637,0.233
2007,4907,0.314
2009,2080,0.291
2009,2290,0.211
2009,2521,0.206
2009,2687,0.201
2009,2840,0.202
2009,4139,0.207
2009,4419,0.238
2010,2119,0.228
2010,2270,0.233
2010,2331,0.221
2010,2404,0.253
2010,2590,0.227
2010,2662,0.27
2010,3224,0.208
2010,3250,0.322
2010,3424,0.217
2010,3981,0.224
2010,4146,0.409
2010,4869,0.261
2010,4958,0.203
2010,5115,0.212
2010,5383,0.238
2010,5537,0.242
2012,2449,0.22
2012,5334,0.236
2014,2226,0.22
2015,2498,0.247
2015,2706,0.212
2015,3536,0.395
2015,3544,0.325
2015,4447,0.251
2015,4926,0.206
2015,5592,0.201
2016,2511,0.316
2016,3643,0.293
2016,4521,0.37
2016,4949,0.294
2017,3404,0.23
2017,4995,0.223
2017,5069,0.212
2017,5340,0.266
2017,5500,0.224
2019,2033,0.231
2019,2158,0.251
2019,2166,0.208
2019,2516,0.208
2019,2647,0.397
2019,3274,0.209
2019,3296,0.207
2019,3732,0.231
2019,4197,0.201
2019,4641,0.253
2019,4809,0.221
2019,5147,0.22
2020,2286,0.395
2020,2395,0.237
2020,2621,0.25
2020,2629,0.204
2020,2651,0.204
2020,2676,0.271
2020,2738,0.219
2020,2828,0.214
2020,2864,0.216
2020,2956,0.206
2020,2966,0.337
2020,2993,0.462
2020,3058,0.266
2020,3223,0.323
2020,3351,0.211
2020,3613,0.215
2020,3727,0.211
2020,3847,0.247
2020,4060,0.212
2020,4074,0.213
2020,4424,0.275
2020,4447,0.352
2020,4529,0.254
2020,4604,0.314
2020,5091,0.217
2020,5155,0.344
2020,5277,0.388
2020,5567,0.247
2020,5584,0.215
2024,2062,0.205
2024,2066,0.338
2024,2240,0.374
2024,2262,0.279
2024,2361,0.438
2024,2457,0.206
2024,2460,0.202
2024,2502,0.316
2024,2568,0.369
2024,2732,0.275
2024,2801,0.413
2024,2806,0.378
2024,2844,0.252
2024,2922,0.293
2024,3159,0.21
2024,3275,0.231
2024,3298,0.239
2024,3318,0.331
2024,3331,0.262
2024,3340,0.348
2024,3450,0.364
2024,3723,0.241
2024,3923,0.386
2024,3992,0.265
2024,4182,0.257
2024,4187,0.287
2024,4226,0.298
2024,4433,0.248
2024,4676,0.299
2024,4691,0.21
2024,4782,0.336
2024,4857,0.402
2024,4896,0.244
2024,4903,0.378
2024,5087,0.443
2024,5141,0.352
2024,5174,0.225
2024,5243,0.337
2024,5263,0.257
2024,5270,0.216
2025,3571,0.245
2025,3770,0.207
2025,4408,0.285
2025,5004,0.203
2026,2426,0.305
2026,3659,0.283
2026,4123,0.296
2027,2223,0.222
2027,2925,0.235
2027,3510,0.223
2029,2737,0.212
2030,2149,0.202
2030,2588,0.256
2030,2650,0.204
2030,3636,0.215
2030,3729,0.252
2030,4041,0.241
2030,4235,0.243
2030,4363,0.23
2030,4758,0.224
2030,5180,0.213
2030,5448,0.26
2031,2165,0.711
2031,2664,0.599
2031,2799,0.573
2031,3171,0.224
2031,3499,0.243
2031,4705,0.218
2031,4970,0.671
2032,2168,0.208
2032,2278,0.349
2032,2901,0.219
2032,3208,0.399
2032,3618,0.232
2032,3955,0.209
2032,4173,0.207
2032,4244,0.36
2032,4332,0.283
2032,4369,0.211
2032,4856,0.348
2032,4908,0.369
2032,5546,0.398
2033,2128,0.247
2033,2260,0.247
2033,2303,0.211
2033,2370,0.239
2033,2423,0.27
2033,2647,0.312
2033,2886,0.243
2033,3274,0.282
2033,3524,0.239
2033,3669,0.236
2033,3732,0.271
2033,3870,0.211
2033,3909,0.224
2033,3978,0.243
2033,4258,0.204
2033,4261,0.226
2033,4366,0.238
2033,4423,0.205
2033,4543,0.252
2033,4641,0.223
2033,4809,0.204
2033,4888,0.243
2033,4952,0.236
2033,5117,0.238
2033,5147,0.321
2033,5406,0.26
2034,3620,0.212
2034,5185,0.205
2035,3318,0.211
2037,2701,0.263
2037,3732,0.207
2037,4105,0.306
2037,4366,0.201
2037,5510,0.228
2038,2535,0.225
2038,2811,0.212
2038,3326,0.218
2038,3691,0.24
2038,4917,0.203
2038,5107,0.274
2042,2049,0.396
2042,2505,0.251
2042,2546,0.323
2042,3120,0.236
2042,3284,0.224
2042,3617,0.27
2042,3726,0.239
2042,5011,0.233
2044,2933,0.216
2044,3277,0.281
2044,4422,0.204
2044,5211,0.214
2044,5287,0.262
2045,3723,0.28
2045,3904,0.224
2045,3992,0.229
2045,4066,0.238
2045,5141,0.217
2045,5304,0.29
2047,2266,0.322
2047,2305,0.262
2047,2327,0.298
2047,2411,0.248
2047,2614,0.362
2047,2665,0.249
2047,2812,0.223
2047,2902,0.233
2047,3129,0.391
2047,3172,0.268
2047,3360,0.276
2047,4069,0.397
2047,4271,0.248
2047,4293,0.388
2047,4356,0.332
2047,4402,0.285
2047,4482,0.244
2047,4556,0.285
2047,4664,0.471
2047,4768,0.415
2047,4774,0.311
2047,4827,0.412
2047,4894,0.315
2047,4924,0.334
2047,4980,0.391
2047,5037,0.232
2047,5409,0.385
2047,5442,0.389
2047,5458,0.453
2048,3580,0.219
2048,4153,0.247
2049,2505,0.268
2049,3284,0.205
2049,3996,0.287
2049,4000,0.263
2050,4188,0.225
2051,4428,0.203
2052,3015,0.205
2052,3305,0.366
2052,5491,0.388
2053,3290,0.233
2053,3432,0.302
2054,4508,0.229
2054,5223,0.246
2054,5613,0.362
2055,2073,0.269
2055,2284,0.21
2055,2368,0.203
2055,3062,0.215
2055,3234,0.281
2055,4385,0.282
2055,4666,0.265
2055,4785,0.322
2055,4965,0.261
2056,2280,0.325
2056,2786,0.38
2056,3194,0.303
2056,5293,0.262
2057,2543,0.226
2057,2603,0.248
2057,3413,0.225
2057,3475,0.248
2057,4913,0.261
2058,2072,0.23
2058,2199,0.265
2058,2270,0.383
2058,2373,0.248
2058,2466,0.217
2058,2750,0.64
2058,2869,0.285
2058,3219,0.239
2058,3387,0.275
2058,3401,0.254
2058,3402,0.242
2058,3410,0.533
2058,3637,0.305
2058,3708,0.263
2058,3737,0.407
2058,3934,0.219
2058,4097,0.392
2058,4302,0.202
2058,4373,0.201
2058,4873,0.278
2058,5315,0.202
2058,5326,0.222
2058,5551,0.415
2060,2930,0.213
2060,5504,0.279
2061,3349,0.212
2061,4189,0.247
2061,4819,0.215
2061,5015,0.234
2061,5402,0.216
2062,2724,0.24
2062,3275,0.207
2062,3578,0.216
2062,3622,0.277
2062,4756,0.237
2062,4782,0.245
2062,5174,0.382
2062,5276,0.297
2062,5574,0.215
2064,2220,0.221
2064,2906,0.275
2064,3061,0.226
2064,3468,0.212
2064,3628,0.256
2064,4537,0.25
2064,4959,0.233
2064,5264,0.209
2065,2236,0.209
2065,2951,0.293
2065,3155,0.313
2065,3203,0.412
2065,3926,0.31
2065,4241,0.258
2065,4258,0.216
2065,5381,0.295
2066,2240,0.319
2066,2457,0.305
2066,2460,0.278
2066,2502,0.357
2066,2671,0.32
2066,2732,0.352
2066,2801,0.29
2066,2806,0.327
2066,2922,0.206
2066,2940,0.265
2066,3080,0.229
2066,3097,0.203
2066,3159,0.33
2066,3275,0.315
2066,3318,0.301
2066,3578,0.228
2066,3923,0.304
2066,3992,0.23
2066,4226,0.451
2066,4676,0.363
2066,4782,0.249
2066,4857,0.5
2066,4903,0.244
2066,5087,0.494
2066,5141,0.404
2066,5174,0.245
2066,5243,0.392
2066,5263,0.231
2068,2678,0.449
2068,3630,0.213
2069,4504,0.27
2069,5033,0.302
2069,5360,0.224
2070,5380,0.205
2072,2094,0.342
2072,2164,0.238
2072,2199,0.268
2072,2270,0.253
2072,2349,0.498
2072,2373,0.267
2072,2497,0.237
2072,2622,0.274
2072,2662,0.338
2072,2683,0.302
2072,2698,0.205
2072,2747,0.324
2072,2750,0.294
2072,2869,0.452
2072,2941,0.479
2072,2977,0.314
2072,2978,0.207
2072,2990,0.226
2072,3052,0.246
2072,3084,0.238
2072,3100,0.22
2072,3250,0.344
2072,3387,0.223
2072,3401,0.437
2072,3402,0.212
2072,3410,0.307
2072,3572,0.202
2072,3637,0.253
2072,3708,0.404
2072,3737,0.566
2072,4097,0.239
2072,4130,0.354
2072,4180,0.262
2072,4302,0.449
2072,4318,0.362
2072,4491,0.405
2072,4873,0.23
2072,4889,0.212
2072,4939,0.403
2072,5307,0.204
2072,5315,0.424
2072,5326,0.243
2072,5334,0.291
2072,5362,0.454
2072,5399,0.261
2072,5551,0.376
2072,5557,0.553
2072,5621,0.247
2073,2225,0.491
2073,2284,0.289
2073,2368,0.407
2073,2900,0.436
2073,3011,0.4
2073,3234,0.509
2073,4385,0.403
2073,4666,0.35
2073,4785,0.614
2073,5368,0.212
2075,2416,0.448
2075,2527,0.214
2075,3780,0.238
2075,3918,0.235
2075,4156,0.248
2075,4350,0.207
2075,4364,0.238
2075,4581,0.383
2075,4705,0.3
2075,5333,0.313
2076,2087,0.308
2076,2264,0.22
2076,2380,0.252
2076,2396,0.211
2076,2400,0.275
2076,2554,0.238
2076,2668,0.259
2076,2693,0.241
2076,2756,0.247
2076,2767,0.279
2076,2904,0.203
2076,2925,0.215
2076,2960,0.239
2076,2989,0.407
2076,3050,0.211
2076,3136,0.396
2076,3137,0.212
2076,3161,0.203
2076,3281,0.245
2076,3389,0.224
2076,3480,0.272
2076,3632,0.398
2076,3783,0.298
2076,4279,0.312
2076,4285,0.202
2076,4567,0.357
2076,4684,0.281
2076,4767,0.323
2076,4864,0.346
2076,4946,0.344
2076,5124,0.279
2076,5259,0.212
2076,5312,0.232
2076,5317,0.234
2076,5319,0.244
2076,5470,0.511
2076,5489,0.201
2076,5498,0.356
2076,5570,0.219
2076,5571,0.407
2077,2643,0.371
2077,3032,0.267
2077,3261,0.238
2077,3791,0.363
2077,5444,0.202
2078,3287,0.215
2079,2813,0.316
2079,2922,0.267
2079,3029,0.259
2079,3292,0.293
2079,4617,0.351
2079,4903,0.256
2080,2521,0.23
2080,5385,0.366
2080,5609,0.244
2082,2804,0.247
2082,3035,0.246
2082,4494,0.285
2082,5255,0.243
2084,4317,0.26
2085,3343,0.419
2085,3550,0.235
2085,4718,0.255
2085,4963,0.221
2085,5253,0.231
2085,5520,0.34
2086,2540,0.256
2086,3373,0.241
2086,3741,0.225
2086,4127,0.262
2086,5310,0.204
2087,2350,0.244
2087,2380,0.545
2087,2400,0.459
2087,2693,0.254
2087,2767,0.334
2087,2792,0.244
2087,2925,0.206
2087,2989,0.261
2087,3050,0.288
2087,3136,0.347
2087,3137,0.353
2087,3161,0.232
2087,3265,0.26
2087,3281,0.205
2087,3336,0.206
2087,3389,0.232
2087,3418,0.295
2087,3438,0.239
2087,3480,0.364
2087,3632,0.449
2087,3783,0.378
2087,3816,0.23
2087,3855,0.216
2087,3894,0.395
2087,4024,0.293
2087,4279,0.395
2087,4285,0.357
2087,4295,0.262
2087,4533,0.289
2087,4567,0.452
2087,4684,0.375
2087,4767,0.346
2087,4864,0.514
2087,4946,0.321
2087,5105,0.225
2087,5118,0.219
2087,5124,0.259
2087,5312,0.268
2087,5319,0.276
2087,5470,0.293
2087,5498,0.412
2087,5570,0.227
2087,5571,0.275
2088,3235,0.256
2088,3614,0.259
2088,4436,0.269
2088,4623,0.24
2088,4850,0.308
2090,2314,0.223
2090,2402,0.289
2090,2432,0.339
2090,2619,0.226
2090,2796,0.284
2090,2875,0.457
2090,2915,0.249
2090,2937,0.307
2090,2965,0.262
2090,3056,0.263
2090,3123,0.221
2090,3226,0.243
2090,3631,0.33
2090,3639,0.242
2090,3981,0.232
2090,4523,0.39
2090,4658,0.227
2090,4799,0.219
2090,5178,0.307
2090,5526,0.367
2090,5561,0.244
2091,3379,0.255
2091,3586,0.303
2091,4042,0.42
2091,4179,0.212
2091,5491,0.218
2092,4117,0.241
2093,2844,0.227
2093,3080,0.398
2093,3318,0.275
2093,3323,0.218
2093,3345,0.21
2093,3612,0.422
2093,3827,0.243
2093,4217,0.349
2093,4756,0.21
2093,4763,0.392
2093,4782,0.201
2093,4794,0.243
2093,4857,0.203
2093,5141,0.217
2093,5263,0.214
2093,5304,0.309
2093,5523,0.391
2093,5617,0.218
2094,2349,0.293
2094,2662,0.216
2094,2747,0.21
2094,2869,0.246
2094,2941,0.28
2094,2990,0.219
2094,3084,0.204
2094,3387,0.207
2094,3401,0.22
2094,3708,0.225
2094,3737,0.482
2094,4302,0.225
2094,4318,0.206
2094,4491,0.206
2094,4873,0.226
2094,5315,0.287
2094,5334,0.226
2094,5362,0.289
2094,5551,0.209
2094,5557,0.332
2094,5621,0.205
2096,2621,0.288
2096,3084,0.201
2096,3097,0.396
2096,3138,0.219
2096,3243,0.433
2096,3433,0.45
2096,3459,0.215
2096,3626,0.321
2096,3872,0.376
2096,3918,0.272
2096,4029,0.501
2096,4417,0.38
2096,4984,0.357
2096,5167,0.445
2096,5385,0.221
2096,5640,0.43
2097,3359,0.201
2097,3916,0.228
2097,4496,0.209
2097,5183,0.211
2099,2243,0.225
2099,3335,0.208
2099,3376,0.257
2100,4556,0.213
2100,4746,0.236
2100,5431,0.204
2101,3481,0.222
2101,4807,0.276
2103,5174,0.261
2104,3405,0.202
2104,4717,0.232
2106,4571,0.245
2106,5181,0.219
2107,4032,0.214
2107,5577,0.219
2107,5613,0.218
2109,2712,0.217
2109,4317,0.249
2110,3386,0.277
2110,5013,0.208
2110,5208,0.344
2112,5082,0.213
2113,4532,0.3
2113,4687,0.344
2114,3443,0.211
2115,2267,0.372
2115,2384,0.224
2115,3214,0.244
2115,4286,0.328
2115,5293,0.259
2117,2275,0.243
2117,2511,0.208
2117,4756,0.204
2117,4794,0.275
2117,5017,0.244
2117,5321,0.23
2117,5604,0.26
2118,4896,0.271
2118,4897,0.202
2119,2132,0.293
2119,3102,0.287
2119,3224,0.212
2119,3940,0.221
2119,4281,0.28
2119,4504,0.273
2119,4637,0.308
2119,5537,0.21
2120,2333,0.304
2120,2621,0.325
2120,2651,0.208
2120,2687,0.523
2120,2809,0.357
2120,2840,0.324
2120,3079,0.209
2120,3084,0.248
2120,3138,0.279
2120,3142,0.202
2120,3260,0.214
2120,3399,0.221
2120,3459,0.267
2120,4270,0.251
2120,4344,0.222
2120,5133,0.261
2120,5301,0.214
2120,5385,0.708
2120,5584,0.262
2120,5597,0.244
2120,5609,0.277
2120,5627,0.25
2121,3356,0.202
2121,4637,0.26
2121,5430,0.317
2122,2418,0.219
2122,2796,0.238
2124,3406,0.291
2124,3901,0.301
2124,5194,0.297
2124,5626,0.22
2125,2139,0.23
2125,2362,0.497
2125,2528,0.234
2125,2584,0.387
2125,2707,0.206
2125,2902,0.219
2125,3193,0.396
2125,3299,0.298
2125,3592,0.259
2125,3898,0.218
2125,4555,0.246
2125,4637,0.233
2126,5181,0.233
2127,3774,0.213
2127,3967,0.223
2128,2246,0.217
2128,2647,0.211
2128,3732,0.265
2128,4641,0.221
2128,4809,0.223
2128,5147,0.233
2129,2623,0.206
2129,4695,0.239
2131,3035,0.267
2132,2251,0.218
2132,2590,0.209
2132,3224,0.228
2132,3932,0.216
2132,3940,0.202
2132,4151,0.223
2132,4281,0.203
2132,5537,0.203
2135,2969,0.205
2136,2323,0.286
2136,5109,0.259
2137,2147,0.215
2137,2192,0.255
2137,2235,0.262
2137,2278,0.22
2137,2429,0.493
2137,2526,0.255
2137,2629,0.202
2137,2781,0.209
2137,2809,0.202
2137,2884,0.243
2137,2909,0.271
2137,3151,0.206
2137,3158,0.372
2137,3412,0.201
2137,3609,0.325
2137,3772,0.375
2137,3917,0.204
2137,4040,0.248
2137,4429,0.295
2137,4553,0.203
2137,4586,0.32
2137,4643,0.32
2137,4734,0.215
2137,4999,0.273
2137,5545,0.3
2138,3603,0.209
2139,2394,0.253
2139,2516,0.297
2139,2524,0.463
2139,2702,0.27
2139,2938,0.213
2139,3073,0.259
2139,3152,0.248
2139,3193,0.467
2139,3299,0.425
2139,3679,0.396
2139,3898,0.256
2139,4153,0.226
2139,4237,0.248
2139,4377,0.218
2139,4454,0.274
2139,4555,0.451
2139,4637,0.211
2139,4905,0.323
2139,4907,0.312
2139,5145,0.258
2139,5537,0.289
2139,5549,0.212
2140,2741,0.207
2140,5579,0.401
2141,5119,0.218
2143,2418,0.219
2144,2280,0.204
2144,2548,0.203
2144,2836,0.225
2144,3120,0.338
2144,3954,0.321
2144,3996,0.344
2144,4123,0.227
2144,4204,0.229
2144,5011,0.203
2145,3886,0.364
2145,4233,0.382
2145,4591,0.3
2146,2223,0.241
2146,2925,0.227
2146,3050,0.248
2146,3067,0.201
2146,3438,0.238
2146,3907,0.246
2146,4946,0.209
2146,5488,0.34
2146,5571,0.229
2147,3432,0.25
2147,4999,0.339
2148,2531,0.226
2148,2775,0.327
2148,3029,0.226
2148,3130,0.227
2148,3209,0.23
2148,3469,0.263
2148,4140,0.206
2148,4392,0.293
2148,4483,0.203
2148,4570,0.21
2148,4678,0.204
2148,5432,0.258
2148,5537,0.226
2149,2588,0.593
2149,2650,0.5
2149,3636,0.225
2149,3728,0.308
2149,3729,0.237
2149,3824,0.375
2149,3903,0.224
2149,4041,0.316
2149,4235,0.327
2149,4297,0.206
2149,4363,0.232
2149,4688,0.285
2149,4700,0.279
2149,4758,0.396
2149,4847,0.303
2149,5180,0.451
2149,5321,0.504
2149,5336,0.329
2149,5448,0.504
2149,5604,0.472
2150,2983,0.216
2150,4317,0.21
2151,2630,0.205
2151,4336,0.21
2151,4476,0.242
2152,2252,0.272
2153,2510,0.226
2153,3104,0.372
2153,4210,0.243
2153,5280,0.287
2155,2556,0.485
2155,2668,0.304
2155,2767,0.309
2155,3136,0.259
2155,3389,0.256
2155,3562,0.241
2155,3632,0.227
2155,4285,0.218
2155,4533,0.24
2155,4567,0.256
2155,4638,0.246
2155,4715,0.283
2155,4771,0.291
2155,4864,0.209
2155,4946,0.226
2155,5305,0.289
2155,5312,0.205
2155,5440,0.219
2155,5575,0.22
2156,5436,0.411
2157,2201,0.537
2157,2540,0.331
2157,3741,0.555
2157,3784,0.283
2157,4119,0.207
2157,4127,0.333
2157,4553,0.265
2157,5463,0.247
2158,2166,0.261
2158,2246,0.228
2158,2516,0.305
2158,2647,0.299
2158,3022,0.267
2158,3392,0.217
2158,3669,0.32
2158,3732,0.206
2158,3761,0.218
2158,3870,0.311
2158,4030,0.243
2158,4435,0.309
2158,4641,0.251
2158,4809,0.257
2158,4888,0.217
2158,5117,0.245
2158,5406,0.229
2159,2170,0.225
2159,2286,0.23
2159,2670,0.359
2159,2676,0.217
2159,2828,0.477
2159,2966,0.281
2159,2993,0.262
2159,3685,0.221
2159,3727,0.207
2159,3847,0.29
2159,5155,0.302
2159,5163,0.524
2159,5567,0.229
2160,2622,0.221
2160,3861,0.211
2160,3967,0.218
2160,4999,0.232
2163,3290,0.205
2163,4189,0.278
2164,2270,0.219
2164,2297,0.245
2164,2373,0.771
2164,2493,0.271
2164,2497,0.406
2164,2520,0.217
2164,2700,0.243
2164,2858,0.302
2164,2959,0.283
2164,2978,0.42
2164,3033,0.335
2164,3052,0.327
2164,3272,0.329
2164,3401,0.206
2164,3448,0.207
2164,3497,0.293
2164,3534,0.294
2164,3708,0.355
2164,3737,0.432
2164,3985,0.222
2164,4177,0.213
2164,4180,0.717
2164,4302,0.243
2164,4346,0.363
2164,4383,0.339
2164,4440,0.287
2164,4525,0.212
2164,4550,0.206
2164,4577,0.359
2164,4707,0.338
2164,4732,0.203
2164,4746,0.259
2164,4776,0.284
2164,4797,0.305
2164,4876,0.397
2164,4945,0.4
2164,4957,0.272
2164,5315,0.306
2164,5316,0.22
2164,5326,0.665
2164,5334,0.27
2164,5551,0.292
2164,5557,0.251
2164,5618,0.419
2164,5621,0.264
2165,2664,0.663
2165,2799,0.67
2165,3171,0.243
2165,3499,0.25
2165,4002,0.21
2165,4970,0.723
2166,2246,0.228
2166,2399,0.209
2166,2516,0.367
2166,2886,0.316
2166,3022,0.243
2166,3296,0.229
2166,3392,0.222
2166,3669,0.303
2166,3732,0.227
2166,3761,0.282
2166,3870,0.303
2166,3909,0.217
2166,4261,0.22
2166,4435,0.251
2166,4543,0.209
2166,4641,0.339
2166,4680,0.21
2166,4809,0.274
2166,4888,0.256
2166,4952,0.233
2166,5077,0.258
2166,5117,0.202
2166,5607,0.202
2168,3744,0.243
2168,3773,0.27
2168,4440,0.223
2168,4568,0.28
2169,3630,0.26
2170,2966,0.417
2170,2993,0.214
2170,3613,0.23
2170,3685,0.23
2170,3847,0.25
2170,4179,0.232
2170,4207,0.273
2170,4546,0.252
2170,4604,0.413
2170,5155,0.404
2170,5163,0.218
2170,5277,0.439
2170,5567,0.205
2172,4527,0.203
2174,2280,0.206
2174,2748,0.235
2174,3472,0.26
2174,3983,0.217
2174,4077,0.225
2174,4123,0.218
2174,4286,0.244
2174,4663,0.241
2174,4689,0.208
2174,4773,0.225
2174,4801,0.22
2175,2191,0.233
2175,2210,0.319
2175,2486,0.265
2175,2552,0.254
2175,2913,0.227
2175,3385,0.23
2175,3518,0.262
2175,4613,0.204
2175,4651,0.295
2175,5219,0.313
2176,5246,0.32
2178,4068,0.226
2178,4920,0.242
2179,3776,0.227
2180,3074,0.215
2180,5501,0.201
2180,5547,0.222
2181,4129,0.236
2185,2325,0.208
2185,2351,0.222
2185,2554,0.268
2185,2600,0.264
2185,2655,0.226
2185,2867,0.316
2185,3204,0.501
2185,3349,0.34
2185,3447,0.314
2185,3583,0.404
2185,3621,0.305
2185,3793,0.254
2185,3801,0.264
2185,3838,0.654
2185,4047,0.31
2185,4064,0.478
2185,4221,0.694
2185,4245,0.508
2185,4308,0.426
2185,4354,0.309
2185,4411,0.296
2185,4421,0.221
2185,4588,0.216
2185,4613,0.316
2185,4803,0.458
2185,4819,0.395
2185,4918,0.365
2185,4946,0.201
2185,5025,0.364
2185,5088,0.39
2185,5392,0.414
2185,5402,0.45
2186,2236,0.212
2186,2245,0.236
2186,2371,0.23
2186,2533,0.262
2186,2942,0.259
2186,3248,0.342
2186,3422,0.237
2186,3429,0.236
2186,3583,0.219
2186,3704,0.287
2186,3949,0.286
2186,4013,0.27
2186,4256,0.296
2186,4423,0.265
2186,4972,0.33
2186,5023,0.285
2186,5249,0.247
2186,5356,0.274
2186,5611,0.278
2187,2921,0.215
2187,3187,0.307
2187,3596,0.29
2187,3806,0.201
2187,3902,0.218
2187,4194,0.218
2187,4933,0.252
2187,4976,0.205
2188,2474,0.205
2188,2985,0.207
2188,3104,0.216
2188,4486,0.224
2188,5047,0.243
2188,5223,0.307
2188,5472,0.219
2188,5474,0.22
2188,5545,0.201
2189,2669,0.204
2189,2964,0.217
2189,3681,0.23
2189,5422,0.206
2191,2820,0.413
2191,3276,0.253
2191,4651,0.228
2193,4198,0.234
2193,4249,0.221
2194,2330,0.371
2194,2455,0.314
2194,2510,0.217
2194,2547,0.529
2194,2621,0.301
2194,2651,0.201
2194,2752,0.343
2194,3130,0.234
2194,3329,0.246
2194,3334,0.286
2194,4240,0.25
2194,4469,0.238
2194,4601,0.234
2194,5311,0.413
2194,5584,0.269
2195,2904,0.257
2195,3269,0.221
2195,3572,0.206
2195,3633,0.201
2195,3839,0.243
2195,4233,0.211
2195,4877,0.205
2195,5318,0.238
2195,5572,0.219
2195,5614,0.204
2197,5577,0.26
2198,2245,0.216
2198,2516,0.209
2198,3425,0.333
2198,3669,0.205
2198,3978,0.21
2198,4156,0.246
2198,4261,0.24
2198,4581,0.205
2198,4705,0.302
2198,4791,0.279
2198,4891,0.202
2198,5115,0.244
2199,2270,0.359
2199,2311,0.207
2199,2349,0.273
2199,2662,0.256
2199,2683,0.238
2199,2747,0.255
2199,2750,0.31
2199,2843,0.346
2199,2941,0.26
2199,2990,0.307
2199,3100,0.278
2199,3219,0.203
2199,3401,0.204
2199,3402,0.28
2199,3410,0.346
2199,3637,0.395
2199,3708,0.381
2199,3737,0.376
2199,3934,0.446
2199,4097,0.355
2199,4130,0.294
2199,4302,0.269
2199,4318,0.22
2199,4492,0.217
2199,4873,0.267
2199,5043,0.272
2199,5056,0.221
2199,5315,0.213
2199,5334,0.275
2199,5362,0.228
2199,5399,0.225
2199,5515,0.227
2199,5551,0.304
2199,5557,0.234
2200,2266,0.209
2200,2327,0.289
2200,2411,0.21
2200,2614,0.327
2200,2665,0.205
2200,2712,0.282
2200,3129,0.254
2200,4356,0.314
2200,4388,0.258
2200,4402,0.33
2200,4482,0.212
2200,4768,0.258
2200,4827,0.248
2200,4894,0.3
2200,5037,0.216
2200,5064,0.296
2200,5395,0.261
2200,5409,0.249
2200,5413,0.272
2200,5442,0.294
2201,2540,0.451
2201,2560,0.283
2201,2611,0.222
2201,2685,0.236
2201,2912,0.214
2201,3209,0.235
2201,3583,0.243
2201,3741,0.548
2201,3784,0.286
2201,4064,0.21
2201,4119,0.312
2201,4124,0.236
2201,4127,0.405
2201,4510,0.243
2201,4590,0.254
2201,4877,0.218
2201,4918,0.229
2201,5392,0.277
2201,5463,0.469
2202,2285,0.275
2202,2852,0.235
2202,3243,0.201
2202,3351,0.203
2202,3626,0.213
2202,3951,0.201
2202,4065,0.225
2202,4334,0.334
2202,4347,0.216
2202,4378,0.373
2202,4649,0.224
2203,2620,0.269
2203,3455,0.475
2203,5447,0.215
2204,3642,0.231
2204,4678,0.349
2204,5130,0.317
2204,5301,0.26
2204,5371,0.267
2204,5394,0.235
2204,5454,0.206
2204,5532,0.241
2205,4799,0.205
2205,5062,0.239
2206,3965,0.256
2206,4372,0.204
2206,4376,0.211
2208,2302,0.206
2208,3044,0.258
2208,4485,0.409
2209,4066,0.204
2210,2486,0.294
2210,2719,0.234
2210,3385,0.279
2210,3518,0.307
2210,4613,0.235
2210,4651,0.33
2210,4656,0.223
2210,4784,0.207
2210,4850,0.203
2210,5449,0.245
2211,2901,0.212
2211,2992,0.264
2211,3222,0.327
2211,3444,0.204
2211,4123,0.233
2211,4971,0.209
2211,5062,0.213
2212,2516,0.253
2212,3732,0.209
2212,4021,0.209
2212,4090,0.204
2212,5147,0.223
2212,5221,0.216
2213,2274,0.239
2214,2588,0.296
2214,3421,0.211
2214,3767,0.333
2214,4057,0.206
2214,4580,0.209
2214,4847,0.482
2214,5180,0.207
2215,2977,0.284
2215,3144,0.496
2215,3395,0.38
2215,3401,0.207
2215,3708,0.256
2215,3954,0.274
2215,5011,0.222
2215,5643,0.325
2216,3126,0.242
2216,5360,0.303
2216,5588,0.231
2218,2262,0.224
2218,2361,0.206
2218,4794,0.385
2218,5210,0.202
2219,3927,0.207
2219,4782,0.212
2220,2345,0.32
2220,2906,0.214
2220,3337,0.231
2220,3468,0.215
2220,3568,0.209
2220,3628,0.209
2220,4250,0.225
2220,4537,0.238
2220,4676,0.307
2220,4896,0.242
2220,4959,0.246
2220,5211,0.208
2220,5230,0.225
2220,5244,0.259
2222,3048,0.339
2222,3599,0.207
2222,4363,0.24
2222,4379,0.271
2223,2363,0.27
2223,2672,0.231
2223,2756,0.216
2223,2767,0.318
2223,2904,0.447
2223,2925,0.357
2223,3019,0.243
2223,3050,0.275
2223,3230,0.261
2223,3907,0.356
2223,4409,0.203
2223,4441,0.258
2223,4533,0.21
2223,4877,0.23
2223,4946,0.249
2223,5305,0.218
2223,5319,0.217
2223,5377,0.245
2223,5489,0.374
2224,2715,0.27
2225,2368,0.56
2225,2900,0.55
2225,3011,0.662
2225,3234,0.363
2225,4385,0.313
2225,4548,0.224
2225,4666,0.493
2225,4785,0.455
2227,3808,0.22
2227,5409,0.21
2228,2993,0.236
2228,4229,0.264
2228,5301,0.246
2229,3966,0.337
2230,2621,0.275
2230,2840,0.216
2230,3062,0.238
2230,3142,0.202
2230,3329,0.28
2230,3399,0.24
2230,4344,0.206
2230,5385,0.264
2231,5513,0.201
2232,3222,0.202
2232,5591,0.295
2233,2291,0.269
2233,3533,0.266
2233,3702,0.25
2233,4133,0.254
2233,4146,0.232
2233,4228,0.206
2233,4805,0.204
2233,4869,0.209
2233,5541,0.205
2234,2930,0.22
2234,3222,0.203
2234,5588,0.278
2235,2262,0.228
2235,3290,0.22
2235,3909,0.206
2235,4553,0.249
2235,4999,0.318
2235,5089,0.266
2235,5497,0.224
2236,2706,0.217
2236,2951,0.26
2236,3155,0.206
2236,3926,0.304
2236,4156,0.223
2236,4241,0.205
2236,4258,0.278
2236,4423,0.205
2236,4451,0.396
2236,4584,0.219
2236,4859,0.234
2236,4926,0.274
2236,5386,0.206
2236,5611,0.225
2237,2495,0.342
2237,2510,0.219
2237,2682,0.202
2237,2953,0.247
2237,2996,0.224
2237,3130,0.201
2237,3173,0.396
2237,3232,0.632
2237,3273,0.219
2237,3328,0.773
2237,3497,0.208
2237,3516,0.218
2237,3696,0.241
2237,3775,0.371
2237,3814,0.203
2237,3836,0.303
2237,3848,0.335
2237,4355,0.289
2237,4388,0.24
2237,4419,0.305
2237,4517,0.222
2237,4863,0.212
2237,5173,0.515
2237,5204,0.323
2237,5431,0.247
2238,2929,0.348
2238,4857,0.263
2238,5087,0.227
2239,5447,0.205
2240,2361,0.331
2240,2457,0.428
2240,2460,0.281
2240,2502,0.26
2240,2671,0.226
2240,2732,0.252
2240,2801,0.331
2240,2806,0.376
2240,3275,0.262
2240,3340,0.239
2240,3450,0.323
2240,3723,0.304
2240,3880,0.213
2240,3923,0.299
2240,3992,0.323
2240,4187,0.245
2240,4226,0.282
2240,4676,0.294
2240,4857,0.33
2240,5087,0.396
2240,5141,0.309
2240,5198,0.201
2240,5230,0.436
2240,5243,0.38
2240,5290,0.26
2240,5304,0.271
2241,3821,0.223
2241,4241,0.344
2241,4688,0.307
2241,5183,0.244
2243,2984,0.205
2243,4793,0.394
2244,2601,0.362
2244,3098,0.358
2244,3823,0.228
2244,4597,0.215
2244,4656,0.298
2244,5232,0.209
2245,2371,0.299
2245,2942,0.271
2245,3248,0.268
2245,3429,0.294
2245,3804,0.288
2245,3949,0.205
2245,4013,0.306
2245,4256,0.341
2245,4360,0.262
2245,4615,0.206
2245,4705,0.262
2245,4740,0.231
2245,4972,0.349
2245,5249,0.256
2245,5274,0.206
2245,5356,0.284
2245,5603,0.21
2245,5611,0.263
2246,2516,0.217
2246,2647,0.227
2246,3669,0.201
2247,2478,0.276
2248,2587,0.243
2248,2733,0.21
2248,2870,0.266
2248,3245,0.304
2248,3370,0.277
2248,5276,0.242
2251,4077,0.22
2251,4637,0.204
2252,5208,0.238
2253,3141,0.222
2253,3909,0.22
2253,4345,0.201
2254,2802,0.244
2258,2815,0.233
2259,2303,0.216
2259,2332,0.375
2259,2356,0.306
2259,2540,0.208
2259,2560,0.388
2259,3076,0.256
2259,3119,0.396
2259,3209,0.201
2259,3211,0.373
2259,3212,0.231
2259,3366,0.28
2259,3504,0.273
2259,3741,0.202
2259,3754,0.218
2259,3779,0.246
2259,4002,0.237
2259,4046,0.265
2259,4460,0.249
2259,4464,0.72
2259,4812,0.23
2259,4877,0.274
2259,5068,0.219
2260,3732,0.226
2260,3761,0.215
2260,3909,0.249
2260,4258,0.207
2261,5494,0.214
2262,2361,0.273
2262,2568,0.317
2262,2702,0.267
2262,2775,0.226
2262,2801,0.204
2262,2844,0.233
2262,2922,0.251
2262,2929,0.246
2262,3055,0.21
2262,3193,0.202
2262,3275,0.217
2262,3318,0.233
2262,3331,0.214
2262,3340,0.32
2262,3676,0.297
2262,3679,0.257
2262,3963,0.289
2262,4182,0.206
2262,4237,0.307
2262,4306,0.21
2262,4377,0.268
2262,4782,0.352
2262,4903,0.316
2262,5172,0.201
2262,5263,0.262
2262,5270,0.212
2262,5549,0.287
2263,5034,0.272
2264,4032,0.203
2266,2305,0.268
2266,2327,0.53
2266,2411,0.472
2266,2449,0.232
2266,2493,0.209
2266,2569,0.268
2266,2614,0.404
2266,2641,0.45
2266,2665,0.394
2266,2812,0.385
2266,2902,0.416
2266,3129,0.301
2266,3150,0.217
2266,3172,0.518
2266,3360,0.683
2266,3744,0.207
2266,3750,0.203
2266,3773,0.207
2266,4069,0.427
2266,4119,0.217
2266,4293,0.445
2266,4356,0.54
2266,4402,0.253
2266,4482,0.39
2266,4556,0.606
2266,4664,0.292
2266,4679,0.225
2266,4768,0.409
2266,4774,0.567
2266,4827,0.412
2266,4894,0.576
2266,4924,0.415
2266,4980,0.366
2266,5037,0.402
2266,5316,0.231
2266,5409,0.493
2266,5442,0.499
2266,5458,0.371
2267,2280,0.288
2267,2384,0.299
2267,2786,0.311
2267,2836,0.206
2267,3983,0.213
2267,4286,0.272
2267,4689,0.209
2268,2836,0.322
2268,3433,0.223
2268,3933,0.204
2268,5373,0.371
2268,5500,0.394
2269,3902,0.235
2270,2291,0.214
2270,2349,0.257
2270,2497,0.24
2270,2622,0.275
2270,2662,0.243
2270,2683,0.203
2270,2747,0.239
2270,2750,0.5
2270,2843,0.255
2270,2941,0.275
2270,2977,0.235
2270,2978,0.207
2270,2990,0.243
2270,3144,0.218
2270,3219,0.372
2270,3387,0.27
2270,3395,0.217
2270,3401,0.29
2270,3402,0.363
2270,3410,0.493
2270,3448,0.21
2270,3637,0.299
2270,3702,0.235
2270,3708,0.404
2270,3737,0.348
2270,3814,0.23
2270,3934,0.204
2270,4097,0.48
2270,4130,0.287
2270,4302,0.285
2270,4318,0.252
2270,4373,0.292
2270,4491,0.207
2270,4873,0.301
2270,4876,0.217
2270,4889,0.213
2270,4939,0.212
2270,5043,0.265
2270,5307,0.226
2270,5315,0.22
2270,5551,0.41
2270,5618,0.201
2270,5621,0.332
2272,2357,0.22
2272,3016,0.241
2272,3062,0.268
2272,3079,0.21
2272,3297,0.277
2272,3399,0.326
2272,4649,0.229
2272,5167,0.259
2273,2474,0.352
2273,5131,0.223
2275,4507,0.214
2276,2282,0.275
2276,2992,0.209
2276,3444,0.259
2276,3771,0.256
2276,5397,0.339
2276,5402,0.227
2278,3208,0.424
2278,3688,0.26
2278,3955,0.261
2278,4244,0.364
2278,4332,0.294
2278,4856,0.387
2278,4908,0.351
2278,4971,0.228
2278,5497,0.207
2278,5546,0.546
2279,3290,0.203
2279,3888,0.26
2279,3986,0.209
2279,4080,0.316
2279,4455,0.218
2280,2786,0.242
2280,3194,0.261
2280,3222,0.261
2280,3938,0.202
2280,3955,0.296
2280,4123,0.225
2280,4496,0.303
2280,4592,0.212
2280,4633,0.227
2280,4663,0.326
2280,4676,0.271
2280,4689,0.204
2280,4846,0.233
2280,5183,0.222
2281,2894,0.343
2281,5637,0.329
2282,3204,0.205
2282,3793,0.231
2282,3835,0.223
2282,4064,0.205
2282,4411,0.203
2282,5215,0.267
2282,5397,0.321
2284,3234,0.256
2284,4784,0.466
2284,4785,0.298
2284,4965,0.251
2284,5162,0.287
2284,5219,0.268
2285,4378,0.203
2285,4513,0.218
2285,5167,0.201
2286,2676,0.306
2286,2817,0.201
2286,2828,0.249
2286,2864,0.229
2286,2966,0.28
2286,2993,0.454
2286,3223,0.274
2286,3847,0.258
2286,4074,0.22
2286,4207,0.24
2286,4309,0.225
2286,4424,0.254
2286,4447,0.277
2286,4529,0.247
2286,5091,0.237
2286,5155,0.297
2286,5163,0.205
2286,5277,0.234
2286,5567,0.309
2287,2701,0.223
2287,3299,0.23
2287,3732,0.206
2287,4631,0.275
2287,5435,0.248
2287,5591,0.268
2289,2317,0.222
2289,2678,0.323
2289,3630,0.401
2289,4999,0.278
2289,5587,0.215
2290,2551,0.289
2290,4005,0.335
2290,4139,0.547
2290,4282,0.206
2290,4412,0.233
2290,4869,0.205
2290,5146,0.226
2290,5357,0.256
2290,5424,0.42
2290,5584,0.221
2290,5596,0.44
2291,2309,0.22
2291,2404,0.264
2291,2513,0.221
2291,2990,0.383
2291,3100,0.298
2291,3424,0.228
2291,3448,0.235
2291,3452,0.228
2291,3533,0.251
2291,4133,0.52
2291,4146,0.289
2291,4228,0.299
2291,4333,0.253
2291,4373,0.229
2291,4492,0.4
2291,4554,0.231
2291,4606,0.212
2291,4805,0.308
2291,4869,0.273
2291,5043,0.223
2291,5315,0.218
2291,5399,0.248
2291,5515,0.424
2291,5551,0.219
2292,2531,0.285
2292,3209,0.263
2292,4868,0.263
2293,3928,0.203
2294,3453,0.201
2295,2317,0.242
2295,2678,0.321
2295,3630,0.324
2295,5482,0.211
2297,2391,0.25
2297,2470,0.222
2297,2497,0.251
2297,2525,0.21
2297,2609,0.202
2297,2700,0.217
2297,2763,0.353
2297,2858,0.523
2297,2959,0.51
2297,2978,0.262
2297,3052,0.219
2297,3708,0.219
2297,4177,0.203
2297,4180,0.218
2297,4383,0.556
2297,4550,0.28
2297,4577,0.263
2297,4707,0.329
2297,4776,0.203
2297,4876,0.269
2297,4910,0.339
2297,4991,0.215
2297,5227,0.256
2297,5308,0.202
2297,5492,0.211
2297,5618,0.227
2299,2588,0.216
2300,2332,0.237
2300,2555,0.228
2300,2818,0.358
2300,2988,0.285
2300,3076,0.254
2300,3131,0.21
2300,3417,0.303
2300,3439,0.317
2300,3485,0.288
2300,3504,0.216
2300,3577,0.201
2300,3656,0.242
2300,3694,0.221
2300,3779,0.242
2300,3893,0.331
2300,4006,0.219
2300,4096,0.338
2300,4104,0.312
2300,4198,0.518
2300,4384,0.225
2300,4426,0.376
2300,4516,0.252
2300,4564,0.311
2300,4600,0.263
2300,4812,0.319
2300,5068,0.299
2300,5149,0.298
2300,5154,0.504
2300,5297,0.261
2300,5317,0.301
2300,5349,0.252
2300,5477,0.202
2300,5568,0.284
2301,3108,0.268
2301,5178,0.224
2301,5613,0.248
2302,3044,0.367
2302,4485,0.215
2303,3024,0.201
2303,3400,0.205
2303,3732,0.206
2303,4543,0.215
2303,4713,0.212
2303,4791,0.217
2303,5501,0.304
2304,2431,0.204
2305,2327,0.266
2305,2614,0.251
2305,2665,0.259
2305,2680,0.229
2305,2812,0.313
2305,2902,0.252
2305,3129,0.3
2305,3150,0.22
2305,3360,0.274
2305,4069,0.476
2305,4293,0.437
2305,4356,0.252
2305,4556,0.246
2305,4664,0.314
2305,4768,0.236
2305,4774,0.245
2305,4827,0.274
2305,4894,0.269
2305,5037,0.278
2305,5409,0.22
2305,5458,0.31
2306,2836,0.26
2306,4884,0.222
2308,4504,0.203
2309,2422,0.244
2309,2990,0.406
2309,3100,0.269
2309,3452,0.204
2309,4133,0.247
2309,4146,0.217
2309,4492,0.528
2309,4805,0.384
2309,5315,0.256
2309,5493,0.231
2309,5515,0.516
2309,5551,0.205
2311,3097,0.249
2311,3365,0.228
2311,3402,0.228
2311,3611,0.245
2311,3642,0.231
2311,3701,0.215
2311,4068,0.203
2311,4229,0.307
2311,4678,0.247
2311,5301,0.307
2311,5349,0.368
2311,5371,0.349
2311,5394,0.246
2311,5454,0.213
2312,3423,0.231
2312,3671,0.203
2312,3732,0.207
2312,4021,0.217
2312,4277,0.517
2312,4364,0.278
2312,4394,0.21
2313,5341,0.321
2314,2324,0.211
2314,4658,0.275
2314,4919,0.225
2314,5178,0.307
2314,5613,0.233
2315,2484,0.317
2316,5579,0.215
2317,2678,0.299
2317,3489,0.216
2317,3630,0.429
2317,5573,0.245
2317,5587,0.234
2318,3290,0.219
2318,3772,0.229
2319,4145,0.201
2320,2802,0.283
2320,2854,0.206
2320,4571,0.254
2320,5501,0.348
2320,5619,0.317
2323,2365,0.202
2323,3555,0.245
2323,3859,0.212
2323,5109,0.355
2323,5345,0.272
2323,5637,0.246
2324,2402,0.377
2324,2965,0.315
2324,3639,0.201
2324,4407,0.242
2324,4974,0.272
2324,5178,0.369
2324,5550,0.203
2325,2351,0.363
2325,2554,0.405
2325,2600,0.648
2325,2655,0.526
2325,2867,0.292
2325,2898,0.28
2325,2970,0.471
2325,3192,0.293
2325,3349,0.232
2325,3621,0.31
2325,3838,0.206
2325,4047,0.418
2325,4067,0.241
2325,4122,0.657
2325,4126,0.207
2325,4245,0.226
2325,4308,0.207
2325,4354,0.453
2325,4447,0.228
2325,4588,0.289
2325,4803,0.203
2325,5088,0.238
2326,2368,0.205
2326,3188,0.566
2326,4666,0.267
2326,4934,0.409
2326,5283,0.261
2327,2411,0.471
2327,2493,0.263
2327,2569,0.277
2327,2614,0.46
2327,2641,0.623
2327,2665,0.421
2327,2812,0.335
2327,2902,0.408
2327,2971,0.207
2327,3129,0.376
2327,3150,0.323
2327,3172,0.427
2327,3360,0.517
2327,3534,0.213
2327,3750,0.213
2327,4004,0.218
2327,4069,0.38
2327,4293,0.355
2327,4356,0.603
2327,4388,0.235
2327,4402,0.339
2327,4440,0.21
2327,4482,0.338
2327,4556,0.594
2327,4664,0.33
2327,4679,0.263
2327,4768,0.434
2327,4774,0.627
2327,4797,0.254
2327,4827,0.46
2327,4894,0.778
2327,4924,0.32
2327,4945,0.227
2327,4980,0.387
2327,5037,0.467
2327,5316,0.206
2327,5326,0.24
2327,5368,0.213
2327,5409,0.485
2327,5413,0.255
2327,5442,0.504
2327,5458,0.422
2327,5616,0.231
2328,5334,0.208
2329,2501,0.763
2329,3581,0.366
2330,2455,0.28
2330,2510,0.232
2330,2547,0.565
2330,2621,0.213
2330,2752,0.357
2330,3334,0.407
2330,4601,0.373
2330,5101,0.281
2330,5311,0.378
2331,2467,0.228
2331,2734,0.205
2331,4281,0.219
2331,4301,0.276
2331,4558,0.22
2331,4655,0.292
2331,5208,0.342
2332,2356,0.405
2332,2560,0.247
2332,2818,0.356
2332,3076,0.304
2332,3119,0.315
2332,3131,0.213
2332,3211,0.464
2332,3212,0.287
2332,3366,0.418
2332,3439,0.443
2332,3504,0.465
2332,3577,0.374
2332,3779,0.42
2332,4096,0.249
2332,4198,0.22
2332,4426,0.331
2332,4460,0.202
2332,4464,0.342
2332,4600,0.472
2332,4812,0.298
2332,5068,0.228
2332,5149,0.424
2332,5379,0.247
2332,5614,0.21
2333,2621,0.292
2333,2676,0.223
2333,2687,0.43
2333,2809,0.231
2333,2956,0.252
2333,2966,0.322
2333,2993,0.251
2333,3058,0.201
2333,3304,0.227
2333,3685,0.222
2333,3847,0.214
2333,4067,0.243
2333,4207,0.236
2333,4424,0.262
2333,4604,0.234
2333,4901,0.412
2333,5045,0.235
2333,5091,0.228
2333,5133,0.386
2333,5155,0.358
2333,5277,0.277
2333,5385,0.361
2333,5424,0.228
2333,5567,0.277
2334,2335,0.609
2334,3349,0.213
2334,4221,0.201
2334,4819,0.207
2335,3349,0.229
2335,3447,0.212
2335,4245,0.219
2335,4354,0.212
2335,4819,0.234
2335,5025,0.212
2336,2929,0.207
2336,4703,0.234
2336,4999,0.225
2339,3277,0.221
2339,5287,0.217
2339,5473,0.228
2341,2907,0.278
2341,4048,0.263
2344,5116,0.205
2345,2780,0.233
2345,3144,0.202
2345,3164,0.252
2345,3337,0.267
2345,3723,0.286
2345,3904,0.28
2345,3992,0.333
2345,4077,0.203
2345,4226,0.224
2345,4250,0.385
2345,4344,0.235
2345,4676,0.54
2345,4730,0.207
2345,5168,0.274
2346,2474,0.366
2346,2488,0.215
2346,3222,0.257
2346,3252,0.221
2346,3647,0.202
2346,3752,0.203
2346,3938,0.228
2346,4009,0.234
2346,4663,0.217
2346,5183,0.208
2346,5223,0.208
2346,5404,0.207
2346,5474,0.238
2346,5518,0.208
2349,2497,0.226
2349,2662,0.255
2349,2747,0.263
2349,2750,0.239
2349,2869,0.411
2349,2941,0.619
2349,2977,0.237
2349,2978,0.222
2349,3052,0.235
2349,3084,0.254
2349,3219,0.246
2349,3250,0.29
2349,3401,0.391
2349,3402,0.215
2349,3410,0.284
2349,3572,0.249
2349,3637,0.264
2349,3708,0.39
2349,3737,0.545
2349,4130,0.319
2349,4302,0.377
2349,4318,0.529
2349,4491,0.321
2349,4577,0.228
2349,4873,0.296
2349,4939,0.484
2349,5307,0.258
2349,5315,0.408
2349,5334,0.327
2349,5362,0.409
2349,5551,0.313
2349,5557,0.527
2349,5621,0.263
2350,2380,0.208
2350,3136,0.405
2350,3137,0.231
2350,3161,0.304
2350,3336,0.293
2350,3385,0.249
2350,3389,0.215
2350,3418,0.237
2350,3480,0.262
2350,3632,0.335
2350,3816,0.242
2350,3949,0.213
2350,4064,0.202
2350,4533,0.208
2350,4567,0.292
2350,5088,0.204
2350,5118,0.212
2351,2600,0.393
2351,2655,0.358
2351,2690,0.211
2351,2867,0.345
2351,2970,0.377
2351,3192,0.326
2351,3204,0.277
2351,3349,0.232
2351,3447,0.25
2351,3621,0.255
2351,3838,0.231
2351,4047,0.329
2351,4122,0.394
2351,4221,0.212
2351,4245,0.295
2351,4308,0.221
2351,4354,0.4
2351,4411,0.277
2351,4613,0.207
2351,4918,0.259
2351,5025,0.207
2351,5088,0.31
2351,5449,0.253
2354,3048,0.203
2354,4363,0.202
2356,2818,0.207
2356,3119,0.317
2356,3211,0.407
2356,3212,0.307
2356,3366,0.367
2356,3439,0.504
2356,3504,0.481
2356,3577,0.362
2356,3779,0.539
2356,4096,0.209
2356,4426,0.455
2356,4464,0.214
2356,4600,0.493
2356,4812,0.296
2356,5068,0.205
2356,5149,0.542
2357,3016,0.205
2357,3297,0.454
2357,3399,0.343
2358,3840,0.262
2358,4455,0.203
2358,5289,0.209
2360,5385,0.213
2361,2457,0.221
2361,2502,0.226
2361,2568,0.221
2361,2732,0.238
2361,2801,0.254
2361,2806,0.341
2361,2922,0.296
2361,2929,0.278
2361,3318,0.22
2361,3450,0.235
2361,3618,0.258
2361,3923,0.284
2361,4361,0.246
2361,4782,0.359
2361,4794,0.254
2361,4857,0.304
2361,4903,0.356
2361,5087,0.308
2361,5141,0.247
2361,5210,0.217
2361,5243,0.295
2361,5263,0.326
2361,5290,0.256
2362,2495,0.207
2362,2584,0.465
2362,2846,0.203
2362,2902,0.247
2362,2949,0.234
2362,2996,0.217
2362,3086,0.201
2362,3407,0.202
2362,3592,0.229
2362,3814,0.236
2362,3835,0.209
2362,4289,0.228
2362,4419,0.391
2362,4503,0.222
2362,5204,0.245
2362,5482,0.223
2363,2519,0.228
2363,2672,0.223
2363,2979,0.236
2363,3839,0.209
2363,3851,0.225
2363,4789,0.218
2363,5526,0.232
2363,5598,0.321
2364,4019,0.302
2364,4251,0.245
2364,4844,0.217
2364,5119,0.268
2364,5291,0.223
2365,3008,0.3
2365,4375,0.215
2365,4687,0.209
2365,5085,0.255
2366,4658,0.255
2367,2899,0.206
2367,3482,0.204
2367,4819,0.207
2367,4918,0.208
2367,4934,0.23
2367,4941,0.213
2367,5519,0.205
2368,2900,0.507
2368,3011,0.498
2368,3188,0.22
2368,3234,0.301
2368,4385,0.27
2368,4666,0.47
2368,4785,0.373
2369,3022,0.203
2369,3425,0.277
2369,3540,0.226
2369,3605,0.221
2369,3704,0.208
2369,3949,0.216
2369,4013,0.248
2369,4327,0.213
2369,4972,0.202
2370,2417,0.224
2370,2462,0.205
2370,2702,0.226
2370,3669,0.212
2370,3731,0.217
2370,3732,0.364
2370,3909,0.298
2370,4197,0.213
2370,4495,0.302
2370,5117,0.295
2370,5147,0.262
2370,5383,0.247
2370,5406,0.331
2371,2533,0.231
2371,2942,0.311
2371,2946,0.23
2371,3248,0.352
2371,3415,0.243
2371,3429,0.223
2371,3693,0.22
2371,3704,0.357
2371,3804,0.216
2371,3949,0.295
2371,3953,0.269
2371,4013,0.346
2371,4156,0.201
2371,4256,0.407
2371,4360,0.331
2371,4423,0.211
2371,4451,0.252
2371,4615,0.281
2371,4759,0.23
2371,4859,0.26
2371,4972,0.37
2371,5023,0.363
2371,5057,0.335
2371,5115,0.233
2371,5249,0.304
2371,5274,0.244
2371,5356,0.338
2371,5383,0.322
2371,5603,0.33
2371,5611,0.273
2372,3962,0.216
2373,2493,0.222
2373,2497,0.437
2373,2662,0.246
2373,2750,0.27
2373,2819,0.203
2373,2858,0.203
2373,2869,0.299
2373,2959,0.267
2373,2978,0.378
2373,3033,0.336
2373,3052,0.277
2373,3272,0.374
2373,3401,0.23
2373,3410,0.228
2373,3448,0.238
2373,3497,0.332
2373,3534,0.323
2373,3708,0.341
2373,3737,0.459
2373,3750,0.222
2373,3985,0.224
2373,4180,0.757
2373,4302,0.289
2373,4346,0.392
2373,4383,0.257
2373,4388,0.246
2373,4440,0.257
2373,4577,0.257
2373,4707,0.251
2373,4776,0.299
2373,4876,0.421
2373,4945,0.373
2373,5315,0.285
2373,5316,0.206
2373,5326,0.739
2373,5551,0.296
2373,5557,0.277
2373,5618,0.407
2374,4577,0.226
2375,3322,0.26
2377,2631,0.213
2377,3500,0.202
2377,4404,0.219
2377,4428,0.221
2378,3231,0.381
2379,4558,0.205
2379,4920,0.206
2379,5414,0.21
2380,2400,0.544
2380,2693,0.23
2380,2767,0.204
2380,2989,0.239
2380,3050,0.247
2380,3136,0.325
2380,3137,0.372
2380,3265,0.202
2380,3438,0.21
2380,3480,0.297
2380,3632,0.406
2380,3783,0.37
2380,3894,0.308
2380,4024,0.324
2380,4279,0.239
2380,4285,0.359
2380,4295,0.214
2380,4533,0.268
2380,4567,0.392
2380,4684,0.297
2380,4767,0.287
2380,4864,0.537
2380,4946,0.254
2380,5118,0.232
2380,5124,0.267
2380,5312,0.225
2380,5319,0.278
2380,5391,0.212
2380,5470,0.376
2380,5498,0.46
2380,5571,0.241
2382,3884,0.234
2382,5619,0.227
2383,3099,0.207
2383,3292,0.207
2385,4519,0.238
2386,5579,0.211
2387,3955,0.234
2388,2907,0.219
2388,3235,0.201
2390,2682,0.259
2390,3373,0.212
2390,3799,0.485
2390,3802,0.31
2390,3833,0.249
2390,4001,0.522
2390,4402,0.233
2390,4438,0.386
2390,4774,0.331
2390,4840,0.27
2390,5572,0.431
2391,2446,0.23
2391,2470,0.399
2391,2525,0.305
2391,2609,0.277
2391,2763,0.395
2391,2858,0.254
2391,2959,0.218
2391,3145,0.248
2391,3372,0.203
2391,4383,0.247
2391,4627,0.222
2391,4910,0.396
2391,4991,0.275
2391,5227,0.217
2391,5308,0.274
2391,5565,0.321
2393,3928,0.215
2393,5531,0.25
2394,2524,0.34
2394,3299,0.208
2395,2676,0.286
2395,2817,0.226
2395,2828,0.207
2395,2966,0.235
2395,2993,0.295
2395,3058,0.289
2395,3393,0.201
2395,3613,0.243
2395,3685,0.248
2395,3727,0.24
2395,3847,0.244
2395,4424,0.277
2395,4604,0.21
2395,5045,0.209
2395,5091,0.249
2395,5155,0.267
2395,5163,0.223
2395,5277,0.259
2395,5567,0.276
2397,2951,0.333
2397,3926,0.255
2397,4241,0.215
2397,4258,0.237
2397,4926,0.231
2397,5386,0.316
2398,4364,0.26
2399,3732,0.252
2399,3870,0.217
2399,4261,0.233
2399,4301,0.217
2399,4418,0.238
2399,4543,0.258
2399,4791,0.219
2399,4809,0.218
2399,5117,0.22
2399,5147,0.233
2399,5208,0.314
2399,5406,0.201
2400,2409,0.203
2400,2693,0.279
2400,2727,0.216
2400,2767,0.374
2400,2989,0.351
2400,3050,0.242
2400,3265,0.204
2400,3281,0.207
2400,3336,0.242
2400,3385,0.241
2400,3389,0.368
2400,3412,0.353
2400,3438,0.208
2400,3480,0.361
2400,3665,0.221
2400,3705,0.202
2400,3783,0.349
2400,3855,0.222
2400,3873,0.206
2400,4279,0.282
2400,4285,0.492
2400,4533,0.229
2400,4567,0.515
2400,4684,0.39
2400,4715,0.228
2400,4767,0.382
2400,4864,0.551
2400,4946,0.251
2400,5124,0.391
2400,5312,0.3
2400,5319,0.34
2400,5391,0.385
2400,5470,0.359
2400,5498,0.462
2400,5570,0.214
2400,5571,0.238
2402,2432,0.222
2402,2965,0.24
2402,4523,0.229
2402,4658,0.345
2402,5178,0.583
2402,5370,0.228
2402,5561,0.212
2403,3089,0.278
2403,4598,0.234
2404,3303,0.227
2404,3424,0.334
2404,3533,0.241
2404,4133,0.24
2404,4146,0.355
2404,4333,0.248
2404,4373,0.313
2404,4554,0.373
2404,4869,0.384
2404,5043,0.208
2404,5399,0.472
2406,2734,0.226
2406,2901,0.213
2406,4301,0.215
2406,4941,0.225
2406,5208,0.38
2406,5591,0.247
2407,2604,0.271
2407,5181,0.216
2408,4071,0.247
2408,4390,0.224
2408,5019,0.378
2408,5319,0.241
2408,5530,0.202
2409,3038,0.226
2409,3199,0.237
2409,3855,0.201
2410,2492,0.21
2410,2989,0.213
2410,4218,0.207
2410,4999,0.277
2410,5089,0.209
2410,5571,0.213
2411,2493,0.259
2411,2521,0.237
2411,2614,0.423
2411,2641,0.396
2411,2665,0.348
2411,2812,0.318
2411,2902,0.3
2411,3129,0.326
2411,3172,0.392
2411,3360,0.502
2411,3534,0.227
2411,3744,0.205
2411,3750,0.215
2411,4004,0.211
2411,4069,0.299
2411,4293,0.32
2411,4356,0.416
2411,4388,0.209
2411,4402,0.229
2411,4440,0.231
2411,4482,0.32
2411,4556,0.443
2411,4664,0.243
2411,4679,0.278
2411,4746,0.219
2411,4768,0.36
2411,4774,0.475
2411,4797,0.242
2411,4827,0.37
2411,4894,0.472
2411,4924,0.329
2411,4945,0.236
2411,4980,0.33
2411,5037,0.357
2411,5326,0.206
2411,5409,0.451
2411,5442,0.406
2411,5458,0.347
2413,3108,0.257
2413,4831,0.492
2413,5573,0.316
2413,5577,0.205
2414,3023,0.222
2414,3611,0.213
2414,3642,0.222
2414,4322,0.211
2414,4530,0.235
2414,4678,0.225
2414,5039,0.207
2414,5130,0.309
2414,5301,0.257
2415,5079,0.231
2416,3146,0.21
2416,3905,0.208
2416,4074,0.269
2416,4277,0.205
2416,4309,0.247
2416,4312,0.232
2416,4560,0.204
2416,4581,0.325
2416,4672,0.205
2416,4695,0.204
2416,4698,0.316
2416,4705,0.407
2416,5333,0.369
2417,2516,0.259
2417,2524,0.287
2417,2702,0.384
2417,3073,0.451
2417,3150,0.393
2417,3152,0.22
2417,3193,0.26
2417,3669,0.212
2417,3679,0.219
2417,3731,0.521
2417,3889,0.259
2417,3963,0.259
2417,4237,0.34
2417,4377,0.26
2417,4761,0.212
2417,4905,0.226
2417,5145,0.238
2417,5549,0.387
2418,2562,0.277
2418,4179,0.205
2418,4276,0.275
2419,4366,0.214
2420,2471,0.294
2420,3012,0.283
2420,3629,0.233
2420,3780,0.292
2420,3915,0.216
2420,4027,0.279
2420,4042,0.206
2420,4061,0.259
2420,4922,0.209
2421,4684,0.216
2422,3452,0.206
2422,3708,0.258
2422,4214,0.225
2422,5493,0.341
2423,3274,0.251
2423,3524,0.274
2423,3728,0.259
2423,3732,0.384
2423,4197,0.223
2423,4261,0.305
2423,4423,0.231
2423,4495,0.355
2423,4713,0.29
2423,4758,0.263
2423,5147,0.366
2423,5398,0.215
2423,5406,0.253
2424,3472,0.206
2426,3301,0.302
2426,3659,0.478
2426,3743,0.215
2426,4016,0.269
2426,4394,0.224
2426,5534,0.558
2429,3455,0.253
2429,3772,0.258
2429,4999,0.205
2430,4637,0.253
2431,5281,0.216
2432,2611,0.235
2432,2796,0.373
2432,2875,0.258
2432,2915,0.239
2432,2937,0.491
2432,2965,0.208
2432,3226,0.323
2432,3600,0.217
2432,3631,0.214
2432,4148,0.275
2432,4523,0.268
2432,4658,0.218
2432,4799,0.339
2432,4982,0.228
2432,5062,0.217
2432,5178,0.287
2432,5526,0.248
2432,5561,0.389
2432,5636,0.316
2433,3360,0.208
2433,4774,0.21
2434,5209,0.264
2435,3143,0.303
2435,3275,0.209
2435,4361,0.239
2435,4404,0.215
2435,5220,0.21
2438,3565,0.218
2439,2693,0.309
2439,2989,0.45
2439,3136,0.218
2439,3161,0.647
2439,3184,0.207
2439,3265,0.206
2439,3281,0.261
2439,3385,0.21
2439,3418,0.604
2439,3447,0.215
2439,3480,0.379
2439,3816,0.614
2439,3913,0.253
2439,4233,0.327
2439,4279,0.323
2439,4319,0.341
2439,4400,0.233
2439,4403,0.237
2439,4489,0.241
2439,4567,0.227
2439,4588,0.223
2439,4684,0.375
2439,4692,0.465
2439,4715,0.211
2439,4767,0.388
2439,4850,0.202
2439,4946,0.284
2439,5105,0.295
2439,5312,0.305
2439,5498,0.218
2439,5570,0.381
2439,5571,0.324
2439,5631,0.357
2440,2864,0.217
2440,3611,0.239
2440,3642,0.24
2440,4074,0.238
2440,4229,0.334
2440,4469,0.415
2440,4672,0.259
2440,5301,0.297
2440,5371,0.335
2440,5394,0.23
2440,5454,0.206
2440,5462,0.208
2441,2580,0.201
2441,5119,0.277
2442,3167,0.214
2443,3292,0.229
2443,3691,0.273
2443,4511,0.207
2443,5107,0.234
2444,2521,0.207
2444,3241,0.214
2444,4005,0.22
2444,5357,0.454
2445,3631,0.201
2446,2470,0.319
2446,2525,0.262
2446,2586,0.235
2446,2609,0.282
2446,2763,0.334
2446,2858,0.215
2446,3272,0.206
2446,4577,0.298
2446,4627,0.251
2446,4910,0.254
2446,5227,0.49
2446,5565,0.625
2447,2588,0.245
2447,3824,0.283
2447,5321,0.263
2447,5583,0.23
2447,5604,0.256
2449,2614,0.228
2449,2665,0.205
2449,2812,0.285
2449,2902,0.32
2449,3104,0.248
2449,3360,0.275
2449,4119,0.216
2449,4894,0.205
2449,5037,0.23
2449,5409,0.202
2450,2518,0.235
2450,4068,0.296
2450,4427,0.268
2450,5006,0.216
2453,2608,0.215
2453,3057,0.222
2453,3190,0.216
2453,3489,0.322
2453,4677,0.204
2453,5452,0.222
2455,2510,0.491
2455,2547,0.249
2455,3130,0.214
2455,4139,0.212
2455,4282,0.206
2455,5437,0.203
2455,5584,0.245
2457,2460,0.302
2457,2671,0.252
2457,2801,0.299
2457,2806,0.27
2457,2922,0.214
2457,2940,0.229
2457,3159,0.216
2457,3275,0.327
2457,3923,0.206
2457,3992,0.307
2457,4226,0.255
2457,4361,0.26
2457,4782,0.274
2457,4903,0.223
2457,5141,0.223
2457,5230,0.295
2457,5243,0.304
2457,5263,0.274
2457,5304,0.228
2458,2676,0.297
2458,2722,0.468
2458,2817,0.397
2458,2956,0.249
2458,2993,0.273
2458,3058,0.27
2458,3229,0.438
2458,3347,0.215
2458,3393,0.395
2458,3613,0.293
2458,3812,0.477
2458,3824,0.234
2458,4424,0.206
2458,4447,0.21
2458,4706,0.219
2458,5091,0.458
2458,5155,0.209
2458,5321,0.212
2458,5349,0.247
2458,5604,0.256
2460,2568,0.219
2460,2671,0.202
2460,2801,0.206
2460,2806,0.316
2460,2940,0.216
2460,3275,0.236
2460,3340,0.204
2460,3992,0.272
2460,4782,0.226
2460,5230,0.213
2460,5243,0.228
2461,3102,0.298
2462,3490,0.22
2462,3926,0.217
2462,4013,0.207
2462,4179,0.203
2462,4237,0.226
2462,4256,0.234
2462,4277,0.393
2462,4394,0.205
2462,5023,0.221
2462,5383,0.35
2462,5549,0.226
2463,3736,0.368
2463,4852,0.465
2465,3309,0.225
2465,4150,0.36
2465,4197,0.252
2465,4633,0.378
2465,4696,0.392
2465,4762,0.206
2465,4884,0.215
2466,3737,0.22
2466,5056,0.437
2467,2734,0.243
2467,3684,0.224
2467,4377,0.201
2467,4558,0.249
2467,4941,0.202
2468,4411,0.207
2468,5088,0.234
2468,5402,0.224
2469,4430,0.224
2469,4887,0.215
2469,5262,0.226
2470,2525,0.415
2470,2586,0.202
2470,2609,0.433
2470,2700,0.227
2470,2763,0.375
2470,2858,0.34
2470,2896,0.251
2470,2959,0.251
2470,3145,0.301
2470,3272,0.206
2470,3497,0.209
2470,4342,0.206
2470,4383,0.277
2470,4484,0.204
2470,4550,0.233
2470,4577,0.319
2470,4627,0.325
2470,4707,0.274
2470,4876,0.204
2470,4910,0.31
2470,5227,0.471
2470,5332,0.207
2470,5565,0.478
2470,5618,0.234
2470,5640,0.209
2471,2607,0.589
2471,3012,0.474
2471,3780,0.567
2471,3829,0.397
2471,4027,0.525
2471,4061,0.542
2471,4644,0.404
2472,3252,0.205
2472,5404,0.229
2472,5518,0.284
2473,5482,0.306
2474,2574,0.231
2474,2954,0.213
2474,3709,0.221
2474,4526,0.232
2474,5309,0.234
2474,5474,0.248
2475,2592,0.241
2475,2985,0.207
2475,3955,0.259
2475,5047,0.257
2476,4762,0.205
2478,3091,0.234
2478,3966,0.242
2478,4062,0.203
2478,4544,0.294
2478,5044,0.209
2479,3318,0.203
2479,4674,0.227
2479,4829,0.304
2479,5231,0.251
2480,2846,0.369
2480,2857,0.213
2480,2951,0.302
2480,2983,0.208
2480,3762,0.238
2480,4248,0.262
2480,4503,0.286
2480,4584,0.255
2480,4926,0.386
2480,5386,0.445
2481,3851,0.205
2481,5303,0.238
2481,5526,0.218
2481,5598,0.414
2481,5636,0.24
2482,2588,0.3
2482,3636,0.225
2482,3824,0.228
2482,3903,0.256
2482,4235,0.217
2482,4847,0.249
2482,4897,0.212
2482,5180,0.217
2482,5336,0.26
2486,2913,0.229
2486,3349,0.222
2486,3385,0.222
2486,3447,0.216
2486,3518,0.302
2486,3621,0.247
2486,4411,0.216
2486,4651,0.363
2486,4819,0.212
2486,4918,0.232
2486,5025,0.208
2486,5088,0.233
2486,5402,0.253
2486,5449,0.283
2487,5148,0.207
2488,4009,0.216
2488,4123,0.214
2488,4808,0.233
2491,3937,0.201
2491,5301,0.301
2491,5371,0.283
2491,5394,0.269
2491,5454,0.238
2492,2675,0.467
2492,2696,0.328
2492,2982,0.208
2492,3039,0.402
2492,3276,0.272
2492,3711,0.6
2492,3878,0.578
2492,3989,0.494
2492,4051,0.219
2492,4218,0.612
2492,4499,0.242
2492,4583,0.6
2492,4587,0.257
2492,4665,0.26
2492,4878,0.451
2492,4922,0.205
2492,5051,0.204
2492,5477,0.325
2493,2497,0.315
2493,2569,0.361
2493,2641,0.277
2493,2943,0.253
2493,2978,0.277
2493,3360,0.214
2493,3534,0.389
2493,3708,0.204
2493,3737,0.216
2493,3744,0.329
2493,3750,0.396
2493,3773,0.278
2493,4004,0.231
2493,4180,0.221
2493,4356,0.208
2493,4402,0.208
2493,4440,0.343
2493,4556,0.306
2493,4568,0.222
2493,4577,0.234
2493,4761,0.233
2493,4797,0.394
2493,4876,0.257
2493,4894,0.274
2493,5316,0.21
2493,5326,0.253
2493,5618,0.314
2494,3861,0.22
2494,5581,0.263
2495,2584,0.201
2495,2682,0.227
2495,2953,0.254
2495,3082,0.21
2495,3100,0.225
2495,3173,0.287
2495,3381,0.221
2495,3592,0.286
2495,3696,0.276
2495,3814,0.328
2495,3836,0.248
2495,3848,0.277
2495,4248,0.228
2495,4342,0.28
2495,4355,0.432
2495,4419,0.488
2495,4951,0.259
2495,5173,0.362
2495,5204,0.365
2495,5431,0.22
2495,5616,0.258
2497,2569,0.213
2497,2700,0.244
2497,2858,0.298
2497,2941,0.225
2497,2959,0.234
2497,2978,0.527
2497,3006,0.206
2497,3033,0.284
2497,3052,0.335
2497,3144,0.242
2497,3272,0.267
2497,3401,0.215
2497,3448,0.222
2497,3497,0.286
2497,3629,0.268
2497,3708,0.411
2497,3737,0.236
2497,4130,0.211
2497,4180,0.353
2497,4287,0.216
2497,4346,0.381
2497,4383,0.271
2497,4577,0.42
2497,4707,0.352
2497,4746,0.248
2497,4776,0.364
2497,4797,0.205
2497,4876,0.506
2497,4945,0.358
2497,4957,0.246
2497,5208,0.201
2497,5315,0.302
2497,5326,0.352
2497,5551,0.214
2497,5618,0.477
2497,5621,0.214
2498,2706,0.233
2498,3536,0.235
2498,3544,0.249
2498,5386,0.205
2499,5174,0.205
2499,5558,0.202
2501,2662,0.212
2501,3107,0.219
2501,3581,0.381
2502,2568,0.335
2502,2732,0.416
2502,2801,0.311
2502,2806,0.287
2502,2844,0.3
2502,2922,0.269
2502,3080,0.233
2502,3275,0.332
2502,3298,0.226
2502,3318,0.242
2502,3340,0.244
2502,3450,0.244
2502,3578,0.282
2502,3786,0.201
2502,3923,0.371
2502,3992,0.358
2502,4217,0.211
2502,4226,0.38
2502,4361,0.21
2502,4433,0.354
2502,4676,0.362
2502,4782,0.302
2502,4857,0.561
2502,4903,0.277
2502,5087,0.612
2502,5141,0.437
2502,5243,0.26
2502,5263,0.27
2502,5290,0.202
2502,5473,0.271
2503,3933,0.212
2505,2865,0.219
2505,3120,0.219
2505,3954,0.203
2505,3996,0.289
2505,4000,0.26
2505,4773,0.308
2505,4792,0.294
2507,4474,0.261
2507,4599,0.334
2508,3290,0.222
2508,3618,0.221
2508,3928,0.219
2508,4553,0.22
2508,4999,0.3
2509,4755,0.313
2510,2551,0.221
2510,2669,0.214
2510,3104,0.214
2510,3130,0.292
2510,3500,0.207
2510,3682,0.204
2510,4005,0.275
2510,4240,0.334
2510,4344,0.243
2510,4528,0.234
2510,5280,0.201
2510,5584,0.335
2510,5596,0.259
2510,5627,0.252
2511,2581,0.289
2511,3643,0.332
2511,4521,0.503
2511,4589,0.211
2511,4949,0.36
2513,2622,0.203
2513,3448,0.223
2513,3708,0.224
2513,3737,0.225
2513,4068,0.23
2513,4133,0.287
2513,4302,0.203
2513,5315,0.253
2513,5557,0.204
2514,2600,0.213
2514,2816,0.219
2514,2867,0.281
2514,2901,0.224
2514,2989,0.242
2514,3204,0.247
2514,3336,0.243
2514,3349,0.29
2514,3418,0.202
2514,3447,0.294
2514,3519,0.253
2514,3621,0.362
2514,3931,0.34
2514,4064,0.272
2514,4245,0.254
2514,4354,0.231
2514,4411,0.436
2514,4590,0.207
2514,4860,0.339
2514,4918,0.28
2514,5025,0.267
2514,5088,0.356
2514,5118,0.246
2514,5392,0.229
2514,5402,0.333
2514,5449,0.246
2514,5519,0.236
2516,2524,0.397
2516,2647,0.219
2516,2702,0.226
2516,2886,0.27
2516,3022,0.224
2516,3152,0.341
2516,3669,0.319
2516,3679,0.249
2516,3731,0.314
2516,3761,0.236
2516,3870,0.299
2516,4435,0.213
2516,4454,0.296
2516,4641,0.262
2516,4809,0.247
2516,4888,0.237
2516,4926,0.215
2516,4952,0.204
2516,5117,0.239
2516,5607,0.201
2518,3198,0.203
2518,3616,0.235
2518,4068,0.58
2518,5366,0.219
2520,2558,0.286
2520,2805,0.224
2520,3100,0.317
2520,3181,0.204
2520,3448,0.281
2520,3534,0.201
2520,3657,0.246
2520,3703,0.348
2520,4234,0.339
2520,4373,0.219
2520,5315,0.228
2521,2846,0.344
2521,3232,0.258
2521,3416,0.241
2521,3527,0.225
2521,4179,0.258
2521,4257,0.213
2521,4419,0.237
2521,4550,0.271
2521,4621,0.448
2521,5300,0.393
2521,5357,0.229
2521,5581,0.255
2524,2702,0.257
2524,2938,0.287
2524,3073,0.307
2524,3150,0.308
2524,3152,0.328
2524,3193,0.461
2524,3299,0.34
2524,3669,0.203
2524,3676,0.217
2524,3679,0.443
2524,3731,0.27
2524,3889,0.23
2524,3898,0.226
2524,3963,0.253
2524,4237,0.327
2524,4377,0.218
2524,4454,0.313
2524,4555,0.396
2524,4761,0.289
2524,4905,0.353
2524,4907,0.272
2524,5145,0.308
2524,5537,0.268
2524,5549,0.281
2525,2549,0.209
2525,2586,0.209
2525,2609,0.617
2525,2763,0.405
2525,2858,0.315
2525,2896,0.224
2525,2959,0.219
2525,3145,0.272
2525,3272,0.239
2525,3497,0.252
2525,3985,0.224
2525,4177,0.271
2525,4287,0.234
2525,4383,0.251
2525,4550,0.278
2525,4577,0.328
2525,4627,0.279
2525,4707,0.349
2525,4776,0.237
2525,4876,0.212
2525,4910,0.303
2525,5227,0.442
2525,5308,0.214
2525,5431,0.215
2525,5535,0.234
2525,5565,0.453
2526,3290,0.202
2526,3432,0.245
2526,3618,0.231
2526,3772,0.201
2526,3928,0.256
2526,4553,0.208
2526,4793,0.209
2526,4855,0.207
2526,4999,0.351
2526,5089,0.222
2526,5548,0.253
2527,3186,0.202
2527,5019,0.237
2528,3299,0.221
2528,3435,0.233
2528,4637,0.26
2530,4112,0.247
2530,5577,0.486
2532,2701,0.212
2532,2734,0.218
2532,2841,0.212
2532,3284,0.242
2532,3306,0.204
2532,3437,0.207
2532,3771,0.258
2532,4662,0.353
2532,4846,0.206
2532,5198,0.287
2532,5432,0.249
2533,2942,0.206
2533,3248,0.257
2533,3308,0.21
2533,3949,0.249
2533,4360,0.213
2533,4972,0.257
2533,5249,0.403
2533,5356,0.271
2533,5603,0.277
2533,5611,0.265
2535,5107,0.433
2535,5323,0.215
2538,5596,0.201
2540,2611,0.202
2540,3373,0.258
2540,3741,0.674
2540,3784,0.264
2540,4119,0.361
2540,4127,0.431
2540,4553,0.473
2540,5310,0.334
2540,5463,0.379
2541,2618,0.351
2541,2684,0.31
2541,2884,0.284
2541,4402,0.202
2541,4518,0.257
2541,4837,0.374
2541,5395,0.215
2543,4201,0.26
2543,5467,0.203
2545,4941,0.217
2546,3726,0.234
2546,3956,0.205
2546,4000,0.387
2546,4152,0.23
2546,5512,0.328
2547,2621,0.224
2547,2752,0.484
2547,3334,0.464
2547,4601,0.401
2547,5101,0.242
2547,5311,0.501
2548,3120,0.266
2548,3261,0.263
2548,3374,0.308
2548,3444,0.312
2548,3498,0.233
2548,3640,0.261
2548,3771,0.324
2548,3791,0.218
2548,3954,0.244
2548,5011,0.243
2548,5444,0.26
2548,5556,0.209
2549,4881,0.222
2549,5051,0.33
2549,5227,0.261
2549,5565,0.287
2550,2701,0.217
2550,2992,0.22
2550,4631,0.238
2550,4897,0.207
2550,5048,0.304
2550,5591,0.268
2551,2838,0.243
2551,3480,0.201
2551,3814,0.244
2551,4005,0.217
2551,4139,0.273
2551,4319,0.231
2551,4624,0.298
2551,5025,0.201
2551,5146,0.221
2551,5596,0.248
2551,5627,0.314
2552,5219,0.331
2554,2600,0.259
2554,2655,0.25
2554,2867,0.208
2554,2970,0.223
2554,3192,0.208
2554,3204,0.315
2554,3583,0.205
2554,3838,0.311
2554,4047,0.305
2554,4122,0.208
2554,4245,0.329
2554,4354,0.36
2554,4403,0.208
2554,4588,0.289
2554,4803,0.283
2554,4946,0.215
2554,5397,0.232
2555,3556,0.35
2555,4198,0.224
2555,4384,0.402
2556,2668,0.213
2556,2767,0.284
2556,3562,0.34
2556,3855,0.206
2556,4533,0.263
2556,4715,0.246
2556,4771,0.24
2556,5305,0.222
2558,3448,0.313
2558,3703,0.288
2558,4234,0.386
2559,2714,0.26
2559,5238,0.256
2560,2818,0.278
2560,3076,0.221
2560,3119,0.286
2560,3366,0.28
2560,3504,0.206
2560,3893,0.202
2560,4046,0.281
2560,4198,0.277
2560,4326,0.234
2560,4460,0.279
2560,4464,0.468
2560,4510,0.232
2560,4548,0.263
2560,4828,0.242
2560,4877,0.215
2562,3233,0.236
2562,4276,0.273
2563,2894,0.221
2563,4669,0.226
2563,5637,0.298
2565,4792,0.236
2565,5486,0.221
2566,4658,0.397
2566,5178,0.338
2567,3883,0.215
2567,4723,0.275
2568,2671,0.211
2568,2801,0.232
2568,2806,0.285
2568,2922,0.283
2568,3159,0.203
2568,3275,0.205
2568,3318,0.226
2568,3578,0.211
2568,3923,0.284
2568,4306,0.217
2568,4361,0.22
2568,4569,0.224
2568,4691,0.205
2568,4782,0.338
2568,4903,0.324
2568,5263,0.273
2569,2641,0.261
2569,2669,0.279
2569,2971,0.384
2569,2978,0.201
2569,3029,0.262
2569,3052,0.217
2569,3360,0.23
2569,3534,0.25
2569,3560,0.239
2569,3750,0.272
2569,4004,0.355
2569,4356,0.244
2569,4440,0.308
2569,4556,0.283
2569,4746,0.219
2569,4761,0.237
2569,4797,0.336
2569,4828,0.227
2569,4894,0.294
2569,4945,0.22
2569,4957,0.252
2569,5037,0.205
2569,5090,0.223
2569,5134,0.204
2569,5315,0.293
2569,5316,0.315
2569,5326,0.249
2569,5334,0.294
2570,4571,0.268
2573,2854,0.221
2573,3602,0.204
2573,4999,0.227
2574,4847,0.238
2574,5474,0.231
2576,2972,0.302
2576,3502,0.309
2577,3844,0.223
2579,2617,0.266
2579,3382,0.247
2579,3481,0.252
2579,3672,0.211
2579,3800,0.263
2579,4037,0.261
2579,4263,0.243
2579,4527,0.214
2579,4667,0.284
2580,5044,0.201
2581,3379,0.242
2581,3785,0.211
2581,5446,0.213
2582,2815,0.263
2582,3292,0.299
2582,3318,0.233
2582,5425,0.31
2583,5311,0.262
2584,2902,0.208
2584,2949,0.314
2584,3173,0.227
2584,3592,0.289
2584,3814,0.276
2584,4419,0.357
2584,5173,0.253
2585,3014,0.213
2585,3699,0.301
2585,4891,0.234
2585,5064,0.21
2586,2609,0.233
2586,2763,0.241
2586,4948,0.209
2587,2672,0.205
2587,2870,0.505
2587,3245,0.361
2587,3370,0.319
2587,4441,0.221
2588,2650,0.548
2588,2743,0.201
2588,3275,0.248
2588,3408,0.239
2588,3421,0.303
2588,3491,0.283
2588,3526,0.201
2588,3546,0.255
2588,3636,0.39
2588,3728,0.36
2588,3729,0.497
2588,3767,0.358
2588,3810,0.335
2588,3824,0.402
2588,3836,0.213
2588,3903,0.25
2588,4041,0.502
2588,4222,0.345
2588,4235,0.562
2588,4261,0.21
2588,4297,0.288
2588,4363,0.521
2588,4364,0.256
2588,4483,0.283
2588,4586,0.262
2588,4612,0.368
2588,4688,0.316
2588,4700,0.568
2588,4758,0.447
2588,4847,0.329
2588,5180,0.449
2588,5321,0.524
2588,5336,0.295
2588,5448,0.59
2588,5604,0.548
2590,3102,0.221
2590,4281,0.233
2592,3165,0.461
2592,4077,0.286
2592,4621,0.24
2592,4746,0.491
2592,4770,0.291
2592,5174,0.213
2592,5242,0.3
2592,5300,0.204
2592,5524,0.52
2592,5633,0.215
2593,2732,0.264
2593,2791,0.33
2593,2947,0.242
2593,3021,0.233
2593,3135,0.229
2593,3372,0.235
2593,3958,0.219
2593,4390,0.263
2593,4826,0.201
2593,5019,0.232
2593,5098,0.201
2593,5530,0.219
2594,5546,0.214
2595,2629,0.226
2595,2852,0.426
2595,3332,0.26
2595,3351,0.253
2595,3484,0.225
2595,3951,0.479
2595,4065,0.454
2595,4517,0.228
2595,4649,0.568
2595,4984,0.217
2596,2635,0.254
2596,5516,0.241
2598,2776,0.273
2598,3235,0.241
2598,3959,0.239
2598,4177,0.241
2598,4197,0.226
2598,4287,0.218
2598,4599,0.233
2598,5628,0.274
2599,3535,0.226
2600,2621,0.203
2600,2655,0.553
2600,2676,0.248
2600,2690,0.205
2600,2867,0.338
2600,2898,0.251
2600,2970,0.53
2600,2993,0.237
2600,3192,0.273
2600,3204,0.266
2600,3349,0.319
2600,3447,0.272
2600,3621,0.393
2600,3631,0.246
2600,3838,0.282
2600,3931,0.236
2600,4047,0.344
2600,4064,0.22
2600,4067,0.234
2600,4122,0.681
2600,4245,0.322
2600,4308,0.246
2600,4309,0.218
2600,4354,0.441
2600,4403,0.428
2600,4411,0.268
2600,4447,0.22
2600,4588,0.355
2600,4803,0.242
2600,4860,0.253
2600,4918,0.216
2600,4946,0.226
2600,4986,0.227
2600,5025,0.208
2600,5088,0.281
2600,5392,0.24
2600,5449,0.301
2600,5583,0.237
2601,3098,0.282
2601,4656,0.254
2601,5232,0.226
2602,4189,0.311
2602,5015,0.284
2602,5107,0.241
2602,5166,0.21
2603,2888,0.223
2603,3475,0.297
2603,4188,0.203
2604,2611,0.243
2605,4276,0.216
2607,3012,0.456
2607,3780,0.562
2607,3829,0.368
2607,4644,0.384
2608,3031,0.255
2608,3107,0.343
2608,3743,0.286
2608,3910,0.224
2608,3993,0.376
2608,4252,0.238
2608,5372,0.22
2609,2708,0.235
2609,2763,0.407
2609,2858,0.287
2609,2959,0.228
2609,2978,0.22
2609,3145,0.207
2609,3215,0.207
2609,3272,0.273
2609,3497,0.336
2609,3985,0.243
2609,4177,0.253
2609,4287,0.216
2609,4383,0.273
2609,4550,0.26
2609,4577,0.364
2609,4627,0.262
2609,4707,0.326
2609,4732,0.217
2609,4776,0.232
2609,4876,0.232
2609,4910,0.321
2609,5051,0.215
2609,5227,0.478
2609,5308,0.233
2609,5431,0.246
2609,5535,0.23
2609,5565,0.468
2609,5618,0.249
2610,2678,0.206
2611,2796,0.251
2611,3373,0.228
2611,3741,0.22
2611,5310,0.276
2611,5463,0.228
2611,5561,0.304
2611,5636,0.28
2614,2641,0.328
2614,2665,0.432
2614,2812,0.34
2614,2902,0.298
2614,3129,0.479
2614,3172,0.373
2614,3360,0.457
2614,4069,0.371
2614,4293,0.363
2614,4356,0.474
2614,4402,0.247
2614,4482,0.469
2614,4556,0.386
2614,4664,0.37
2614,4768,0.539
2614,4774,0.423
2614,4827,0.531
2614,4894,0.458
2614,4924,0.451
2614,4980,0.478
2614,5037,0.413
2614,5409,0.621
2614,5413,0.236
2614,5442,0.486
2614,5458,0.516
2616,2875,0.21
2616,3453,0.201
2616,4032,0.201
2616,5107,0.315
2617,2853,0.244
2617,3090,0.216
2617,3382,0.432
2617,3481,0.321
2617,4037,0.268
2617,4263,0.26
2617,4425,0.223
2617,4667,0.305
2617,4886,0.278
2617,5078,0.239
2617,5576,0.247
2617,5602,0.241
2618,2684,0.385
2618,2884,0.284
2618,4518,0.372
2618,4837,0.256
2619,2864,0.328
2619,2966,0.223
2619,2993,0.254
2619,3223,0.51
2619,3477,0.3
2619,3490,0.232
2619,4424,0.272
2619,4447,0.282
2619,4604,0.31
2619,5155,0.237
2619,5277,0.289
2619,5371,0.224
2619,5383,0.237
2619,5532,0.218
2619,5567,0.23
2620,3455,0.53
2620,4556,0.232
2621,2687,0.34
2621,2966,0.274
2621,2993,0.283
2621,3058,0.229
2621,3079,0.228
2621,3243,0.248
2621,3459,0.296
2621,3626,0.288
2621,4029,0.286
2621,4128,0.223
2621,4344,0.24
2621,4749,0.206
2621,5155,0.264
2622,2885,0.208
2622,2941,0.324
2622,2977,0.261
2622,2978,0.242
2622,3219,0.262
2622,3401,0.459
2622,3448,0.211
2622,3452,0.221
2622,3563,0.218
2622,3708,0.247
2622,4133,0.202
2622,4228,0.293
2622,4302,0.275
2622,4318,0.22
2622,4876,0.215
2622,5193,0.234
2622,5618,0.237
2626,3455,0.261
2626,3688,0.255
2626,4553,0.215
2626,5548,0.328
2627,2676,0.207
2627,2738,0.203
2627,2765,0.231
2627,2966,0.249
2627,3685,0.373
2627,3727,0.262
2627,3847,0.259
2627,4060,0.214
2627,4207,0.282
2627,4546,0.289
2627,4604,0.226
2627,5155,0.236
2627,5277,0.331
2627,5462,0.233
2627,5593,0.327
2628,2871,0.252
2628,3395,0.204
2628,3425,0.209
2628,4042,0.209
2629,3086,0.63
2629,3332,0.679
2629,3351,0.745
2629,3420,0.402
2629,3626,0.209
2629,4282,0.206
2629,4334,0.224
2629,4378,0.28
2629,4517,0.721
2629,4546,0.238
2629,4576,0.216
2629,4604,0.243
2629,4649,0.244
2629,4749,0.204
2629,4900,0.504
2629,5584,0.218
2629,5596,0.205
2631,3104,0.203
2631,3154,0.207
2631,3419,0.247
2631,4682,0.224
2631,4896,0.23
2631,5176,0.219
2632,5447,0.351
2635,4394,0.21
2635,5516,0.259
2638,3432,0.205
2638,4999,0.202
2638,5497,0.202
2640,4410,0.229
2641,2665,0.339
2641,2902,0.288
2641,2971,0.208
2641,3129,0.283
2641,3150,0.3
2641,3172,0.305
2641,3173,0.209
2641,3360,0.451
2641,3497,0.219
2641,3534,0.232
2641,3750,0.241
2641,4356,0.411
2641,4388,0.292
2641,4440,0.23
2641,4482,0.235
2641,4556,0.44
2641,4664,0.221
2641,4768,0.277
2641,4774,0.322
2641,4797,0.271
2641,4827,0.351
2641,4894,0.63
2641,4980,0.324
2641,5037,0.345
2641,5316,0.224
2641,5409,0.292
2641,5431,0.217
2641,5442,0.413
2641,5458,0.218
2641,5616,0.211
2641,5618,0.21
2642,3222,0.319
2643,3032,0.212
2643,3498,0.205
2643,3640,0.235
2643,3791,0.208
2643,5444,0.258
2644,5030,0.222
2645,3474,0.201
2645,4521,0.221
2645,5087,0.201
2646,2894,0.317
2646,3091,0.23
2646,3124,0.204
2646,3965,0.227
2646,3966,0.26
2646,4375,0.21
2646,5380,0.242
2647,3022,0.278
2647,3155,0.204
2647,3669,0.243
2647,3732,0.202
2647,3761,0.23
2647,3870,0.313
2647,3909,0.21
2647,4197,0.246
2647,4435,0.304
2647,4641,0.251
2647,4888,0.249
2647,5147,0.226
2647,5406,0.253
2647,5607,0.214
2648,3799,0.231
2648,4591,0.283
2648,4967,0.428
2648,5572,0.227
2650,3181,0.233
2650,3408,0.205
2650,3526,0.295
2650,3546,0.47
2650,3728,0.228
2650,3729,0.376
2650,3824,0.259
2650,3836,0.263
2650,3848,0.201
2650,4041,0.393
2650,4235,0.469
2650,4261,0.267
2650,4297,0.204
2650,4363,0.472
2650,4495,0.23
2650,4586,0.47
2650,4612,0.33
2650,4688,0.234
2650,4700,0.422
2650,4758,0.463
2650,4965,0.243
2650,5180,0.327
2650,5321,0.461
2650,5448,0.494
2650,5604,0.461
2651,2920,0.289
2651,2970,0.207
2651,4128,0.24
2651,4325,0.62
2651,4344,0.221
2651,5146,0.201
2651,5385,0.212
2652,3598,0.207
2652,5086,0.207
2652,5634,0.358
2655,2690,0.224
2655,2867,0.374
2655,2970,0.496
2655,3165,0.225
2655,3192,0.271
2655,3204,0.295
2655,3447,0.221
2655,3583,0.202
2655,3621,0.356
2655,3838,0.218
2655,4047,0.324
2655,4122,0.575
2655,4126,0.214
2655,4245,0.35
2655,4308,0.25
2655,4354,0.354
2655,5025,0.205
2655,5088,0.217
2655,5392,0.213
2656,3814,0.238
2657,3352,0.219
2657,3481,0.274
2657,3800,0.204
2657,5342,0.232
2659,4688,0.22
2660,3983,0.221
2662,2683,0.483
2662,2747,0.56
2662,2750,0.208
2662,2941,0.27
2662,2977,0.209
2662,2990,0.208
2662,3004,0.268
2662,3052,0.231
2662,3062,0.221
2662,3084,0.532
2662,3250,0.218
2662,3387,0.278
2662,3395,0.208
2662,3401,0.278
2662,3410,0.209
2662,3497,0.226
2662,3626,0.23
2662,3637,0.23
2662,3708,0.355
2662,3737,0.566
2662,3861,0.341
2662,3934,0.234
2662,4097,0.224
2662,4130,0.475
2662,4302,0.318
2662,4318,0.204
2662,4492,0.204
2662,4873,0.231
2662,4889,0.328
2662,4939,0.226
2662,4983,0.278
2662,5167,0.261
2662,5315,0.378
2662,5326,0.255
2662,5362,0.24
2662,5551,0.287
2662,5557,0.375
2662,5640,0.237
2663,3618,0.282
2663,4999,0.201
2664,2799,0.511
2664,4970,0.595
2664,5316,0.215
2665,2812,0.216
2665,2902,0.277
2665,3129,0.293
2665,3172,0.407
2665,3360,0.432
2665,4069,0.301
2665,4293,0.289
2665,4356,0.441
2665,4482,0.386
2665,4556,0.35
2665,4664,0.234
2665,4768,0.398
2665,4774,0.269
2665,4827,0.372
2665,4894,0.445
2665,4924,0.349
2665,4980,0.412
2665,5037,0.417
2665,5409,0.297
2665,5442,0.428
2665,5458,0.212
2668,2756,0.206
2668,2767,0.36
2668,2989,0.28
2668,3050,0.24
2668,3136,0.303
2668,3438,0.219
2668,3480,0.212
2668,3583,0.244
2668,3632,0.299
2668,3839,0.238
2668,3855,0.296
2668,4064,0.237
2668,4221,0.268
2668,4245,0.205
2668,4300,0.203
2668,4308,0.236
2668,4533,0.244
2668,4567,0.239
2668,4638,0.271
2668,4684,0.203
2668,4715,0.247
2668,4771,0.323
2668,4819,0.294
2668,4864,0.208
2668,4946,0.314
2668,5305,0.693
2668,5318,0.249
2668,5365,0.246
2668,5402,0.231
2668,5470,0.206
2668,5575,0.247
2669,2805,0.294
2669,2971,0.203
2669,3534,0.223
2669,3560,0.276
2669,3681,0.268
2669,3695,0.238
2669,3696,0.237
2669,4468,0.408
2669,4703,0.356
2669,4828,0.275
2670,2828,0.564
2670,3685,0.201
2670,5163,0.399
2670,5366,0.201
2670,5426,0.261
2671,2940,0.278
2671,3159,0.281
2671,3275,0.312
2671,3923,0.202
2671,3992,0.342
2671,4226,0.307
2671,4903,0.206
2671,5141,0.236
2671,5243,0.315
2671,5304,0.231
2672,2870,0.215
2672,2979,0.265
2672,3227,0.231
2672,3839,0.204
2672,4002,0.213
2672,4971,0.218
2673,4071,0.252
2675,2696,0.232
2675,2982,0.254
2675,3035,0.272
2675,3039,0.361
2675,3276,0.209
2675,3711,0.233
2675,3878,0.393
2675,4051,0.469
2675,4138,0.472
2675,4218,0.461
2675,4583,0.5
2675,4953,0.204
2675,5477,0.286
2676,2722,0.41
2676,2738,0.416
2676,2817,0.325
2676,2828,0.254
2676,2956,0.317
2676,2966,0.392
2676,2993,0.469
2676,3058,0.496
2676,3223,0.246
2676,3229,0.501
2676,3347,0.247
2676,3393,0.39
2676,3613,0.553
2676,3685,0.249
2676,3727,0.382
2676,3812,0.394
2676,3847,0.326
2676,4060,0.353
2676,4067,0.235
2676,4074,0.229
2676,4207,0.265
2676,4309,0.291
2676,4447,0.545
2676,4546,0.255
2676,4604,0.405
2676,5091,0.339
2676,5155,0.409
2676,5163,0.203
2676,5277,0.498
2676,5567,0.346
2676,5592,0.301
2676,5593,0.201
2677,2905,0.231
2677,5033,0.297
2678,3157,0.269
2678,3630,0.269
2678,4093,0.474
2678,5080,0.202
2678,5377,0.381
2679,3008,0.218
2680,4664,0.201
2681,5130,0.207
2682,2819,0.323
2682,3328,0.243
2682,3516,0.282
2682,3564,0.313
2682,3833,0.245
2682,3848,0.293
2682,4038,0.271
2682,4630,0.279
2682,4774,0.26
2682,5173,0.204
2682,5248,0.363
2682,5458,0.211
2683,2747,0.479
2683,2941,0.221
2683,3004,0.334
2683,3084,0.389
2683,3387,0.201
2683,3401,0.223
2683,3708,0.276
2683,3737,0.477
2683,3861,0.303
2683,4130,0.451
2683,4302,0.25
2683,4417,0.203
2683,4889,0.391
2683,4983,0.237
2683,4984,0.206
2683,5043,0.22
2683,5167,0.233
2683,5315,0.252
2683,5551,0.209
2683,5557,0.385
2684,2884,0.325
2684,4402,0.246
2684,4518,0.299
2684,4837,0.304
2684,5326,0.211
2684,5395,0.202
2685,3741,0.304
2685,4348,0.213
2686,5086,0.216
2687,2776,0.231
2687,2809,0.394
2687,2840,0.33
2687,3459,0.311
2687,3591,0.253
2687,3682,0.353
2687,3696,0.206
2687,4270,0.24
2687,4282,0.208
2687,4344,0.218
2687,4412,0.231
2687,5133,0.265
2687,5384,0.227
2687,5385,0.727
2687,5424,0.236
2687,5597,0.282
2687,5609,0.322
2687,5627,0.348
2688,3431,0.331
2689,4284,0.223
2689,5401,0.212
2690,2773,0.21
2690,3349,0.245
2690,3447,0.218
2690,3621,0.213
2690,4122,0.201
2690,4245,0.209
2690,4424,0.246
2690,4590,0.326
2690,4819,0.216
2690,4918,0.21
2690,5025,0.231
2690,5088,0.274
2690,5392,0.327
2690,5449,0.237
2693,2913,0.201
2693,2989,0.327
2693,3136,0.294
2693,3137,0.341
2693,3161,0.271
2693,3265,0.376
2693,3281,0.229
2693,3385,0.247
2693,3418,0.262
2693,3480,0.241
2693,3632,0.281
2693,3783,0.277
2693,3816,0.257
2693,3913,0.249
2693,4024,0.201
2693,4279,0.209
2693,4285,0.207
2693,4295,0.229
2693,4319,0.223
2693,4400,0.231
2693,4567,0.324
2693,4684,0.262
2693,4692,0.226
2693,4715,0.202
2693,4767,0.245
2693,4864,0.257
2693,4946,0.254
2693,5312,0.221
2693,5317,0.217
2693,5319,0.268
2693,5397,0.215
2693,5470,0.246
2693,5498,0.322
2693,5570,0.226
2693,5571,0.208
2695,3820,0.214
2696,2982,0.275
2696,3711,0.272
2696,3878,0.366
2696,4051,0.234
2696,4201,0.339
2696,4218,0.393
2696,4583,0.363
2696,4878,0.238
2698,4092,0.203
2698,4302,0.22
2698,5326,0.201
2698,5557,0.21
2699,2918,0.209
2699,3076,0.279
2699,3131,0.261
2699,4117,0.253
2699,5154,0.207
2699,5591,0.242
2700,2763,0.266
2700,2858,0.26
2700,2959,0.237
2700,2978,0.358
2700,3003,0.217
2700,3006,0.306
2700,3052,0.271
2700,3272,0.288
2700,3985,0.267
2700,4180,0.245
2700,4346,0.285
2700,4383,0.234
2700,4577,0.359
2700,4707,0.49
2700,4732,0.215
2700,4776,0.318
2700,4876,0.378
2700,4957,0.237
2700,5227,0.235
2700,5492,0.299
2700,5565,0.227
2700,5618,0.405
2701,2734,0.205
2701,2901,0.341
2701,3187,0.204
2701,3208,0.261
2701,3299,0.324
2701,3444,0.201
2701,3515,0.294
2701,3653,0.205
2701,3684,0.228
2701,3898,0.281
2701,3955,0.21
2701,4129,0.368
2701,4558,0.203
2701,4631,0.25
2701,4871,0.451
2701,4897,0.209
2701,5048,0.3
2701,5591,0.228
2702,2734,0.307
2702,2775,0.248
2702,2938,0.208
2702,3073,0.472
2702,3193,0.247
2702,3205,0.22
2702,3469,0.204
2702,3676,0.267
2702,3679,0.297
2702,3731,0.341
2702,3889,0.281
2702,3963,0.235
2702,4140,0.201
2702,4237,0.26
2702,4377,0.515
2702,4502,0.211
2702,4555,0.224
2702,4829,0.218
2702,4905,0.26
2702,4911,0.249
2702,5145,0.218
2702,5549,0.226
2703,4289,0.325
2704,4790,0.21
2706,2846,0.545
2706,2951,0.253
2706,3155,0.277
2706,3536,0.225
2706,3544,0.224
2706,3926,0.311
2706,4225,0.219
2706,4248,0.219
2706,4258,0.253
2706,4419,0.264
2706,4503,0.275
2706,5252,0.202
2706,5381,0.227
2706,5386,0.217
2707,4495,0.205
2708,2858,0.25
2708,2959,0.268
2708,3006,0.217
2708,3497,0.285
2708,3714,0.286
2708,3959,0.38
2708,3985,0.373
2708,4177,0.312
2708,4346,0.207
2708,4348,0.21
2708,4383,0.267
2708,4550,0.333
2708,4707,0.292
2708,4732,0.316
2708,5316,0.204
2708,5535,0.201
2711,3699,0.217
2711,3862,0.211
2711,4891,0.217
2711,5260,0.224
2712,2741,0.321
2712,3013,0.238
2712,3245,0.206
2712,3279,0.321
2712,4988,0.212
2714,3620,0.291
2714,3992,0.231
2714,5163,0.219
2714,5238,0.404
2715,3755,0.281
2715,5373,0.205
2716,5250,0.33
2716,5359,0.32
2718,3469,0.252
2718,4161,0.203
2718,5463,0.217
2719,3200,0.309
2719,3213,0.23
2722,2738,0.211
2722,2817,0.454
2722,2956,0.331
2722,2966,0.241
2722,2993,0.392
2722,3058,0.429
2722,3223,0.218
2722,3229,0.54
2722,3347,0.322
2722,3393,0.456
2722,3431,0.204
2722,3613,0.337
2722,3812,0.508
2722,3847,0.21
2722,4060,0.212
2722,4067,0.266
2722,4074,0.218
2722,4309,0.215
2722,4401,0.227
2722,4447,0.32
2722,4546,0.216
2722,4706,0.321
2722,5091,0.457
2722,5155,0.244
2722,5277,0.24
2722,5567,0.207
2722,5592,0.229
2723,4430,0.203
2726,4017,0.213
2726,4893,0.249
2727,3400,0.207
2727,3855,0.236
2727,4567,0.229
2728,3091,0.214
2728,3124,0.216
2728,3965,0.212
2728,3966,0.258
2732,2791,0.245
2732,2801,0.255
2732,2806,0.307
2732,2844,0.219
2732,3080,0.27
2732,3275,0.225
2732,3318,0.264
2732,3340,0.22
2732,3450,0.243
2732,3923,0.277
2732,3992,0.371
2732,4226,0.337
2732,4433,0.323
2732,4569,0.202
2732,4676,0.364
2732,4691,0.299
2732,4857,0.524
2732,4990,0.201
2732,5087,0.697
2732,5141,0.353
2732,5243,0.273
2732,5262,0.22
2732,5290,0.289
2732,5473,0.259
2732,5589,0.277
2733,5276,0.268
2734,2901,0.258
2734,3284,0.263
2734,3382,0.226
2734,3653,0.412
2734,3676,0.202
2734,3684,0.267
2734,4377,0.59
2734,4558,0.658
2734,4829,0.219
2734,4871,0.235
2734,4911,0.565
2734,4941,0.229
2735,2875,0.237
2735,4032,0.326
2735,5541,0.282
2735,5577,0.202
2735,5613,0.219
2736,4571,0.234
2736,5628,0.217
2738,2864,0.206
2738,2956,0.217
2738,2966,0.332
2738,2970,0.239
2738,2993,0.501
2738,3058,0.345
2738,3223,0.258
2738,3229,0.204
2738,3347,0.287
2738,3351,0.226
2738,3393,0.245
2738,3613,0.324
2738,3685,0.293
2738,3727,0.453
2738,3812,0.218
2738,3847,0.498
2738,4060,0.314
2738,4309,0.254
2738,4447,0.4
2738,4517,0.23
2738,4529,0.208
2738,4546,0.205
2738,4586,0.239
2738,4604,0.326
2738,4901,0.246
2738,5155,0.42
2738,5277,0.301
2738,5593,0.434
2739,3842,0.219
2740,3089,0.327
2740,5113,0.228
2741,3015,0.267
2741,3305,0.349
2741,3873,0.216
2741,4850,0.235
2741,5491,0.385
2741,5574,0.245
2742,3595,0.333
2742,5504,0.234
2743,3275,0.297
2743,4688,0.205
2743,4934,0.258
2744,3290,0.308
2744,3432,0.221
2744,3772,0.248
2744,3928,0.215
2744,5548,0.229
2745,3617,0.232
2747,2750,0.235
2747,2843,0.215
2747,2941,0.309
2747,2977,0.223
2747,3004,0.268
2747,3084,0.595
2747,3387,0.395
2747,3401,0.286
2747,3402,0.203
2747,3410,0.203
2747,3626,0.207
2747,3637,0.239
2747,3708,0.369
2747,3737,0.566
2747,3861,0.368
2747,3934,0.212
2747,4130,0.533
2747,4302,0.32
2747,4318,0.204
2747,4889,0.264
2747,4939,0.237
2747,4983,0.232
2747,5043,0.234
2747,5167,0.231
2747,5301,0.205
2747,5315,0.247
2747,5362,0.26
2747,5551,0.278
2747,5557,0.349
2747,5640,0.203
2748,3472,0.424
2748,4123,0.232
2748,4663,0.238
2748,5624,0.226
2750,2869,0.314
2750,2941,0.243
2750,2977,0.309
2750,3084,0.206
2750,3219,0.305
2750,3387,0.439
2750,3401,0.251
2750,3402,0.278
2750,3410,0.64
2750,3637,0.298
2750,3708,0.323
2750,3737,0.533
2750,3934,0.246
2750,4097,0.45
2750,4130,0.256
2750,4302,0.206
2750,4373,0.234
2750,4873,0.355
2750,5043,0.206
2750,5307,0.215
2750,5315,0.203
2750,5326,0.208
2750,5362,0.206
2750,5551,0.481
2751,3400,0.204
2751,4314,0.224
2751,5365,0.251
2751,5564,0.207
2751,5572,0.241
2752,2760,0.242
2752,3334,0.513
2752,4601,0.445
2752,5311,0.537
2753,2961,0.253
2753,4160,0.216
2754,3120,0.221
2756,2767,0.358
2756,2925,0.222
2756,2960,0.41
2756,2989,0.295
2756,3136,0.286
2756,3184,0.272
2756,3336,0.387
2756,3389,0.29
2756,3480,0.231
2756,3485,0.22
2756,3632,0.329
2756,3855,0.254
2756,3873,0.222
2756,4198,0.218
2756,4279,0.256
2756,4326,0.225
2756,4426,0.222
2756,4533,0.289
2756,4567,0.286
2756,4684,0.241
2756,4767,0.204
2756,4771,0.225
2756,4946,0.211
2756,5105,0.265
2756,5312,0.25
2756,5317,0.252
2756,5318,0.208
2757,3400,0.208
2757,4782,0.215
2757,5141,0.202
2757,5501,0.203
2760,2920,0.247
2760,4128,0.287
2760,5101,0.27
2760,5311,0.203
2761,3051,0.238
2762,2786,0.215
2762,2823,0.205
2763,2858,0.37
2763,2959,0.334
2763,2978,0.312
2763,3052,0.359
2763,3272,0.257
2763,3283,0.202
2763,3291,0.344
2763,3372,0.281
2763,3497,0.302
2763,3696,0.216
2763,3985,0.228
2763,4177,0.252
2763,4346,0.258
2763,4383,0.402
2763,4419,0.203
2763,4550,0.327
2763,4577,0.314
2763,4627,0.246
2763,4707,0.397
2763,4732,0.212
2763,4776,0.271
2763,4876,0.285
2763,4910,0.357
2763,4951,0.228
2763,4991,0.214
2763,5051,0.201
2763,5227,0.37
2763,5308,0.251
2763,5316,0.201
2763,5431,0.227
2763,5492,0.24
2763,5535,0.261
2763,5565,0.441
2763,5618,0.312
2765,4153,0.209
2765,4207,0.202
2767,2792,0.319
2767,2904,0.209
2767,2925,0.323
2767,2960,0.271
2767,2989,0.496
2767,3050,0.372
2767,3136,0.343
2767,3161,0.207
2767,3184,0.341
2767,3281,0.361
2767,3336,0.294
2767,3389,0.535
2767,3418,0.224
2767,3438,0.366
2767,3480,0.489
2767,3510,0.347
2767,3632,0.387
2767,3665,0.351
2767,3705,0.205
2767,3783,0.225
2767,3816,0.257
2767,3839,0.206
2767,3855,0.502
2767,3873,0.207
2767,3907,0.208
2767,4279,0.428
2767,4285,0.351
2767,4421,0.201
2767,4426,0.22
2767,4533,0.483
2767,4567,0.492
2767,4638,0.325
2767,4684,0.452
2767,4715,0.314
2767,4767,0.399
2767,4771,0.385
2767,4850,0.228
2767,4864,0.39
2767,4946,0.483
2767,5105,0.313
2767,5124,0.291
2767,5259,0.407
2767,5305,0.346
2767,5312,0.325
2767,5317,0.236
2767,5365,0.218
2767,5440,0.204
2767,5489,0.275
2767,5498,0.296
2767,5568,0.223
2767,5570,0.351
2767,5571,0.525
2767,5575,0.231
2768,3206,0.216
2768,3490,0.21
2768,5301,0.305
2768,5558,0.265
2773,2882,0.215
2773,3204,0.219
2773,3349,0.211
2773,3447,0.223
2773,4064,0.256
2773,4403,0.208
2773,4803,0.318
2773,5025,0.216
2773,5088,0.25
2773,5392,0.239
2773,5402,0.368
2775,3721,0.234
2775,3739,0.221
2775,4281,0.235
2775,5223,0.245
2776,3173,0.411
2776,3381,0.217
2776,3497,0.231
2776,3696,0.3
2776,3714,0.206
2776,3836,0.241
2776,3939,0.209
2776,4197,0.202
2776,4342,0.262
2776,4419,0.222
2776,4948,0.226
2776,4951,0.282
2776,5173,0.276
2776,5384,0.215
2776,5616,0.205
2777,5303,0.413
2777,5526,0.203
2777,5598,0.236
2777,5612,0.335
2778,3186,0.203
2778,3455,0.245
2778,3884,0.215
2778,4971,0.248
2778,5062,0.213
2778,5548,0.223
2781,4040,0.221
2781,4136,0.203
2782,2813,0.252
2782,2925,0.217
2782,3292,0.266
2783,3532,0.359
2783,3799,0.252
2783,4001,0.241
2783,4014,0.336
2783,4438,0.226
2783,5365,0.243
2783,5572,0.258
2784,3290,0.268
2784,3965,0.245
2784,5548,0.217
2786,3726,0.245
2786,4286,0.222
2786,4663,0.22
2786,4689,0.21
2786,4759,0.208
2786,4846,0.241
2786,5559,0.281
2787,4645,0.362
2787,5514,0.217
2788,4021,0.23
2788,4672,0.206
2789,4582,0.273
2791,3259,0.201
2791,4575,0.202
2791,5530,0.221
2791,5589,0.204
2792,2925,0.205
2792,2989,0.285
2792,3161,0.237
2792,3184,0.226
2792,3281,0.412
2792,3389,0.232
2792,3418,0.251
2792,3480,0.255
2792,3632,0.216
2792,3816,0.248
2792,3855,0.251
2792,4279,0.384
2792,4319,0.202
2792,4567,0.239
2792,4684,0.303
2792,4767,0.285
2792,4864,0.237
2792,4946,0.269
2792,5259,0.213
2792,5312,0.277
2792,5568,0.295
2792,5570,0.305
2792,5571,0.379
2795,5110,0.276
2796,2875,0.251
2796,2915,0.366
2796,2937,0.294
2796,3056,0.256
2796,3226,0.312
2796,4148,0.444
2796,4523,0.251
2796,4799,0.225
2796,5178,0.251
2796,5526,0.246
2796,5561,0.306
2796,5636,0.26
2797,4189,0.213
2797,4469,0.202
2797,5015,0.213
2799,3499,0.202
2799,4002,0.201
2799,4970,0.6
2801,2806,0.368
2801,2922,0.329
2801,3159,0.294
2801,3275,0.28
2801,3318,0.341
2801,3345,0.211
2801,3450,0.28
2801,3474,0.245
2801,3578,0.334
2801,3712,0.232
2801,3786,0.204
2801,3923,0.408
2801,3961,0.261
2801,4066,0.239
2801,4098,0.211
2801,4226,0.254
2801,4361,0.361
2801,4676,0.295
2801,4682,0.214
2801,4691,0.267
2801,4782,0.512
2801,4794,0.246
2801,4857,0.317
2801,4903,0.371
2801,5087,0.327
2801,5141,0.452
2801,5174,0.368
2801,5243,0.434
2801,5263,0.438
2801,5270,0.205
2801,5290,0.226
2801,5304,0.227
2802,3832,0.204
2802,4902,0.214
2804,5255,0.277
2805,3320,0.214
2805,3560,0.207
2805,4004,0.22
2805,4014,0.251
2805,4388,0.219
2805,4468,0.627
2805,4703,0.673
2805,4828,0.253
2805,4957,0.219
2806,3340,0.247
2806,3450,0.238
2806,3723,0.204
2806,3923,0.318
2806,3992,0.359
2806,4182,0.236
2806,4187,0.235
2806,4226,0.309
2806,4433,0.223
2806,4676,0.333
2806,4782,0.233
2806,4857,0.328
2806,5087,0.393
2806,5141,0.283
2806,5243,0.375
2806,5290,0.33
2807,3016,0.235
2809,3533,0.24
2809,4703,0.248
2810,4677,0.311
2811,4194,0.212
2812,2902,0.249
2812,3129,0.213
2812,3172,0.309
2812,3232,0.206
2812,3328,0.221
2812,3360,0.378
2812,4069,0.478
2812,4293,0.499
2812,4356,0.359
2812,4402,0.245
2812,4556,0.524
2812,4664,0.228
2812,4679,0.225
2812,4768,0.274
2812,4774,0.486
2812,4827,0.294
2812,4894,0.348
2812,4924,0.269
2812,5037,0.352
2812,5409,0.576
2812,5442,0.257
2812,5458,0.438
2812,5629,0.263
2813,3029,0.264
2813,3256,0.238
2813,3436,0.257
2813,4511,0.208
2813,4617,0.365
2813,4815,0.207
2813,4818,0.268
2813,5100,0.207
2813,5489,0.208
2813,5595,0.376
2814,3200,0.266
2814,3204,0.212
2814,3621,0.205
2814,3631,0.268
2814,3785,0.23
2814,4064,0.205
2814,4245,0.204
2814,4645,0.288
2814,4918,0.217
2814,5025,0.272
2814,5449,0.211
2814,5627,0.204
2816,3137,0.201
2816,3336,0.212
2816,5088,0.216
2816,5562,0.227
2816,5568,0.203
2816,5575,0.267
2817,2956,0.387
2817,2966,0.281
2817,2993,0.353
2817,3058,0.4
2817,3229,0.445
2817,3347,0.296
2817,3393,0.553
2817,3613,0.277
2817,3727,0.215
2817,3812,0.368
2817,3847,0.225
2817,4067,0.458
2817,4424,0.239
2817,4706,0.37
2817,5091,0.519
2817,5155,0.315
2817,5567,0.277
2817,5592,0.217
2818,3076,0.371
2818,3131,0.244
2818,3211,0.354
2818,3366,0.238
2818,3504,0.32
2818,3779,0.207
2818,3893,0.299
2818,4006,0.242
2818,4096,0.315
2818,4104,0.221
2818,4198,0.445
2818,4426,0.332
2818,4460,0.205
2818,4464,0.295
2818,4600,0.389
2818,5068,0.216
2818,5149,0.312
2818,5154,0.282
2818,5184,0.209
2818,5568,0.209
2819,2901,0.281
2819,2930,0.258
2819,3564,0.217
2819,3833,0.388
2819,4038,0.242
2819,4402,0.218
2819,4633,0.211
2819,4774,0.275
2819,4840,0.23
2819,5048,0.234
2819,5326,0.279
2819,5472,0.258
2820,3276,0.219
2820,4348,0.221
2821,3842,0.26
2821,5468,0.222
2822,3441,0.205
2823,4207,0.229
2823,4546,0.232
2823,4604,0.244
2823,5277,0.253
2824,3500,0.22
2824,3728,0.205
2824,4363,0.208
2824,4379,0.204
2824,4758,0.26
2824,5423,0.204
2825,3884,0.563
2825,5026,0.218
2825,5062,0.214
2828,2966,0.249
2828,2993,0.297
2828,3685,0.251
2828,3727,0.204
2828,3847,0.245
2828,4424,0.213
2828,5155,0.246
2828,5163,0.541
2828,5426,0.33
2828,5567,0.223
2829,3366,0.218
2829,4184,0.201
2831,5185,0.211
2831,5635,0.226
2832,5579,0.4
2836,3214,0.236
2836,4286,0.214
2836,4663,0.268
2836,5340,0.231
2836,5373,0.224
2836,5500,0.267
2837,3321,0.209
2838,4005,0.264
2838,5596,0.271
2840,3399,0.248
2840,3459,0.272
2840,4270,0.223
2840,4349,0.206
2840,5133,0.21
2840,5385,0.47
2840,5609,0.216
2840,5627,0.368
2841,3437,0.472
2841,3792,0.21
2841,4505,0.268
2841,4662,0.268
2841,4846,0.5
2841,5198,0.472
2841,5556,0.323
2842,5501,0.257
2843,2977,0.273
2843,3323,0.212
2843,3402,0.352
2843,3637,0.251
2843,3708,0.272
2843,3934,0.263
2843,4097,0.355
2844,2922,0.266
2844,3080,0.491
2844,3159,0.202
2844,3275,0.261
2844,3318,0.379
2844,3612,0.253
2844,3827,0.355
2844,4188,0.208
2844,4217,0.43
2844,4226,0.259
2844,4306,0.296
2844,4433,0.204
2844,4676,0.21
2844,4756,0.221
2844,4782,0.319
2844,4794,0.221
2844,4826,0.217
2844,4857,0.398
2844,4903,0.347
2844,4959,0.281
2844,5087,0.419
2844,5141,0.299
2844,5174,0.213
2844,5230,0.226
2844,5263,0.282
2844,5270,0.203
2844,5304,0.343
2844,5473,0.229
2844,5523,0.243
2845,5164,0.221
2846,2949,0.251
2846,2951,0.253
2846,4257,0.324
2846,4258,0.254
2846,4267,0.332
2846,4419,0.281
2846,4503,0.25
2846,4514,0.208
2846,4621,0.213
2846,4926,0.203
2846,5300,0.293
2846,5386,0.247
2847,4999,0.23
2849,3469,0.369
2849,4608,0.563
2849,4690,0.244
2851,5146,0.23
2852,3626,0.239
2852,3951,0.456
2852,4065,0.507
2852,4417,0.218
2852,4649,0.332
2852,4984,0.207
2853,3382,0.282
2853,3481,0.271
2853,3884,0.312
2853,4037,0.269
2853,4263,0.211
2853,4527,0.252
2853,4667,0.205
2853,4886,0.219
2853,5422,0.206
2853,5576,0.26
2853,5602,0.228
2854,4999,0.3
2855,4415,0.323
2855,5205,0.203
2856,4500,0.204
2857,2951,0.211
2857,5386,0.252
2858,2959,0.535
2858,2978,0.244
2858,3006,0.232
2858,3033,0.234
2858,3052,0.251
2858,3145,0.259
2858,3272,0.222
2858,3291,0.224
2858,3497,0.213
2858,3985,0.227
2858,4177,0.267
2858,4180,0.239
2858,4287,0.218
2858,4346,0.262
2858,4383,0.642
2858,4419,0.243
2858,4484,0.205
2858,4550,0.34
2858,4577,0.391
2858,4707,0.4
2858,4732,0.223
2858,4746,0.207
2858,4776,0.271
2858,4876,0.336
2858,4910,0.265
2858,5227,0.302
2858,5308,0.238
2858,5326,0.207
2858,5431,0.231
2858,5492,0.234
2858,5535,0.235
2858,5565,0.214
2858,5618,0.288
2858,5621,0.226
2859,5587,0.216
2860,5349,0.221
2861,2989,0.235
2861,4679,0.29
2861,4946,0.215
2861,5458,0.21
2861,5568,0.201
2862,4431,0.375
2862,4755,0.224
2864,2956,0.24
2864,2966,0.231
2864,2993,0.33
2864,3223,0.385
2864,3847,0.253
2864,4074,0.236
2864,4309,0.23
2864,4424,0.211
2864,4469,0.209
2864,5091,0.213
2864,5155,0.27
2864,5277,0.201
2864,5349,0.327
2864,5567,0.314
2865,3222,0.21
2865,4051,0.232
2865,5278,0.237
2865,5588,0.364
2866,5048,0.254
2867,2913,0.231
2867,2970,0.325
2867,2989,0.283
2867,3067,0.3
2867,3192,0.271
2867,3204,0.466
2867,3336,0.211
2867,3349,0.347
2867,3447,0.324
2867,3519,0.219
2867,3583,0.243
2867,3621,0.366
2867,3838,0.357
2867,3931,0.293
2867,4047,0.499
2867,4064,0.313
2867,4122,0.289
2867,4126,0.237
2867,4221,0.301
2867,4245,0.496
2867,4308,0.395
2867,4354,0.335
2867,4403,0.393
2867,4411,0.453
2867,4498,0.22
2867,4588,0.472
2867,4590,0.211
2867,4613,0.234
2867,4803,0.243
2867,4860,0.287
2867,4918,0.431
2867,4946,0.209
2867,5009,0.448
2867,5025,0.319
2867,5088,0.386
2867,5392,0.334
2867,5397,0.311
2867,5402,0.252
2867,5449,0.234
2868,5553,0.208
2869,2941,0.398
2869,2977,0.217
2869,3250,0.22
2869,3401,0.262
2869,3410,0.239
2869,3637,0.225
2869,3708,0.29
2869,3737,0.476
2869,4130,0.24
2869,4180,0.215
2869,4302,0.296
2869,4318,0.272
2869,4491,0.258
2869,4939,0.288
2869,4945,0.215
2869,5315,0.33
2869,5326,0.231
2869,5334,0.269
2869,5362,0.293
2869,5551,0.267
2869,5557,0.385
2870,2979,0.21
2870,3245,0.339
2870,3370,0.348
2870,3839,0.221
2870,4224,0.226
2871,3937,0.254
2871,4042,0.373
2871,4575,0.262
2871,5491,0.202
2871,5528,0.231
2872,5337,0.216
2872,5613,0.307
2873,3358,0.236
2873,3811,0.342
2873,5468,0.296
2874,3290,0.208
2874,3432,0.269
2874,3909,0.234
2874,3928,0.206
2874,3965,0.233
2874,4376,0.222
2874,4443,0.238
2874,4999,0.249
2875,2915,0.259
2875,2937,0.204
2875,2965,0.223
2875,3056,0.257
2875,3168,0.214
2875,3226,0.263
2875,3631,0.23
2875,3736,0.21
2875,3811,0.221
2875,4032,0.222
2875,4523,0.43
2875,4541,0.216
2875,4658,0.245
2875,5178,0.259
2875,5269,0.202
2875,5526,0.419
2875,5561,0.235
2875,5636,0.206
2876,3205,0.292
2876,5135,0.346
2879,3589,0.201
2879,5387,0.201
2880,2894,0.501
2880,4374,0.205
2880,4669,0.375
2880,5085,0.234
2880,5637,0.269
2881,5359,0.26
2882,3204,0.212
2882,3583,0.208
2882,4819,0.246
2883,3295,0.204
2883,4933,0.349
2883,5035,0.209
2883,5136,0.252
2883,5354,0.22
2884,3688,0.206
2884,3715,0.202
2884,4402,0.219
2884,4518,0.263
2884,4837,0.37
2884,4999,0.202
2884,5395,0.202
2884,5548,0.223
2885,3401,0.215
2885,3448,0.311
2885,3452,0.429
2885,4492,0.206
2885,5315,0.268
2885,5399,0.253
2885,5515,0.213
2886,3022,0.221
2886,3296,0.224
2886,3669,0.258
2886,3870,0.242
2886,4435,0.25
2886,4641,0.298
2886,4809,0.241
2886,4888,0.225
2886,4952,0.22
2888,3475,0.211
2891,5541,0.211
2892,2927,0.387
2893,3848,0.202
2893,5173,0.239
2894,2995,0.24
2894,3858,0.202
2894,3975,0.223
2894,4315,0.297
2894,4669,0.324
2894,5085,0.203
2894,5226,0.208
2894,5344,0.227
2894,5637,0.205
2895,5447,0.239
2896,3145,0.356
2896,4910,0.237
2896,5227,0.256
2896,5332,0.271
2896,5565,0.201
2898,3808,0.219
2898,4122,0.293
2898,4402,0.208
2898,4620,0.233
2898,5583,0.326
2899,3399,0.236
2899,3420,0.202
2899,4653,0.221
2900,3011,0.489
2900,3188,0.21
2900,3234,0.296
2900,4385,0.273
2900,4666,0.41
2900,4785,0.377
2901,2992,0.412
2901,3208,0.363
2901,3222,0.243
2901,3370,0.209
2901,3444,0.36
2901,3449,0.263
2901,3515,0.226
2901,3653,0.324
2901,3771,0.27
2901,4129,0.363
2901,4244,0.208
2901,4558,0.238
2901,4631,0.353
2901,4871,0.317
2901,4920,0.329
2901,5048,0.412
2901,5532,0.205
2901,5591,0.238
2902,3129,0.281
2902,3172,0.296
2902,3173,0.227
2902,3360,0.421
2902,3808,0.246
2902,4069,0.356
2902,4293,0.332
2902,4356,0.408
2902,4482,0.28
2902,4556,0.496
2902,4664,0.279
2902,4768,0.272
2902,4774,0.352
2902,4797,0.205
2902,4827,0.321
2902,4894,0.4
2902,4924,0.212
2902,4980,0.288
2902,5037,0.264
2902,5173,0.204
2902,5204,0.207
2902,5409,0.396
2902,5442,0.388
2902,5458,0.243
2903,2906,0.314
2903,3066,0.267
2903,3154,0.247
2903,3388,0.338
2903,3474,0.208
2903,3973,0.384
2903,4176,0.272
2903,4750,0.318
2903,4990,0.282
2903,5211,0.321
2903,5473,0.202
2903,5617,0.262
2904,2925,0.29
2904,2989,0.248
2904,3019,0.334
2904,3050,0.216
2904,3281,0.215
2904,3754,0.222
2904,3897,0.205
2904,4279,0.207
2904,4409,0.347
2904,4441,0.204
2904,4684,0.229
2904,4946,0.267
2904,5489,0.253
2904,5568,0.232
2904,5570,0.219
2904,5571,0.3
2905,4124,0.23
2905,5033,0.209
2906,3061,0.348
2906,3066,0.211
2906,3154,0.239
2906,3371,0.201
2906,3388,0.34
2906,3474,0.355
2906,3628,0.223
2906,3973,0.508
2906,4176,0.345
2906,4537,0.295
2906,4750,0.307
2906,4896,0.215
2906,4959,0.294
2906,4990,0.325
2906,5174,0.282
2906,5211,0.37
2906,5244,0.232
2906,5276,0.483
2906,5396,0.315
2906,5589,0.201
2907,4048,0.324
2908,3586,0.256
2909,3287,0.203
2909,4553,0.212
2910,3008,0.234
2910,5239,0.225
2910,5269,0.23
2912,3741,0.217
2913,3204,0.241
2913,3349,0.243
2913,3385,0.214
2913,3518,0.223
2913,4064,0.225
2913,4245,0.22
2913,4411,0.277
2913,4613,0.319
2913,4651,0.325
2913,4819,0.209
2913,4918,0.221
2913,5025,0.221
2913,5088,0.244
2913,5305,0.228
2913,5392,0.214
2913,5402,0.306
2913,5519,0.261
2914,3108,0.273
2914,3919,0.265
2914,4080,0.245
2914,4536,0.205
2915,3625,0.234
2915,4523,0.233
2915,5526,0.225
2915,5561,0.214
2916,2951,0.223
2916,4451,0.229
2916,4926,0.246
2916,5386,0.243
2917,4515,0.21
2917,5271,0.21
2918,3131,0.228
2918,4117,0.208
2920,4128,0.442
2920,4325,0.309
2920,4601,0.202
2920,5101,0.522
2921,4194,0.203
2921,4933,0.223
2921,4976,0.207
2922,3256,0.259
2922,3275,0.21
2922,3298,0.221
2922,3318,0.208
2922,3340,0.248
2922,3450,0.201
2922,3923,0.235
2922,4098,0.253
2922,4617,0.262
2922,4782,0.391
2922,4903,0.532
2922,4981,0.234
2922,5243,0.21
2922,5263,0.247
2922,5617,0.227
2925,2960,0.205
2925,2989,0.355
2925,3019,0.336
2925,3050,0.317
2925,3184,0.205
2925,3292,0.243
2925,3438,0.232
2925,3480,0.213
2925,3510,0.204
2925,3632,0.218
2925,3833,0.202
2925,3855,0.219
2925,3897,0.226
2925,3907,0.28
2925,4409,0.249
2925,4533,0.21
2925,4567,0.224
2925,4684,0.256
2925,4946,0.392
2925,5489,0.437
2925,5493,0.217
2925,5568,0.216
2925,5570,0.232
2925,5571,0.355
2927,3827,0.225
2927,5086,0.211
2927,5119,0.205
2929,3055,0.231
2929,3298,0.231
2929,4514,0.236
2929,4690,0.214
2930,2976,0.204
2930,3715,0.224
2930,4442,0.258
2930,4609,0.222
2930,5504,0.217
2930,5562,0.224
2931,4335,0.232
2931,4717,0.235
2931,5128,0.248
2931,5297,0.525
2932,4213,0.209
2932,5573,0.276
2933,3277,0.298
2933,5287,0.261
2937,4523,0.233
2937,5178,0.265
2937,5483,0.219
2937,5561,0.298
2937,5636,0.211
2938,3202,0.292
2938,3299,0.258
2938,3894,0.239
2939,5497,0.205
2940,3723,0.205
2940,3992,0.281
2940,4226,0.232
2940,5243,0.244
2941,2977,0.279
2941,2978,0.234
2941,2990,0.223
2941,3052,0.251
2941,3144,0.21
2941,3250,0.254
2941,3401,0.401
2941,3402,0.24
2941,3410,0.244
2941,3572,0.24
2941,3637,0.277
2941,3708,0.378
2941,3737,0.469
2941,4097,0.237
2941,4130,0.312
2941,4302,0.347
2941,4318,0.489
2941,4491,0.41
2941,4939,0.445
2941,5307,0.299
2941,5315,0.309
2941,5334,0.207
2941,5362,0.454
2941,5551,0.308
2941,5557,0.358
2942,3248,0.238
2942,3415,0.242
2942,3422,0.224
2942,3429,0.319
2942,3490,0.248
2942,3704,0.203
2942,3732,0.238
2942,3949,0.466
2942,4013,0.447
2942,4256,0.382
2942,4360,0.324
2942,4366,0.239
2942,4423,0.247
2942,4451,0.207
2942,4615,0.276
2942,4740,0.274
2942,4759,0.27
2942,4859,0.258
2942,4972,0.349
2942,5023,0.297
2942,5115,0.223
2942,5249,0.384
2942,5274,0.313
2942,5356,0.331
2942,5383,0.202
2942,5526,0.242
2942,5603,0.288
2942,5611,0.367
2943,3744,0.452
2943,3750,0.305
2943,3773,0.238
2943,4440,0.221
2943,4568,0.294
2943,4761,0.221
2943,4945,0.206
2943,5334,0.226
2944,5246,0.302
2946,3693,0.351
2946,3704,0.273
2946,3769,0.212
2946,3953,0.4
2946,4013,0.254
2946,4972,0.213
2947,3958,0.235
2947,4642,0.23
2947,5019,0.243
2948,3400,0.309
2948,4271,0.207
2948,5181,0.245
2948,5501,0.363
2948,5514,0.215
2949,2951,0.205
2949,3477,0.239
2949,4331,0.217
2949,4419,0.298
2949,5386,0.218
2950,5513,0.296
2951,3155,0.343
2951,3203,0.292
2951,3762,0.227
2951,3881,0.276
2951,3926,0.401
2951,4216,0.213
2951,4225,0.235
2951,4241,0.296
2951,4248,0.222
2951,4257,0.285
2951,4258,0.347
2951,4451,0.207
2951,4503,0.305
2951,4584,0.249
2951,4926,0.356
2951,5252,0.287
2951,5381,0.332
2951,5386,0.446
2951,5484,0.229
2953,3173,0.249
2953,3232,0.251
2953,3328,0.254
2953,3696,0.287
2953,3836,0.408
2953,3848,0.257
2953,4419,0.286
2953,5173,0.239
2953,5204,0.205
2954,4153,0.21
2954,4175,0.208
2954,4540,0.22
2955,3008,0.208
2955,3679,0.257
2955,4375,0.203
2956,2966,0.264
2956,2993,0.333
2956,3058,0.286
2956,3223,0.237
2956,3229,0.282
2956,3347,0.211
2956,3393,0.373
2956,3613,0.21
2956,3812,0.246
2956,3847,0.297
2956,4067,0.328
2956,4424,0.232
2956,4447,0.286
2956,4706,0.293
2956,5091,0.467
2956,5155,0.309
2956,5277,0.206
2956,5567,0.297
2956,5592,0.207
2959,2978,0.227
2959,3006,0.215
2959,3033,0.275
2959,3052,0.237
2959,3272,0.208
2959,4180,0.223
2959,4346,0.243
2959,4383,0.53
2959,4419,0.221
2959,4484,0.218
2959,4550,0.299
2959,4577,0.445
2959,4707,0.369
2959,4746,0.201
2959,4776,0.286
2959,4876,0.307
2959,4910,0.305
2959,5227,0.258
2959,5308,0.304
2959,5326,0.254
2959,5431,0.219
2959,5492,0.204
2959,5535,0.211
2959,5618,0.255
2959,5621,0.216
2960,2989,0.24
2960,3018,0.291
2960,3136,0.273
2960,3184,0.3
2960,3336,0.415
2960,3389,0.264
2960,3632,0.342
2960,3855,0.263
2960,4326,0.273
2960,4365,0.242
2960,4426,0.335
2960,4533,0.234
2960,4535,0.226
2960,4567,0.24
2960,4638,0.205
2960,4684,0.212
2960,4735,0.315
2960,4767,0.203
2960,4771,0.218
2960,5118,0.251
2960,5149,0.218
2960,5317,0.247
2960,5318,0.34
2960,5562,0.25
2960,5568,0.246
2961,3092,0.215
2961,3238,0.203
2961,4160,0.224
2962,3382,0.208
2962,4037,0.223
2962,4262,0.241
2962,5634,0.222
2965,4523,0.24
2965,4658,0.266
2965,4919,0.248
2965,5178,0.482
2965,5370,0.243
2965,5526,0.231
2965,5561,0.217
2965,5613,0.226
2966,2970,0.207
2966,2993,0.486
2966,3058,0.32
2966,3223,0.277
2966,3229,0.278
2966,3347,0.234
2966,3393,0.314
2966,3613,0.348
2966,3685,0.39
2966,3727,0.352
2966,3812,0.22
2966,3847,0.459
2966,4060,0.211
2966,4067,0.202
2966,4207,0.29
2966,4309,0.213
2966,4424,0.441
2966,4447,0.346
2966,4546,0.376
2966,4604,0.567
2966,4706,0.215
2966,4901,0.227
2966,5045,0.252
2966,5091,0.339
2966,5155,0.723
2966,5163,0.302
2966,5277,0.62
2966,5567,0.486
2966,5593,0.254
2968,3617,0.272
2968,3726,0.255
2968,3938,0.214
2968,4009,0.233
2968,4024,0.238
2968,4773,0.206
2968,4995,0.209
2970,2993,0.239
2970,3192,0.208
2970,3204,0.214
2970,3321,0.228
2970,3349,0.25
2970,3447,0.221
2970,3613,0.21
2970,3621,0.292
2970,3631,0.216
2970,3931,0.201
2970,4047,0.255
2970,4122,0.466
2970,4245,0.223
2970,4354,0.4
2970,4403,0.355
2970,4447,0.279
2970,4546,0.236
2970,4586,0.259
2970,4588,0.214
2970,4604,0.225
2970,4649,0.284
2970,4986,0.213
2970,5088,0.208
2970,5277,0.282
2970,5449,0.235
2971,3360,0.21
2971,3534,0.255
2971,3750,0.256
2971,4004,0.595
2971,4440,0.254
2971,4556,0.207
2971,4797,0.311
2971,4828,0.262
2971,4894,0.217
2971,4957,0.252
2971,5090,0.209
2971,5315,0.239
2971,5365,0.317
2972,3455,0.207
2974,3626,0.46
2974,4349,0.294
2974,4513,0.217
2974,4749,0.246
2974,5283,0.214
2974,5594,0.298
2975,4233,0.261
2975,4591,0.239
2976,4504,0.265
2976,5033,0.395
2977,3144,0.256
2977,3401,0.455
2977,3410,0.239
2977,3452,0.203
2977,3708,0.327
2977,4097,0.24
2977,4302,0.322
2977,4318,0.208
2977,4449,0.212
2977,5399,0.288
2977,5551,0.253
2978,3006,0.212
2978,3033,0.411
2978,3052,0.385
2978,3272,0.352
2978,3401,0.208
2978,3448,0.201
2978,3497,0.32
2978,3708,0.365
2978,3737,0.296
2978,3985,0.215
2978,4177,0.233
2978,4180,0.37
2978,4346,0.554
2978,4383,0.252
2978,4550,0.217
2978,4577,0.607
2978,4707,0.423
2978,4776,0.476
2978,4876,0.655
2978,4945,0.329
2978,4957,0.252
2978,5227,0.291
2978,5315,0.277
2978,5316,0.237
2978,5326,0.345
2978,5334,0.209
2978,5535,0.225
2978,5551,0.211
2978,5618,0.697
2978,5621,0.361
2979,3269,0.231
2979,3385,0.215
2979,3839,0.46
2979,3917,0.218
2979,4046,0.229
2979,4063,0.249
2979,4441,0.238
2979,4657,0.248
2979,5357,0.204
2980,4919,0.247
2981,4999,0.261
2982,3039,0.221
2982,3878,0.228
2982,3887,0.206
2982,4138,0.314
2982,4218,0.258
2982,4583,0.289
2983,4503,0.206
2983,5386,0.332
2984,3800,0.214
2984,3884,0.246
2984,4793,0.46
2984,4897,0.221
2984,5380,0.235
2985,3451,0.229
2985,3860,0.208
2985,4300,0.204
2985,4553,0.203
2985,4635,0.238
2985,5047,0.206
2985,5472,0.22
2985,5545,0.203
2988,3504,0.31
2988,4096,0.289
2988,4198,0.246
2988,4426,0.33
2988,4600,0.206
2988,5149,0.258
2988,5154,0.238
2988,5317,0.214
2988,5568,0.219
2989,3019,0.261
2989,3050,0.242
2989,3161,0.33
2989,3184,0.283
2989,3204,0.242
2989,3281,0.303
2989,3336,0.245
2989,3349,0.303
2989,3385,0.316
2989,3389,0.295
2989,3438,0.247
2989,3447,0.325
2989,3480,0.677
2989,3510,0.285
2989,3621,0.214
2989,3660,0.257
2989,3779,0.225
2989,3783,0.325
2989,3816,0.346
2989,3838,0.243
2989,3855,0.227
2989,3907,0.209
2989,3931,0.207
2989,4064,0.27
2989,4233,0.207
2989,4245,0.306
2989,4279,0.555
2989,4285,0.379
2989,4308,0.203
2989,4319,0.35
2989,4403,0.287
2989,4411,0.247
2989,4421,0.237
2989,4489,0.214
2989,4533,0.233
2989,4567,0.478
2989,4588,0.251
2989,4651,0.264
2989,4657,0.22
2989,4684,0.723
2989,4715,0.452
2989,4767,0.739
2989,4771,0.258
2989,4835,0.276
2989,4860,0.259
2989,4863,0.26
2989,4864,0.381
2989,4918,0.234
2989,4946,0.404
2989,5025,0.29
2989,5088,0.269
2989,5124,0.294
2989,5259,0.288
2989,5312,0.477
2989,5319,0.204
2989,5402,0.275
2989,5489,0.287
2989,5498,0.252
2989,5568,0.209
2989,5570,0.471
2989,5571,0.35
2989,5583,0.252
2990,3100,0.558
2990,3303,0.243
2990,3387,0.21
2990,3401,0.272
2990,3410,0.207
2990,3424,0.444
2990,3448,0.28
2990,3452,0.221
2990,3533,0.359
2990,3637,0.252
2990,3702,0.239
2990,3737,0.256
2990,4133,0.404
2990,4146,0.433
2990,4228,0.347
2990,4302,0.213
2990,4333,0.553
2990,4492,0.433
2990,4554,0.517
2990,4805,0.463
2990,4873,0.215
2990,4938,0.208
2990,5043,0.272
2990,5315,0.304
2990,5362,0.281
2990,5515,0.44
2990,5551,0.249
2992,3208,0.253
2992,3222,0.204
2992,3449,0.307
2992,3684,0.26
2992,3854,0.205
2992,4631,0.268
2992,4920,0.312
2992,5048,0.272
2992,5367,0.256
2993,3058,0.391
2993,3086,0.206
2993,3223,0.427
2993,3229,0.359
2993,3347,0.266
2993,3393,0.385
2993,3613,0.43
2993,3685,0.261
2993,3727,0.367
2993,3812,0.307
2993,3847,0.513
2993,4060,0.256
2993,4067,0.232
2993,4074,0.345
2993,4122,0.235
2993,4309,0.404
2993,4424,0.37
2993,4447,0.403
2993,4529,0.322
2993,4546,0.25
2993,4604,0.442
2993,4706,0.26
2993,5091,0.39
2993,5155,0.532
2993,5163,0.259
2993,5277,0.527
2993,5567,0.431
2993,5593,0.274
2995,3966,0.279
2996,3173,0.217
2996,3814,0.215
2996,4355,0.205
2996,4419,0.369
2996,5204,0.271
2998,3598,0.218
2998,5086,0.217
2998,5634,0.274
3000,5531,0.208
3001,3618,0.204
3001,4765,0.398
3003,3272,0.212
3003,4484,0.229
3003,4577,0.272
3003,5227,0.216
3003,5321,0.226
3003,5448,0.259
3003,5604,0.248
3004,3124,0.221
3004,3872,0.229
3004,4130,0.297
3004,4198,0.227
3004,4889,0.623
3004,5116,0.222
3004,5349,0.288
3006,3171,0.285
3006,3272,0.251
3006,3309,0.211
3006,3497,0.252
3006,3714,0.385
3006,3959,0.289
3006,3985,0.356
3006,4006,0.27
3006,4177,0.318
3006,4249,0.205
3006,4287,0.547
3006,4348,0.236
3006,4383,0.241
3006,4577,0.306
3006,4673,0.282
3006,4707,0.325
3006,4732,0.353
3006,4876,0.211
3006,4905,0.289
3006,4922,0.248
3006,5492,0.219
3006,5618,0.218
3007,4286,0.226
3008,3603,0.26
3008,3840,0.203
3008,3965,0.426
3008,4375,0.486
3008,4925,0.217
3008,5085,0.303
3008,5109,0.227
3009,3688,0.238
3010,5015,0.221
3011,3234,0.332
3011,4385,0.269
3011,4548,0.209
3011,4666,0.496
3011,4785,0.407
3012,3780,0.493
3012,3829,0.281
3012,4027,0.484
3012,4061,0.488
3012,4644,0.308
3013,5501,0.22
3014,3244,0.212
3014,5338,0.254
3014,5432,0.256
3015,3235,0.383
3015,3305,0.272
3015,3873,0.203
3015,4803,0.223
3015,4850,0.342
3015,5491,0.246
3016,4417,0.23
3016,5167,0.285
3016,5385,0.224
3016,5640,0.206
3018,3136,0.269
3018,3632,0.239
3018,4400,0.212
3018,4426,0.324
3018,4735,0.403
3018,5118,0.268
3018,5149,0.236
3018,5318,0.453
3018,5631,0.205
3019,3050,0.212
3019,3510,0.262
3019,3907,0.287
3019,4409,0.293
3019,4946,0.279
3019,5489,0.299
3019,5493,0.227
3019,5571,0.373
3020,3072,0.231
3022,3024,0.225
3022,3296,0.204
3022,3669,0.25
3022,3732,0.302
3022,3870,0.338
3022,3978,0.231
3022,4261,0.247
3022,4394,0.202
3022,4435,0.304
3022,4503,0.219
3022,4543,0.207
3022,4641,0.222
3022,4713,0.22
3022,4809,0.257
3022,4888,0.323
3022,5147,0.214
3022,5406,0.221
3023,3767,0.255
3023,5213,0.214
3024,3296,0.287
3024,3669,0.208
3024,3870,0.238
3024,3978,0.214
3024,4435,0.217
3024,4641,0.21
3024,4888,0.239
3026,3621,0.201
3026,4032,0.203
3026,4653,0.262
3028,5579,0.309
3028,5595,0.236
3029,3292,0.239
3029,3701,0.218
3029,4556,0.203
3029,4617,0.284
3029,4761,0.206
3029,5316,0.257
3029,5334,0.27
3032,3791,0.248
3032,5432,0.214
3032,5556,0.304
3033,3272,0.334
3033,3408,0.259
3033,3497,0.252
3033,3708,0.231
3033,3985,0.252
3033,4180,0.291
3033,4346,0.451
3033,4383,0.243
3033,4533,0.207
3033,4550,0.227
3033,4566,0.204
3033,4577,0.369
3033,4707,0.345
3033,4732,0.206
3033,4776,0.436
3033,4876,0.483
3033,4939,0.274
3033,4945,0.299
3033,5326,0.285
3033,5535,0.205
3033,5618,0.475
3034,3143,0.208
3034,4404,0.232
3034,5220,0.224
3035,3443,0.202
3035,3530,0.205
3035,3807,0.249
3035,3835,0.23
3035,3878,0.248
3035,4206,0.248
3035,4212,0.272
3035,4218,0.253
3035,4616,0.244
3035,4617,0.211
3035,5216,0.225
3035,5468,0.201
3036,4111,0.478
3038,3199,0.238
3038,5317,0.233
3039,3709,0.206
3039,3711,0.221
3039,3878,0.324
3039,4051,0.408
3039,4138,0.469
3039,4218,0.317
3039,4583,0.398
3039,4878,0.22
3040,3067,0.331
3040,3192,0.319
3040,4411,0.212
3040,4588,0.359
3040,5009,0.42
3040,5449,0.221
3041,3216,0.236
3042,3190,0.271
3042,4677,0.504
3042,5506,0.28
3045,4366,0.225
3045,4374,0.209
3048,3697,0.221
3048,4035,0.236
3048,4363,0.248
3048,5082,0.221
3049,5309,0.236
3050,3136,0.263
3050,3389,0.239
3050,3438,0.845
3050,3480,0.234
3050,3510,0.263
3050,3632,0.285
3050,3705,0.207
3050,3783,0.318
3050,3855,0.257
3050,3873,0.26
3050,3897,0.223
3050,4279,0.289
3050,4285,0.246
3050,4421,0.229
3050,4533,0.319
3050,4567,0.323
3050,4684,0.266
3050,4767,0.221
3050,4771,0.208
3050,4850,0.266
3050,4864,0.323
3050,4946,0.477
3050,5105,0.214
3050,5118,0.219
3050,5124,0.281
3050,5259,0.289
3050,5305,0.287
3050,5470,0.48
3050,5489,0.233
3050,5498,0.23
3050,5571,0.436
3051,3513,0.345
3051,4555,0.244
3051,4933,0.211
3051,5217,0.217
3052,3272,0.254
3052,3291,0.341
3052,3401,0.265
3052,3497,0.275
3052,3708,0.353
3052,3737,0.339
3052,3861,0.261
3052,4180,0.31
3052,4302,0.221
3052,4346,0.214
3052,4383,0.256
3052,4550,0.247
3052,4577,0.249
3052,4707,0.283
3052,4746,0.215
3052,4776,0.203
3052,4876,0.296
3052,4939,0.21
3052,4945,0.302
3052,4957,0.261
3052,5315,0.299
3052,5316,0.284
3052,5326,0.243
3052,5535,0.222
3052,5551,0.221
3052,5557,0.325
3052,5618,0.308
3052,5621,0.201
3053,5611,0.232
3055,3432,0.251
3055,3558,0.201
3055,3618,0.35
3055,3688,0.201
3055,3909,0.216
3055,4793,0.203
3055,4999,0.475
3055,5497,0.231
3055,5548,0.224
3056,4523,0.345
3056,4919,0.203
3056,5303,0.22
3056,5526,0.332
3056,5612,0.205
3057,3489,0.282
3057,5452,0.257
3058,3229,0.431
3058,3347,0.213
3058,3393,0.385
3058,3431,0.223
3058,3613,0.546
3058,3685,0.266
3058,3727,0.347
3058,3812,0.338
3058,3847,0.24
3058,4060,0.419
3058,4067,0.324
3058,4424,0.281
3058,4447,0.4
3058,4546,0.229
3058,4604,0.333
3058,4706,0.3
3058,4901,0.234
3058,5091,0.426
3058,5155,0.341
3058,5277,0.439
3058,5567,0.363
3058,5592,0.22
3061,3468,0.225
3061,3474,0.394
3061,3628,0.268
3061,4176,0.239
3061,4537,0.321
3061,4750,0.344
3061,4959,0.22
3061,5211,0.318
3061,5244,0.212
3062,3395,0.235
3062,3399,0.361
3062,4984,0.225
3062,5167,0.28
3062,5368,0.311
3062,5640,0.211
3063,4157,0.28
3063,5187,0.217
3064,3133,0.222
3064,3190,0.209
3065,3268,0.216
3065,4465,0.258
3065,4508,0.225
3066,3388,0.302
3066,3973,0.27
3066,4691,0.21
3066,4770,0.257
3066,4990,0.204
3066,5242,0.301
3066,5276,0.214
3066,5441,0.218
3066,5599,0.6
3067,3349,0.247
3067,3621,0.207
3067,3660,0.213
3067,3931,0.217
3067,4064,0.201
3067,4411,0.274
3067,4588,0.304
3067,4590,0.221
3067,4860,0.296
3067,4918,0.242
3067,5009,0.334
3067,5025,0.27
3067,5088,0.25
3067,5392,0.277
3067,5402,0.208
3067,5449,0.259
3068,4816,0.213
3073,3731,0.444
3073,4153,0.228
3073,4237,0.26
3073,4377,0.237
3073,4454,0.224
3076,3131,0.537
3076,3211,0.214
3076,3366,0.277
3076,3485,0.219
3076,3504,0.274
3076,3989,0.24
3076,4046,0.21
3076,4096,0.218
3076,4104,0.212
3076,4117,0.267
3076,4198,0.221
3076,4426,0.215
3076,4460,0.231
3076,4464,0.295
3076,5068,0.24
3076,5149,0.247
3076,5568,0.247
3077,4326,0.262
3079,3243,0.216
3079,3626,0.324
3079,3814,0.208
3079,3872,0.204
3079,4749,0.27
3079,4799,0.236
3080,3318,0.376
3080,3340,0.248
3080,3612,0.389
3080,3880,0.248
3080,3923,0.226
3080,3992,0.323
3080,4217,0.447
3080,4226,0.317
3080,4433,0.23
3080,4676,0.317
3080,4857,0.328
3080,5087,0.258
3080,5141,0.234
3080,5523,0.23
3082,3173,0.221
3082,3592,0.302
3082,4279,0.3
3082,4289,0.224
3082,4342,0.204
3082,5616,0.281
3083,3937,0.223
3083,5424,0.262
3084,3219,0.223
3084,3243,0.231
3084,3387,0.268
3084,3399,0.218
3084,3401,0.233
3084,3410,0.21
3084,3626,0.317
3084,3637,0.237
3084,3708,0.342
3084,3737,0.487
3084,3861,0.343
3084,3918,0.241
3084,4130,0.538
3084,4302,0.32
3084,4889,0.202
3084,4939,0.237
3084,4983,0.303
3084,4984,0.262
3084,5043,0.264
3084,5167,0.246
3084,5551,0.28
3084,5557,0.251
3086,3332,0.523
3086,3351,0.59
3086,3420,0.315
3086,4309,0.205
3086,4517,0.595
3086,4749,0.218
3088,5019,0.251
3089,5113,0.225
3090,3382,0.212
3090,4037,0.213
3090,4886,0.269
3090,5602,0.21
3091,3124,0.251
3091,3884,0.228
3091,3966,0.391
3091,5380,0.219
3093,4402,0.205
3096,3281,0.235
3096,3400,0.207
3096,5342,0.25
3097,3243,0.288
3097,3678,0.234
3097,4302,0.205
3097,4417,0.256
3097,4485,0.228
3097,4516,0.214
3097,4889,0.227
3097,5167,0.281
3097,5334,0.201
3097,5640,0.356
3098,3296,0.253
3098,3909,0.231
3098,4495,0.23
3099,3292,0.309
3100,3181,0.217
3100,3424,0.274
3100,3448,0.283
3100,3533,0.208
3100,3703,0.21
3100,4133,0.287
3100,4146,0.261
3100,4228,0.265
3100,4234,0.207
3100,4333,0.511
3100,4492,0.326
3100,4554,0.427
3100,4805,0.284
3100,5043,0.247
3100,5299,0.261
3100,5315,0.272
3100,5343,0.236
3100,5515,0.296
3101,3400,0.239
3101,4717,0.209
3101,5206,0.22
3102,3183,0.225
3102,3250,0.248
3102,3325,0.228
3102,4140,0.205
3102,4388,0.23
3102,4634,0.229
3102,4653,0.226
3102,4958,0.224
3102,5115,0.252
3102,5152,0.286
3102,5209,0.209
3102,5256,0.261
3104,4319,0.202
3104,4325,0.212
3105,3527,0.206
3105,5062,0.205
3105,5475,0.212
3106,4251,0.266
3108,3420,0.23
3108,3639,0.205
3108,3919,0.378
3108,4213,0.482
3108,4472,0.237
3108,4734,0.206
3108,4831,0.293
3108,5573,0.212
3109,5579,0.218
3111,3324,0.206
3111,5482,0.356
3112,5402,0.205
3114,4198,0.236
3114,5154,0.244
3118,5531,0.243
3119,3211,0.311
3119,3212,0.268
3119,3366,0.219
3119,3465,0.203
3119,3485,0.226
3119,3504,0.44
3119,3779,0.335
3119,4464,0.306
3119,4812,0.275
3119,5149,0.4
3120,3954,0.214
3120,3996,0.295
3120,4499,0.201
3120,5011,0.322
3120,5426,0.304
3121,3528,0.24
3122,5052,0.265
3123,5026,0.218
3123,5208,0.248
3123,5380,0.235
3124,3421,0.231
3124,3560,0.477
3124,4468,0.251
3124,4599,0.225
3124,5550,0.25
3125,3969,0.22
3126,4393,0.293
3126,5360,0.522
3127,4265,0.208
3127,5555,0.211
3129,3172,0.335
3129,3360,0.295
3129,3808,0.213
3129,4069,0.459
3129,4271,0.227
3129,4293,0.549
3129,4356,0.371
3129,4402,0.277
3129,4556,0.373
3129,4664,0.424
3129,4679,0.234
3129,4768,0.504
3129,4774,0.423
3129,4827,0.498
3129,4894,0.375
3129,4912,0.235
3129,4924,0.337
3129,4980,0.454
3129,5037,0.316
3129,5409,0.502
3129,5413,0.279
3129,5442,0.413
3129,5458,0.626
3130,4240,0.46
3130,4270,0.215
3130,4344,0.223
3130,4353,0.205
3130,5385,0.204
3130,5440,0.256
3130,5584,0.568
3130,5627,0.235
3131,3366,0.215
3131,3504,0.214
3131,4096,0.201
3131,4104,0.215
3131,4117,0.221
3131,4198,0.217
3131,4426,0.205
3131,4464,0.232
3131,5068,0.206
3131,5154,0.219
3131,5568,0.263
3132,3186,0.204
3132,5019,0.317
3133,3185,0.215
3136,3137,0.449
3136,3161,0.251
3136,3265,0.26
3136,3336,0.35
3136,3385,0.276
3136,3389,0.342
3136,3418,0.253
3136,3438,0.255
3136,3439,0.242
3136,3480,0.403
3136,3583,0.261
3136,3632,0.7
3136,3665,0.28
3136,3783,0.322
3136,3816,0.245
3136,4024,0.219
3136,4064,0.211
3136,4279,0.331
3136,4285,0.276
3136,4400,0.358
3136,4426,0.204
3136,4533,0.346
3136,4567,0.551
3136,4638,0.249
3136,4684,0.371
3136,4715,0.202
3136,4767,0.389
3136,4771,0.275
3136,4819,0.258
3136,4864,0.364
3136,5105,0.248
3136,5305,0.299
3136,5312,0.324
3136,5318,0.352
3136,5402,0.205
3136,5440,0.317
3136,5575,0.22
3136,5614,0.207
3137,3265,0.295
3137,3336,0.208
3137,3480,0.257
3137,3632,0.48
3137,3783,0.409
3137,4024,0.384
3137,4285,0.25
3137,4400,0.219
3137,4533,0.212
3137,4567,0.394
3137,4684,0.259
3137,4767,0.274
3137,4864,0.335
3137,4997,0.205
3137,5319,0.206
3137,5440,0.204
3137,5575,0.249
3138,3260,0.402
3141,3371,0.259
3141,5211,0.218
3141,5436,0.291
3142,3399,0.276
3142,3459,0.22
3142,3682,0.255
3142,5167,0.208
3142,5385,0.213
3142,5627,0.282
3143,3601,0.213
3143,4361,0.207
3143,4404,0.308
3143,4794,0.203
3143,5220,0.203
3143,5263,0.21
3144,3395,0.407
3144,3401,0.229
3144,3708,0.3
3144,5643,0.376
3145,3215,0.213
3145,3372,0.328
3145,4038,0.223
3145,4177,0.205
3145,4383,0.218
3145,4550,0.246
3145,4707,0.207
3145,5332,0.215
3147,3182,0.237
3148,4167,0.233
3150,3152,0.226
3150,3329,0.201
3150,3360,0.227
3150,3731,0.451
3150,4293,0.231
3150,4356,0.252
3150,4402,0.275
3150,4454,0.223
3150,4482,0.221
3150,4556,0.438
3150,4679,0.211
3150,4774,0.293
3150,4827,0.224
3150,4894,0.331
3150,5064,0.247
3150,5409,0.271
3150,5413,0.259
3151,3642,0.21
3151,4672,0.232
3151,4678,0.213
3152,3193,0.328
3152,3679,0.285
3152,3731,0.27
3152,3889,0.231
3152,4237,0.296
3152,4905,0.289
3152,5145,0.396
3152,5549,0.323
3154,3388,0.255
3154,3450,0.243
3154,3468,0.235
3154,3474,0.306
3154,3973,0.224
3154,4537,0.223
3154,4750,0.318
3154,4794,0.202
3154,4959,0.325
3154,4981,0.243
3154,5141,0.212
3154,5211,0.254
3154,5617,0.401
3155,3203,0.301
3155,3881,0.213
3155,3926,0.367
3155,4225,0.233
3155,4241,0.3
3155,4257,0.276
3155,4258,0.261
3155,4888,0.265
3155,5381,0.5
3155,5427,0.265
3158,3290,0.211
3158,3772,0.287
3158,4553,0.218
3158,4999,0.208
3158,5497,0.233
3158,5548,0.302
3159,3275,0.289
3159,3450,0.277
3159,3578,0.202
3159,3923,0.259
3159,3992,0.291
3159,4226,0.21
3159,4361,0.226
3159,4782,0.255
3159,5141,0.266
3159,5174,0.25
3159,5243,0.329
3159,5263,0.253
3159,5304,0.273
3161,3265,0.215
3161,3281,0.326
3161,3385,0.251
3161,3418,0.624
3161,3447,0.203
3161,3465,0.205
3161,3480,0.384
3161,3632,0.258
3161,3816,0.75
3161,3913,0.201
3161,4233,0.283
3161,4279,0.352
3161,4285,0.23
3161,4319,0.284
3161,4400,0.261
3161,4489,0.24
3161,4567,0.254
3161,4684,0.367
3161,4692,0.395
3161,4767,0.379
3161,4850,0.214
3161,4946,0.261
3161,5105,0.261
3161,5118,0.223
3161,5312,0.308
3161,5498,0.216
3161,5570,0.387
3161,5571,0.302
3161,5631,0.274
3162,3198,0.206
3163,4658,0.228
3163,5178,0.288
3163,5561,0.227
3165,4077,0.387
3165,4746,0.23
3165,5242,0.219
3165,5524,0.441
3166,4733,0.362
3168,5178,0.311
3168,5388,0.209
3168,5561,0.225
3168,5613,0.393
3168,5636,0.213
3170,5425,0.392
3170,5568,0.289
3171,3291,0.208
3171,3959,0.255
3171,3985,0.237
3171,4177,0.23
3171,4287,0.269
3171,4348,0.253
3171,4746,0.209
3171,4922,0.207
3172,3360,0.442
3172,4069,0.219
3172,4293,0.43
3172,4356,0.469
3172,4482,0.454
3172,4556,0.321
3172,4664,0.214
3172,4768,0.455
3172,4774,0.286
3172,4827,0.376
3172,4894,0.423
3172,4924,0.465
3172,4980,0.429
3172,5037,0.328
3172,5334,0.213
3172,5368,0.209
3172,5409,0.203
3172,5442,0.518
3173,3381,0.379
3173,3592,0.208
3173,3696,0.377
3173,3814,0.253
3173,3836,0.317
3173,3848,0.315
3173,4289,0.224
3173,4342,0.35
3173,4355,0.262
3173,4419,0.381
3173,4948,0.255
3173,4951,0.4
3173,5173,0.386
3173,5204,0.32
3173,5431,0.296
3173,5616,0.31
3178,4163,0.27
3178,4211,0.441
3179,4466,0.226
3180,3632,0.204
3180,4138,0.219
3180,4294,0.347
3180,5491,0.271
3181,4805,0.268
3181,5321,0.258
3181,5448,0.213
3181,5604,0.274
3182,4469,0.208
3182,5528,0.212
3184,3336,0.317
3184,3480,0.26
3184,3816,0.21
3184,3855,0.247
3184,4279,0.26
3184,4567,0.223
3184,4684,0.304
3184,4767,0.289
3184,4946,0.234
3184,5025,0.226
3184,5568,0.218
3184,5571,0.21
3186,4040,0.404
3186,5251,0.223
3187,3596,0.212
3187,4194,0.23
3187,4639,0.202
3187,4658,0.201
3187,4933,0.225
3187,5497,0.201
3188,4666,0.255
3188,4785,0.202
3188,4934,0.447
3188,5283,0.266
3190,4677,0.289
3191,3365,0.218
3191,3895,0.207
3192,3204,0.258
3192,3447,0.261
3192,3621,0.273
3192,3838,0.224
3192,4047,0.263
3192,4122,0.338
3192,4126,0.282
3192,4221,0.21
3192,4245,0.297
3192,4354,0.279
3192,4411,0.295
3192,4588,0.644
3192,4613,0.225
3192,4803,0.221
3192,4918,0.28
3192,4946,0.307
3192,5009,0.358
3192,5088,0.283
3192,5118,0.231
3192,5449,0.231
3193,3299,0.412
3193,3679,0.242
3193,3731,0.263
3193,4454,0.299
3193,4637,0.33
3193,4907,0.256
3193,5066,0.204
3194,3222,0.361
3194,3955,0.228
3194,4846,0.211
3194,4971,0.206
3196,4910,0.277
3198,4068,0.268
3198,5556,0.218
3199,3948,0.215
3200,3631,0.28
3200,5025,0.266
3203,3417,0.215
3203,3881,0.218
3203,3926,0.341
3203,4241,0.228
3203,4257,0.21
3203,4394,0.247
3203,5011,0.234
3203,5381,0.383
3204,3251,0.211
3204,3336,0.213
3204,3349,0.438
3204,3447,0.413
3204,3519,0.255
3204,3583,0.418
3204,3621,0.431
3204,3660,0.214
3204,3801,0.273
3204,3838,0.499
3204,3931,0.208
3204,4047,0.426
3204,4064,0.509
3204,4126,0.22
3204,4221,0.513
3204,4245,0.779
3204,4308,0.45
3204,4354,0.426
3204,4403,0.253
3204,4411,0.468
3204,4588,0.308
3204,4590,0.264
3204,4613,0.274
3204,4771,0.208
3204,4803,0.33
3204,4819,0.409
3204,4918,0.405
3204,4946,0.263
3204,5025,0.413
3204,5088,0.491
3204,5215,0.228
3204,5305,0.211
3204,5392,0.441
3204,5397,0.221
3204,5402,0.522
3204,5583,0.22
3205,5135,0.345
3205,5435,0.234
3206,3490,0.239
3206,3642,0.228
3206,4678,0.237
3206,5130,0.238
3206,5301,0.368
3206,5371,0.292
3206,5394,0.214
3206,5558,0.213
3208,3290,0.37
3208,3432,0.388
3208,3444,0.234
3208,3772,0.228
3208,3909,0.219
3208,3928,0.261
3208,3955,0.239
3208,4173,0.249
3208,4244,0.4
3208,4332,0.305
3208,4553,0.205
3208,4856,0.419
3208,4908,0.436
3208,4920,0.216
3208,4999,0.337
3208,5089,0.212
3208,5497,0.258
3208,5532,0.23
3208,5546,0.68
3209,3741,0.279
3211,3212,0.268
3211,3366,0.405
3211,3373,0.21
3211,3439,0.443
3211,3504,0.469
3211,3577,0.31
3211,3779,0.382
3211,4426,0.359
3211,4464,0.346
3211,4600,0.412
3211,4705,0.209
3211,4812,0.298
3211,5068,0.219
3211,5149,0.362
3211,5253,0.207
3212,3366,0.209
3212,3504,0.341
3212,3779,0.247
3212,4019,0.281
3212,4426,0.33
3212,4464,0.22
3212,4812,0.496
3212,5068,0.289
3212,5149,0.313
3213,4795,0.205
3214,3404,0.204
3214,3710,0.306
3214,4286,0.206
3214,4505,0.217
3214,4995,0.202
3214,5293,0.247
3214,5340,0.273
3214,5373,0.232
3214,5427,0.207
3215,4550,0.23
3215,4746,0.223
3219,3387,0.289
3219,3401,0.245
3219,3402,0.308
3219,3410,0.36
3219,3708,0.287
3219,3737,0.495
3219,4097,0.232
3219,4302,0.211
3219,4492,0.204
3219,4577,0.23
3219,4873,0.312
3219,5315,0.267
3219,5515,0.219
3219,5551,0.304
3219,5557,0.262
3219,5621,0.324
3222,3299,0.212
3222,3444,0.281
3222,3449,0.216
3222,3568,0.261
3222,3771,0.227
3222,3920,0.21
3222,4871,0.294
3222,4961,0.268
3222,4971,0.211
3222,5591,0.36
3223,3477,0.222
3223,3613,0.205
3223,3727,0.216
3223,3847,0.27
3223,4074,0.243
3223,4207,0.23
3223,4424,0.321
3223,4447,0.385
3223,4546,0.265
3223,4604,0.368
3223,5091,0.26
3223,5155,0.32
3223,5277,0.316
3223,5567,0.256
3224,4281,0.225
3225,3596,0.233
3225,4042,0.238
3225,5528,0.239
3226,4523,0.252
3226,5178,0.258
3226,5526,0.22
3226,5561,0.274
3226,5636,0.249
3227,4657,0.229
3229,3347,0.316
3229,3393,0.483
3229,3536,0.215
3229,3613,0.462
3229,3727,0.213
3229,3812,0.522
3229,3847,0.229
3229,4060,0.315
3229,4067,0.201
3229,4074,0.22
3229,4179,0.254
3229,4309,0.261
3229,4447,0.212
3229,4706,0.287
3229,5091,0.461
3229,5155,0.275
3229,5277,0.226
3229,5484,0.202
3230,4437,0.204
3230,5579,0.207
3231,4655,0.235
3231,5208,0.228
3232,3328,0.512
3232,4419,0.313
3232,5204,0.218
3232,5629,0.41
3233,3981,0.209
3233,4641,0.25
3234,4385,0.398
3234,4666,0.367
3234,4785,0.602
3235,4850,0.304
3236,5301,0.226
3236,5532,0.202
3238,3322,0.259
3238,3827,0.208
3238,4188,0.217
3239,4014,0.213
3239,4523,0.24
3239,5384,0.206
3239,5526,0.223
3239,5553,0.272
3240,3435,0.328
3240,5157,0.213
3240,5261,0.205
3241,4087,0.329
3241,4179,0.239
3243,3297,0.222
3243,3433,0.418
3243,3459,0.233
3243,3626,0.406
3243,3737,0.205
3243,3861,0.207
3243,3872,0.38
3243,3918,0.287
3243,4029,0.34
3243,4065,0.206
3243,4302,0.203
3243,4417,0.407
3243,4576,0.212
3243,4649,0.223
3243,4749,0.233
3243,4984,0.352
3243,5167,0.396
3243,5315,0.207
3243,5557,0.205
3243,5640,0.498
3244,3792,0.328
3244,4662,0.226
3244,5338,0.23
3244,5432,0.229
3245,3370,0.307
3247,4048,0.212
3248,3429,0.239
3248,3704,0.222
3248,3949,0.259
3248,4013,0.217
3248,4256,0.376
3248,4360,0.235
3248,4423,0.224
3248,4451,0.219
3248,4859,0.23
3248,4972,0.325
3248,5057,0.286
3248,5249,0.393
3248,5356,0.237
3248,5603,0.306
3248,5611,0.302
3249,3984,0.292
3249,5193,0.276
3250,3708,0.216
3250,3737,0.373
3250,4302,0.289
3250,4889,0.22
3250,4939,0.278
3250,5315,0.239
3250,5334,0.246
3250,5362,0.29
3250,5551,0.211
3250,5557,0.469
3251,3519,0.535
3251,4064,0.22
3251,5402,0.284
3251,5545,0.207
3252,3627,0.202
3252,4526,0.274
3252,5404,0.215
3252,5518,0.201
3256,4903,0.218
3257,5404,0.206
3258,3465,0.517
3258,3527,0.335
3258,3650,0.424
3258,3656,0.211
3258,4108,0.343
3258,4323,0.418
3258,4367,0.437
3259,3600,0.228
3260,3323,0.278
3261,3444,0.297
3261,3771,0.398
3261,3791,0.209
3261,3896,0.308
3261,5432,0.267
3261,5556,0.204
3262,5481,0.234
3264,3630,0.222
3265,3281,0.234
3265,3418,0.25
3265,3632,0.226
3265,3816,0.213
3265,4369,0.202
3265,4400,0.208
3265,4567,0.26
3265,4692,0.211
3265,4864,0.248
3265,5498,0.223
3267,5086,0.245
3267,5278,0.274
3267,5634,0.213
3268,4508,0.266
3269,3839,0.288
3269,4063,0.217
3269,4657,0.317
3270,4439,0.231
3270,5026,0.246
3272,3497,0.298
3272,3714,0.226
3272,3985,0.234
3272,4006,0.21
3272,4177,0.256
3272,4180,0.332
3272,4346,0.374
3272,4577,0.497
3272,4707,0.369
3272,4776,0.285
3272,4876,0.343
3272,4945,0.313
3272,5227,0.247
3272,5326,0.333
3272,5334,0.233
3272,5535,0.208
3272,5565,0.232
3272,5618,0.344
3273,4248,0.219
3273,4308,0.201
3273,4419,0.217
3273,5519,0.204
3274,3524,0.245
3274,3732,0.378
3274,3761,0.204
3274,3909,0.252
3274,4021,0.226
3274,4197,0.221
3274,4261,0.27
3274,4366,0.214
3274,4418,0.202
3274,4495,0.319
3274,5117,0.216
3274,5147,0.299
3274,5221,0.235
3274,5406,0.338
3274,5444,0.205
3274,5510,0.226
3275,3318,0.304
3275,3331,0.206
3275,3340,0.25
3275,3450,0.278
3275,3578,0.276
3275,3636,0.241
3275,3728,0.222
3275,3729,0.258
3275,3786,0.214
3275,3923,0.309
3275,3992,0.278
3275,4041,0.228
3275,4182,0.22
3275,4226,0.341
3275,4361,0.285
3275,4363,0.248
3275,4433,0.272
3275,4676,0.258
3275,4756,0.219
3275,4782,0.321
3275,4857,0.451
3275,4903,0.251
3275,5087,0.363
3275,5141,0.394
3275,5174,0.319
3275,5243,0.265
3275,5263,0.28
3275,5304,0.279
3275,5448,0.225
3276,3405,0.204
3276,3878,0.256
3276,4019,0.228
3276,4218,0.233
3276,4583,0.296
3276,4844,0.244
3276,5017,0.259
3277,3781,0.227
3277,4981,0.221
3277,5211,0.28
3277,5287,0.267
3277,5473,0.258
3277,5617,0.236
3278,4017,0.28
3278,4802,0.346
3278,5197,0.261
3279,5102,0.295
3281,3366,0.207
3281,3385,0.295
3281,3389,0.36
3281,3480,0.342
3281,3665,0.21
3281,3816,0.321
3281,3855,0.231
3281,3886,0.222
3281,4063,0.206
3281,4233,0.205
3281,4279,0.4
3281,4319,0.254
3281,4533,0.21
3281,4567,0.315
3281,4657,0.237
3281,4684,0.371
3281,4715,0.205
3281,4767,0.35
3281,4864,0.215
3281,5568,0.245
3281,5570,0.341
3281,5571,0.388
3282,3827,0.232
3282,5523,0.289
3283,3291,0.228
3283,3497,0.219
3283,3714,0.245
3283,3959,0.303
3283,3985,0.228
3283,4177,0.262
3283,4348,0.274
3283,4550,0.251
3283,4732,0.245
3283,4746,0.322
3283,4922,0.239
3283,5535,0.238
3284,3617,0.324
3284,3684,0.207
3284,4558,0.212
3285,5051,0.243
3285,5435,0.5
3286,4778,0.239
3287,5118,0.215
3288,5096,0.234
3289,3842,0.204
3289,5541,0.257
3290,3432,0.366
3290,3558,0.263
3290,3772,0.341
3290,3917,0.261
3290,4080,0.277
3290,4093,0.203
3290,4376,0.205
3290,4734,0.24
3290,4816,0.306
3290,4855,0.21
3290,4856,0.214
3290,4908,0.237
3290,5044,0.232
3290,5513,0.237
3290,5545,0.206
3291,4383,0.268
3291,4550,0.278
3291,4707,0.294
3291,4746,0.202
3291,5492,0.201
3292,3553,0.205
3292,3690,0.223
3292,3691,0.248
3292,3735,0.212
3292,3915,0.249
3292,4617,0.322
3292,4815,0.292
3292,5425,0.205
3292,5499,0.393
3293,3363,0.256
3294,5475,0.214
3295,3685,0.212
3295,3756,0.22
3295,4604,0.202
3296,3392,0.206
3296,3669,0.209
3296,3870,0.253
3296,4435,0.243
3296,4495,0.255
3296,4641,0.201
3296,4713,0.202
3296,4809,0.202
3297,3399,0.299
3297,3433,0.201
3297,3459,0.202
3298,4361,0.267
3298,4682,0.207
3298,4782,0.291
3298,4794,0.235
3298,4857,0.247
3298,4903,0.266
3298,5141,0.226
3298,5263,0.232
3299,3653,0.22
3299,3679,0.259
3299,3898,0.504
3299,4377,0.242
3299,4555,0.497
3299,4631,0.327
3299,4871,0.296
3299,4941,0.22
3299,5048,0.263
3299,5537,0.256
3301,3659,0.288
3301,3743,0.337
3301,3924,0.226
3301,4016,0.32
3301,4394,0.234
3301,5534,0.313
3303,3424,0.336
3303,4146,0.24
3303,4333,0.263
3303,4492,0.259
3303,4498,0.231
3303,4805,0.322
3303,4869,0.284
3303,5399,0.203
3303,5515,0.258
3304,5133,0.227
3305,5491,0.356
3305,5574,0.333
3306,4662,0.353
3306,5198,0.227
3307,4662,0.219
3309,4287,0.221
3311,3767,0.241
3311,3770,0.232
3311,3926,0.205
3311,4225,0.207
3313,4633,0.233
3313,5472,0.259
3314,4999,0.212
3315,3485,0.211
3315,4672,0.265
3318,3331,0.209
3318,3340,0.231
3318,3450,0.248
3318,3578,0.207
3318,3612,0.235
3318,3786,0.225
3318,3880,0.206
3318,3923,0.366
3318,3986,0.208
3318,3992,0.232
3318,4217,0.238
3318,4226,0.253
3318,4361,0.223
3318,4433,0.395
3318,4676,0.237
3318,4782,0.315
3318,4857,0.398
3318,4903,0.263
3318,5087,0.33
3318,5141,0.296
3318,5174,0.211
3318,5243,0.206
3318,5263,0.232
3318,5304,0.207
3320,4957,0.21
3320,5260,0.21
3321,3621,0.215
3321,4403,0.356
3321,4588,0.216
3321,4986,0.222
3321,5583,0.264
3322,3367,0.239
3323,3420,0.227
3324,5482,0.435
3326,4967,0.229
3326,5107,0.24
3328,4355,0.246
3328,4419,0.25
3328,4679,0.215
3328,5204,0.279
3328,5431,0.271
3328,5629,0.376
3329,3769,0.245
3329,3905,0.207
3329,4344,0.335
3331,3966,0.224
3331,4182,0.205
3331,4903,0.241
3331,5513,0.202
3332,3351,0.69
3332,3420,0.442
3332,3459,0.231
3332,3626,0.21
3332,3951,0.232
3332,4347,0.202
3332,4378,0.269
3332,4517,0.714
3332,4604,0.202
3332,4649,0.256
3332,4749,0.251
3332,4900,0.522
3332,4984,0.241
3334,4601,0.46
3334,5101,0.237
3334,5283,0.201
3334,5311,0.503
3336,3389,0.244
3336,3447,0.21
3336,3480,0.233
3336,3632,0.351
3336,3873,0.201
3336,4221,0.253
3336,4245,0.234
3336,4279,0.216
3336,4285,0.27
3336,4308,0.22
3336,4533,0.273
3336,4567,0.277
3336,4638,0.263
3336,4684,0.234
3336,4715,0.21
3336,4735,0.235
3336,4771,0.249
3336,4819,0.267
3336,4861,0.211
3336,4864,0.206
3336,4946,0.214
3336,5088,0.208
3336,5118,0.314
3336,5317,0.247
3336,5318,0.271
3336,5392,0.217
3336,5562,0.253
3336,5568,0.214
3336,5570,0.23
3337,4286,0.215
3337,4676,0.231
3338,3611,0.289
3338,4145,0.213
3338,4301,0.21
3338,5039,0.279
3338,5208,0.278
3339,4287,0.204
3339,4356,0.217
3339,4440,0.229
3339,5616,0.227
3340,3923,0.23
3340,4217,0.201
3340,4306,0.232
3340,4676,0.222
3340,4691,0.21
3340,4782,0.309
3340,4857,0.258
3340,4903,0.326
3340,5087,0.256
3340,5141,0.243
3340,5243,0.248
3340,5263,0.311
3343,3550,0.236
3343,4718,0.218
3343,5520,0.333
3344,4276,0.235
3344,5195,0.258
3345,3474,0.384
3345,4794,0.239
3345,5141,0.284
3346,4687,0.204
3347,3393,0.4
3347,3613,0.307
3347,3812,0.202
3347,4447,0.348
3347,4604,0.227
3347,5155,0.245
3347,5277,0.208
3347,5592,0.216
3348,3863,0.213
3349,3418,0.212
3349,3447,0.463
3349,3583,0.201
3349,3621,0.395
3349,3838,0.381
3349,3931,0.264
3349,4047,0.269
3349,4064,0.348
3349,4126,0.327
3349,4221,0.286
3349,4245,0.4
3349,4308,0.348
3349,4354,0.346
3349,4403,0.485
3349,4411,0.331
3349,4588,0.274
3349,4590,0.237
3349,4651,0.213
3349,4803,0.321
3349,4819,0.319
3349,4860,0.279
3349,4918,0.368
3349,4986,0.23
3349,5025,0.529
3349,5088,0.4
3349,5186,0.228
3349,5392,0.353
3349,5397,0.267
3349,5402,0.329
3349,5449,0.297
3349,5583,0.229
3351,3420,0.428
3351,3626,0.236
3351,3951,0.205
3351,4309,0.201
3351,4334,0.212
3351,4378,0.268
3351,4517,0.739
3351,4546,0.205
3351,4576,0.21
3351,4649,0.288
3351,4749,0.204
3351,4900,0.521
3351,5154,0.206
3351,5167,0.249
3351,5227,0.24
3351,5424,0.221
3351,5434,0.267
3351,5584,0.227
3352,3481,0.201
3352,3929,0.207
3354,4710,0.242
3356,4504,0.21
3356,4637,0.307
3358,5085,0.289
3358,5468,0.332
3360,3750,0.203
3360,4069,0.393
3360,4293,0.367
3360,4356,0.447
3360,4402,0.234
3360,4482,0.275
3360,4556,0.515
3360,4664,0.269
3360,4679,0.212
3360,4768,0.368
3360,4774,0.504
3360,4797,0.235
3360,4827,0.396
3360,4894,0.533
3360,4924,0.381
3360,4980,0.395
3360,5037,0.436
3360,5162,0.279
3360,5316,0.221
3360,5409,0.508
3360,5442,0.472
3360,5458,0.315
3361,5541,0.222
3364,3611,0.209
3364,3642,0.204
3364,4530,0.268
3364,4934,0.232
3365,3803,0.21
3365,5349,0.241
3366,3439,0.387
3366,3504,0.423
3366,3577,0.388
3366,3779,0.3
3366,4096,0.224
3366,4224,0.234
3366,4426,0.253
3366,4464,0.294
3366,4600,0.451
3366,4812,0.234
3366,4819,0.256
3366,5068,0.245
3366,5149,0.422
3366,5310,0.205
3366,5568,0.248
3367,5197,0.203
3368,3481,0.209
3368,3965,0.231
3368,4262,0.239
3371,5436,0.395
3372,4383,0.224
3372,4991,0.214
3373,4127,0.261
3373,4553,0.237
3373,5310,0.325
3374,3444,0.289
3374,3640,0.204
3374,3771,0.251
3374,4304,0.23
3374,5444,0.27
3378,5355,0.361
3378,5513,0.204
3379,3527,0.206
3379,5349,0.223
3380,4919,0.208
3381,3516,0.246
3381,3696,0.251
3381,3848,0.272
3381,4951,0.263
3381,5173,0.249
3381,5616,0.216
3382,3481,0.387
3382,4037,0.29
3382,4263,0.256
3382,4321,0.237
3382,4527,0.22
3382,4558,0.217
3382,4886,0.271
3382,4929,0.302
3382,5048,0.206
3382,5078,0.242
3382,5245,0.205
3382,5576,0.27
3382,5602,0.318
3385,3418,0.213
3385,3480,0.238
3385,3548,0.208
3385,3632,0.267
3385,3816,0.221
3385,4063,0.204
3385,4220,0.207
3385,4319,0.212
3385,4400,0.22
3385,4567,0.223
3385,4651,0.241
3385,4656,0.333
3385,4684,0.204
3385,4767,0.231
3385,4771,0.207
3385,4819,0.203
3385,5259,0.234
3385,5312,0.28
3385,5318,0.255
3385,5397,0.201
3385,5449,0.251
3387,3410,0.529
3387,3637,0.223
3387,3737,0.311
3387,3934,0.214
3387,4130,0.288
3387,4873,0.226
3387,5043,0.23
3387,5362,0.233
3387,5551,0.271
3387,5621,0.202
3388,3973,0.433
3388,4176,0.295
3388,4491,0.202
3388,4990,0.405
3388,5276,0.318
3388,5396,0.229
3388,5441,0.21
3389,3438,0.226
3389,3480,0.315
3389,3485,0.248
3389,3510,0.209
3389,3632,0.327
3389,3665,0.342
3389,3855,0.434
3389,4279,0.272
3389,4285,0.326
3389,4426,0.217
3389,4533,0.401
3389,4567,0.424
3389,4638,0.279
3389,4684,0.339
3389,4715,0.216
3389,4767,0.289
3389,4771,0.237
3389,4864,0.263
3389,4946,0.302
3389,5105,0.251
3389,5259,0.216
3389,5312,0.27
3389,5317,0.239
3389,5440,0.216
3389,5470,0.216
3389,5498,0.241
3389,5568,0.218
3389,5570,0.229
3389,5571,0.316
3389,5575,0.217
3391,3519,0.281
3392,3669,0.206
3392,3732,0.213
3392,3761,0.208
3392,3870,0.229
3392,4809,0.22
3393,3613,0.428
3393,3812,0.443
3393,3847,0.287
3393,3855,0.234
3393,4060,0.208
3393,4067,0.372
3393,4179,0.248
3393,4447,0.354
3393,4546,0.202
3393,4604,0.276
3393,4706,0.282
3393,5091,0.461
3393,5155,0.328
3393,5277,0.349
3393,5567,0.244
3393,5592,0.3
3393,5593,0.225
3394,3611,0.287
3394,4145,0.208
3394,5039,0.362
3394,5130,0.259
3394,5301,0.218
3395,3708,0.257
3395,3737,0.277
3395,4492,0.214
3395,5643,0.32
3396,3916,0.215
3396,5073,0.205
3397,5119,0.27
3398,4504,0.226
3399,3459,0.344
3399,4065,0.219
3399,4417,0.258
3399,4984,0.255
3399,5167,0.397
3399,5253,0.209
3399,5385,0.213
3399,5640,0.243
3400,3531,0.276
3400,3576,0.215
3400,3596,0.256
3400,4271,0.234
3400,4947,0.255
3400,5144,0.261
3401,3410,0.283
3401,3448,0.236
3401,3452,0.286
3401,3708,0.341
3401,3737,0.381
3401,4097,0.294
3401,4130,0.281
3401,4133,0.231
3401,4302,0.424
3401,4318,0.317
3401,4491,0.239
3401,4492,0.219
3401,4873,0.217
3401,4939,0.324
3401,5315,0.58
3401,5362,0.252
3401,5399,0.34
3401,5515,0.228
3401,5551,0.348
3401,5557,0.408
3401,5621,0.277
3402,3410,0.338
3402,3563,0.341
3402,3637,0.318
3402,3708,0.386
3402,4097,0.304
3402,4130,0.225
3402,4302,0.274
3402,5043,0.264
3402,5307,0.214
3402,5362,0.205
3402,5551,0.391
3404,4068,0.202
3404,5293,0.202
3405,3906,0.214
3405,4335,0.298
3405,4557,0.506
3405,4717,0.493
3405,4806,0.44
3405,5100,0.23
3406,5194,0.296
3406,5626,0.227
3408,3824,0.262
3408,3903,0.203
3408,4013,0.236
3408,4235,0.214
3408,4700,0.213
3408,5321,0.256
3408,5336,0.251
3408,5448,0.26
3408,5604,0.324
3410,3637,0.287
3410,3708,0.292
3410,3737,0.539
3410,3934,0.209
3410,4097,0.463
3410,4130,0.251
3410,4302,0.226
3410,4318,0.227
3410,4492,0.212
3410,4873,0.44
3410,5043,0.209
3410,5307,0.216
3410,5315,0.232
3410,5362,0.202
3410,5515,0.225
3410,5551,0.483
3410,5557,0.23
3410,5621,0.217
3412,3455,0.363
3412,5391,0.23
3413,3475,0.21
3415,3429,0.212
3415,3704,0.206
3415,3949,0.277
3415,4013,0.231
3415,4256,0.213
3415,4360,0.301
3415,4435,0.27
3415,4615,0.209
3415,4759,0.424
3415,4859,0.219
3415,4972,0.232
3415,5250,0.275
3415,5274,0.239
3415,5356,0.227
3416,4514,0.58
3417,3439,0.259
3417,3514,0.201
3417,3779,0.206
3417,3893,0.226
3417,4006,0.292
3417,4911,0.248
3417,4993,0.393
3418,3447,0.262
3418,3480,0.39
3418,3632,0.217
3418,3816,0.611
3418,3913,0.263
3418,4279,0.416
3418,4285,0.261
3418,4308,0.207
3418,4324,0.289
3418,4400,0.267
3418,4567,0.301
3418,4684,0.445
3418,4692,0.466
3418,4714,0.203
3418,4715,0.253
3418,4767,0.36
3418,4850,0.248
3418,4864,0.234
3418,4997,0.248
3418,5105,0.318
3418,5118,0.311
3418,5312,0.381
3418,5319,0.249
3418,5631,0.417
3419,4382,0.208
3419,4682,0.246
3419,4896,0.311
3419,5176,0.314
3419,5546,0.239
3420,3433,0.213
3420,3872,0.231
3420,3951,0.219
3420,4378,0.254
3420,4517,0.454
3420,4576,0.21
3420,4900,0.279
3420,4974,0.324
3420,4984,0.209
3421,3688,0.246
3421,3767,0.211
3421,4847,0.446
3421,5180,0.228
3422,3732,0.229
3422,3949,0.211
3422,4366,0.365
3423,4277,0.313
3423,4364,0.242
3423,5349,0.237
3424,3833,0.219
3424,4146,0.38
3424,4333,0.363
3424,4492,0.424
3424,4554,0.394
3424,4805,0.621
3424,4869,0.358
3424,5399,0.287
3424,5515,0.405
3425,3605,0.224
3425,3732,0.243
3425,3973,0.208
3425,4261,0.206
3425,4435,0.323
3425,4713,0.248
3425,4770,0.511
3425,4791,0.265
3425,4972,0.212
3425,5115,0.272
3425,5242,0.296
3425,5524,0.355
3425,5574,0.282
3425,5603,0.301
3426,3483,0.455
3426,4436,0.201
3426,5165,0.312
3426,5215,0.447
3426,5566,0.338
3429,3949,0.244
3429,4013,0.242
3429,4256,0.251
3429,4360,0.265
3429,4740,0.203
3429,4759,0.284
3429,4859,0.242
3429,4972,0.333
3429,5249,0.3
3429,5356,0.281
3429,5603,0.227
3429,5611,0.286
3431,3536,0.201
3432,3558,0.239
3432,3733,0.215
3432,3909,0.201
3432,3917,0.317
3432,4213,0.265
3432,4553,0.202
3432,4621,0.266
3432,4734,0.37
3432,4816,0.31
3432,4831,0.202
3432,4999,0.278
3432,5047,0.21
3432,5545,0.228
3433,3626,0.355
3433,3872,0.438
3433,3918,0.44
3433,4029,0.374
3433,4749,0.203
3433,4984,0.386
3433,5250,0.28
3433,5500,0.204
3435,3752,0.259
3435,4637,0.397
3435,4872,0.402
3435,5047,0.216
3435,5284,0.201
3435,5430,0.221
3436,3474,0.226
3436,4782,0.272
3436,5270,0.231
3437,3988,0.227
3437,4085,0.219
3437,4505,0.323
3437,4662,0.287
3437,4846,0.307
3437,5198,0.298
3437,5556,0.226
3438,3480,0.226
3438,3510,0.247
3438,3632,0.271
3438,3783,0.331
3438,3855,0.222
3438,3873,0.224
3438,3897,0.248
3438,4279,0.25
3438,4285,0.245
3438,4421,0.214
3438,4533,0.299
3438,4567,0.321
3438,4684,0.263
3438,4767,0.215
3438,4850,0.244
3438,4864,0.266
3438,4946,0.527
3438,5124,0.228
3438,5259,0.255
3438,5305,0.287
3438,5470,0.415
3438,5571,0.345
3439,3577,0.658
3439,3779,0.494
3439,4096,0.317
3439,4426,0.389
3439,4564,0.263
3439,4600,0.428
3439,4767,0.204
3439,5149,0.586
3439,5312,0.211
3444,3640,0.397
3444,3653,0.224
3444,3684,0.208
3444,3771,0.578
3444,4129,0.205
3444,5048,0.207
3444,5444,0.398
3444,5591,0.23
3445,3458,0.202
3445,4068,0.228
3445,4530,0.223
3445,4940,0.227
3445,5039,0.204
3445,5130,0.314
3445,5209,0.238
3445,5301,0.242
3445,5558,0.244
3446,4022,0.206
3447,3583,0.216
3447,3621,0.486
3447,3838,0.328
3447,3931,0.228
3447,4047,0.267
3447,4064,0.405
3447,4122,0.229
3447,4126,0.328
3447,4221,0.284
3447,4245,0.439
3447,4308,0.39
3447,4354,0.305
3447,4403,0.26
3447,4411,0.377
3447,4421,0.293
3447,4588,0.287
3447,4590,0.269
3447,4651,0.202
3447,4715,0.218
3447,4803,0.237
3447,4819,0.321
3447,4860,0.238
3447,4918,0.402
3447,4946,0.215
3447,5025,0.428
3447,5088,0.499
3447,5118,0.243
3447,5392,0.423
3447,5402,0.392
3447,5449,0.225
3447,5519,0.207
3447,5583,0.262
3448,3452,0.373
3448,3703,0.323
3448,3708,0.262
3448,3737,0.307
3448,4097,0.218
3448,4133,0.272
3448,4134,0.248
3448,4234,0.236
3448,4492,0.277
3448,4554,0.206
3448,4873,0.205
3448,5315,0.429
3448,5326,0.242
3448,5399,0.299
3448,5515,0.268
3448,5551,0.285
3449,4871,0.207
3449,4878,0.204
3449,5048,0.228
3449,5591,0.412
3450,3474,0.242
3450,3578,0.283
3450,3880,0.262
3450,3923,0.319
3450,4066,0.243
3450,4226,0.278
3450,4361,0.338
3450,4676,0.259
3450,4782,0.304
3450,4794,0.29
3450,4857,0.324
3450,4903,0.212
3450,5087,0.393
3450,5141,0.422
3450,5174,0.243
3450,5243,0.426
3450,5263,0.297
3450,5270,0.208
3450,5286,0.205
3450,5304,0.296
3450,5617,0.289
3451,3827,0.212
3451,4105,0.22
3451,4529,0.206
3451,4553,0.217
3451,5116,0.21
3451,5349,0.245
3451,5472,0.208
3452,3708,0.221
3452,3737,0.215
3452,4133,0.274
3452,4492,0.242
3452,5315,0.3
3452,5515,0.276
3453,4396,0.317
3453,4917,0.241
3453,5224,0.269
3455,4429,0.209
3455,4586,0.219
3455,5341,0.275
3455,5548,0.203
3456,3884,0.23
3456,4719,0.205
3456,5062,0.249
3456,5182,0.213
3458,4940,0.217
3458,5039,0.226
3458,5130,0.306
3458,5558,0.211
3459,3626,0.255
3459,3682,0.23
3459,4517,0.212
3459,4749,0.217
3462,5445,0.271
3463,4793,0.23
3463,5131,0.309
3465,3527,0.249
3465,3650,0.518
3465,3779,0.22
3465,3816,0.215
3465,4108,0.392
3465,4323,0.42
3465,4367,0.45
3465,5520,0.201
3466,3528,0.232
3466,4436,0.202
3467,5435,0.21
3468,3474,0.228
3468,3628,0.258
3468,4537,0.337
3468,5211,0.272
3468,5244,0.339
3468,5264,0.293
3468,5617,0.231
3469,4608,0.256
3472,3659,0.223
3472,3955,0.206
3472,4009,0.217
3472,4085,0.218
3472,4663,0.257
3472,5624,0.304
3474,4187,0.264
3474,4361,0.206
3474,4537,0.212
3474,4750,0.305
3474,4782,0.248
3474,4794,0.221
3474,4959,0.244
3474,5141,0.427
3474,5211,0.32
3474,5263,0.257
3474,5617,0.317
3476,5019,0.251
3476,5062,0.201
3477,5640,0.205
3479,3481,0.211
3480,3510,0.228
3480,3632,0.443
3480,3665,0.25
3480,3783,0.247
3480,3816,0.399
3480,3855,0.214
3480,4279,0.51
3480,4285,0.359
3480,4295,0.217
3480,4319,0.359
3480,4533,0.307
3480,4567,0.455
3480,4684,0.699
3480,4692,0.29
3480,4715,0.381
3480,4767,0.641
3480,4771,0.205
3480,4850,0.253
3480,4864,0.401
3480,4946,0.427
3480,5002,0.311
3480,5105,0.417
3480,5259,0.283
3480,5305,0.253
3480,5312,0.435
3480,5470,0.231
3480,5498,0.34
3480,5568,0.216
3480,5570,0.422
3480,5571,0.38
3480,5631,0.233
3481,4037,0.241
3481,4263,0.253
3481,4321,0.226
3481,4527,0.257
3481,4667,0.229
3481,4886,0.248
3481,5078,0.264
3481,5483,0.212
3481,5576,0.235
3481,5602,0.261
3483,5165,0.451
3483,5215,0.453
3483,5447,0.301
3483,5566,0.297
3484,4128,0.327
3484,4325,0.34
3484,5101,0.456
3485,3504,0.221
3485,3577,0.308
3485,3779,0.253
3485,4096,0.246
3485,4656,0.218
3485,4767,0.214
3485,5068,0.213
3487,3489,0.212
3489,3902,0.306
3489,5080,0.296
3489,5452,0.239
3490,3732,0.24
3490,3949,0.204
3490,4070,0.216
3490,4256,0.221
3490,4360,0.29
3490,4435,0.219
3490,4940,0.237
3490,5130,0.212
3490,5301,0.341
3490,5371,0.339
3490,5394,0.338
3490,5454,0.372
3491,3824,0.3
3491,4831,0.278
3491,4847,0.264
3491,5178,0.259
3491,5180,0.273
3492,4034,0.338
3496,4791,0.205
3496,4834,0.202
3497,3696,0.202
3497,3985,0.228
3497,4177,0.298
3497,4180,0.249
3497,4202,0.216
3497,4287,0.325
3497,4346,0.347
3497,4419,0.233
3497,4550,0.256
3497,4577,0.502
3497,4707,0.317
3497,4746,0.252
3497,4776,0.286
3497,4876,0.401
3497,5227,0.213
3497,5315,0.266
3497,5326,0.314
3497,5334,0.213
3497,5431,0.205
3497,5535,0.204
3497,5618,0.405
3498,3640,0.246
3498,5556,0.353
3499,4134,0.255
3499,5482,0.209
3500,4325,0.248
3500,4344,0.201
3500,4428,0.204
3500,5168,0.22
3501,3884,0.218
3501,4015,0.282
3501,4309,0.222
3501,4317,0.228
3501,4469,0.378
3501,4672,0.245
3501,5333,0.223
3502,4306,0.203
3503,4747,0.202
3504,3577,0.483
3504,3779,0.448
3504,4096,0.441
3504,4464,0.312
3504,4487,0.203
3504,4657,0.206
3504,4812,0.302
3504,5068,0.282
3504,5568,0.226
3506,4198,0.218
3508,3597,0.204
3508,3862,0.317
3508,4263,0.217
3508,4379,0.299
3508,4711,0.233
3508,5226,0.231
3508,5635,0.241
3510,3855,0.234
3510,4279,0.243
3510,4533,0.213
3510,4684,0.242
3510,4771,0.234
3510,4946,0.422
3510,5259,0.588
3510,5305,0.253
3510,5571,0.226
3512,4756,0.209
3513,4812,0.211
3515,3955,0.277
3516,3731,0.26
3516,3848,0.244
3516,4248,0.268
3516,4355,0.291
3516,4419,0.232
3516,5173,0.205
3516,5204,0.425
3516,5616,0.22
3518,3621,0.254
3518,4651,0.533
3518,4918,0.215
3518,5088,0.202
3518,5402,0.214
3518,5449,0.204
3518,5545,0.204
3519,3621,0.211
3519,4064,0.311
3519,4245,0.222
3519,4411,0.25
3519,4588,0.242
3519,5088,0.22
3519,5402,0.366
3519,5519,0.206
3520,3662,0.221
3521,4662,0.263
3521,5164,0.227
3521,5514,0.236
3524,3732,0.273
3524,3761,0.203
3524,3909,0.281
3524,4261,0.336
3524,4366,0.257
3524,4435,0.221
3524,4495,0.224
3524,4713,0.204
3524,4888,0.206
3524,5147,0.248
3524,5406,0.344
3525,5504,0.374
3526,3728,0.267
3526,4758,0.308
3526,5321,0.293
3526,5448,0.363
3526,5604,0.288
3527,3650,0.388
3527,4108,0.311
3527,4132,0.219
3527,4250,0.209
3527,4323,0.407
3527,4367,0.328
3527,4484,0.202
3530,4051,0.213
3530,4218,0.206
3530,4458,0.451
3530,4583,0.219
3531,4518,0.202
3531,4717,0.288
3531,5519,0.246
3532,4014,0.317
3533,3702,0.204
3533,4133,0.273
3533,4146,0.28
3533,4228,0.303
3533,4333,0.202
3533,4369,0.202
3533,4492,0.271
3533,4498,0.259
3533,4805,0.312
3533,4869,0.309
3533,5299,0.217
3533,5399,0.263
3533,5515,0.272
3534,3744,0.332
3534,3750,0.297
3534,4004,0.242
3534,4180,0.295
3534,4388,0.217
3534,4440,0.674
3534,4746,0.255
3534,4797,0.744
3534,4828,0.247
3534,5315,0.205
3534,5326,0.324
3534,5334,0.356
3534,5431,0.22
3535,4984,0.202
3535,5167,0.22
3536,3544,0.402
3536,3613,0.202
3536,4705,0.215
3536,5277,0.213
3537,3611,0.403
3537,4106,0.206
3537,4229,0.206
3537,5039,0.238
3537,5323,0.229
3537,5474,0.23
3538,4105,0.206
3538,4553,0.207
3540,3833,0.249
3540,4571,0.311
3540,5628,0.207
3542,3778,0.332
3543,3956,0.215
3543,4123,0.321
3543,4547,0.21
3543,5250,0.247
3543,5271,0.256
3544,4259,0.272
3545,5257,0.277
3545,5283,0.447
3546,3728,0.387
3546,3729,0.259
3546,4002,0.214
3546,4363,0.225
3546,4700,0.246
3546,4758,0.472
3546,5180,0.217
3546,5321,0.493
3546,5448,0.494
3546,5604,0.493
3547,4825,0.237
3548,3633,0.317
3548,3839,0.263
3548,4063,0.405
3548,4220,0.592
3548,5272,0.602
3548,5379,0.459
3548,5614,0.469
3550,4718,0.407
3550,4963,0.347
3550,5253,0.218
3550,5520,0.28
3551,4436,0.201
3553,4782,0.28
3555,3975,0.226
3555,4669,0.206
3555,5637,0.348
3556,4384,0.367
3558,3618,0.221
3558,3733,0.203
3558,3909,0.244
3558,3928,0.205
3558,4999,0.322
3558,5089,0.215
3558,5587,0.209
3560,4468,0.219
3560,4945,0.21
3560,5283,0.234
3560,5604,0.202
3562,4567,0.218
3562,5470,0.203
3564,3678,0.237
3564,3833,0.452
3564,3872,0.226
3564,4038,0.216
3564,4840,0.243
3564,5326,0.245
3564,5531,0.286
3565,4658,0.202
3571,4408,0.235
3571,4969,0.219
3572,3839,0.206
3572,4002,0.206
3572,4063,0.222
3572,4939,0.201
3573,5035,0.217
3575,5260,0.253
3576,5008,0.215
3576,5181,0.272
3576,5619,0.226
3577,3779,0.339
3577,4096,0.239
3577,4198,0.226
3577,4600,0.341
3577,4812,0.296
3577,5149,0.272
3577,5154,0.312
3577,5317,0.236
3577,5568,0.283
3578,3712,0.24
3578,3923,0.308
3578,4361,0.262
3578,4782,0.313
3578,5141,0.257
3578,5174,0.287
3578,5263,0.284
3579,5613,0.261
3583,3660,0.252
3583,3793,0.201
3583,3801,0.451
3583,3838,0.35
3583,4047,0.204
3583,4064,0.432
3583,4221,0.529
3583,4245,0.429
3583,4300,0.204
3583,4308,0.338
3583,4590,0.218
3583,4613,0.249
3583,4771,0.236
3583,4803,0.254
3583,4819,0.467
3583,4918,0.29
3583,5088,0.304
3583,5305,0.331
3583,5310,0.271
3583,5365,0.203
3583,5392,0.392
3583,5402,0.402
3586,3808,0.3
3591,3682,0.439
3591,4412,0.554
3591,5385,0.388
3591,5584,0.24
3591,5597,0.256
3591,5627,0.368
3592,3696,0.218
3592,4342,0.22
3592,4951,0.236
3595,4101,0.221
3595,4700,0.21
3595,5321,0.201
3595,5619,0.297
3597,3862,0.299
3597,5635,0.233
3600,5526,0.201
3600,5561,0.316
3600,5636,0.287
3601,4137,0.206
3601,4153,0.205
3601,4212,0.219
3601,4616,0.249
3601,4978,0.286
3601,5102,0.218
3602,5531,0.217
3603,3965,0.23
3603,4189,0.297
3603,4375,0.291
3603,5015,0.303
3604,4057,0.226
3604,4580,0.245
3605,3732,0.214
3605,4435,0.249
3605,4713,0.214
3606,5085,0.245
3606,5547,0.339
3607,4216,0.22
3608,5636,0.219
3609,3772,0.204
3609,4530,0.256
3609,4643,0.26
3609,5301,0.243
3610,4834,0.278
3611,3638,0.318
3611,3642,0.297
3611,4014,0.236
3611,4070,0.229
3611,4106,0.419
3611,4145,0.209
3611,4229,0.267
3611,4307,0.214
3611,4322,0.211
3611,4757,0.215
3611,4940,0.214
3611,5039,0.326
3611,5301,0.226
3612,3827,0.243
3612,4217,0.366
3612,4763,0.372
3612,4857,0.208
3612,5304,0.246
3612,5523,0.351
3613,3685,0.315
3613,3727,0.306
3613,3812,0.419
3613,3847,0.26
3613,4060,0.621
3613,4447,0.392
3613,4604,0.259
3613,5155,0.442
3613,5277,0.286
3613,5592,0.218
3613,5593,0.255
3614,3807,0.269
3614,4436,0.209
3616,4068,0.438
3616,4475,0.256
3616,5435,0.201
3616,5624,0.276
3617,3726,0.263
3617,4009,0.226
3617,4056,0.308
3617,4995,0.408
3618,3733,0.253
3618,3909,0.239
3618,4345,0.258
3618,4855,0.245
3618,4999,0.227
3618,5095,0.208
3618,5172,0.317
3618,5270,0.226
3620,3868,0.212
3620,4522,0.401
3620,5013,0.263
3620,5163,0.265
3620,5534,0.213
3621,3838,0.371
3621,3931,0.383
3621,4047,0.311
3621,4064,0.398
3621,4122,0.395
3621,4126,0.233
3621,4221,0.236
3621,4245,0.447
3621,4308,0.328
3621,4354,0.278
3621,4403,0.527
3621,4411,0.402
3621,4421,0.219
3621,4586,0.268
3621,4588,0.278
3621,4590,0.287
3621,4651,0.26
3621,4803,0.237
3621,4819,0.228
3621,4860,0.316
3621,4918,0.447
3621,4986,0.289
3621,5009,0.289
3621,5025,0.477
3621,5088,0.474
3621,5118,0.216
3621,5392,0.408
3621,5402,0.379
3621,5449,0.287
3621,5519,0.226
3621,5583,0.274
3626,3872,0.399
3626,3918,0.296
3626,3951,0.204
3626,4029,0.275
3626,4349,0.242
3626,4417,0.351
3626,4424,0.202
3626,4513,0.317
3626,4517,0.215
3626,4749,0.409
3626,4984,0.389
3626,5167,0.411
3626,5227,0.217
3626,5315,0.207
3626,5385,0.223
3626,5531,0.28
3626,5550,0.231
3626,5640,0.437
3628,4537,0.295
3628,4750,0.244
3628,5211,0.233
3628,5244,0.231
3628,5264,0.288
3630,4093,0.206
3630,5093,0.206
3630,5587,0.211
3631,3706,0.206
3631,4122,0.271
3631,4270,0.216
3631,4523,0.296
3631,5178,0.22
3631,5384,0.304
3631,5449,0.262
3631,5526,0.214
3631,5561,0.206
3631,5597,0.286
3632,3665,0.252
3632,3783,0.434
3632,3816,0.252
3632,3913,0.206
3632,4024,0.287
3632,4279,0.351
3632,4285,0.302
3632,4324,0.22
3632,4400,0.273
3632,4426,0.255
3632,4533,0.354
3632,4567,0.588
3632,4638,0.268
3632,4684,0.423
3632,4715,0.216
3632,4767,0.44
3632,4771,0.256
3632,4864,0.397
3632,5002,0.221
3632,5105,0.295
3632,5118,0.217
3632,5305,0.239
3632,5312,0.344
3632,5318,0.306
3632,5319,0.202
3632,5440,0.205
3633,3839,0.264
3633,4063,0.362
3633,4220,0.205
3633,5272,0.321
3633,5379,0.265
3633,5614,0.235
3636,4041,0.233
3636,4222,0.227
3636,4235,0.239
3636,4297,0.21
3636,4688,0.203
3636,4847,0.26
3636,5180,0.301
3636,5336,0.251
3636,5448,0.205
3637,3708,0.378
3637,3737,0.459
3637,3934,0.286
3637,4097,0.201
3637,4130,0.271
3637,4302,0.295
3637,4318,0.271
3637,4469,0.214
3637,4491,0.25
3637,4873,0.213
3637,5043,0.252
3637,5315,0.24
3637,5515,0.201
3637,5528,0.208
3637,5551,0.318
3637,5557,0.256
3637,5621,0.264
3638,4145,0.216
3638,5039,0.347
3639,4658,0.256
3639,4919,0.256
3639,5178,0.344
3639,5474,0.232
3639,5561,0.22
3640,3771,0.461
3640,3956,0.221
3640,4123,0.346
3640,5444,0.251
3640,5556,0.366
3641,5187,0.232
3642,3834,0.215
3642,3849,0.214
3642,3886,0.22
3642,3953,0.245
3642,4014,0.258
3642,4070,0.212
3642,4106,0.281
3642,4229,0.206
3642,4322,0.25
3642,4589,0.233
3642,4678,0.267
3642,4757,0.235
3642,4934,0.242
3642,4940,0.256
3642,5039,0.218
3642,5130,0.243
3642,5301,0.255
3642,5371,0.284
3642,5394,0.215
3642,5454,0.268
3642,5532,0.219
3643,4507,0.219
3643,4521,0.391
3643,4949,0.366
3649,3797,0.304
3649,4398,0.404
3650,4108,0.311
3650,4323,0.508
3650,4367,0.601
3650,5520,0.225
3653,4558,0.382
3653,4631,0.26
3653,5048,0.324
3653,5591,0.233
3656,3694,0.485
3656,4198,0.258
3656,4564,0.35
3656,5154,0.291
3656,5297,0.377
3656,5317,0.219
3656,5568,0.289
3657,4848,0.403
3657,5531,0.287
3658,5558,0.211
3659,4016,0.259
3659,4123,0.267
3659,5534,0.388
3660,3855,0.205
3660,4064,0.206
3660,4245,0.211
3660,4475,0.221
3660,4588,0.288
3660,4613,0.267
3660,4803,0.344
3660,4918,0.208
3660,4946,0.333
3660,5088,0.204
3660,5367,0.208
3660,5392,0.205
3660,5402,0.319
3661,5132,0.207
3664,5064,0.258
3664,5097,0.528
3665,3855,0.292
3665,4533,0.208
3665,4567,0.305
3665,4684,0.257
3665,4767,0.237
3665,4864,0.208
3665,5312,0.205
3665,5440,0.242
3667,4909,0.221
3669,3731,0.227
3669,3870,0.398
3669,4435,0.306
3669,4495,0.214
3669,4641,0.219
3669,4809,0.308
3669,4888,0.249
3669,4952,0.262
3669,5117,0.246
3669,5406,0.26
3670,3884,0.262
3671,5115,0.285
3671,5147,0.232
3671,5383,0.26
3672,4926,0.215
3673,5387,0.268
3676,3731,0.201
3676,4749,0.212
3676,4808,0.203
3678,4038,0.272
3678,4589,0.249
3678,5056,0.227
3678,5326,0.228
3679,3731,0.226
3679,4153,0.268
3679,4237,0.242
3679,4454,0.323
3681,4270,0.218
3681,5384,0.201
3681,5597,0.237
3682,4282,0.22
3682,4412,0.384
3682,5384,0.253
3682,5385,0.309
3682,5627,0.385
3684,4152,0.218
3684,4631,0.235
3684,5512,0.227
3685,3727,0.325
3685,3847,0.266
3685,4207,0.539
3685,4424,0.422
3685,4447,0.286
3685,4546,0.56
3685,4604,0.595
3685,4901,0.301
3685,4935,0.269
3685,5045,0.489
3685,5155,0.37
3685,5163,0.225
3685,5277,0.572
3685,5567,0.372
3685,5592,0.207
3685,5593,0.267
3687,4188,0.208
3688,5545,0.261
3688,5548,0.216
3689,4504,0.211
3690,4112,0.206
3691,4511,0.218
3691,5107,0.253
3691,5425,0.226
3693,3704,0.231
3693,3769,0.228
3693,3949,0.202
3693,3953,0.4
3693,4013,0.27
3693,4105,0.241
3693,4225,0.224
3693,4256,0.228
3693,4451,0.259
3693,4615,0.203
3693,4800,0.279
3693,4859,0.269
3693,4972,0.205
3693,5023,0.212
3693,5252,0.251
3693,5356,0.257
3693,5611,0.204
3694,3833,0.422
3694,4038,0.206
3694,4104,0.202
3694,4198,0.281
3694,4426,0.214
3694,4564,0.339
3694,5154,0.27
3694,5297,0.381
3694,5568,0.252
3695,4965,0.324
3696,3836,0.287
3696,3848,0.226
3696,3928,0.231
3696,4289,0.228
3696,4342,0.334
3696,4395,0.204
3696,4419,0.349
3696,4863,0.235
3696,4948,0.334
3696,4951,0.296
3696,5173,0.469
3696,5431,0.347
3696,5597,0.207
3697,5547,0.261
3698,3808,0.224
3699,4891,0.275
3701,5316,0.218
3702,4146,0.264
3702,4228,0.203
3702,4805,0.3
3702,5043,0.273
3703,4234,0.287
3703,4373,0.206
3704,3949,0.216
3704,3953,0.292
3704,4013,0.224
3704,4216,0.292
3704,4256,0.266
3704,4360,0.253
3704,4423,0.226
3704,4451,0.339
3704,4615,0.202
3704,4859,0.214
3704,4972,0.225
3704,5023,0.397
3704,5249,0.286
3704,5356,0.238
3704,5383,0.245
3704,5611,0.247
3705,3855,0.257
3705,4946,0.219
3708,3737,0.633
3708,3934,0.243
3708,4097,0.286
3708,4130,0.344
3708,4180,0.28
3708,4302,0.382
3708,4318,0.276
3708,4346,0.218
3708,4491,0.205
3708,4577,0.298
3708,4707,0.206
3708,4776,0.251
3708,4873,0.251
3708,4876,0.318
3708,4939,0.3
3708,4945,0.302
3708,5307,0.264
3708,5315,0.484
3708,5326,0.298
3708,5334,0.201
3708,5362,0.258
3708,5551,0.414
3708,5557,0.377
3708,5618,0.287
3708,5621,0.385
3710,3886,0.271
3710,3938,0.384
3710,4591,0.363
3711,3878,0.59
3711,4051,0.312
3711,4138,0.251
3711,4201,0.372
3711,4218,0.521
3711,4499,0.236
3711,4515,0.239
3711,4583,0.5
3711,4878,0.329
3712,4691,0.359
3712,5174,0.327
3712,5633,0.239
3714,3959,0.467
3714,3985,0.284
3714,4006,0.245
3714,4177,0.462
3714,4348,0.376
3714,4383,0.204
3714,4460,0.229
3714,4550,0.246
3714,4707,0.209
3714,4732,0.316
3714,4922,0.299
3715,4363,0.224
3715,4700,0.371
3715,5321,0.287
3715,5472,0.201
3715,5604,0.235
3718,3745,0.244
3718,4094,0.218
3718,4388,0.225
3718,4442,0.246
3718,4488,0.267
3718,4653,0.217
3721,4140,0.23
3721,4502,0.267
3722,3955,0.218
3722,5472,0.201
3723,3904,0.315
3723,3992,0.244
3723,4066,0.216
3723,4226,0.367
3723,4676,0.331
3723,4857,0.317
3723,5087,0.396
3723,5141,0.293
3723,5230,0.251
3723,5243,0.317
3723,5304,0.294
3726,4009,0.246
3726,4024,0.243
3727,3761,0.228
3727,3847,0.374
3727,4060,0.201
3727,4207,0.269
3727,4447,0.38
3727,4546,0.318
3727,4604,0.451
3727,5045,0.229
3727,5155,0.384
3727,5163,0.224
3727,5277,0.453
3727,5567,0.309
3727,5593,0.26
3728,3729,0.5
3728,3771,0.259
3728,3848,0.274
3728,4041,0.379
3728,4222,0.281
3728,4235,0.258
3728,4297,0.226
3728,4363,0.349
3728,4612,0.228
3728,4688,0.211
3728,4758,0.263
3728,4965,0.376
3728,5448,0.396
3728,5604,0.398
3729,3848,0.235
3729,4041,0.25
3729,4152,0.201
3729,4235,0.216
3729,4297,0.289
3729,4495,0.23
3729,4662,0.463
3729,4688,0.324
3729,4758,0.402
3729,4819,0.203
3729,4965,0.243
3729,5180,0.36
3729,5198,0.249
3729,5321,0.289
3729,5336,0.231
3729,5448,0.494
3729,5604,0.524
3731,3889,0.289
3731,3963,0.296
3731,4153,0.202
3731,4237,0.381
3731,4377,0.294
3731,4761,0.224
3731,4905,0.258
3731,5145,0.366
3731,5248,0.253
3731,5549,0.399
3732,3761,0.278
3732,3909,0.294
3732,3978,0.211
3732,4090,0.233
3732,4197,0.239
3732,4256,0.224
3732,4261,0.322
3732,4366,0.341
3732,4394,0.218
3732,4435,0.308
3732,4495,0.256
3732,4543,0.352
3732,4641,0.268
3732,4713,0.396
3732,4809,0.247
3732,4888,0.319
3732,4952,0.241
3732,5023,0.224
3732,5117,0.255
3732,5147,0.226
3732,5221,0.21
3732,5406,0.307
3732,5510,0.256
3732,5511,0.231
3733,4793,0.221
3733,5497,0.224
3735,5577,0.221
3735,5600,0.27
3736,4852,0.376
3737,3861,0.22
3737,3934,0.274
3737,4130,0.545
3737,4133,0.228
3737,4180,0.422
3737,4302,0.433
3737,4318,0.342
3737,4346,0.224
3737,4492,0.224
3737,4577,0.277
3737,4873,0.325
3737,4876,0.203
3737,4889,0.303
3737,4939,0.396
3737,4945,0.218
3737,5056,0.217
3737,5315,0.537
3737,5326,0.331
3737,5334,0.239
3737,5362,0.451
3737,5515,0.221
3737,5551,0.593
3737,5557,0.414
3737,5618,0.229
3737,5621,0.395
3739,5223,0.262
3741,3784,0.256
3741,4119,0.377
3741,4127,0.498
3741,4464,0.252
3741,4510,0.214
3741,5463,0.534
3743,4016,0.254
3743,5534,0.202
3744,3750,0.234
3744,3773,0.511
3744,4318,0.21
3744,4388,0.242
3744,4440,0.369
3744,4556,0.209
3744,4568,0.34
3744,4894,0.207
3744,5334,0.229
3744,5618,0.209
3745,4634,0.21
3747,5342,0.275
3750,3773,0.294
3750,4004,0.214
3750,4440,0.313
3750,4556,0.305
3750,4568,0.301
3750,4761,0.205
3750,4797,0.272
3750,4894,0.219
3750,5315,0.253
3750,5326,0.232
3750,5334,0.266
3752,4560,0.234
3752,4637,0.201
3752,4689,0.304
3752,5031,0.203
3752,5293,0.206
3752,5350,0.299
3752,5430,0.366
3753,5223,0.203
3753,5342,0.234
3754,3873,0.213
3754,4002,0.216
3754,4046,0.234
3754,4464,0.201
3755,4872,0.212
3757,4077,0.217
3757,5467,0.203
3758,4009,0.208
3761,4090,0.204
3761,4641,0.214
3761,4713,0.202
3761,4822,0.227
3761,4888,0.264
3761,5117,0.223
3762,4503,0.23
3762,4926,0.226
3762,5386,0.345
3763,4229,0.257
3763,4658,0.366
3763,4678,0.258
3763,5178,0.308
3763,5301,0.237
3763,5348,0.218
3763,5371,0.332
3763,5394,0.218
3763,5454,0.222
3763,5532,0.231
3764,5474,0.209
3766,4374,0.321
3766,4681,0.432
3767,3824,0.258
3767,4847,0.582
3767,5180,0.265
3767,5336,0.213
3769,3953,0.326
3769,4225,0.248
3769,5252,0.247
3770,4804,0.203
3770,5000,0.225
3770,5223,0.227
3771,3920,0.208
3771,4158,0.201
3771,5444,0.26
3771,5556,0.296
3771,5591,0.257
3772,4040,0.247
3772,4429,0.253
3772,4586,0.218
3772,4643,0.266
3772,5545,0.26
3773,4057,0.24
3773,4402,0.201
3773,4440,0.201
3773,4556,0.289
3773,4774,0.238
3773,5334,0.23
3775,4104,0.263
3775,4489,0.237
3775,5204,0.246
3778,3827,0.239
3779,4426,0.373
3779,4600,0.328
3779,4767,0.201
3779,4812,0.294
3779,5149,0.496
3779,5570,0.216
3780,3829,0.395
3780,3915,0.233
3780,4027,0.624
3780,4061,0.585
3780,4449,0.304
3780,4581,0.219
3780,4644,0.416
3780,4705,0.232
3782,4144,0.286
3783,3833,0.215
3783,4024,0.26
3783,4279,0.243
3783,4285,0.286
3783,4567,0.427
3783,4684,0.305
3783,4767,0.296
3783,4840,0.206
3783,4864,0.379
3783,4946,0.377
3783,5124,0.317
3783,5259,0.22
3783,5319,0.238
3783,5391,0.243
3783,5470,0.672
3783,5498,0.399
3783,5570,0.254
3783,5571,0.332
3784,4127,0.304
3784,4553,0.312
3784,5463,0.223
3785,3914,0.33
3786,4404,0.253
3786,4782,0.219
3786,5065,0.278
3786,5541,0.201
3786,5613,0.201
3790,4167,0.207
3790,4603,0.227
3791,3792,0.221
3791,5556,0.23
3792,3896,0.23
3792,4347,0.202
3792,4662,0.221
3792,5032,0.296
3792,5338,0.422
3792,5432,0.251
3793,4212,0.243
3795,5334,0.201
3797,4398,0.529
3799,3802,0.345
3799,4001,0.552
3799,4314,0.202
3799,4438,0.509
3799,4967,0.218
3799,5572,0.523
3800,4055,0.22
3800,4263,0.236
3800,4425,0.224
3800,5554,0.215
3801,3838,0.281
3801,4064,0.237
3801,4221,0.242
3801,4245,0.232
3801,4613,0.29
3801,4819,0.345
3801,5305,0.212
3801,5392,0.257
3801,5402,0.23
3802,4001,0.332
3802,4438,0.233
3802,4967,0.307
3802,5568,0.284
3802,5572,0.381
3803,5349,0.363
3804,4013,0.208
3804,4105,0.237
3804,4615,0.205
3804,4740,0.211
3804,4972,0.242
3804,5115,0.203
3804,5611,0.241
3807,4542,0.335
3807,4623,0.27
3808,4323,0.21
3808,4388,0.259
3808,4784,0.324
3808,5417,0.578
3808,5495,0.323
3810,3824,0.225
3810,3851,0.279
3810,4235,0.213
3810,4847,0.279
3810,5180,0.26
3810,5380,0.272
3811,5468,0.317
3812,3847,0.24
3812,3855,0.208
3812,4060,0.246
3812,4074,0.215
3812,4309,0.204
3812,4447,0.235
3812,4706,0.203
3812,5091,0.348
3812,5155,0.232
3812,5277,0.24
3814,3835,0.233
3814,4355,0.272
3814,4373,0.257
3814,4419,0.455
3814,4424,0.201
3814,5173,0.243
3814,5204,0.237
3814,5531,0.206
3814,5567,0.207
3816,3913,0.201
3816,4233,0.282
3816,4279,0.355
3816,4285,0.229
3816,4319,0.269
3816,4400,0.22
3816,4489,0.238
3816,4567,0.264
3816,4684,0.382
3816,4692,0.415
3816,4715,0.214
3816,4767,0.377
3816,4850,0.218
3816,4946,0.252
3816,5105,0.258
3816,5312,0.314
3816,5570,0.382
3816,5571,0.298
3818,5076,0.202
3824,3903,0.363
3824,4041,0.243
3824,4235,0.392
3824,4363,0.297
3824,4364,0.205
3824,4700,0.521
3824,4847,0.249
3824,5180,0.25
3824,5321,0.422
3824,5448,0.314
3824,5604,0.463
3827,4217,0.342
3827,4306,0.263
3827,4763,0.261
3827,4826,0.391
3827,5230,0.242
3827,5523,0.506
3829,4027,0.392
3829,4061,0.376
3829,4449,0.343
3829,4644,0.57
3829,5452,0.272
3832,4571,0.216
3832,5164,0.228
3832,5514,0.264
3833,4038,0.4
3833,4571,0.203
3833,4589,0.296
3833,4840,0.213
3833,5248,0.284
3833,5458,0.215
3834,4229,0.259
3834,4678,0.317
3834,5130,0.217
3834,5301,0.287
3834,5348,0.262
3834,5371,0.33
3834,5394,0.22
3834,5454,0.228
3834,5479,0.255
3835,4212,0.207
3836,3848,0.26
3836,4289,0.275
3836,4419,0.255
3836,5173,0.279
3836,5204,0.215
3836,5321,0.21
3836,5431,0.21
3836,5448,0.328
3836,5604,0.384
3838,4047,0.331
3838,4064,0.449
3838,4221,0.583
3838,4245,0.492
3838,4308,0.413
3838,4354,0.358
3838,4403,0.24
3838,4411,0.343
3838,4421,0.208
3838,4588,0.261
3838,4590,0.24
3838,4613,0.318
3838,4771,0.204
3838,4803,0.348
3838,4819,0.389
3838,4918,0.383
3838,4946,0.228
3838,5009,0.209
3838,5025,0.406
3838,5088,0.415
3838,5392,0.438
3838,5397,0.214
3838,5402,0.465
3839,4002,0.26
3839,4063,0.365
3839,4220,0.251
3839,4224,0.208
3839,4441,0.275
3839,4638,0.272
3839,4657,0.25
3839,5149,0.213
3839,5272,0.389
3839,5305,0.234
3839,5318,0.238
3839,5379,0.342
3839,5614,0.343
3840,5289,0.203
3841,3868,0.23
3841,4068,0.207
3841,5028,0.26
3841,5366,0.204
3842,3883,0.215
3842,4080,0.231
3842,4615,0.216
3842,5073,0.206
3843,3884,0.344
3843,4296,0.215
3843,5062,0.218
3845,5190,0.24
3847,4074,0.202
3847,4207,0.248
3847,4309,0.253
3847,4424,0.235
3847,4447,0.419
3847,4546,0.333
3847,4604,0.412
3847,5045,0.239
3847,5091,0.276
3847,5155,0.46
3847,5163,0.248
3847,5277,0.472
3847,5567,0.383
3847,5593,0.433
3848,4289,0.218
3848,4355,0.223
3848,4419,0.369
3848,4758,0.211
3848,4813,0.267
3848,4965,0.201
3848,5173,0.244
3848,5204,0.49
3848,5431,0.216
3848,5616,0.264
3849,4678,0.281
3849,4934,0.204
3849,5039,0.201
3849,5301,0.325
3849,5371,0.347
3849,5479,0.219
3850,4189,0.242
3850,5015,0.232
3851,4425,0.267
3851,5004,0.234
3851,5380,0.287
3851,5598,0.222
3853,5619,0.219
3854,4631,0.201
3854,4834,0.245
3854,5048,0.28
3855,4179,0.218
3855,4279,0.249
3855,4285,0.24
3855,4514,0.218
3855,4533,0.246
3855,4567,0.318
3855,4684,0.284
3855,4715,0.208
3855,4767,0.237
3855,4771,0.289
3855,4864,0.293
3855,4946,0.21
3855,5124,0.225
3855,5259,0.252
3855,5312,0.227
3855,5498,0.232
3855,5571,0.232
3857,4296,0.273
3857,4422,0.205
3860,4105,0.287
3860,4897,0.21
3860,5042,0.305
3861,4130,0.32
3861,4302,0.23
3861,5414,0.218
3861,5640,0.222
3862,5226,0.288
3863,4630,0.221
3863,5368,0.269
3866,4032,0.205
3870,4435,0.309
3870,4495,0.221
3870,4641,0.232
3870,4680,0.24
3870,4809,0.302
3870,4888,0.302
3870,4926,0.212
3870,4952,0.225
3870,5117,0.235
3870,5147,0.217
3870,5406,0.223
3872,3918,0.461
3872,4029,0.295
3872,4889,0.209
3872,4984,0.31
3872,5531,0.231
3873,4285,0.207
3873,4679,0.227
3873,4767,0.216
3873,4946,0.218
3873,5118,0.311
3873,5124,0.223
3877,4417,0.205
3877,4576,0.271
3877,5167,0.236
3877,5640,0.237
3878,3989,0.396
3878,4201,0.267
3878,4218,0.6
3878,4499,0.206
3878,4583,0.59
3878,4878,0.382
3878,5032,0.26
3878,5477,0.297
3880,3884,0.212
3880,4857,0.296
3880,5087,0.36
3881,4146,0.21
3881,4216,0.346
3881,4225,0.264
3881,5252,0.274
3881,5630,0.313
3883,4422,0.222
3883,4933,0.233
3884,4001,0.214
3884,4161,0.221
3884,4459,0.227
3884,4510,0.214
3884,4582,0.216
3884,4652,0.288
3884,4961,0.238
3884,4971,0.24
3884,4988,0.223
3884,5026,0.236
3884,5044,0.221
3884,5062,0.332
3886,3938,0.255
3886,4233,0.355
3886,4591,0.272
3886,5130,0.209
3886,5301,0.344
3886,5371,0.307
3886,5394,0.253
3886,5454,0.22
3886,5571,0.232
3889,3894,0.228
3889,4237,0.227
3889,4971,0.21
3891,4701,0.251
3891,4703,0.233
3891,4828,0.309
3891,4967,0.221
3891,5118,0.254
3891,5318,0.208
3891,5572,0.208
3893,4006,0.287
3893,4104,0.529
3893,4198,0.609
3893,4516,0.29
3893,4673,0.223
3893,4812,0.218
3893,4935,0.216
3893,4993,0.211
3893,5154,0.727
3893,5184,0.213
3893,5297,0.201
3893,5568,0.232
3894,4157,0.242
3894,4285,0.211
3894,4864,0.206
3896,4662,0.212
3896,5032,0.323
3896,5198,0.218
3896,5338,0.396
3896,5432,0.515
3897,5305,0.234
3898,4631,0.328
3898,5048,0.213
3898,5591,0.214
3900,4618,0.277
3901,5194,0.256
3901,5626,0.31
3902,4677,0.228
3902,4933,0.326
3902,5452,0.218
3903,3981,0.243
3903,4235,0.279
3903,4504,0.212
3903,4700,0.381
3903,4799,0.204
3903,4897,0.264
3903,5321,0.259
3903,5448,0.216
3903,5604,0.293
3904,3992,0.453
3904,4226,0.298
3904,4569,0.294
3904,4676,0.254
3904,4857,0.257
3904,5087,0.287
3904,5230,0.236
3904,5244,0.214
3904,5290,0.296
3904,5304,0.242
3905,4074,0.296
3905,4277,0.297
3905,4309,0.23
3905,4364,0.22
3905,4528,0.255
3905,4560,0.33
3905,4672,0.242
3905,4698,0.4
3905,5510,0.202
3906,5297,0.22
3907,4233,0.23
3907,5489,0.229
3907,5493,0.373
3907,5553,0.201
3907,5571,0.219
3909,3949,0.225
3909,4197,0.227
3909,4345,0.228
3909,4366,0.248
3909,4543,0.257
3909,4713,0.218
3909,4809,0.295
3909,5117,0.246
3909,5147,0.264
3909,5221,0.254
3909,5356,0.236
3909,5467,0.272
3913,4400,0.211
3913,5118,0.21
3913,5318,0.217
3915,4027,0.229
3915,4061,0.23
3916,5139,0.335
3917,4999,0.308
3918,4029,0.263
3918,4417,0.261
3918,4705,0.489
3918,4984,0.278
3918,5167,0.252
3918,5333,0.24
3918,5640,0.255
3919,4213,0.403
3919,4831,0.254
3919,5587,0.21
3920,4341,0.244
3921,4439,0.367
3921,4933,0.211
3921,5026,0.254
3922,4183,0.207
3923,3961,0.209
3923,4066,0.207
3923,4098,0.248
3923,4217,0.225
3923,4226,0.333
3923,4361,0.314
3923,4433,0.226
3923,4676,0.29
3923,4782,0.442
3923,4794,0.208
3923,4857,0.451
3923,4903,0.288
3923,5087,0.384
3923,5141,0.415
3923,5174,0.264
3923,5243,0.403
3923,5263,0.407
3923,5290,0.263
3923,5304,0.276
3923,5523,0.209
3924,4016,0.219
3924,4092,0.224
3924,5534,0.214
3926,4225,0.296
3926,4241,0.323
3926,4257,0.32
3926,4258,0.332
3926,4394,0.219
3926,4584,0.313
3926,5381,0.318
3928,4548,0.233
3928,4816,0.209
3928,4855,0.262
3928,4999,0.254
3928,5044,0.219
3931,4064,0.26
3931,4245,0.252
3931,4354,0.226
3931,4411,0.395
3931,4588,0.277
3931,4613,0.208
3931,4860,0.298
3931,4918,0.298
3931,5009,0.271
3931,5025,0.304
3931,5088,0.324
3931,5186,0.208
3931,5392,0.216
3931,5402,0.301
3931,5449,0.237
3932,4281,0.245
3932,4637,0.204
3933,4897,0.238
3934,4097,0.219
3937,4575,0.206
3938,4009,0.288
3938,4591,0.353
3939,4533,0.25
3939,5140,0.221
3940,4181,0.225
3940,4281,0.243
3944,5172,0.217
3948,5568,0.22
3949,4013,0.38
3949,4256,0.305
3949,4360,0.311
3949,4423,0.289
3949,4451,0.211
3949,4615,0.244
3949,4759,0.267
3949,4859,0.242
3949,4972,0.31
3949,5023,0.286
3949,5115,0.208
3949,5249,0.341
3949,5274,0.295
3949,5356,0.359
3949,5383,0.234
3949,5603,0.249
3949,5611,0.29
3951,4065,0.538
3951,4649,0.479
3951,4984,0.226
3951,5167,0.253
3951,5640,0.203
3952,4293,0.212
3953,4225,0.271
3953,4248,0.244
3953,4360,0.203
3953,4451,0.24
3953,4562,0.24
3953,4800,0.253
3953,5023,0.314
3953,5252,0.316
3953,5301,0.283
3953,5371,0.234
3953,5394,0.244
3953,5454,0.221
3954,3996,0.277
3954,4874,0.25
3954,5346,0.222
3954,5379,0.205
3954,5426,0.258
3954,5495,0.361
3955,4129,0.286
3955,4250,0.211
3955,4746,0.207
3955,4908,0.237
3955,5047,0.219
3956,4000,0.281
3956,4123,0.277
3956,4313,0.216
3956,4547,0.254
3956,4626,0.228
3956,5250,0.341
3958,3966,0.204
3958,5019,0.384
3959,3985,0.326
3959,4006,0.249
3959,4177,0.326
3959,4287,0.354
3959,4348,0.349
3959,4604,0.205
3959,4673,0.204
3959,4732,0.308
3959,4922,0.353
3959,5405,0.218
3961,4182,0.217
3961,4782,0.215
3961,5263,0.325
3961,5306,0.226
3961,5538,0.206
3963,4153,0.219
3963,4237,0.207
3965,4315,0.203
3965,4375,0.639
3965,4376,0.254
3965,4561,0.218
3965,4925,0.315
3965,5085,0.269
3965,5513,0.26
3966,4080,0.257
3966,4425,0.214
3966,4456,0.203
3966,4459,0.236
3966,4961,0.232
3966,5004,0.219
3966,5044,0.231
3966,5374,0.216
3966,5513,0.215
3966,5587,0.207
3973,4176,0.333
3973,4691,0.249
3973,4770,0.23
3973,4959,0.206
3973,4990,0.331
3973,5174,0.248
3973,5276,0.39
3973,5396,0.267
3973,5524,0.212
3973,5574,0.208
3975,5637,0.317
3978,4713,0.209
3979,4437,0.227
3979,5587,0.273
3981,4897,0.217
3981,5178,0.204
3981,5371,0.246
3981,5383,0.214
3981,5454,0.23
3981,5526,0.213
3982,4183,0.243
3983,4689,0.271
3983,4846,0.35
3983,4948,0.209
3983,4995,0.216
3983,5415,0.215
3985,4006,0.476
3985,4177,0.39
3985,4198,0.246
3985,4249,0.267
3985,4287,0.397
3985,4346,0.233
3985,4348,0.231
3985,4383,0.242
3985,4550,0.244
3985,4577,0.366
3985,4604,0.218
3985,4673,0.362
3985,4707,0.43
3985,4732,0.611
3985,4776,0.205
3985,4876,0.259
3985,4922,0.214
3985,4993,0.258
3985,5045,0.337
3985,5184,0.217
3985,5326,0.229
3985,5618,0.207
3988,5198,0.248
3989,4218,0.5
3989,4583,0.472
3989,4878,0.234
3991,5342,0.222
3991,5636,0.281
3992,4066,0.225
3992,4226,0.533
3992,4270,0.414
3992,4676,0.452
3992,4857,0.568
3992,5087,0.6
3992,5141,0.379
3992,5230,0.26
3992,5243,0.357
3992,5290,0.248
3992,5304,0.288
3993,4252,0.224
3996,4427,0.293
3996,4773,0.248
4000,4077,0.263
4000,4152,0.313
4000,4313,0.205
4000,4773,0.285
4000,4792,0.565
4000,5271,0.205
4000,5512,0.267
4001,4438,0.655
4001,5572,0.433
4002,4046,0.446
4002,4300,0.229
4002,4464,0.301
4002,4877,0.272
4004,4014,0.221
4004,4440,0.218
4004,4468,0.284
4004,4556,0.214
4004,4701,0.213
4004,4703,0.223
4004,4828,0.303
4004,4894,0.232
4004,4957,0.254
4004,5365,0.226
4005,4139,0.317
4005,4421,0.205
4005,5088,0.225
4005,5357,0.344
4005,5596,0.373
4005,5627,0.249
4006,4177,0.286
4006,4198,0.434
4006,4287,0.403
4006,4348,0.205
4006,4516,0.205
4006,4577,0.258
4006,4673,0.641
4006,4707,0.326
4006,4732,0.416
4006,4993,0.493
4006,5045,0.306
4006,5154,0.354
4006,5184,0.215
4008,4350,0.347
4008,4690,0.408
4008,5606,0.24
4009,4123,0.234
4013,4256,0.468
4013,4360,0.299
4013,4423,0.244
4013,4451,0.264
4013,4615,0.257
4013,4740,0.335
4013,4759,0.223
4013,4859,0.296
4013,4972,0.367
4013,5023,0.312
4013,5115,0.211
4013,5249,0.201
4013,5274,0.348
4013,5356,0.371
4013,5383,0.349
4013,5603,0.234
4013,5611,0.511
4014,5130,0.216
4014,5301,0.256
4014,5371,0.268
4014,5394,0.254
4014,5553,0.201
4014,5558,0.229
4015,4074,0.246
4015,4309,0.219
4015,4344,0.211
4015,4672,0.264
4016,4229,0.311
4016,5301,0.276
4016,5348,0.201
4016,5371,0.258
4017,4802,0.247
4017,4893,0.266
4017,5619,0.257
4018,4136,0.207
4019,4131,0.255
4019,4844,0.287
4019,4890,0.21
4021,4543,0.208
4021,4581,0.207
4021,4710,0.232
4024,4123,0.203
4024,4285,0.211
4024,4313,0.215
4024,4567,0.22
4024,4767,0.204
4024,4864,0.237
4025,5181,0.277
4026,5514,0.217
4027,4061,0.532
4027,4449,0.395
4027,4644,0.456
4029,4984,0.408
4030,4598,0.263
4030,5438,0.298
4031,5287,0.244
4032,4842,0.231
4032,4916,0.233
4032,5107,0.208
4032,5541,0.285
4032,5577,0.223
4034,4053,0.35
4034,4495,0.227
4035,5082,0.213
4037,4527,0.261
4037,4667,0.241
4037,4668,0.237
4037,4886,0.267
4037,5078,0.221
4037,5245,0.208
4037,5275,0.25
4037,5602,0.212
4038,4571,0.234
4038,4869,0.253
4038,4999,0.263
4038,5097,0.208
4038,5326,0.218
4038,5349,0.237
4039,4462,0.276
4039,5452,0.353
4040,4530,0.369
4041,4222,0.286
4041,4235,0.319
4041,4297,0.289
4041,4363,0.233
4041,4612,0.217
4041,4688,0.354
4041,4758,0.451
4041,4847,0.281
4041,5180,0.412
4041,5321,0.251
4041,5336,0.289
4041,5448,0.443
4041,5604,0.317
4042,4179,0.211
4042,4512,0.206
4042,5023,0.264
4042,5491,0.214
4042,5528,0.284
4046,4124,0.321
4046,4464,0.33
4046,5253,0.217
4047,4064,0.218
4047,4122,0.422
4047,4126,0.25
4047,4221,0.301
4047,4245,0.458
4047,4308,0.38
4047,4354,0.356
4047,4411,0.33
4047,4588,0.239
4047,4803,0.289
4047,4861,0.217
4047,4918,0.272
4047,5025,0.22
4047,5088,0.342
4047,5118,0.246
4047,5392,0.29
4047,5402,0.208
4047,5627,0.202
4048,4302,0.216
4048,4570,0.221
4049,5048,0.321
4051,4138,0.203
4051,4218,0.227
4051,4499,0.287
4051,4583,0.306
4051,4587,0.222
4051,5032,0.203
4051,5236,0.286
4053,4495,0.202
4056,4995,0.205
4057,4568,0.213
4057,4580,0.244
4059,4404,0.33
4059,5220,0.238
4060,4207,0.22
4060,4447,0.32
4060,4546,0.24
4060,4604,0.218
4060,5091,0.238
4060,5155,0.222
4060,5277,0.304
4060,5369,0.22
4060,5434,0.212
4061,4449,0.409
4061,4644,0.388
4063,4220,0.308
4063,4233,0.234
4063,4657,0.25
4063,5272,0.476
4063,5318,0.276
4063,5379,0.396
4063,5614,0.414
4063,5631,0.204
4064,4221,0.404
4064,4245,0.519
4064,4308,0.359
4064,4354,0.281
4064,4403,0.229
4064,4411,0.346
4064,4421,0.254
4064,4588,0.262
4064,4590,0.237
4064,4613,0.35
4064,4715,0.226
4064,4771,0.231
4064,4803,0.391
4064,4819,0.375
4064,4860,0.229
4064,4918,0.391
4064,4946,0.252
4064,5025,0.354
4064,5088,0.445
4064,5186,0.208
4064,5305,0.272
4064,5392,0.4
4064,5397,0.253
4064,5402,0.694
4065,4649,0.426
4065,4984,0.265
4065,5167,0.268
4065,5640,0.244
4066,5141,0.258
4066,5243,0.277
4067,4354,0.261
4067,4706,0.247
4067,5091,0.382
4067,5567,0.212
4068,4111,0.226
4069,4119,0.289
4069,4271,0.23
4069,4293,0.579
4069,4356,0.44
4069,4556,0.351
4069,4664,0.533
4069,4768,0.397
4069,4774,0.361
4069,4827,0.371
4069,4894,0.386
4069,5037,0.385
4069,5409,0.44
4069,5458,0.506
4070,4229,0.389
4070,4678,0.297
4070,4934,0.285
4070,5039,0.226
4070,5130,0.202
4070,5301,0.343
4070,5348,0.276
4070,5371,0.324
4070,5394,0.256
4070,5454,0.213
4070,5479,0.306
4070,5532,0.216
4070,5558,0.234
4073,5019,0.234
4074,4309,0.467
4074,4312,0.235
4074,4469,0.26
4074,4560,0.341
4074,4672,0.311
4074,4698,0.418
4074,5155,0.231
4075,5301,0.21
4076,4188,0.248
4077,4152,0.237
4077,4286,0.201
4077,4792,0.205
4077,5524,0.327
4077,5593,0.208
4080,4376,0.228
4080,4919,0.24
4080,4971,0.201
4082,5004,0.217
4083,5337,0.221
4085,5198,0.206
4085,5556,0.211
4088,5577,0.253
4090,5147,0.294
4090,5221,0.246
4090,5406,0.206
4092,5056,0.239
4096,4198,0.304
4096,4426,0.344
4096,4564,0.207
4096,4600,0.324
4096,5068,0.225
4096,5149,0.273
4096,5154,0.285
4096,5317,0.226
4096,5568,0.206
4097,4130,0.228
4097,4133,0.223
4097,4302,0.242
4097,4746,0.219
4097,5056,0.225
4097,5399,0.257
4097,5551,0.478
4098,4782,0.232
4098,4903,0.285
4098,5263,0.215
4098,5595,0.212
4101,5256,0.244
4103,4993,0.393
4104,4198,0.448
4104,4516,0.282
4104,5068,0.25
4104,5124,0.23
4104,5154,0.483
4104,5477,0.201
4104,5568,0.209
4105,4972,0.203
4105,5356,0.228
4105,5510,0.202
4106,4145,0.22
4106,4229,0.218
4106,4934,0.226
4106,5039,0.318
4106,5301,0.217
4106,5558,0.201
4107,4530,0.302
4108,4323,0.427
4108,4367,0.342
4109,4328,0.246
4110,4430,0.226
4112,4203,0.259
4112,5577,0.249
4113,4527,0.208
4115,5501,0.218
4116,4363,0.234
4116,4364,0.253
4116,4700,0.412
4116,5321,0.304
4116,5448,0.327
4116,5604,0.353
4119,4127,0.275
4119,4293,0.255
4119,4356,0.226
4119,4553,0.282
4119,4556,0.299
4119,4768,0.21
4119,4774,0.254
4119,4827,0.246
4119,4894,0.225
4119,5310,0.322
4119,5409,0.342
4119,5458,0.272
4120,5474,0.246
4122,4245,0.243
4122,4354,0.342
4122,4411,0.209
4122,5088,0.262
4122,5392,0.206
4122,5449,0.297
4123,4663,0.579
4123,5346,0.264
4123,5624,0.224
4124,4464,0.214
4124,5033,0.221
4125,4570,0.211
4126,4221,0.227
4126,4245,0.304
4126,4308,0.235
4126,4411,0.238
4126,4918,0.243
4126,5025,0.35
4126,5088,0.239
4126,5392,0.249
4127,4553,0.351
4127,5310,0.248
4127,5463,0.305
4128,4325,0.379
4128,5101,0.581
4128,5311,0.223
4129,5188,0.243
4130,4302,0.326
4130,4318,0.267
4130,4889,0.318
4130,4939,0.262
4130,4983,0.266
4130,5043,0.231
4130,5307,0.209
4130,5315,0.252
4130,5362,0.24
4130,5551,0.287
4130,5557,0.391
4131,4844,0.221
4133,4146,0.258
4133,4228,0.278
4133,4333,0.265
4133,4492,0.472
4133,4554,0.234
4133,4805,0.279
4133,4869,0.261
4133,5315,0.272
4133,5399,0.219
4133,5515,0.44
4133,5551,0.239
4135,4458,0.208
4138,4218,0.206
4138,4773,0.235
4138,5032,0.287
4138,5477,0.289
4139,4419,0.218
4139,5357,0.298
4139,5596,0.443
4140,4281,0.211
4141,4743,0.218
4144,4395,0.224
4144,4912,0.215
4145,5301,0.238
4146,4228,0.305
4146,4229,0.208
4146,4234,0.207
4146,4333,0.273
4146,4492,0.426
4146,4554,0.374
4146,4805,0.494
4146,4869,0.344
4146,5043,0.233
4146,5299,0.201
4146,5301,0.248
4146,5371,0.212
4146,5399,0.203
4146,5515,0.42
4148,5561,0.21
4148,5636,0.214
4150,4197,0.256
4150,4633,0.383
4150,4696,0.503
4150,4762,0.289
4150,4884,0.298
4152,4758,0.23
4152,4773,0.256
4152,4792,0.268
4152,4960,0.257
4152,5512,0.221
4153,4237,0.227
4153,4377,0.267
4153,4454,0.205
4153,5549,0.201
4156,4423,0.222
4156,4451,0.277
4156,4705,0.453
4156,4859,0.252
4156,5356,0.215
4157,5187,0.263
4157,5319,0.218
4158,4941,0.22
4158,5591,0.206
4159,4296,0.309
4159,4593,0.215
4163,4211,0.288
4167,4603,0.205
4170,4221,0.212
4170,5097,0.233
4171,5555,0.275
4173,4332,0.224
4173,4856,0.238
4175,4540,0.213
4176,4537,0.203
4176,4750,0.245
4176,4990,0.217
4176,5396,0.214
4177,4180,0.229
4177,4287,0.346
4177,4346,0.207
4177,4348,0.251
4177,4383,0.264
4177,4550,0.219
4177,4577,0.202
4177,4673,0.251
4177,4707,0.268
4177,4732,0.365
4177,4876,0.202
4177,4905,0.22
4177,5045,0.213
4177,5431,0.229
4177,5618,0.217
4178,4712,0.269
4179,4281,0.258
4179,4435,0.201
4179,4447,0.302
4179,4604,0.273
4179,5115,0.212
4179,5277,0.221
4179,5592,0.211
4179,5593,0.217
4180,4302,0.222
4180,4346,0.305
4180,4383,0.274
4180,4440,0.275
4180,4577,0.341
4180,4707,0.283
4180,4776,0.219
4180,4797,0.301
4180,4876,0.326
4180,4945,0.293
4180,4957,0.239
4180,5315,0.274
4180,5316,0.209
4180,5326,0.582
4180,5334,0.273
4180,5535,0.214
4180,5551,0.27
4180,5557,0.244
4180,5618,0.375
4180,5621,0.207
4182,4404,0.223
4182,4782,0.239
4182,4903,0.209
4182,5220,0.267
4182,5411,0.219
4187,5141,0.262
4187,5243,0.239
4188,4191,0.235
4189,4469,0.23
4189,5015,0.337
4189,5166,0.202
4192,5568,0.211
4194,4316,0.215
4194,4434,0.236
4194,4851,0.202
4194,4933,0.201
4194,5237,0.237
4194,5415,0.209
4195,5490,0.222
4197,4348,0.216
4197,4423,0.21
4197,4633,0.202
4197,4696,0.287
4197,4762,0.254
4197,5545,0.251
4198,4450,0.225
4198,4516,0.672
4198,4564,0.246
4198,4673,0.239
4198,4732,0.251
4198,4812,0.225
4198,5068,0.356
4198,5124,0.243
4198,5154,0.704
4198,5184,0.26
4198,5297,0.245
4198,5349,0.246
4198,5477,0.309
4198,5568,0.22
4200,4284,0.224
4201,4499,0.255
4201,5236,0.285
4202,4474,0.708
4202,4525,0.255
4202,4599,0.472
4203,5577,0.362
4204,4626,0.224
4204,5250,0.301
4204,5500,0.236
4207,4546,0.392
4207,4604,0.358
4207,5155,0.274
4207,5277,0.425
4207,5349,0.208
4207,5593,0.232
4208,4855,0.214
4210,5280,0.228
4210,5435,0.447
4213,4831,0.267
4213,5208,0.231
4213,5453,0.202
4213,5573,0.232
4216,4562,0.235
4216,4926,0.203
4216,5023,0.214
4216,5252,0.235
4216,5386,0.255
4216,5630,0.309
4217,4306,0.449
4217,4763,0.254
4217,4826,0.241
4217,4857,0.223
4217,5230,0.225
4217,5304,0.246
4217,5523,0.285
4218,4499,0.205
4218,4583,0.697
4218,4587,0.204
4218,4878,0.353
4218,5032,0.23
4218,5051,0.226
4218,5477,0.212
4220,4300,0.22
4220,5272,0.556
4220,5379,0.508
4220,5614,0.499
4221,4245,0.565
4221,4308,0.41
4221,4326,0.206
4221,4354,0.239
4221,4411,0.274
4221,4421,0.219
4221,4590,0.25
4221,4613,0.395
4221,4771,0.226
4221,4819,0.419
4221,4918,0.336
4221,5025,0.371
4221,5088,0.364
4221,5305,0.262
4221,5392,0.401
4221,5402,0.39
4221,5519,0.215
4222,4235,0.208
4222,4297,0.22
4222,4612,0.315
4222,4688,0.256
4222,4758,0.204
4222,5180,0.268
4222,5336,0.232
4224,4426,0.206
4224,4441,0.275
4225,4241,0.212
4225,4257,0.253
4225,5252,0.489
4225,5381,0.241
4225,5630,0.236
4226,4433,0.322
4226,4676,0.438
4226,4857,0.658
4226,5087,0.6
4226,5141,0.404
4226,5243,0.365
4226,5263,0.212
4226,5290,0.204
4226,5304,0.241
4228,4333,0.209
4228,4492,0.263
4228,4805,0.325
4228,4869,0.217
4228,4999,0.215
4228,5043,0.252
4228,5515,0.292
4229,4678,0.213
4229,4685,0.282
4229,4697,0.324
4229,4849,0.213
4229,4934,0.204
4229,5348,0.24
4229,5479,0.283
4230,4530,0.369
4231,4700,0.203
4233,4441,0.234
4233,4564,0.203
4233,4657,0.224
4233,4692,0.234
4233,4767,0.215
4233,5570,0.251
4233,5571,0.201
4234,5301,0.238
4234,5326,0.216
4234,5334,0.224
4234,5371,0.228
4235,4297,0.252
4235,4363,0.257
4235,4612,0.223
4235,4688,0.247
4235,4700,0.237
4235,4758,0.296
4235,4847,0.306
4235,5180,0.341
4235,5321,0.398
4235,5336,0.278
4235,5448,0.504
4235,5604,0.517
4237,4454,0.235
4237,5383,0.259
4237,5549,0.215
4240,4344,0.208
4240,5440,0.212
4240,5584,0.442
4241,4258,0.242
4241,4313,0.264
4241,5139,0.232
4241,5381,0.22
4241,5427,0.204
4244,4332,0.301
4244,4856,0.333
4244,4908,0.339
4244,5546,0.547
4245,4308,0.457
4245,4354,0.442
4245,4403,0.296
4245,4411,0.52
4245,4421,0.233
4245,4489,0.206
4245,4588,0.308
4245,4590,0.279
4245,4613,0.322
4245,4771,0.221
4245,4803,0.376
4245,4819,0.396
4245,4860,0.246
4245,4918,0.445
4245,4946,0.297
4245,5025,0.404
4245,5088,0.509
4245,5118,0.283
4245,5215,0.241
4245,5305,0.224
4245,5392,0.457
4245,5397,0.214
4245,5402,0.498
4245,5583,0.226
4248,4257,0.389
4248,4503,0.33
4248,5173,0.205
4248,5204,0.201
4248,5386,0.343
4248,5611,0.213
4249,4604,0.213
4249,4732,0.25
4250,5168,0.328
4251,5119,0.204
4251,5291,0.232
4252,5327,0.313
4252,5372,0.25
4254,4496,0.216
4254,4676,0.203
4254,5415,0.221
4256,4360,0.314
4256,4366,0.277
4256,4423,0.212
4256,4451,0.223
4256,4615,0.285
4256,4740,0.218
4256,4759,0.259
4256,4859,0.304
4256,4972,0.418
4256,5023,0.365
4256,5057,0.263
4256,5274,0.294
4256,5356,0.319
4256,5383,0.366
4256,5603,0.207
4256,5611,0.415
4257,4331,0.212
4257,4394,0.206
4257,4503,0.313
4257,4926,0.23
4257,5381,0.273
4257,5386,0.292
4257,5464,0.201
4258,4451,0.242
4258,4584,0.201
4258,4926,0.27
4258,5381,0.213
4258,5386,0.268
4261,4366,0.214
4261,4435,0.288
4261,4495,0.289
4261,4543,0.209
4261,4713,0.349
4261,4791,0.211
4261,4888,0.221
4261,5406,0.267
4261,5448,0.263
4261,5604,0.267
4262,4886,0.215
4263,4379,0.246
4263,4667,0.248
4263,5576,0.223
4264,4883,0.219
4267,4503,0.264
4267,5256,0.209
4267,5386,0.274
4269,4814,0.369
4270,4649,0.205
4270,4816,0.223
4270,5385,0.235
4270,5597,0.205
4270,5609,0.207
4270,5627,0.21
4271,4293,0.216
4271,4556,0.254
4271,4664,0.29
4271,4768,0.24
4271,4827,0.201
4271,5409,0.276
4271,5442,0.223
4271,5458,0.249
4273,5411,0.311
4276,5067,0.228
4276,5195,0.246
4277,4344,0.26
4277,4364,0.467
4277,4512,0.224
4277,5467,0.256
4277,5534,0.3
4279,4285,0.334
4279,4295,0.271
4279,4319,0.341
4279,4421,0.204
4279,4489,0.224
4279,4533,0.287
4279,4567,0.403
4279,4684,0.563
4279,4692,0.262
4279,4715,0.267
4279,4767,0.471
4279,4850,0.247
4279,4864,0.352
4279,4946,0.442
4279,5002,0.202
4279,5105,0.366
4279,5118,0.255
4279,5149,0.209
4279,5259,0.287
4279,5312,0.394
4279,5318,0.235
4279,5498,0.268
4279,5568,0.357
4279,5570,0.492
4279,5571,0.401
4279,5631,0.33
4280,5342,0.26
4281,4502,0.228
4281,5115,0.219
4281,5537,0.21
4282,4412,0.248
4282,5424,0.435
4284,4461,0.22
4284,5401,0.236
4285,4319,0.205
4285,4400,0.241
4285,4533,0.279
4285,4567,0.41
4285,4638,0.238
4285,4684,0.398
4285,4715,0.263
4285,4767,0.352
4285,4864,0.388
4285,4946,0.265
4285,5105,0.217
4285,5118,0.276
4285,5124,0.258
4285,5312,0.263
4285,5319,0.238
4285,5470,0.25
4285,5498,0.301
4285,5570,0.261
4286,4689,0.273
4286,4846,0.24
4286,4995,0.325
4286,5293,0.354
4286,5340,0.313
4287,4348,0.377
4287,4460,0.238
4287,4550,0.225
4287,4673,0.329
4287,4707,0.363
4287,4732,0.427
4287,4905,0.429
4287,4922,0.325
4289,5173,0.299
4292,5116,0.218
4293,4356,0.492
4293,4556,0.42
4293,4664,0.553
4293,4768,0.466
4293,4774,0.342
4293,4827,0.373
4293,4894,0.385
4293,5037,0.369
4293,5395,0.213
4293,5409,0.459
4293,5413,0.232
4293,5458,0.502
4295,4324,0.212
4295,4684,0.247
4295,4767,0.204
4295,4997,0.215
4295,5319,0.216
4297,4363,0.224
4297,4758,0.256
4297,5321,0.216
4297,5448,0.216
4298,4933,0.258
4300,4510,0.299
4300,4590,0.229
4300,4819,0.303
4300,5215,0.215
4300,5278,0.214
4300,5310,0.291
4300,5379,0.205
4301,5208,0.31
4302,4318,0.227
4302,4491,0.216
4302,4492,0.214
4302,4873,0.207
4302,4939,0.303
4302,5043,0.225
4302,5167,0.219
4302,5307,0.233
4302,5315,0.526
4302,5326,0.247
4302,5334,0.222
4302,5362,0.286
4302,5399,0.226
4302,5515,0.207
4302,5551,0.38
4302,5557,0.6
4302,5621,0.258
4302,5640,0.247
4304,4646,0.205
4306,4826,0.302
4306,5231,0.205
4306,5304,0.211
4306,5523,0.207
4307,4813,0.202
4308,4354,0.255
4308,4403,0.22
4308,4411,0.313
4308,4590,0.214
4308,4613,0.335
4308,4771,0.253
4308,4803,0.413
4308,4819,0.306
4308,4918,0.512
4308,5025,0.327
4308,5088,0.405
4308,5305,0.209
4308,5392,0.602
4308,5402,0.278
4309,4312,0.208
4309,4447,0.251
4309,4560,0.3
4309,4672,0.226
4309,4695,0.255
4309,4698,0.317
4309,5155,0.259
4309,5434,0.23
4314,4438,0.21
4314,5572,0.289
4316,4402,0.205
4316,4933,0.205
4316,5004,0.24
4316,5555,0.249
4317,5031,0.289
4318,4491,0.295
4318,4556,0.219
4318,4939,0.373
4318,5307,0.256
4318,5315,0.267
4318,5334,0.246
4318,5362,0.29
4318,5551,0.25
4318,5557,0.302
4318,5618,0.216
4319,4567,0.234
4319,4684,0.316
4319,4715,0.221
4319,4767,0.368
4319,4864,0.205
4319,5259,0.201
4319,5312,0.267
4319,5570,0.246
4319,5571,0.242
4322,4530,0.213
4322,4678,0.228
4322,4940,0.201
4322,5039,0.231
4322,5130,0.344
4322,5301,0.278
4322,5371,0.204
4323,4367,0.451
4323,4539,0.21
4324,4376,0.217
4324,5631,0.221
4325,4344,0.217
4325,5101,0.375
4326,5562,0.387
4326,5568,0.246
4332,4856,0.3
4332,4908,0.268
4332,5546,0.503
4333,4492,0.447
4333,4554,0.325
4333,4805,0.55
4333,4869,0.233
4333,5299,0.201
4333,5399,0.33
4333,5515,0.435
4334,4378,0.282
4334,4517,0.223
4335,4557,0.348
4335,4717,0.375
4335,4806,0.248
4336,4531,0.202
4338,4496,0.245
4339,4402,0.226
4339,4679,0.397
4341,5591,0.212
4342,4395,0.261
4342,4948,0.204
4342,4951,0.612
4342,5173,0.345
4342,5616,0.276
4344,4489,0.28
4344,4512,0.324
4344,4528,0.317
4344,4672,0.212
4344,5385,0.28
4344,5584,0.251
4344,5627,0.235
4346,4383,0.249
4346,4550,0.224
4346,4577,0.652
4346,4707,0.407
4346,4732,0.202
4346,4746,0.201
4346,4776,0.475
4346,4876,0.564
4346,4945,0.39
4346,4957,0.22
4346,5227,0.23
4346,5326,0.397
4346,5535,0.242
4346,5618,0.55
4346,5621,0.237
4347,4378,0.405
4348,4460,0.302
4348,4604,0.206
4348,4673,0.205
4348,4732,0.262
4348,4922,0.351
4348,5405,0.255
4349,5385,0.201
4350,4690,0.425
4350,5606,0.354
4353,5584,0.297
4354,4403,0.283
4354,4411,0.333
4354,4588,0.376
4354,4590,0.204
4354,4803,0.266
4354,4819,0.235
4354,4860,0.221
4354,4918,0.26
4354,4946,0.267
4354,5025,0.248
4354,5088,0.398
4354,5392,0.261
4354,5397,0.207
4354,5402,0.207
4355,4419,0.356
4355,5173,0.369
4355,5204,0.349
4355,5431,0.206
4356,4402,0.356
4356,4482,0.377
4356,4556,0.688
4356,4664,0.32
4356,4679,0.248
4356,4768,0.471
4356,4774,0.548
4356,4827,0.449
4356,4894,0.647
4356,4924,0.357
4356,4945,0.203
4356,4980,0.397
4356,5037,0.507
4356,5368,0.207
4356,5409,0.55
4356,5413,0.209
4356,5442,0.459
4356,5458,0.39
4360,4366,0.229
4360,4615,0.242
4360,4759,0.327
4360,4859,0.25
4360,4972,0.333
4360,5023,0.26
4360,5057,0.209
4360,5130,0.214
4360,5274,0.274
4360,5301,0.245
4360,5356,0.337
4360,5371,0.342
4360,5383,0.273
4360,5394,0.284
4360,5454,0.445
4360,5611,0.244
4361,4756,0.241
4361,4782,0.423
4361,4794,0.237
4361,4903,0.207
4361,5141,0.346
4361,5174,0.228
4361,5243,0.253
4361,5263,0.409
4361,5270,0.238
4361,5304,0.241
4361,5523,0.201
4363,4495,0.298
4363,4688,0.217
4363,4700,0.22
4363,4758,0.296
4363,5180,0.324
4363,5321,0.398
4363,5448,0.58
4363,5604,0.578
4364,5321,0.212
4364,5448,0.23
4364,5467,0.308
4364,5604,0.238
4365,5068,0.208
4365,5312,0.205
4366,4435,0.281
4366,4543,0.232
4366,4713,0.219
4366,4972,0.24
4366,5023,0.241
4366,5406,0.223
4367,5520,0.251
4369,4656,0.216
4369,4938,0.285
4371,4622,0.232
4373,4440,0.215
4373,4554,0.226
4373,5043,0.203
4373,5399,0.276
4373,5551,0.203
4374,4681,0.407
4375,4561,0.208
4375,4925,0.312
4375,5085,0.278
4375,5513,0.265
4376,4925,0.215
4377,4454,0.218
4377,4558,0.493
4377,4911,0.218
4378,4517,0.241
4378,4576,0.202
4379,4711,0.21
4381,5472,0.203
4382,4896,0.225
4383,4419,0.203
4383,4484,0.211
4383,4550,0.35
4383,4577,0.355
4383,4707,0.397
4383,4732,0.214
4383,4746,0.238
4383,4776,0.237
4383,4876,0.306
4383,4910,0.364
4383,4945,0.218
4383,4957,0.211
4383,5227,0.228
4383,5308,0.224
4383,5326,0.231
4383,5492,0.239
4383,5618,0.275
4385,4666,0.322
4385,4785,0.453
4388,4440,0.217
4388,4873,0.229
4388,4894,0.22
4388,5315,0.315
4388,5326,0.26
4388,5413,0.21
4388,5431,0.283
4388,5557,0.207
4388,5621,0.213
4390,5019,0.243
4390,5530,0.225
4391,4933,0.231
4392,4841,0.214
4393,5250,0.206
4393,5360,0.231
4394,4713,0.226
4394,4888,0.242
4394,5464,0.242
4394,5534,0.204
4395,4912,0.29
4395,4951,0.267
4395,5173,0.214
4399,5033,0.21
4400,4567,0.293
4400,4638,0.205
4400,4684,0.245
4400,5318,0.275
4400,5631,0.205
4402,4556,0.267
4402,4608,0.224
4402,4664,0.27
4402,4679,0.278
4402,4768,0.234
4402,4774,0.271
4402,4827,0.288
4402,4894,0.29
4402,4945,0.208
4402,5037,0.335
4402,5064,0.216
4402,5395,0.288
4402,5409,0.215
4402,5413,0.542
4402,5458,0.221
4403,4411,0.442
4403,4421,0.23
4403,4489,0.209
4403,4588,0.228
4403,4590,0.221
4403,4620,0.271
4403,4860,0.238
4403,4918,0.218
4403,5025,0.482
4403,5088,0.428
4403,5113,0.22
4403,5392,0.3
4403,5402,0.335
4403,5449,0.292
4403,5583,0.3
4407,5178,0.38
4410,5468,0.217
4411,4421,0.263
4411,4444,0.207
4411,4588,0.445
4411,4590,0.3
4411,4613,0.287
4411,4651,0.205
4411,4803,0.269
4411,4860,0.356
4411,4918,0.449
4411,4946,0.274
4411,4986,0.255
4411,5009,0.382
4411,5025,0.382
4411,5088,0.452
4411,5118,0.204
4411,5186,0.23
4411,5392,0.28
4411,5397,0.267
4411,5402,0.318
4411,5449,0.228
4411,5519,0.253
4412,5250,0.299
4412,5424,0.228
4413,5342,0.214
4413,5598,0.229
4413,5636,0.353
4414,5301,0.21
4414,5371,0.243
4414,5454,0.201
4415,5205,0.213
4417,4984,0.539
4417,5167,0.516
4417,5640,0.537
4418,4543,0.214
4418,5147,0.237
4419,4503,0.259
4419,4550,0.357
4419,4627,0.234
4419,5173,0.534
4419,5204,0.359
4419,5227,0.206
4419,5431,0.349
4421,4588,0.211
4421,4684,0.218
4421,4715,0.213
4421,4803,0.21
4421,4850,0.263
4421,4918,0.203
4421,4946,0.248
4421,5088,0.222
4421,5118,0.281
4421,5571,0.227
4423,4451,0.321
4423,4859,0.291
4423,5023,0.267
4423,5147,0.348
4423,5221,0.207
4423,5249,0.203
4423,5356,0.233
4423,5611,0.281
4424,4901,0.208
4424,5045,0.289
4424,5091,0.329
4424,5155,0.426
4424,5567,0.504
4425,5380,0.351
4426,4564,0.262
4426,4567,0.207
4426,4600,0.396
4426,4657,0.215
4426,5068,0.222
4426,5118,0.221
4426,5149,0.502
4426,5297,0.213
4430,4887,0.203
4433,4676,0.286
4433,4857,0.5
4433,5087,0.497
4433,5141,0.347
4433,5220,0.221
4433,5473,0.279
4435,4495,0.274
4435,4543,0.23
4435,4641,0.223
4435,4888,0.252
4435,5406,0.328
4435,5510,0.207
4436,4500,0.338
4436,4557,0.223
4436,4623,0.235
4438,5409,0.203
4438,5572,0.396
4439,5026,0.212
4439,5303,0.201
4440,4746,0.222
4440,4761,0.232
4440,4797,0.755
4440,4828,0.252
4440,4894,0.208
4440,5316,0.202
4440,5326,0.251
4440,5334,0.302
4440,5618,0.221
4442,4488,0.25
4442,4997,0.219
4446,4571,0.261
4447,4604,0.345
4447,4926,0.203
4447,5155,0.451
4447,5277,0.411
4447,5593,0.396
4449,4644,0.372
4451,4562,0.22
4451,4859,0.304
4451,4972,0.237
4451,5023,0.377
4451,5356,0.258
4451,5386,0.207
4451,5611,0.269
4454,4555,0.212
4454,4905,0.267
4454,4907,0.213
4454,5145,0.212
4454,5537,0.323
4454,5549,0.212
4456,4793,0.21
4458,4473,0.21
4458,5139,0.273
4459,4582,0.206
4459,5062,0.394
4460,4464,0.375
4460,5379,0.206
4460,5614,0.201
4461,4842,0.206
4462,5452,0.366
4464,4600,0.298
4464,4812,0.204
4464,4877,0.212
4464,5149,0.363
4464,5568,0.233
4464,5599,0.213
4465,4508,0.233
4467,4758,0.227
4467,4920,0.242
4467,5157,0.397
4468,4703,0.39
4468,4828,0.26
4469,4672,0.21
4469,5015,0.218
4469,5528,0.217
4472,5573,0.235
4474,4599,0.457
4474,5315,0.205
4475,4496,0.234
4475,5350,0.216
4475,5367,0.205
4475,5624,0.396
4480,4687,0.204
4480,5108,0.219
4482,4768,0.445
4482,4827,0.402
4482,4894,0.318
4482,4924,0.35
4482,4980,0.321
4482,5442,0.296
4483,5321,0.258
4483,5448,0.296
4483,5604,0.219
4484,4550,0.27
4484,4707,0.28
4484,4876,0.21
4484,5488,0.259
4486,5223,0.23
4487,4553,0.202
4490,4977,0.207
4491,4939,0.261
4491,5307,0.219
4491,5362,0.356
4492,4554,0.374
4492,4805,0.406
4492,5043,0.25
4492,5315,0.294
4492,5515,0.592
4492,5551,0.341
4493,4553,0.235
4495,4713,0.232
4495,4758,0.203
4495,5117,0.231
4495,5406,0.305
4495,5448,0.26
4495,5604,0.263
4496,4868,0.202
4497,5064,0.256
4498,4805,0.214
4498,4932,0.312
4499,4583,0.248
4499,5236,0.213
4503,4562,0.245
4503,4926,0.239
4503,5386,0.324
4504,5021,0.233
4504,5033,0.232
4505,5340,0.224
4507,4521,0.212
4510,4590,0.32
4510,5402,0.213
4511,5107,0.226
4511,5425,0.211
4512,4528,0.313
4512,5385,0.206
4513,5550,0.413
4514,4638,0.227
4514,4715,0.206
4515,5236,0.211
4516,5154,0.552
4516,5184,0.219
4516,5349,0.213
4517,4649,0.338
4517,4749,0.227
4517,4900,0.498
4517,4984,0.204
4517,5227,0.213
4517,5434,0.269
4517,5596,0.216
4518,4837,0.303
4521,4949,0.37
4521,5087,0.209
4522,5011,0.222
4523,5178,0.26
4523,5301,0.204
4523,5526,0.427
4523,5561,0.238
4525,4957,0.205
4525,5492,0.212
4526,4705,0.235
4526,5518,0.259
4527,4667,0.233
4528,4698,0.227
4528,5631,0.217
4529,5116,0.22
4529,5349,0.269
4530,4757,0.307
4530,4934,0.213
4530,5213,0.367
4532,4687,0.302
4533,4567,0.412
4533,4638,0.413
4533,4684,0.308
4533,4715,0.218
4533,4767,0.246
4533,4771,0.262
4533,4864,0.295
4533,4946,0.225
4533,5105,0.265
4533,5124,0.247
4533,5140,0.201
4533,5305,0.247
4533,5312,0.292
4533,5571,0.249
4535,5460,0.766
4537,4750,0.338
4537,4959,0.25
4537,5211,0.215
4537,5244,0.263
4537,5264,0.22
4540,5047,0.211
4540,5564,0.217
4541,5526,0.259
4541,5598,0.263
4542,5164,0.205
4543,4641,0.202
4543,4680,0.202
4543,4713,0.208
4543,4791,0.275
4543,4952,0.21
4543,5117,0.214
4543,5147,0.328
4543,5221,0.237
4543,5406,0.206
4546,4604,0.424
4546,4901,0.205
4546,5155,0.396
4546,5277,0.374
4546,5434,0.222
4546,5449,0.208
4546,5593,0.209
4547,5250,0.348
4547,5373,0.384
4547,5430,0.328
4548,4666,0.334
4548,4999,0.228
4548,5497,0.242
4548,5572,0.221
4550,4707,0.373
4550,4732,0.22
4550,4746,0.286
4550,4876,0.218
4550,5308,0.243
4550,5316,0.212
4550,5326,0.216
4550,5535,0.38
4551,5256,0.232
4553,4635,0.201
4553,4855,0.205
4553,4999,0.232
4553,5047,0.205
4553,5310,0.249
4553,5472,0.209
4554,4805,0.509
4554,4869,0.348
4554,5399,0.366
4554,5515,0.332
4555,4637,0.257
4555,4907,0.327
4555,4933,0.208
4556,4664,0.424
4556,4679,0.202
4556,4701,0.247
4556,4761,0.311
4556,4768,0.288
4556,4774,0.453
4556,4827,0.457
4556,4894,0.705
4556,5037,0.549
4556,5064,0.24
4556,5134,0.255
4556,5316,0.214
4556,5368,0.234
4556,5409,0.486
4556,5458,0.34
4557,4717,0.483
4557,4806,0.394
4557,5061,0.248
4558,4911,0.451
4558,4941,0.206
4560,4698,0.427
4560,5350,0.213
4562,4926,0.208
4562,5023,0.258
4562,5116,0.242
4562,5386,0.243
4564,4600,0.209
4564,5149,0.213
4564,5154,0.241
4564,5297,0.321
4567,4638,0.359
4567,4684,0.475
4567,4692,0.21
4567,4714,0.208
4567,4715,0.29
4567,4767,0.427
4567,4771,0.262
4567,4864,0.457
4567,4946,0.314
4567,5105,0.31
4567,5118,0.243
4567,5124,0.313
4567,5305,0.275
4567,5312,0.361
4567,5317,0.227
4567,5318,0.266
4567,5319,0.269
4567,5391,0.214
4567,5470,0.461
4567,5498,0.411
4567,5570,0.33
4567,5571,0.295
4567,5575,0.221
4568,4761,0.301
4569,5087,0.219
4571,4668,0.21
4571,4902,0.338
4571,5028,0.201
4571,5061,0.211
4575,4991,0.201
4575,5530,0.246
4576,4984,0.23
4576,5167,0.222
4577,4707,0.507
4577,4732,0.278
4577,4776,0.677
4577,4876,0.689
4577,4945,0.245
4577,4957,0.306
4577,5051,0.219
4577,5227,0.299
4577,5326,0.251
4577,5332,0.223
4577,5535,0.207
4577,5565,0.268
4577,5618,0.668
4577,5621,0.277
4578,5290,0.276
4581,4705,0.376
4581,4710,0.263
4581,5333,0.228
4582,5048,0.203
4582,5062,0.211
4583,4587,0.293
4583,4878,0.263
4583,5032,0.327
4583,5477,0.23
4586,4700,0.293
4586,4758,0.47
4586,4860,0.246
4586,5277,0.201
4586,5321,0.578
4586,5448,0.422
4586,5604,0.398
4588,4613,0.29
4588,4860,0.232
4588,4918,0.262
4588,4946,0.246
4588,5009,0.451
4588,5025,0.224
4588,5088,0.384
4588,5392,0.256
4588,5402,0.302
4588,5449,0.312
4589,4774,0.208
4589,4840,0.239
4589,5087,0.209
4589,5371,0.244
4589,5394,0.219
4589,5454,0.315
4589,5520,0.208
4590,4819,0.324
4590,4860,0.266
4590,4918,0.374
4590,5009,0.277
4590,5025,0.274
4590,5088,0.397
4590,5215,0.218
4590,5310,0.208
4590,5392,0.314
4590,5402,0.274
4598,5208,0.225
4600,5149,0.467
4601,5156,0.223
4601,5311,0.454
4604,4732,0.275
4604,4901,0.255
4604,4922,0.212
4604,4935,0.243
4604,5155,0.554
4604,5277,0.618
4604,5593,0.407
4605,5301,0.201
4608,5064,0.205
4612,4688,0.215
4612,5321,0.26
4612,5336,0.231
4612,5448,0.289
4612,5604,0.268
4613,4762,0.202
4613,4771,0.227
4613,4803,0.278
4613,4819,0.241
4613,4860,0.245
4613,4918,0.445
4613,5009,0.201
4613,5088,0.305
4613,5305,0.245
4613,5392,0.332
4613,5397,0.215
4613,5402,0.328
4613,5449,0.229
4615,4759,0.255
4615,4859,0.279
4615,4972,0.308
4615,5023,0.243
4615,5356,0.208
4615,5383,0.223
4617,4782,0.21
4617,4815,0.229
4617,4903,0.242
4620,5583,0.401
4621,4999,0.207
4621,5242,0.269
4621,5300,0.249
4621,5524,0.234
4622,5337,0.211
4623,5145,0.227
4626,5250,0.261
4627,4910,0.352
4627,5227,0.396
4627,5308,0.247
4627,5535,0.205
4627,5565,0.414
4630,4813,0.224
4630,5204,0.249
4631,4871,0.408
4631,5048,0.355
4631,5139,0.205
4631,5591,0.297
4633,4696,0.375
4633,4762,0.265
4634,4941,0.266
4634,4958,0.209
4634,5115,0.306
4635,4999,0.234
4637,4872,0.313
4637,5066,0.312
4637,5350,0.206
4637,5430,0.227
4637,5537,0.233
4638,4684,0.237
4638,4715,0.256
4638,4771,0.213
4638,5305,0.244
4638,5318,0.222
4638,5463,0.207
4639,4658,0.264
4641,4809,0.251
4641,4888,0.229
4641,4926,0.209
4641,4952,0.257
4641,5147,0.216
4649,4816,0.211
4649,4900,0.226
4650,4831,0.236
4650,5573,0.253
4651,4798,0.237
4651,4819,0.217
4651,4918,0.246
4651,4965,0.214
4651,5088,0.264
4651,5118,0.233
4651,5392,0.203
4651,5402,0.23
4651,5449,0.291
4651,5519,0.245
4651,5583,0.224
4652,5062,0.253
4656,5449,0.209
4657,5272,0.205
4658,5085,0.245
4658,5169,0.221
4658,5178,0.512
4658,5489,0.209
4658,5526,0.239
4658,5561,0.213
4658,5636,0.214
4662,4846,0.428
4662,5032,0.226
4662,5198,0.472
4662,5432,0.259
4663,5346,0.273
4664,4768,0.427
4664,4774,0.388
4664,4827,0.424
4664,4894,0.322
4664,4912,0.209
4664,4924,0.312
4664,4980,0.35
4664,5037,0.286
4664,5409,0.531
4664,5442,0.337
4664,5458,0.52
4665,4853,0.204
4665,4878,0.247
4666,4785,0.371
4666,4934,0.217
4667,4886,0.224
4667,5275,0.201
4669,5637,0.244
4671,4856,0.201
4671,5546,0.219
4673,4707,0.294
4673,4732,0.31
4673,5045,0.217
4673,5154,0.254
4673,5640,0.223
4676,4857,0.611
4676,5087,0.611
4676,5141,0.374
4676,5243,0.298
4677,5506,0.222
4678,4685,0.208
4678,4757,0.245
4678,4940,0.294
4678,5130,0.264
4678,5213,0.297
4678,5301,0.312
4678,5371,0.332
4678,5394,0.242
4678,5454,0.258
4679,4768,0.205
4679,4774,0.258
4679,4894,0.251
4679,5037,0.261
4679,5064,0.221
4679,5395,0.225
4679,5409,0.22
4679,5413,0.209
4679,5458,0.211
4682,4896,0.301
4682,5168,0.274
4684,4692,0.305
4684,4715,0.348
4684,4767,0.709
4684,4850,0.345
4684,4864,0.415
4684,4946,0.468
4684,5002,0.363
4684,5105,0.524
4684,5118,0.313
4684,5124,0.214
4684,5149,0.208
4684,5259,0.304
4684,5305,0.211
4684,5312,0.412
4684,5318,0.263
4684,5319,0.22
4684,5391,0.209
4684,5470,0.264
4684,5489,0.236
4684,5498,0.332
4684,5568,0.256
4684,5570,0.476
4684,5571,0.441
4684,5631,0.331
4685,5348,0.235
4685,5479,0.257
4688,4758,0.205
4688,5180,0.27
4688,5336,0.236
4688,5448,0.226
4689,4872,0.214
4689,5340,0.311
4689,5350,0.379
4689,5373,0.311
4690,5606,0.401
4691,4782,0.213
4691,4795,0.213
4691,4903,0.216
4691,5174,0.336
4691,5473,0.309
4691,5524,0.242
4691,5589,0.332
4691,5633,0.318
4692,4767,0.237
4692,5105,0.238
4692,5312,0.207
4692,5571,0.269
4692,5631,0.219
4695,4933,0.202
4695,5277,0.201
4696,4762,0.295
4696,4884,0.267
4697,4849,0.423
4697,5479,0.248
4699,4702,0.215
4700,4758,0.396
4700,5321,0.658
4700,5448,0.461
4700,5604,0.491
4701,4828,0.231
4701,5458,0.217
4703,4828,0.393
4703,4847,0.22
4705,4891,0.229
4705,4957,0.206
4705,5117,0.226
4705,5333,0.219
4705,5356,0.267
4706,5091,0.337
4706,5155,0.221
4707,4732,0.358
4707,4776,0.413
4707,4876,0.459
4707,4957,0.269
4707,5051,0.204
4707,5227,0.293
4707,5316,0.241
4707,5492,0.302
4707,5535,0.319
4707,5565,0.267
4707,5618,0.447
4709,4973,0.271
4709,5062,0.255
4713,4791,0.214
4713,4888,0.23
4713,5117,0.201
4713,5147,0.209
4713,5406,0.255
4713,5511,0.264
4714,5312,0.206
4714,5479,0.215
4715,4767,0.298
4715,4771,0.234
4715,4864,0.218
4715,5002,0.221
4715,5105,0.252
4715,5305,0.265
4715,5312,0.353
4715,5498,0.212
4715,5570,0.222
4715,5583,0.211
4717,4806,0.459
4717,5144,0.23
4718,4963,0.384
4718,5253,0.316
4718,5520,0.345
4719,5609,0.207
4725,4896,0.235
4732,4876,0.206
4732,4922,0.238
4732,5045,0.268
4732,5154,0.21
4732,5184,0.242
4732,5326,0.215
4733,5174,0.202
4734,4999,0.296
4735,5318,0.379
4739,5447,0.253
4740,4972,0.23
4740,5356,0.204
4740,5611,0.206
4742,4999,0.23
4743,5474,0.22
4746,4797,0.204
4746,4876,0.24
4746,4945,0.242
4746,4957,0.225
4746,5316,0.242
4746,5431,0.261
4746,5524,0.353
4746,5535,0.214
4746,5618,0.233
4749,4984,0.218
4749,5550,0.207
4750,4959,0.256
4750,4981,0.219
4750,5211,0.37
4750,5617,0.341
4752,5579,0.23
4755,5522,0.216
4756,4782,0.286
4756,4959,0.228
4756,5263,0.243
4757,5130,0.246
4757,5301,0.219
4757,5532,0.264
4758,4965,0.27
4758,5157,0.238
4758,5180,0.324
4758,5321,0.497
4758,5448,0.397
4758,5604,0.323
4759,4859,0.26
4759,4972,0.311
4759,5023,0.255
4759,5057,0.231
4759,5274,0.296
4759,5356,0.284
4761,5334,0.222
4762,4884,0.264
4762,5519,0.294
4763,4782,0.236
4763,5270,0.204
4763,5304,0.219
4763,5523,0.242
4767,4850,0.267
4767,4864,0.375
4767,4946,0.43
4767,5002,0.289
4767,5105,0.415
4767,5118,0.234
4767,5124,0.21
4767,5259,0.277
4767,5312,0.415
4767,5391,0.249
4767,5470,0.332
4767,5498,0.315
4767,5568,0.258
4767,5570,0.497
4767,5571,0.392
4767,5631,0.208
4768,4774,0.331
4768,4827,0.526
4768,4894,0.441
4768,4924,0.481
4768,4980,0.504
4768,5037,0.343
4768,5409,0.408
4768,5413,0.217
4768,5442,0.497
4768,5458,0.535
4770,5242,0.324
4770,5524,0.444
4770,5574,0.499
4771,4819,0.219
4771,4946,0.287
4771,5305,0.372
4771,5312,0.257
4771,5365,0.225
4771,5402,0.233
4771,5440,0.256
4773,4801,0.248
4774,4827,0.351
4774,4894,0.548
4774,5037,0.552
4774,5326,0.258
4774,5395,0.21
4774,5409,0.44
4774,5413,0.237
4774,5458,0.391
4775,5169,0.433
4776,4876,0.533
4776,4945,0.399
4776,4957,0.201
4776,5227,0.281
4776,5326,0.313
4776,5565,0.346
4776,5618,0.536
4776,5621,0.233
4778,5447,0.214
4782,4794,0.262
4782,4903,0.414
4782,4959,0.256
4782,5141,0.374
4782,5174,0.274
4782,5243,0.242
4782,5263,0.448
4782,5270,0.312
4784,5219,0.21
4791,5117,0.231
4792,5486,0.21
4792,5512,0.248
4793,4916,0.202
4794,5141,0.255
4794,5263,0.255
4794,5523,0.258
4794,5617,0.205
4796,5565,0.206
4797,4828,0.267
4797,4894,0.228
4797,5316,0.225
4797,5551,0.215
4797,5618,0.223
4799,5062,0.392
4799,5561,0.235
4800,5010,0.224
4800,5252,0.263
4801,5464,0.202
4802,5197,0.234
4803,4918,0.27
4803,5025,0.263
4803,5088,0.368
4803,5392,0.429
4803,5402,0.423
4804,4969,0.301
4804,4999,0.32
4805,4932,0.205
4805,5043,0.205
4805,5299,0.216
4805,5515,0.373
4809,4888,0.21
4809,5147,0.263
4811,5354,0.211
4812,5068,0.464
4812,5154,0.221
4813,5204,0.206
4816,4999,0.292
4819,4918,0.292
4819,4965,0.259
4819,5025,0.358
4819,5088,0.3
4819,5118,0.207
4819,5305,0.257
4819,5310,0.285
4819,5318,0.266
4819,5392,0.403
4819,5402,0.406
4819,5435,0.226
4823,5455,0.208
4826,5523,0.263
4827,4894,0.485
4827,4924,0.448
4827,4980,0.445
4827,5037,0.373
4827,5267,0.218
4827,5368,0.206
4827,5409,0.55
4827,5413,0.207
4827,5442,0.483
4827,5458,0.457
4828,5090,0.262
4831,4842,0.22
4831,5573,0.317
4831,5577,0.214
4832,4986,0.238
4834,4961,0.344
4835,4946,0.215
4842,4899,0.286
4842,5541,0.217
4846,5198,0.384
4847,5180,0.263
4848,5531,0.307
4850,5105,0.247
4850,5118,0.211
4855,4897,0.211
4855,4999,0.249
4856,4908,0.315
4856,5546,0.442
4857,5087,0.529
4857,5141,0.561
4857,5243,0.341
4857,5290,0.296
4857,5473,0.26
4859,4972,0.22
4859,5023,0.24
4859,5057,0.222
4859,5115,0.204
4859,5274,0.251
4859,5356,0.285
4859,5383,0.21
4859,5603,0.23
4859,5611,0.257
4860,4918,0.247
4860,5009,0.265
4860,5025,0.239
4860,5088,0.343
4860,5118,0.213
4860,5392,0.264
4860,5402,0.275
4860,5449,0.326
4860,5583,0.222
4863,4946,0.225
4864,4946,0.393
4864,5124,0.238
4864,5305,0.245
4864,5312,0.273
4864,5319,0.268
4864,5470,0.391
4864,5498,0.51
4864,5568,0.21
4864,5570,0.249
4864,5571,0.332
4865,5074,0.216
4869,5399,0.324
4870,5342,0.207
4871,4886,0.224
4871,5048,0.325
4871,5591,0.497
4872,5373,0.26
4872,5430,0.328
4873,5056,0.246
4873,5315,0.251
4873,5362,0.234
4873,5515,0.235
4873,5551,0.343
4873,5621,0.282
4876,4945,0.381
4876,4957,0.26
4876,5227,0.23
4876,5316,0.237
4876,5326,0.353
4876,5492,0.227
4876,5535,0.249
4876,5565,0.226
4876,5618,0.733
4876,5621,0.252
4877,5118,0.233
4877,5568,0.266
4878,5051,0.201
4878,5477,0.263
4885,4916,0.237
4885,4942,0.203
4886,5078,0.23
4886,5275,0.25
4886,5602,0.251
4888,4952,0.204
4888,5147,0.221
4888,5381,0.274
4888,5511,0.213
4889,5640,0.211
4890,5588,0.206
4891,5260,0.216
4893,4978,0.209
4894,4924,0.34
4894,4945,0.225
4894,4980,0.394
4894,5037,0.491
4894,5064,0.22
4894,5316,0.211
4894,5368,0.215
4894,5409,0.521
4894,5413,0.252
4894,5442,0.534
4894,5458,0.447
4896,4959,0.235
4896,5176,0.211
4897,4941,0.306
4899,5225,0.213
4899,5577,0.209
4901,5045,0.36
4901,5133,0.267
4901,5155,0.243
4901,5277,0.247
4901,5567,0.219
4902,5028,0.207
4903,5141,0.228
4903,5174,0.203
4903,5243,0.231
4903,5263,0.329
4903,5270,0.209
4907,5145,0.206
4908,4999,0.238
4908,5042,0.202
4908,5089,0.221
4908,5399,0.208
4908,5497,0.253
4908,5546,0.405
4910,4991,0.587
4910,5227,0.207
4910,5308,0.255
4910,5565,0.253
4916,5577,0.208
4917,5107,0.272
4917,5635,0.237
4918,5009,0.279
4918,5025,0.428
4918,5088,0.565
4918,5186,0.234
4918,5392,0.585
4918,5402,0.412
4918,5449,0.311
4918,5519,0.226
4919,5178,0.208
4919,5200,0.242
4919,5532,0.201
4923,5061,0.434
4923,5189,0.257
4924,4980,0.375
4924,5037,0.255
4924,5442,0.377
4926,5386,0.346
4933,5055,0.224
4933,5185,0.201
4933,5206,0.211
4933,5354,0.216
4933,5494,0.263
4934,4940,0.203
4934,5301,0.251
4934,5371,0.208
4934,5394,0.202
4934,5479,0.201
4934,5558,0.28
4938,5334,0.26
4939,5307,0.209
4939,5315,0.298
4939,5362,0.306
4939,5551,0.218
4939,5557,0.321
4939,5621,0.221
4940,5039,0.217
4940,5130,0.353
4940,5301,0.281
4940,5371,0.303
4940,5394,0.237
4940,5454,0.248
4940,5532,0.201
4941,5591,0.202
4944,5568,0.255
4944,5587,0.232
4945,4957,0.229
4945,5037,0.214
4945,5326,0.348
4945,5618,0.379
4946,5088,0.216
4946,5124,0.218
4946,5259,0.469
4946,5312,0.206
4946,5402,0.247
4946,5470,0.395
4946,5489,0.3
4946,5498,0.321
4946,5570,0.255
4946,5571,0.475
4947,5501,0.283
4948,5173,0.314
4951,5173,0.35
4951,5616,0.26
4952,5077,0.235
4952,5221,0.218
4957,5316,0.213
4957,5326,0.204
4957,5618,0.22
4958,5115,0.315
4959,5276,0.219
4959,5617,0.202
4960,4995,0.257
4961,4971,0.235
4961,5062,0.247
4963,5253,0.279
4963,5520,0.392
4965,5448,0.276
4965,5502,0.29
4965,5604,0.219
4967,5572,0.303
4969,5014,0.26
4969,5400,0.206
4972,5023,0.31
4972,5057,0.287
4972,5249,0.294
4972,5274,0.255
4972,5356,0.374
4972,5383,0.218
4972,5603,0.204
4972,5611,0.262
4974,5178,0.33
4976,5482,0.341
4980,5037,0.278
4980,5442,0.439
4981,5211,0.268
4981,5617,0.434
4982,5026,0.23
4982,5561,0.298
4982,5636,0.265
4984,5167,0.723
4984,5253,0.206
4984,5640,0.55
4985,5261,0.22
4986,5088,0.266
4986,5449,0.225
4986,5583,0.22
4989,5448,0.201
4990,5276,0.266
4990,5396,0.239
4991,5308,0.228
4991,5349,0.207
4991,5530,0.233
4998,5547,0.221
4999,5031,0.234
4999,5047,0.213
4999,5089,0.218
4999,5095,0.234
4999,5156,0.217
4999,5497,0.206
4999,5545,0.254
4999,5548,0.281
5002,5105,0.516
5002,5312,0.27
5004,5010,0.224
5004,5380,0.276
5004,5555,0.272
5009,5025,0.262
5009,5088,0.264
5009,5392,0.239
5009,5402,0.202
5009,5449,0.385
5013,5250,0.295
5013,5500,0.216
5013,5575,0.227
5019,5530,0.209
5023,5057,0.287
5023,5249,0.234
5023,5274,0.27
5023,5356,0.292
5023,5383,0.306
5023,5603,0.238
5023,5611,0.207
5025,5088,0.385
5025,5186,0.208
5025,5392,0.375
5025,5397,0.203
5025,5402,0.319
5025,5449,0.272
5025,5583,0.215
5026,5062,0.287
5026,5380,0.266
5026,5612,0.225
5031,5223,0.29
5031,5587,0.202
5032,5338,0.26
5032,5432,0.26
5033,5415,0.214
5035,5354,0.229
5037,5409,0.543
5037,5442,0.342
5037,5458,0.4
5041,5277,0.213
5043,5066,0.21
5043,5399,0.267
5043,5515,0.205
5043,5551,0.228
5045,5155,0.26
5045,5567,0.275
5047,5483,0.215
5048,5591,0.258
5051,5227,0.275
5051,5565,0.249
5055,5185,0.259
5056,5326,0.231
5056,5334,0.287
5056,5551,0.208
5057,5356,0.231
5059,5591,0.296
5064,5395,0.228
5064,5413,0.284
5066,5430,0.293
5067,5257,0.203
5068,5154,0.352
5068,5568,0.213
5069,5427,0.221
5072,5220,0.251
5077,5147,0.303
5084,5235,0.204
5085,5547,0.223
5087,5141,0.6
5087,5243,0.328
5087,5290,0.267
5087,5473,0.366
5088,5118,0.209
5088,5186,0.241
5088,5392,0.488
5088,5397,0.201
5088,5402,0.41
5088,5449,0.239
5088,5519,0.237
5088,5545,0.219
5088,5583,0.226
5089,5095,0.213
5089,5156,0.208
5091,5155,0.361
5091,5567,0.337
5093,5587,0.268
5095,5497,0.217
5101,5311,0.226
5105,5118,0.256
5105,5149,0.203
5105,5312,0.36
5106,5327,0.37
5109,5345,0.212
5109,5637,0.234
5113,5286,0.256
5115,5383,0.345
5115,5603,0.226
5115,5611,0.299
5116,5349,0.221
5117,5147,0.269
5117,5406,0.346
5118,5319,0.207
5118,5631,0.235
5119,5179,0.333
5124,5319,0.275
5124,5498,0.21
5124,5570,0.219
5127,5404,0.201
5128,5189,0.221
5130,5213,0.297
5130,5301,0.239
5130,5371,0.238
5130,5394,0.228
5130,5454,0.202
5130,5532,0.251
5138,5468,0.205
5141,5174,0.232
5141,5243,0.376
5141,5263,0.36
5141,5304,0.274
5141,5473,0.208
5141,5617,0.209
5144,5181,0.219
5144,5514,0.207
5147,5406,0.243
5149,5219,0.224
5149,5312,0.202
5150,5413,0.302
5150,5442,0.219
5154,5184,0.243
5154,5297,0.269
5154,5477,0.255
5154,5568,0.229
5155,5163,0.276
5155,5277,0.614
5155,5567,0.51
5155,5592,0.217
5155,5593,0.264
5162,5219,0.271
5163,5426,0.213
5163,5567,0.213
5165,5215,0.437
5165,5566,0.282
5167,5332,0.22
5167,5640,0.632
5168,5320,0.221
5169,5178,0.228
5169,5345,0.204
5171,5435,0.324
5172,5270,0.443
5173,5204,0.265
5173,5431,0.457
5173,5565,0.208
5173,5616,0.281
5174,5243,0.211
5174,5251,0.216
5174,5263,0.246
5174,5276,0.429
5174,5524,0.217
5174,5574,0.249
5174,5589,0.215
5174,5633,0.262
5178,5370,0.279
5178,5394,0.203
5178,5489,0.211
5178,5526,0.263
5178,5561,0.286
5178,5613,0.248
5178,5636,0.236
5180,5321,0.26
5180,5336,0.253
5180,5448,0.353
5180,5604,0.26
5186,5392,0.212
5186,5402,0.237
5186,5517,0.212
5186,5519,0.201
5189,5430,0.22
5193,5491,0.237
5198,5556,0.219
5204,5248,0.223
5209,5256,0.209
5211,5244,0.219
5211,5396,0.202
5211,5617,0.409
5213,5301,0.232
5213,5532,0.3
5215,5566,0.496
5223,5545,0.21
5226,5635,0.241
5227,5332,0.291
5227,5492,0.22
5227,5565,0.498
5227,5618,0.239
5230,5243,0.232
5230,5304,0.346
5230,5523,0.268
5238,5435,0.212
5239,5269,0.245
5242,5524,0.414
5242,5574,0.343
5243,5263,0.263
5243,5290,0.26
5243,5304,0.323
5246,5471,0.448
5249,5356,0.342
5249,5603,0.263
5249,5611,0.251
5250,5359,0.202
5250,5424,0.208
5250,5500,0.239
5253,5402,0.203
5253,5520,0.257
5257,5283,0.272
5259,5570,0.214
5259,5571,0.238
5263,5270,0.244
5263,5304,0.264
5263,5523,0.214
5267,5368,0.276
5270,5304,0.208
5272,5318,0.221
5272,5379,0.623
5272,5614,0.662
5272,5631,0.26
5274,5356,0.283
5276,5396,0.201
5277,5593,0.457
5278,5575,0.222
5287,5374,0.207
5287,5473,0.256
5297,5568,0.205
5299,5343,0.258
5301,5371,0.331
5301,5394,0.3
5301,5454,0.231
5301,5558,0.318
5302,5336,0.597
5303,5598,0.275
5303,5612,0.328
5304,5523,0.382
5305,5318,0.258
5305,5365,0.245
5305,5402,0.232
5307,5362,0.234
5307,5551,0.252
5310,5575,0.235
5312,5318,0.249
5312,5498,0.222
5312,5570,0.279
5312,5583,0.204
5315,5316,0.201
5315,5326,0.244
5315,5334,0.306
5315,5362,0.283
5315,5515,0.284
5315,5551,0.392
5315,5557,0.533
5315,5621,0.348
5316,5326,0.206
5316,5334,0.311
5316,5618,0.249
5321,5448,0.451
5321,5604,0.425
5326,5413,0.201
5326,5551,0.243
5326,5557,0.225
5326,5618,0.326
5332,5565,0.21
5332,5640,0.237
5334,5362,0.368
5334,5551,0.218
5334,5557,0.235
5336,5448,0.228
5338,5432,0.3
5344,5637,0.26
5345,5637,0.215
5348,5371,0.203
5348,5479,0.222
5350,5624,0.328
5356,5603,0.266
5356,5611,0.345
5357,5596,0.243
5362,5551,0.236
5362,5557,0.321
5368,5442,0.212
5371,5394,0.349
5371,5454,0.411
5371,5532,0.248
5373,5430,0.314
5373,5500,0.237
5373,5559,0.231
5379,5614,0.664
5385,5597,0.25
5385,5609,0.332
5385,5627,0.343
5392,5397,0.242
5392,5402,0.369
5392,5449,0.239
5394,5454,0.377
5395,5409,0.23
5395,5413,0.221
5395,5458,0.224
5397,5402,0.286
5402,5545,0.209
5409,5413,0.24
5409,5458,0.546
5413,5442,0.264
5413,5458,0.258
5415,5542,0.219
5417,5495,0.251
5426,5567,0.229
5440,5575,0.205
5441,5589,0.203
5444,5510,0.26
5446,5611,0.215
5448,5604,0.658
5449,5583,0.239
5461,5596,0.256
5470,5498,0.3
5470,5571,0.266
5473,5617,0.213
5474,5518,0.211
5474,5545,0.284
5489,5493,0.21
5489,5570,0.204
5489,5571,0.295
5489,5613,0.226
5490,5562,0.273
5492,5618,0.228
5497,5545,0.215
5513,5587,0.201
5515,5551,0.336
5517,5541,0.208
5524,5574,0.27
5524,5593,0.202
5526,5561,0.254
5526,5598,0.208
5526,5612,0.238
5535,5618,0.227
5545,5583,0.213
5550,5594,0.206
5551,5557,0.39
5551,5621,0.223
5557,5621,0.272
5561,5636,0.316
5565,5618,0.259
5568,5572,0.215
5570,5571,0.319
5575,5614,0.21
5579,5595,0.252
5596,5627,0.214
5597,5627,0.208
5598,5636,0.274
5618,5621,0.255
