node,x,y
685,1408.826782,115.948700
5265,-62.454849,1417.855469
3750,1341.322510,-969.462708
2400,-375.638550,-1075.629028
2216,-1270.656250,-92.789818
5989,-518.574585,1379.993530
3592,1157.581665,-189.063354
1274,-634.171936,588.417847
1336,-142.194377,-239.732138
3300,-136.417740,-513.065186
4133,-73.208661,152.243434
5252,-167.432007,276.039429
5743,-641.988470,-864.201294
3951,1142.586548,-643.895569
4899,-1387.530029,-223.871384
1517,-294.190735,-1190.145630
1739,-67.069855,-1223.696533
2675,91.657761,69.060349
1682,533.483011,138.107544
2759,568.105113,168.308478
6147,-1408.069824,-994.610474
2158,-1584.712891,444.317474
4598,-943.373779,-1016.324829
5466,-311.546598,1023.989719
852,-665.159119,83.580696
6017,-729.088501,511.592346
6218,-338.032837,715.790405
2286,-471.228546,-838.851807
1058,-557.623413,-905.091492
535,-503.240967,-714.423828
5687,-974.215942,-595.652588
2269,-590.978821,-915.458191
2578,-569.938782,-885.690857
2717,-672.243408,-866.638611
2857,-603.580872,-896.487976
4921,-635.750671,-947.907715
1611,-575.133789,-801.749207
1918,-639.634094,-845.667725
1396,-665.621948,-795.362549
5072,-634.382507,-920.439392
434,-615.880127,-943.966370
3674,-522.287537,-730.784241
966,-571.230957,-845.039490
3805,-688.857117,-831.308655
891,-499.148376,-748.648865
4409,-457.387604,-764.983948
6130,-362.298859,1213.222290
5495,790.477234,-1213.323364
5163,1133.847656,600.215515
1105,-16.406487,1267.747559
6184,-791.489685,1353.923462
6211,1527.717285,-66.163567
1896,-158.305130,1510.767578
4216,-734.556946,1357.855713
2087,-388.345673,-1227.494019
1576,-1478.872314,-496.057800
3000,964.216431,-83.372849
556,-909.419556,-1439.676880
5619,1210.874268,-768.225647
124,-553.872009,442.489410
4493,-339.480225,1037.366577
3242,232.484558,1294.195435
105,-360.910431,1362.906494
1626,-154.535294,19.627048
199,1118.752930,-1243.480713
3896,63.349663,-1370.292969
2848,-1096.986428,-321.664151
284,-1231.976196,363.266815
2199,1133.847656,600.215515
4221,1122.134644,-541.974731
3119,1068.881958,-503.349670
6185,1134.951416,-481.880157
4222,-56.914856,76.064878
59,-882.002014,152.392960
5310,1002.678711,-694.101868
2921,-1611.143433,245.362701
4026,1496.705200,-695.816528
2416,611.346497,1303.243652
1321,1514.576294,263.829895
430,959.870949,-482.645247
4709,1515.502808,-525.312378
2349,984.733093,-1392.013184
1257,-116.650153,-467.926610
4250,-1718.712158,219.264771
4615,-2.129539,1190.299561
3452,56.974913,768.333797
501,990.156616,1022.184448
5733,1129.612427,-1159.945679
5057,1057.923807,-617.470185
538,270.389877,64.708539
3910,620.983521,962.514038
4688,241.796595,-228.208797
3073,-152.298288,140.001129
323,350.802795,-1018.995972
1334,546.707764,-1055.279541
2699,-458.076721,-1063.752563
1328,1200.811768,6.916668
4634,1014.725485,-548.731793
517,829.573303,-1488.285889
1385,1193.983643,868.987793
4604,-875.974243,-1357.244873
630,-686.567017,-1361.736694
975,-1702.047119,-387.951172
1923,-1007.218506,-1257.205811
5233,-177.953598,-601.372253
2876,-37.362235,-134.186451
2889,143.339676,-871.819519
5584,469.967540,132.842924
3706,-717.802979,-1214.469116
958,6.394479,136.802350
1984,154.238861,997.509888
4028,1344.397217,-721.828430
838,1518.821411,21.447102
1898,168.747864,-1337.664062
2930,-491.512329,-1284.866699
3,869.177612,-1234.767456
6146,664.832092,1333.082031
6038,-374.831085,340.525146
5229,1547.858154,-446.625885
4922,868.469482,-276.160950
1600,-1416.430298,432.868866
4962,107.232665,-353.566930
661,-1638.908813,29.379753
356,-24.032669,-1702.860718
1869,1050.212402,1072.729858
1710,790.507507,1291.991211
2698,-480.849574,-594.773412
3200,-684.135864,-124.680725
1893,325.210905,-147.197838
1131,-1145.984863,-984.454224
1999,-964.417542,-756.216980
714,-1071.872314,-859.768127
3303,-1042.746826,-832.635315
2272,-1086.948242,-875.401978
1223,-1026.975586,-854.431763
1098,-1066.909790,-902.402405
3933,-1034.878296,-869.497070
1430,-1196.011230,-948.464539
88,-69.689301,-101.369537
3362,781.276428,1257.407471
3782,-1721.345215,-446.012543
941,453.132141,-588.916626
3120,-228.198486,-1716.792236
4836,545.165161,118.889969
1041,318.686890,1479.092896
4774,-1042.557739,-977.403381
978,1394.076294,-614.079895
3390,1566.385376,-120.802963
542,-51.953499,-1335.010498
3637,-469.918770,748.781917
3813,-650.466852,738.120090
4923,468.872985,422.298440
1280,516.470459,-1330.345215
2240,-1311.079956,593.014587
1749,581.447652,-109.841479
6043,520.099121,-79.873604
1025,596.984009,-299.565308
4045,653.628357,-550.717590
1395,647.833069,-77.618576
1723,558.586182,-148.765945
4939,389.924866,-38.436008
2773,1250.653442,544.620728
618,1459.045410,460.219574
3736,284.664429,-1231.456543
1995,-9.790161,-1170.150024
5040,-931.326660,-928.985962
1624,672.955504,-650.091498
5382,-1666.881958,235.983414
5085,1470.075562,-377.153687
1220,-411.844147,-1732.599731
83,-1728.075928,-30.673328
3900,-597.533447,-488.044556
3664,-1294.995972,-803.122803
5608,-1625.870483,-545.298889
3727,958.388030,-919.304628
4680,-1357.835571,-866.196777
5563,1307.587646,-1004.230591
3397,-724.313110,1089.217773
243,-1275.235229,576.690918
5578,-237.456299,52.551430
3079,-1689.182129,-311.974335
659,-1253.130981,-754.847534
973,248.290165,-964.579398
4288,1238.454468,-1096.813232
5352,215.857025,238.889221
195,844.616943,-1095.043213
1567,-344.937714,-1733.341675
1147,-617.663147,-819.667664
4929,-583.011538,-844.860124
4686,-721.465881,-922.302246
5570,-1180.254395,222.963501
1634,-664.145996,-828.726868
4858,-707.443115,-879.616882
3601,-543.417053,-969.482300
1990,909.451477,1157.300171
3772,737.210815,-1005.559998
3107,1542.652588,-377.675323
1636,-1398.857178,-189.118759
2230,1178.920288,-379.009583
599,-661.270508,-240.443604
3971,-407.140592,137.110391
4031,-1546.982300,-533.080139
4213,901.119141,1010.176514
5047,-1017.115356,-592.714050
1805,-1079.951416,-627.425598
2145,-1247.559326,-666.554749
4279,-1583.648804,-686.307373
2127,-1201.002930,82.008148
2514,-1468.921387,-492.365234
2442,44.928162,-1749.177368
3293,603.333862,-1595.525513
4913,372.038483,1356.847534
2234,590.206604,500.658813
2552,-510.303589,-786.522461
5915,-283.893188,52.812134
2211,-984.057438,945.878923
3012,-548.055359,-940.440735
1911,-586.463863,-299.355050
2116,5.460583,699.986145
2728,123.063736,805.918762
1454,153.456573,973.750977
789,473.363831,1045.731812
5034,230.715113,533.263332
3391,-835.025269,1076.508911
825,1368.722900,248.709015
1407,-630.553345,1242.819580
5292,-995.699851,-817.212479
6193,-1053.563721,-893.959717
2221,-461.352783,240.064117
1484,-305.649780,-464.349396
4205,-756.781250,-253.481598
3560,-10.927162,145.609985
1690,827.632263,203.684021
1979,1095.744507,-376.249084
5371,-65.606339,-1773.362671
2636,-380.424011,1390.246460
1712,-78.883157,-478.950053
3102,-37.595840,-177.245728
2816,399.350677,96.598572
6197,-1091.024902,875.124817
473,178.117767,349.419342
1487,683.538330,-992.921692
1353,30.615570,1154.793213
5140,130.774600,-198.673881
4245,626.958191,1205.611694
2706,549.765259,1011.583862
3734,31.553688,-1440.439087
565,-1234.455933,776.647278
3929,814.893555,-891.745422
6037,690.573914,-1148.222656
45,1149.848389,892.220581
3449,49.650124,1438.254639
5747,883.426819,1171.020264
2313,-327.659458,77.252626
4458,88.611572,-305.107605
3737,-1273.533081,-281.035797
5553,-21.080235,1514.068481
2244,208.270020,-1536.094360
667,465.639069,1406.129028
752,-247.493195,-1528.574219
879,56.091568,-1366.125366
3069,-119.272781,-351.582055
4499,1485.411255,64.516457
5195,-52.746429,-416.647949
3520,-518.859802,1373.433105
1882,974.870245,-473.408824
5225,-349.874908,1218.779785
4421,529.386780,-879.502991
3065,16.662777,-1433.974487
2803,995.087646,535.274597
5760,682.274231,-1546.177612
3078,-236.929382,1136.806030
559,175.805115,1512.340454
6098,705.946899,1301.089600
839,553.134888,1308.637085
1778,1409.877686,372.893036
5108,-667.179565,1044.483032
1064,1008.198608,-329.187164
3633,1196.672485,-580.127563
1948,1091.734619,-462.501801
3709,1281.942261,-432.754669
959,951.377380,-441.163483
23,1438.261353,177.462097
5444,1008.019775,1123.683472
6216,1072.740601,-754.275085
2904,1186.768433,-487.207275
3151,1146.098267,-413.827820
4866,1290.688232,-589.964600
4828,1079.020417,-523.385763
4903,1090.300464,-584.004691
62,1197.179565,-508.908386
5869,1198.900024,-455.561951
1437,293.083496,-1474.962158
5853,159.654678,-1161.689941
3897,1429.703247,94.829460
5179,-1670.435791,-198.905029
1185,-1485.773804,-256.798553
392,-819.876561,-499.463566
4667,-577.179216,-789.064120
5896,548.421576,-1153.480611
585,-1731.929199,-229.579315
1959,-309.251251,364.323120
3916,-175.683212,-1229.795532
4398,238.499023,-1063.017700
2460,-403.630219,-219.026718
4896,-865.258911,1153.866455
345,498.952637,-1219.373047
5635,-507.890930,847.917297
3398,-1523.226196,462.736115
4448,767.070190,-1514.892212
1006,-205.075424,1331.596802
2746,568.129700,-1137.930298
1240,-410.198456,949.241760
3685,1179.561136,47.687767
2483,1136.563965,-1.693588
1808,-155.316620,-1050.133057
3256,-1065.278687,551.536499
2855,-68.314400,-1090.318237
161,229.299561,-314.965698
4984,-858.710999,-971.303528
3730,906.796143,756.230103
3936,-885.518982,-85.675194
164,1093.489746,-602.342957
4052,-1089.471191,-222.397507
3759,485.321838,1088.718140
2170,-463.354053,455.973781
2152,-890.011169,-1189.240234
1357,-721.763184,-1063.246338
614,-422.239929,-426.622742
231,-720.489563,-1274.180176
767,296.592976,-915.131454
1227,-894.985474,-150.422729
786,-897.995503,-682.267915
2186,-1096.561890,-486.110504
4603,-1126.171631,-601.145325
3228,-948.413776,-310.383319
6159,-842.210423,-183.416378
4706,-819.327192,-36.568745
227,-1084.631470,-614.077209
1449,518.330994,-590.602478
3451,-1109.105469,720.392090
2011,1139.512085,-994.699219
1369,-905.684082,-822.801270
637,608.823914,357.914001
1528,236.653809,-684.226135
1716,423.896759,134.674545
2123,-88.324654,-1052.000000
1908,276.082764,-1709.655151
701,-90.510220,-496.829334
2990,421.178905,1231.345348
1082,85.926933,-1711.507690
4121,-246.065118,-94.855556
4242,-1003.430333,549.019620
469,761.830750,-1449.140625
2069,-1412.443115,-251.404358
2659,-490.629089,-1536.970337
3890,711.179241,-531.641977
698,83.234387,-157.309123
2592,658.503784,-1011.577759
783,885.640930,-1429.036377
3634,-560.397958,226.375416
1646,124.075541,-181.655506
3960,97.029022,-1552.392212
4545,-471.738556,-997.362854
1632,-622.916260,-1241.784790
3882,74.768417,-443.672943
526,-797.632996,-1577.657837
5087,-237.299286,-870.324280
335,-1231.218750,-437.076843
250,-1167.491211,-1300.871094
3251,-1091.786499,-385.711884
3125,1331.287842,-968.393921
804,1406.467285,-354.266510
802,-157.067535,1194.831055
79,-274.143646,1075.354614
63,-135.765784,573.088355
1281,-1340.703613,-631.161499
1172,443.299866,291.160675
977,379.457947,663.879822
669,376.523285,323.649933
5437,226.141418,411.487732
934,393.657684,439.736725
3600,801.626038,854.960205
2826,552.546875,544.040588
6057,-417.890892,-904.097226
1411,254.260590,812.077637
3839,-683.176392,513.677429
3375,-490.962510,630.115876
2836,-490.962510,630.115876
2201,-199.946859,-353.744050
6091,-128.616038,-328.369740
132,193.430283,130.727600
3001,-722.838257,256.670746
5712,597.668396,-1495.046631
3745,-647.965332,-1363.515381
5842,-204.870239,1479.501709
358,-540.230103,-1599.158569
3198,1389.157227,-301.320343
3016,-1052.832520,-800.709473
6162,938.743408,1066.386353
2558,-1051.488770,-429.910400
3085,-493.884926,3.943883
5090,513.885321,130.553750
67,745.716431,229.866852
4725,543.252014,103.264450
837,508.750427,104.162117
1647,-538.978088,653.070129
608,-1547.710693,-781.917603
4781,-1612.560791,-289.288391
2029,378.824732,-157.829797
4877,-1070.101074,766.424561
5004,-376.499586,638.181812
5939,-396.122437,431.138214
3247,-649.999573,-192.677356
1406,-687.650391,270.768707
4449,462.291595,-1061.336060
3645,599.599548,-1432.408203
597,-1325.888134,168.482335
5303,-571.148132,-1102.880493
3401,-414.415802,-1546.537842
3465,1331.702271,346.771149
1432,-1407.051758,-597.494446
2302,1284.978638,742.537292
3015,326.820770,1401.405884
6110,-52.614380,998.881653
4937,-346.272888,192.850168
1249,-725.158057,-81.669837
2548,1285.328857,250.868439
1366,380.530518,-809.110718
2949,583.551758,514.876343
1067,-609.800598,-429.433746
4809,-110.972183,-58.311996
2969,-354.590881,-333.609100
1689,-19.496651,55.446709
1475,-378.754730,-1643.119629
1743,1417.681030,-321.724487
2432,-435.029785,217.436890
1069,480.768250,-740.096252
2028,-1.535540,-980.483494
5678,1223.689087,825.645386
1005,-326.094299,-1220.643799
2448,150.420639,-256.517181
1017,-544.795044,-966.523193
1765,-504.989441,-998.131531
1695,516.947021,-1473.084839
4334,1394.007812,-48.314178
1603,-557.653503,37.011209
5145,1075.400391,-529.193420
1036,-1134.273682,-935.358459
3565,-719.514282,732.220398
1924,-1176.144531,-507.583313
5099,629.737122,262.843292
2561,24.535706,-161.053589
1897,612.825928,234.878113
1652,-265.650632,295.426770
2564,909.989990,-513.862976
5859,1021.355225,-673.734070
600,871.951691,-481.771615
1230,1083.015869,-552.379639
4748,-527.766152,-236.857907
3844,1075.457275,-466.317566
503,1029.393902,-538.404426
5144,839.825439,-473.538239
1365,1436.034180,-266.445282
1266,-493.884926,3.943883
5439,393.403320,1099.296265
1599,-841.613098,-1048.702393
5498,397.550598,912.736511
5731,-1441.269775,187.350098
4021,-1374.699829,270.911377
6153,-1399.106079,302.729004
4389,-332.163300,1127.370117
5323,-349.979889,-478.015564
5471,-311.462952,-776.081177
72,-402.479949,-616.769200
939,-515.096985,-602.876709
4600,-105.562683,1297.117310
5737,-488.226638,-229.714520
4876,-153.200613,-339.933843
2020,-864.588135,-905.640747
58,-14.147186,-1577.370850
601,-409.942200,-474.273224
1823,-2.307857,-230.675852
1790,-1256.527344,-574.600037
2879,-767.382263,-36.423599
1622,-885.067566,-492.398438
3990,-408.295074,-1094.516724
5481,-284.354858,-1086.817261
1920,-363.216522,-984.102173
3922,-339.056885,-1188.838623
4446,-228.028320,-794.515503
3213,-343.365021,-1084.057129
4482,-224.739014,-1141.585083
3751,-212.743439,-976.782043
1960,-429.912903,-1087.523926
361,-240.663391,-875.686829
138,-773.760559,-115.267975
4420,1109.903687,351.836975
4529,726.846863,81.960052
5165,691.049133,103.060051
6064,584.055115,81.080307
3638,-6.525520,-187.158127
2950,481.327759,-405.337585
4673,484.579224,-89.577324
3610,800.204712,310.056671
4562,800.143738,350.722168
71,836.170715,280.321442
252,525.169189,-79.307503
490,545.115967,-92.123947
623,510.968750,-27.699459
3219,-366.845428,-351.314270
5465,-191.069138,-10.513208
1310,588.156555,-7.942144
1399,713.875488,-137.404068
3092,-610.223083,-1096.326538
5717,-545.826355,-1027.540894
658,-684.274109,122.688522
753,-521.061707,-1651.009277
3046,-489.156616,-797.433838
5615,-492.124023,-1263.471436
870,913.059326,885.072144
4591,-482.995760,13.458931
4804,677.000508,383.118625
1287,586.095398,-250.856934
4750,326.779338,-130.685156
4219,547.995789,-81.090500
3540,555.131897,-55.977631
5543,143.206879,50.048721
5291,313.550781,-95.990891
18,106.033218,-75.401955
1044,-1.357511,-548.213984
3455,-296.629181,-1008.723022
3756,-459.891663,-1319.163452
5569,-13.355549,-373.188538
5558,-149.659286,-1504.146362
5646,-796.938293,141.818527
5000,-496.282959,844.576050
1997,291.320831,167.162811
2096,153.387100,90.489624
3361,-858.955139,718.321289
3511,185.198456,-352.330170
5958,531.771240,424.857300
4920,252.846344,-152.662064
1196,-187.222092,979.506592
3246,-192.149881,804.646965
4720,-784.926025,-1091.082886
1593,-733.645569,-1190.013062
1835,731.170776,458.759430
1400,734.989502,256.838074
4215,669.869934,243.642456
5473,656.223999,-640.619080
4815,291.192596,-444.150208
5125,494.090820,-236.291809
2512,191.097794,-506.387451
416,-1365.941650,-620.360535
4739,-155.603455,-454.637848
5402,300.604534,-111.665737
548,785.672241,202.844421
2888,-1251.331543,807.745911
682,720.066223,522.438416
1751,619.537048,323.299225
3135,-83.339386,1074.221313
5546,609.763367,403.702972
1965,1099.914673,426.133820
2310,756.582392,344.786685
5114,836.595825,426.696655
5018,751.042462,326.180949
3294,773.358276,61.535538
3129,-1029.853760,-679.398926
2369,-527.041382,605.756287
4477,-72.657265,958.365356
2110,43.277832,987.770508
3894,-253.149536,152.924469
5032,-0.797638,893.964905
2195,1266.673828,15.201118
5921,723.775696,439.746338
5168,509.239380,264.087280
5673,36.907263,815.246225
4244,114.363785,961.901855
3305,-54.884933,730.096985
428,124.789291,755.270020
5962,-485.537231,-758.975037
4794,-433.124557,-72.972853
5580,-458.639454,-47.280769
5867,-656.114624,1088.631836
2779,-193.384216,572.763977
1825,-141.470047,678.600159
1703,-882.030029,-97.633530
3165,-665.159119,83.580696
715,359.339142,-915.429749
80,1013.780762,1064.120361
2434,560.050110,652.468811
4796,982.798523,-300.793213
4022,594.334106,132.848328
3643,514.851257,130.186615
1542,560.457764,-672.669128
2780,-572.074097,-1063.737061
380,-563.413320,-947.831720
3312,-772.690186,-1108.857178
2438,-515.823853,-1190.775146
3144,-659.802002,-1129.901001
300,-770.323975,-1077.116943
6209,541.491156,212.557217
3818,549.186829,231.706131
2677,516.143311,176.137451
848,335.222565,74.637466
1532,326.625732,37.748226
4321,444.299683,-41.138027
4561,309.055054,-98.967575
444,1296.859619,-1030.116455
1866,67.746597,-819.822937
26,945.615540,652.090088
2517,145.266011,-302.735599
5416,-82.369972,-186.796127
4918,1514.469727,-111.045059
609,1555.378906,-343.556122
2093,1562.201416,-256.815887
2331,1588.976807,52.328690
4187,164.482941,-41.055984
5967,227.349121,-121.917969
4186,-28.649101,-694.053261
2998,-212.293961,-1507.727173
5039,477.462402,-94.492607
3804,-572.821167,-1176.903320
1784,279.771027,-197.576523
5041,972.633484,581.040283
3470,-591.538208,606.845215
2540,1102.724854,982.519409
3551,-420.769836,-1300.522095
491,136.105164,-374.311676
751,-63.269211,935.476196
206,1010.514893,-813.083252
2579,1014.856934,-539.832214
5991,-101.261127,40.987066
3491,-344.062317,-565.684937
1492,-980.137207,-965.557190
2954,-544.202454,-904.746521
1402,-549.656376,-515.795077
5914,-768.532328,-420.859254
286,489.446411,-905.922729
4813,680.864441,-1597.124634
1853,-1392.113037,591.183960
1448,266.863007,687.408325
4265,-1209.811523,820.684204
2891,-170.469990,878.486233
1026,-873.344788,-811.220825
5763,-950.398071,-953.380920
622,45.475204,244.772614
5307,997.886963,-581.315125
3502,769.174210,-521.158752
2090,1040.475342,-598.466187
1847,1058.225098,-576.909119
2794,-82.384506,231.214661
4838,-601.105867,-811.432020
2988,-600.813110,-717.600708
2162,-1045.814941,-622.619263
1393,-1092.922241,-480.159149
5456,-1056.873535,-503.223267
5513,-680.324707,961.926819
5485,-1348.378540,704.591858
5873,-881.912062,-578.378201
2709,-1070.356711,-514.481276
228,-1142.845459,-580.683167
3948,-1117.440552,-589.976746
4130,-1134.135742,-549.374695
4150,-1108.153442,-595.855164
739,1365.679199,-445.823730
3283,-1071.442871,-673.504517
259,1086.878906,-319.277466
1525,982.120239,-474.772400
2337,985.074341,-434.701691
4182,974.530884,-636.348389
5901,1026.938843,-435.503967
4696,1107.028931,-561.780518
818,1152.154419,-542.252197
1460,938.084534,-628.653381
725,1044.794922,-443.991669
2095,1296.326172,-780.365051
2421,-1311.032593,-570.656250
1480,958.388030,-919.304628
2294,62.371644,-48.276644
4089,-675.429504,-629.890137
5294,-117.044022,-360.527130
689,164.570862,1255.010620
3032,1027.835327,-546.810059
4593,1013.122803,-504.130554
1182,1023.526855,-567.799500
5636,1006.478271,-881.435852
5494,1019.546387,-658.759277
6051,1012.077377,-580.736887
829,1145.746338,-586.040100
5665,962.622375,-578.040710
4456,1049.496826,-821.562805
2395,817.318848,-588.806091
3953,1001.356201,-439.328308
209,1118.894653,-637.398315
2935,1068.760010,-653.045105
4587,1174.816772,-961.792969
5953,-1109.899536,-1421.065063
6118,1021.555788,-571.560139
1153,1017.781616,-597.437195
5228,976.569336,-947.834900
4459,1115.485718,-606.832275
1222,-674.754700,-1437.417114
2052,445.145203,1378.507568
5038,611.936890,-1623.843262
3865,-4.000885,-1236.768188
5375,1437.957642,229.063889
4674,-1515.393311,65.805191
1019,-718.478149,23.174816
3650,383.674896,-359.385498
3289,-1015.149292,-491.013245
3876,1174.673096,-1080.571045
1604,-278.828674,-1607.094727
2210,-1101.125732,946.467957
4853,803.260681,-599.736755
1505,1288.052612,-977.562744
6007,-1481.635864,636.105286
4610,83.387245,92.617157
2770,1098.315063,680.245239
474,-385.437699,321.709663
2687,544.049316,614.989868
4317,138.517731,900.799683
2050,323.752502,-35.451191
3454,-976.548645,-825.759644
1162,-757.068542,-1062.484741
3867,233.815979,-881.245483
511,-1694.843140,-492.901245
6210,-1093.110352,760.374023
1343,735.385010,742.062622
3368,1281.618408,-867.467651
5206,720.419800,241.886749
1617,625.741760,-1621.781250
5148,-1409.615845,-865.189026
2109,-1694.014526,23.778244
3748,-1537.511108,-465.537445
5055,-114.847137,-1778.158813
2332,496.948120,406.961426
1560,614.526672,98.732704
4609,504.148987,147.529480
4226,551.828186,169.742172
4971,658.119019,145.393051
3710,491.710205,70.178574
6092,618.856995,153.988846
2453,614.555054,138.261581
1546,375.178375,1015.066528
3722,67.534576,816.706726
2769,-828.506362,-109.818971
464,1188.428101,-1073.052490
3068,62.257583,-728.774627
1912,-9.304163,-436.110980
1394,122.098129,1197.133789
3972,1290.158203,-770.483887
2065,-1584.057739,-785.654846
4764,-1048.210449,1082.950562
6201,0.456081,1327.051514
1934,1018.340942,945.862000
2423,728.993896,1312.713257
4550,-1063.776978,-1040.423828
2715,-761.956614,-244.495056
3740,71.580330,-1503.359497
4980,1386.251709,-198.262650
974,-814.064514,1224.451416
6152,-520.572693,-1715.971558
5624,625.741760,-1621.781250
3420,-608.905396,516.214050
3671,629.104919,-1164.717407
2974,-790.379150,1062.740967
4303,-274.495972,-102.000008
2443,-494.729431,546.645264
2114,-537.270325,571.835022
5815,-808.734731,808.621761
1140,-673.161194,803.535400
5042,-638.284790,800.477783
5769,-831.592773,1026.040161
4271,-544.555471,609.191858
2365,-603.227539,805.005127
1496,-931.599243,-905.104614
3612,-1046.387451,-953.564209
2224,1078.328003,-1155.620117
2346,1065.816284,-390.519104
4788,1106.064087,-1161.836914
4114,962.788879,-639.767578
1457,-1671.420776,-537.948792
3270,-787.804688,-1495.291260
1820,306.396301,1099.145020
6166,1014.039795,-1084.632690
653,893.037720,-1198.301514
1697,1075.422485,-591.136353
4759,873.983521,-722.020508
1890,590.731750,188.871185
61,-39.570053,227.172653
1916,344.440129,-432.984710
48,-1270.656250,-92.789818
705,-1546.526489,55.934708
4675,-1270.656250,-92.789818
1100,244.486002,-348.222532
989,-223.220276,-1406.955322
1477,836.463135,-1491.380859
1575,307.362427,66.127777
4357,307.140137,49.419479
2319,485.761536,99.781105
3407,-221.186157,-0.004082
2766,173.130142,-97.705742
25,1193.956543,-486.983337
3949,706.292175,-1335.667236
4010,-347.179474,1237.496216
1346,-55.948001,-275.923306
2455,808.414246,-977.144592
4145,628.357605,-693.086304
4626,349.036621,-336.166595
3254,1225.596069,-1118.217651
1291,558.697205,20.627544
201,843.160156,513.638367
3688,334.742188,248.166656
547,1085.859741,835.165039
3656,621.363159,368.017426
3934,685.701599,484.726990
2593,-1095.273560,529.058350
1201,-469.957428,989.398926
1418,-938.923340,948.297974
3405,-1210.199219,704.078552
6171,-598.545349,1219.263916
492,-511.719910,1000.773071
4090,-1122.506592,319.338196
4507,248.960022,686.550903
3326,-933.409790,357.823242
1756,-998.361816,436.377075
549,627.212708,112.278320
3167,-1427.178039,38.813063
5436,-638.619031,-940.934977
6217,-913.287903,558.110718
4772,-525.370874,728.127690
1956,-645.870422,1085.022949
3640,-333.808685,-186.109573
324,-1490.824707,-909.101562
5846,1553.990356,-116.864731
4294,742.461548,329.083832
3153,376.302734,-757.761047
2574,372.038483,1356.847534
3558,235.217865,1016.015503
5694,-844.031433,960.358643
1874,-696.981140,1118.932983
1166,567.585999,-1384.095093
1177,1207.956665,652.744385
3337,-86.812325,-86.111488
3371,-634.383057,118.682083
840,-62.424316,1092.031616
480,102.140334,251.077578
1107,-789.227783,-1103.673828
5264,-258.448884,175.036799
6137,-1016.561157,-1240.069458
1933,-1129.494629,-881.242493
5182,1090.269936,-760.843486
5556,-510.104553,1074.755371
5865,1044.850586,395.423340
2049,-168.592621,-1172.698242
4329,-300.882904,-348.645691
6114,-694.208250,370.845475
2420,-546.439261,223.377095
64,812.798157,476.423126
4514,986.992804,-507.400053
1467,86.537086,-96.268539
2342,440.106110,-1010.962036
1148,-909.419556,-1439.676880
1644,-756.387390,-1108.019531
4547,-1092.135620,-892.205322
2651,-1214.681606,-107.969366
6122,-1085.098389,977.587280
3297,-944.648254,690.702942
4623,-1123.665283,629.273438
3567,-1076.615234,890.899048
2280,125.041107,-890.808167
1392,1056.650635,-1019.944336
799,1387.698853,-203.250580
4176,-712.264893,-1526.933228
454,-775.869446,149.892838
926,572.364563,257.462280
267,-1126.390869,-1408.605225
4136,1295.803833,155.994370
5017,247.907349,-523.527283
1769,-802.298911,-1104.452024
2909,-426.815033,-1182.883545
2010,469.672796,62.584526
1428,961.422119,841.445312
2633,-1013.940674,-63.296310
5683,1180.350098,885.286255
1295,-246.846222,-1734.503784
174,-804.096741,-1540.223389
5331,-1377.870728,712.915771
1390,-140.694443,1462.036865
1914,635.442950,436.275101
2679,485.530783,348.850131
681,829.859192,600.016541
1819,952.773499,582.029114
4371,1275.727905,-217.896851
1935,794.745361,826.335083
1643,1499.949097,-382.313049
2986,1389.009277,-450.719940
5078,-830.793723,-626.911204
5711,-1112.655151,-850.274109
5249,53.781425,-1731.055786
128,187.757568,-775.805298
2556,-1018.942627,585.584900
5585,-1070.282104,468.672272
4883,-747.471538,-828.305466
4377,-621.292114,1420.317871
282,-509.871826,-1696.808594
422,867.055603,1185.484863
3527,-1101.874146,1056.785645
419,308.511902,-927.028442
5974,746.598212,-854.521615
1061,549.669373,187.142960
2839,540.037537,234.857925
3991,1190.484375,-747.845520
4402,-65.698647,-1279.239014
1571,243.370361,736.513733
40,-119.272781,-351.582055
1814,-493.837280,1457.252197
589,-195.173889,916.096619
6198,958.388030,-919.304628
3249,1006.980225,511.302917
186,384.613129,-218.392685
3389,1113.773926,-965.147339
897,-905.336643,-105.886018
1429,1551.336060,-425.536072
1431,-1148.123657,1027.109009
3477,548.156694,-378.025857
2192,546.057007,469.618988
2054,773.868408,456.478760
1112,789.106873,509.093384
5084,-560.397958,226.375416
4572,330.551147,982.205261
4475,594.658813,-323.686188
43,312.001038,527.839783
3457,-384.610750,33.492229
3292,1217.585938,-188.240265
1207,82.770172,-116.154205
1975,-957.984192,989.233215
5056,307.960449,-1251.976807
4469,1282.859375,-962.196655
1686,-888.233643,905.320984
590,1343.889771,278.562622
5973,-981.153564,-184.939056
822,919.240479,1143.574341
2190,-8.859360,-1148.378296
495,-787.033569,1313.271240
2037,1419.720581,-619.075256
952,-644.544556,965.426941
4855,-304.047729,-1411.680664
472,-68.013959,107.149677
3321,-715.588989,188.704147
5086,-764.178040,-935.415222
3773,-294.332306,911.881592
2358,770.762939,1294.890381
4298,-87.856929,-359.384059
176,-943.373779,-1016.324829
4071,561.072144,-1215.213989
4083,570.764282,-15.682892
3728,907.347778,1167.169434
2086,1151.827271,-1043.832520
2672,62.018059,-1714.926880
5537,-891.130005,-1205.142090
3447,759.757996,1148.589966
2674,-1487.344116,674.892273
610,772.386963,421.858154
2624,755.487244,-1145.453979
4617,-17.602768,-1435.355591
265,396.857056,-1578.041382
6081,-445.609955,-856.530823
823,-361.102092,-278.898214
4278,78.607704,-1586.413330
5838,342.753815,1477.487671
75,1239.246826,-597.456726
4325,119.946304,-569.105102
4255,411.943829,-437.504023
3064,485.369279,218.640752
256,91.528374,-828.165344
5847,193.189056,-1670.295166
1878,-147.362915,1127.062378
3639,711.154419,338.596863
5167,-404.491760,-648.428772
1141,679.859436,1208.270142
508,-939.077026,885.280884
5610,180.091217,-1463.453125
31,27.706429,-1257.255859
5341,31.319519,-1135.134155
1440,227.070007,-1371.868408
3568,1345.294678,-2.280518
5162,-673.322876,-1394.568237
4385,-149.371994,-1432.180542
2623,-582.383240,-1329.466797
5263,-316.548492,-1495.712769
1210,-640.240845,-1419.342163
321,-531.910645,-1397.218384
2887,-907.535422,796.775997
4975,-645.583557,588.089661
3832,-952.684509,368.209290
5597,1017.321411,-462.868866
2733,-1282.629150,-1013.786255
5082,-1294.791870,599.644043
5530,-1016.301880,-1044.606812
1554,679.790222,-1372.916504
6128,570.695190,-1349.965820
3604,705.556030,-1024.207031
5415,-638.619031,-940.934977
178,-587.704651,589.005798
108,-820.736755,-372.591187
6165,-317.764374,410.927582
4885,-108.839142,-490.964417
5092,-816.768066,-372.087585
2537,-1255.894409,-534.734070
4933,-363.338776,-1195.028442
1827,-77.248215,361.679321
4050,1418.099365,445.094513
2212,233.538513,-762.086304
4461,102.288194,-771.415127
175,487.967906,-738.849911
1253,-746.148193,-989.987793
5376,-205.757370,-1616.866333
296,-1067.685791,372.181366
766,-1073.151855,-789.969849
1096,-977.692261,-899.474670
2885,-790.520874,-992.905701
1792,-53.849403,-975.744507
3175,-715.457741,-966.340622
1929,-446.984131,-604.864258
2293,-966.624778,-803.224009
4351,-1346.147461,-313.758209
2616,-1170.695923,575.492310
95,-913.273254,-1008.832275
6189,-1494.213227,205.034838
2053,-417.436981,-1771.669434
5484,-911.632812,-1019.660889
5517,-196.419342,-1763.161255
1089,-481.418335,-1627.934326
1768,-872.113770,-1074.479248
5218,-785.475708,-1206.567139
2013,-797.538574,-166.819534
1056,118.518417,-979.788025
1680,-909.868347,-1483.246216
5190,-1062.503784,-820.106079
3507,-883.233704,-775.531982
2467,-1150.312134,-647.759888
2850,-813.364380,-1499.129272
19,230.448761,-1082.366089
1952,1099.040161,978.092590
516,-124.528992,-1179.900391
2638,1252.954590,679.919922
3574,-1106.599243,-617.386047
2923,936.188232,-1316.241333
246,-1130.603149,-758.632324
5534,1117.745728,-1013.993896
5575,-804.420410,-1491.186279
457,-1293.705688,-1225.893433
93,303.898193,1196.998169
866,204.805328,1054.854004
383,-657.676697,1316.575195
782,210.261169,443.208160
2970,406.872864,397.605347
2429,-937.327332,791.888127
4273,-960.111443,498.278795
4571,-697.228814,569.003004
4365,-748.711792,1128.555542
279,-1425.671997,656.052979
575,639.621948,-137.483963
4166,-160.477021,758.425858
2268,104.376007,985.734497
2982,215.857025,238.889221
3138,-905.336643,-105.886018
1595,1379.601440,-9.153891
4865,568.129338,-345.925332
4137,1575.262817,-93.661499
1125,-334.043567,-334.668298
4599,-1126.003784,143.338654
4295,1122.146118,-466.672150
5793,-546.898306,-911.013361
3212,-656.327698,-972.182861
1278,-439.809479,-850.989990
2396,-58.044350,-736.431763
982,1423.683594,79.649239
5271,543.026855,727.837463
5917,351.760654,-575.673176
3359,-76.530115,-446.785672
3260,586.275409,-468.405280
4228,-1350.883057,135.904785
5212,-439.440186,1123.497314
4498,-802.572937,464.139648
3352,296.346741,-1117.042603
3924,367.136963,-1082.673462
5346,322.532562,-1188.036743
24,382.756073,-1388.223267
3248,271.164490,-1387.114624
1143,-476.942993,-1480.758545
3961,-527.353577,-1465.561523
6190,-498.579224,-1069.262451
1409,-170.814758,-708.211914
5851,-828.347138,-704.928032
867,-691.510986,1238.888672
4277,-1673.830688,-71.391319
2411,438.141089,-446.576030
5723,1425.397705,342.535950
3525,-941.807373,544.759094
6181,-1143.841333,478.921325
4217,-275.630772,523.343775
4140,-7.139926,803.057971
1137,-1719.634521,-352.267090
3593,-1402.592407,579.777161
2943,1394.584717,-386.396210
5308,-618.303277,295.898023
1520,-937.934204,-651.013916
3648,-1186.766602,-1258.378418
1130,1363.487305,-884.322144
5620,-340.764439,409.316884
5326,-161.827974,-357.152547
410,-1101.620193,143.618590
1132,374.935974,-1315.442383
3429,-645.320095,-1116.981902
4553,665.081726,1277.705200
4852,-223.224731,-554.618469
2215,123.828522,819.339600
4264,1128.926025,476.002319
4892,368.747040,-1443.296875
5324,-921.819519,1246.247803
3995,385.280548,-1457.266479
2338,820.688232,-674.297668
1231,-814.535767,-1118.926270
2242,447.469893,421.490198
2652,1116.151123,163.933792
4081,-1170.416138,-940.350891
84,1543.365234,-135.425659
4849,-1626.453369,-645.715637
5834,-335.800415,1499.248535
237,1259.203857,-615.736267
118,1403.959717,-625.264954
3263,-142.065170,-373.968140
5015,1316.080200,148.083252
2482,1154.692993,-1217.410156
5430,1346.511475,-605.109253
720,-1263.554077,420.308136
4658,925.468994,-752.764648
3143,-797.296753,-313.702148
2896,1405.322021,577.456177
2282,-195.691744,-398.366259
1136,1380.392334,602.777100
5008,11.174744,-1502.719482
3354,-94.294449,-1310.306763
3088,120.921371,-1231.796631
4863,1136.925537,-1129.609375
1088,1437.260376,504.460999
3682,1017.505127,-956.890930
6067,-1269.567797,168.652489
2057,-1612.808105,378.120575
703,81.635651,-118.002852
369,-540.985657,-1088.558838
4410,244.862854,-1412.511108
1450,-1378.684204,-1127.469238
1091,670.538391,-1355.800415
3747,1382.404175,403.512482
449,-46.402615,-139.169189
4077,-686.189029,1074.286513
2427,614.967712,1383.555176
4755,1108.588989,-1128.894653
2604,-1581.434082,-855.905640
6090,479.223267,1342.478638
3471,1511.441406,-359.205078
3164,-901.673401,-803.386963
3660,-773.760559,-115.267975
5377,-400.607981,266.345746
1494,-290.188629,-1746.231934
709,-982.608032,1050.289185
1584,1555.030640,-303.047852
4037,1334.828369,-855.400024
4970,287.096130,-687.767517
3860,1100.293823,-1105.319458
450,-454.531622,205.252589
923,769.279358,-1254.227295
3954,1457.680176,20.231365
3396,-290.459595,-1676.754883
1886,-417.430267,204.856659
1095,-298.602905,99.046371
2281,-134.039474,-1013.731201
1925,356.786835,1137.810181
4125,-1251.644775,141.985580
1551,-992.647095,-337.682373
3206,-909.419556,-1439.676880
4901,-1205.765381,692.956421
635,-914.627808,-944.237427
2722,-1447.243774,-44.702591
5591,1099.868652,-373.197327
4807,-965.549255,-924.978821
2647,-999.104736,-888.368652
944,-976.325134,-867.126404
981,-977.862000,-841.967712
1561,1082.036987,970.402100
6199,555.062436,1064.154935
3786,-243.217407,1544.228882
957,44.994522,-1617.697388
2371,1561.760498,-163.772522
2814,-84.281410,-764.706482
3100,978.462036,-1166.443848
591,458.726884,312.318182
2032,-897.734009,-875.693298
168,360.273865,238.661591
5645,-1410.024414,708.604919
697,358.111115,-1731.316650
1740,1007.810791,1114.257324
1854,414.372742,1348.106567
816,-609.943970,318.246979
1875,-641.029760,112.711081
4835,-540.737600,112.774594
3285,-563.299316,-162.845642
3984,-735.006409,441.831024
4730,-773.760559,-115.267975
5260,-674.524735,831.959241
552,-467.821046,162.609383
2520,-613.160156,298.355896
2932,-741.066789,395.782025
5120,-694.493774,1039.260986
1015,-1026.168335,1042.515991
1693,-1091.160034,165.938873
1566,-657.610596,41.249062
4808,-1195.349243,495.283203
6049,-1249.516113,170.353638
4290,-291.214661,187.832016
5927,509.239380,264.087280
4916,999.894775,937.233643
1821,1208.458862,191.276367
3162,-151.837947,-1001.295239
5351,1137.959523,-468.945201
3216,707.870122,-1405.599038
4771,-1127.322754,-680.554504
4258,313.033051,-551.673035
171,600.255554,-1516.702026
4412,1244.153809,902.716492
4857,143.910904,-802.593811
1799,-848.273254,-766.001099
3680,-1459.686157,385.373077
4066,-1499.595093,-770.259033
3684,443.793548,-740.813218
5786,740.574768,-672.171814
1142,972.377006,-500.709584
1384,1062.383911,625.710327
4462,-1017.861287,-502.994068
6192,-1057.065063,-610.230774
5482,-1123.237427,-539.043396
5393,-1169.660767,-577.313354
4645,-1241.875366,-617.414490
4734,-567.946716,-1171.187866
119,-1573.949707,-717.497192
3412,432.301514,155.848587
269,-5.599627,-1137.936918
4143,-370.033447,969.597717
1942,718.604492,-1436.779907
5526,-41.607727,1532.873169
53,886.026428,912.403381
1813,99.558716,-173.209488
1623,-257.035583,-311.896545
418,-289.130106,-323.502559
270,-283.339447,-1290.934937
1040,-33.404648,1528.213989
3915,-1696.965088,159.818100
4452,1070.728760,667.762695
2111,-1610.957031,498.812927
4338,-1405.952637,-1076.887085
1135,-768.662884,-305.462825
1190,828.011475,1047.528687
6094,462.521912,65.142639
101,725.026794,-1057.191040
5797,554.085754,1312.023804
338,396.789032,884.204956
719,378.903900,431.964905
3220,528.357727,-1626.344482
466,-162.415649,-1748.095825
2082,779.354097,388.485295
4151,-1031.219238,1065.885132
1631,-444.189209,35.863518
3504,-378.241051,-278.620910
5509,-1087.695818,-589.708683
2436,-1105.499658,-588.748782
4515,1490.905151,338.406158
1657,1141.514893,837.363159
1545,574.343877,464.061609
1794,988.509399,1022.612915
2503,-1697.507446,-430.961304
2745,-1227.973267,-538.766052
2031,-438.531525,-88.532455
888,327.903137,-1693.411621
1638,-391.243622,-1642.019165
1134,282.282898,1449.437988
5671,-1460.090820,743.093567
896,346.042822,-416.263292
5628,-1070.955306,-567.306071
5236,-1055.725342,-517.067261
5559,-1147.346436,907.280579
3723,208.270020,-1536.094360
2157,715.747437,-670.266235
4488,-135.483414,-329.314911
1380,-1011.307617,-897.611816
4380,-988.893905,-860.676789
4257,-1012.490845,-936.797241
5322,-819.199707,-362.883514
1465,-983.479817,-871.786845
691,-1014.337769,-954.514404
515,-873.472038,-714.849363
6127,-1116.098999,-972.307190
4349,-993.134579,-874.688544
4394,-1027.431519,-829.406799
5333,-986.749878,-849.561890
4423,-949.246948,-828.246521
2959,-1029.734497,-781.092529
5703,-1104.418091,-837.308960
1144,-932.270874,-895.978088
1758,-1072.096436,-807.688599
1238,-1002.356079,-802.548706
1211,-997.798340,-792.355652
6143,-996.740479,-765.511902
2401,-1041.432129,-805.768921
4203,76.122917,1421.587524
4029,-86.544624,653.703979
5433,-527.309228,525.335695
998,682.385376,-1413.657837
2213,-1241.668213,646.423462
5926,875.806422,-1411.733578
3654,-624.281189,-25.004147
677,959.842529,-1137.133423
2663,-601.704023,235.500261
5330,-557.398132,177.372223
513,1334.976440,-885.036621
1500,-1061.236816,-255.821564
4400,-11.383874,193.294763
969,831.753174,650.835815
1076,1226.851929,775.083130
902,-456.647186,-1727.970581
864,-638.436035,1198.035767
1246,400.737061,802.723083
4428,1290.680542,812.348206
1581,-543.973450,-1272.320312
229,1471.396729,-210.202499
2236,1541.886353,17.268829
298,-398.297424,-1533.018799
2865,410.433868,437.362732
4846,-728.523865,1201.434937
3573,1535.837280,-344.410095
1754,-1651.876465,385.983368
4087,813.091675,1101.528687
207,37.160128,-1107.922270
3444,-9.326820,416.157471
3623,-439.388367,-580.732666
2108,-1295.533203,-909.736023
5535,-84.266705,-1185.039890
4854,995.733154,-1304.373779
3421,504.762756,-1595.956787
5749,-552.966063,-695.352200
1348,163.460281,-430.887970
4443,-1025.576172,-895.332214
769,-651.029602,356.979156
940,616.103271,-1320.344482
2140,1257.656372,852.756714
2507,-1026.064087,-922.419739
1621,-1107.315186,-634.973999
5802,653.270813,-1363.939209
2492,408.593933,-1540.009033
3266,-1479.043335,-948.166382
1512,1290.161621,-647.591125
5318,-988.976929,-929.657043
2644,-937.934204,-651.013916
2163,988.001465,-1373.991821
3521,-119.400009,-565.607727
5245,1040.341919,-552.234802
1128,944.634827,-671.352600
5855,1122.269531,-535.178162
1342,1031.439941,-577.347229
332,-695.709351,330.703583
1601,-867.277161,233.260315
6149,-76.017676,-882.049921
3478,-1156.436401,-112.097382
1877,89.256065,-883.054688
4310,-339.391510,1247.424805
2947,1142.404785,912.813660
411,385.461090,154.545959
14,-1316.818848,264.790405
3665,772.021790,-1075.846924
431,-927.850281,-351.551727
2361,-134.627457,-616.274353
5833,-899.816650,-582.114197
5972,-320.920288,-1785.268799
1892,-716.750061,314.280487
5589,296.592976,-915.131454
862,-892.434143,989.271851
4895,-840.953064,1015.783203
2336,759.757996,1148.589966
1020,908.451294,-125.681717
2098,1398.026001,552.015015
1714,1012.077377,-580.736887
3808,680.739502,1353.606079
5254,980.292419,-231.481613
4180,-439.074310,-1720.796265
6178,1243.837891,-240.725586
3557,-360.305298,1469.417480
746,493.260132,-972.722534
3230,265.698822,-258.361328
3340,633.611206,-269.278198
4535,673.988647,-1332.095215
2985,-736.151489,14.700066
5983,-216.976654,-1708.765503
191,1012.936890,211.275284
2318,632.441772,1300.038818
3944,-1426.023438,-711.782043
5293,1395.742798,312.304535
2703,1302.994019,312.960968
2966,-97.450684,-334.074982
3576,609.276001,1365.893311
3436,819.682556,-1423.764160
2569,-1270.656250,-92.789818
3163,1416.764038,-569.818176
5539,-1524.903076,188.333633
5848,-1224.676392,984.880188
2303,-10.681827,-465.596454
3176,-758.993469,1269.435425
4068,779.606689,-1200.678711
4368,964.216431,-83.372849
3616,-979.912170,-915.138794
3307,447.761627,1159.496826
2856,1549.443726,-106.422592
2149,-1621.704834,108.657806
4583,-1592.400635,104.377609
166,-1424.921997,-73.597458
3070,1390.326782,-306.151489
5858,348.425140,-1071.510132
3657,84.936089,666.451233
3921,115.852585,1188.796875
3866,-115.568581,-201.136380
4823,-1254.222412,-298.097168
461,1290.592041,353.744751
1895,-1728.458618,-216.196152
4104,-1035.133911,-119.402359
2847,-747.777222,317.292358
4094,-279.131348,1515.189697
4190,-1227.876587,-1147.660156
1748,-1349.749023,-1168.228394
5016,-106.076050,-1243.940308
663,92.227936,-139.839453
5582,-378.335938,842.140259
5378,698.885028,282.313418
1535,116.722672,-1519.987183
1203,216.051392,-1093.275513
1250,784.408325,-1358.993042
4782,-342.198395,-1240.815796
4210,884.454224,-1266.850220
5884,-553.144844,563.215671
46,378.272675,-100.795937
4597,323.589642,-144.842640
3456,-394.318481,-1575.048340
3636,174.303284,-167.995926
1506,-1404.243530,261.787170
1337,-48.650467,-1773.135620
3180,-674.518127,-1072.995728
5353,732.356201,719.685181
1014,-1741.003662,13.695290
3624,-1060.282471,-1476.754272
2275,119.079376,-1154.719604
5996,-1628.981934,298.379089
4309,-1080.336670,871.097412
6207,-601.751465,783.633850
2743,656.688049,1235.829956
2587,-1156.685425,-1345.431274
6170,388.094635,1308.566284
922,705.484009,369.153870
581,1064.220703,-59.571037
11,1294.781250,676.723938
4358,835.734131,42.312996
4632,784.074890,-1492.639893
1486,450.566376,616.031982
1304,1150.143555,28.497158
2454,-279.830505,-269.799072
828,-222.004944,1423.660767
5654,-24.841496,831.606812
3534,628.694739,-360.014263
652,-575.307312,759.504395
2297,-878.242126,-8.719328
2639,467.073425,-620.735840
2068,-1362.703003,-1041.058105
2496,-609.228821,-1561.404053
2637,-1735.273071,165.735535
683,1535.525024,31.278152
2730,-116.896255,-1346.501953
4181,-359.447418,-1650.458862
1318,-527.766152,-236.857907
2249,-1619.979370,430.522278
668,-1427.178039,38.813063
98,-336.801239,1425.531250
5035,1509.260864,-422.067810
6074,-1649.984253,-555.263916
2264,-1511.924194,-368.512054
5220,-1547.803951,-519.806538
5854,-1587.062865,-470.151056
3824,946.229187,1004.484131
903,814.309387,360.362854
5960,388.199799,-951.779480
4129,-221.148560,-282.058319
3043,-190.963547,-385.998993
99,1018.627686,-1330.661743
3387,-261.754913,-210.235909
1733,1414.279175,-619.545715
1003,889.964233,-1388.279907
1976,982.494080,672.238708
1605,756.905273,-1026.839233
3227,-1688.703857,-207.661453
5161,1570.468262,108.282120
1540,1572.463501,-1.353888
953,-788.365173,1222.139648
813,-699.467651,1018.234619
1655,-931.313965,1234.354614
2946,-1221.458618,938.341370
1043,-1182.717285,323.288452
4064,-890.662375,371.327286
5727,-1347.975464,598.359497
3301,-1348.271118,911.947571
3224,-726.011780,489.435333
5112,1170.767700,-337.631622
2724,-527.766152,-236.857907
3615,699.129639,-776.361755
4856,216.000992,-1398.815063
5780,88.793053,-1387.412231
1586,-937.016357,-1280.342896
1363,-1387.834595,489.713226
276,-1571.201660,-668.934998
711,-781.226379,1329.526123
5912,-1397.357788,895.407898
3127,138.892258,-1237.249268
4879,161.163788,-485.896301
2755,-178.822582,-152.225810
4833,977.245056,-726.314941
3096,-859.956238,-834.802856
2026,449.748779,-1568.103760
2524,1095.878418,1050.930176
5999,-2.307857,-230.675852
5819,-877.389954,409.151428
6009,917.865112,-844.264343
710,1249.015015,-457.771118
4082,-1154.364624,-514.822388
4551,1012.693481,-1153.308105
5845,-799.937687,-161.180459
2444,583.767883,167.620422
2697,737.128235,-821.406067
2502,991.824219,-404.031311
96,1168.392962,-77.894005
1031,923.049194,-589.260376
5820,-964.905416,640.849438
3453,-301.028259,1291.217407
5401,818.869507,-977.703003
2963,448.744751,1342.511230
1615,1238.454468,-1096.813232
4112,-566.811361,-1050.742274
3509,-356.979761,419.985962
253,-601.173218,-115.909485
5740,-991.440918,300.106201
6012,-966.357520,401.998912
1745,-132.070084,-1101.773560
3784,372.221771,-1258.037842
5714,-211.170639,1236.652954
886,-1133.960571,-728.737366
2046,118.382405,-301.949211
4576,100.142029,-549.960449
2752,-1499.218506,-590.051636
1696,-1707.531250,76.994720
3691,-173.342285,817.974182
3613,-1177.309692,488.389496
2716,626.605530,-798.357849
4387,658.090027,1324.004883
3385,246.389709,-13.283493
156,468.699463,207.439011
4308,-1073.375122,-1099.948853
2372,-588.612539,-1018.786123
2133,-120.685913,441.873138
1753,-751.398560,1288.841187
3485,-1029.232178,604.286987
1766,1556.630249,9.750906
1059,510.075134,140.813065
465,1261.373535,794.935791
527,-246.689013,-1183.750759
4214,1160.823975,-293.967255
5431,-203.687027,-1749.035767
4943,479.354004,-519.419983
1704,777.704407,-1223.348755
366,-191.565781,-1775.360840
2343,1443.373779,422.132965
3093,-817.074646,-493.210571
4450,-814.355835,966.689697
4931,-712.221544,-314.825406
5345,-1004.356689,-916.864258
2367,-1185.254150,-528.935364
1055,1033.707886,-727.394104
92,-628.695748,90.946966
5910,1020.227974,-582.115112
5762,-1700.535645,23.676929
2261,106.161194,925.115479
2474,-1118.491333,-1390.782959
3701,-564.976868,607.569946
1964,-347.789856,-1638.082764
4392,1388.445801,618.983765
5143,-524.895142,640.036804
1670,1298.397461,654.470520
3029,-937.934204,-651.013916
3353,-1343.320068,-32.233433
3448,-35.047119,-1030.245728
6175,-1036.797241,-531.463928
602,-650.976135,1079.441284
4318,1519.444702,-521.450989
3306,-1674.982788,-170.562881
2051,311.789185,-1716.932495
1495,61.233505,-1452.371948
2553,-85.359573,-694.853882
2599,-770.793722,721.086104
5788,-768.154053,-338.285004
4661,853.508606,1048.396973
126,792.162170,-492.802063
4378,337.591827,1452.531006
553,692.014221,533.518921
5043,375.178375,1015.066528
830,-786.867432,666.795715
6163,-871.105896,1145.778931
4085,-590.983084,237.479345
1953,83.068672,1329.948730
2588,480.768250,-740.096252
2774,480.768250,-740.096252
471,320.106110,851.561035
4608,81.454140,-1094.733154
2951,443.421112,491.629120
5925,422.628448,279.706238
1514,-996.344238,-904.987549
2488,496.226746,171.028885
1987,196.019608,1084.741211
4635,-1214.843140,702.530151
3192,190.946060,-139.839676
644,-1400.052368,622.504333
3462,-1438.008301,-187.816010
3562,1218.702515,-142.714798
6002,-942.626327,-853.737265
928,174.942798,-84.038327
76,-1138.321808,222.459542
1361,166.059241,-107.805236
1608,-1390.016724,-937.835327
5919,13.703330,851.312642
3811,981.515625,-189.548569
3806,1281.393921,122.779678
4968,1202.638916,6.310202
4218,271.194031,814.434265
1066,876.103149,935.200195
2678,-1652.151245,-667.183838
1086,766.381679,169.499509
3733,771.500305,-346.725159
2928,1173.108398,921.261353
305,788.782227,694.065796
1359,342.765961,-12.417435
2825,-141.373352,-1586.659912
1263,-162.446320,-1736.090820
6111,-1040.491699,-940.750122
4414,324.573700,467.494659
2304,-401.649384,-1699.531982
988,-719.981812,1090.909424
2328,-938.274048,-889.681824
4911,-1002.337280,-740.230286
4497,-1091.371509,529.499166
1932,-1172.178711,719.844177
5046,-1159.550781,501.066101
2607,-853.054605,250.749300
5980,-524.056946,1044.875366
3036,-1570.760986,186.405884
5555,113.455253,-1133.616164
2323,139.310913,-1428.572144
878,1113.297729,-1171.391968
1468,-174.892822,742.451050
927,-320.056037,-53.015751
3964,-84.104122,-374.740341
160,19.983307,-1448.212524
261,1028.202869,323.580386
5892,1525.938232,-48.683121
3973,-40.182510,774.020020
2405,64.070854,-1798.484619
4786,-410.365607,280.613270
2273,250.701447,-1752.787109
4058,-25.107277,-1463.614136
3430,1412.969604,-140.268616
566,-332.582855,590.418396
1472,-20.710714,-900.674098
2062,-749.898743,-816.406494
580,-611.510254,-881.579773
5215,-956.232178,-834.734131
679,610.224182,-368.385406
4974,-286.127655,17.808472
4760,-307.855927,-134.072983
2493,-126.076874,404.013336
3275,-160.121567,451.467926
2737,3.620552,556.789795
912,-238.833924,-54.354429
5175,-96.197495,476.165405
5284,-182.428223,376.394073
487,1229.727539,335.899567
5634,-1508.349487,287.452728
4418,-1334.552612,-838.880615
3480,-1155.272949,629.690063
4672,-1190.067749,610.347168
1461,-45.601356,-727.213928
257,-4.410316,-1602.838501
3872,788.775146,627.626709
2196,-59.023346,-1779.083374
5554,-236.212402,116.375702
493,926.131531,979.694885
2851,126.991058,-1633.382324
1174,-681.358398,919.048218
4393,-558.674011,700.065857
2710,-460.503967,1039.105225
6148,420.615358,-387.349991
9,20.207867,747.196594
3721,800.474731,-1157.787720
1889,1359.610840,-203.700455
4322,1216.572998,196.640472
4546,-138.944550,1008.915039
2100,-615.622559,482.361115
4532,-988.561455,-858.717408
6203,-1525.777588,-874.468933
4732,-361.604767,37.843575
3476,-638.811035,562.880676
2738,-660.783813,453.060394
1038,1266.700195,-60.664719
1838,930.693909,-50.963470
2141,-913.287903,558.110718
2784,-690.887214,183.513945
3580,860.948792,1210.321167
3681,-358.648193,13.808311
5359,273.953461,-1349.846558
4362,1032.228225,18.899892
3874,1274.218120,6.394650
5566,1554.649658,57.626381
1548,-1475.698975,-778.187805
3940,-1275.078613,-1144.254028
429,66.509674,-1503.378540
5347,-1101.446289,631.035034
5005,797.397522,535.010559
448,-1379.200562,-29.227112
2164,-152.501816,-1235.794556
4665,-1359.269653,879.705750
3217,1357.923218,527.359375
4283,-832.332458,904.190125
3318,-46.222314,-465.012117
5268,-374.697510,1015.091553
2648,-551.038330,708.875305
5571,-511.007332,723.654119
3513,-564.547668,811.470642
1737,-500.359558,475.544586
6205,-454.505565,671.717657
6039,-608.844807,706.116189
4930,-285.553223,1039.052612
2038,-61.454781,-466.664337
5975,452.403564,-1121.599365
5544,248.318848,-1152.221680
258,-506.497192,-929.985046
2806,492.208017,-205.078623
1580,711.426331,-128.442871
6044,1172.137085,53.270767
4111,505.109924,1412.598389
694,-631.297852,718.412903
263,223.158569,1449.334839
4819,737.103210,-1314.091919
3197,-1262.806274,-923.943726
2790,482.596924,132.206055
3472,504.014221,165.767212
3579,610.498779,131.918716
2398,-242.069824,1260.162476
909,982.403076,-1335.239380
1822,851.958496,-1470.129639
6036,-1249.735596,-661.955261
2276,-1141.736328,387.046570
1701,-965.195862,320.995514
4787,-1091.312378,417.793823
359,-1058.267822,314.139038
5932,-96.034241,-260.339325
5770,-1613.075806,-609.797485
2748,432.301514,155.848587
4062,-1227.576416,-595.139526
2320,-981.624268,410.005981
412,1387.030640,556.266724
4678,1246.101685,836.235718
2428,721.109375,-721.345703
5093,1173.777958,-431.888783
289,40.219469,-218.479542
5404,1259.083862,-1000.518066
102,-224.522400,-1761.262207
4411,-179.821945,-145.476807
778,-297.579224,-328.768921
995,207.226242,-89.647049
4817,24.415318,645.573364
3205,-652.003174,-1624.306030
41,967.150134,-1088.915079
4199,541.523804,-1343.102539
1936,-1612.426880,358.632294
5381,452.034607,70.836517
1350,616.331848,84.510025
337,1498.865479,-464.538269
4549,-1721.836182,-421.794952
5396,20.039669,-509.509399
1242,781.944031,373.770538
5886,-248.100111,-157.268689
1905,538.996033,186.850037
876,836.721008,309.427399
4352,524.530457,153.693817
2993,570.933350,188.495377
387,903.856384,228.620255
2916,587.396973,356.588593
29,768.263147,273.983735
4361,718.868314,294.323473
5652,703.486948,296.195945
3549,1157.332153,-1175.336182
425,889.964233,-1388.279907
4953,1338.116821,86.627182
3231,1300.627563,611.256958
5550,-1527.761841,73.839775
2345,76.597122,502.439331
3925,-577.201879,642.392168
785,1397.865479,-462.958191
4152,957.004089,-1315.888550
647,-853.789307,-85.900581
4961,363.544312,-1289.327393
2171,-245.590728,-599.466712
1833,-82.056145,-1558.798706
2903,529.811831,83.527369
5638,346.042822,-416.263292
2014,1451.507202,21.124748
3689,1049.928345,-51.978104
6187,-68.693770,-1220.010535
6225,549.604942,-851.633827
5705,327.307526,-937.558228
157,-44.757828,536.991150
4981,1543.847534,-213.433411
4426,-1165.105777,269.221779
1836,715.013123,-209.709396
2399,-917.949524,-772.509766
6191,770.464417,223.157150
3731,827.673218,197.136658
1901,84.965118,732.793091
2391,295.739380,791.021545
2330,160.622467,1164.870728
5598,-278.157296,76.851047
2285,119.263687,940.664551
5110,50.717644,774.381653
1097,37.248291,681.365784
1552,146.477722,810.319824
5255,95.160172,862.462524
732,108.319214,820.438721
2315,10.294731,776.865906
4886,1009.229789,-521.343151
3072,962.176980,-581.114725
1597,793.597900,-626.707031
4799,396.653564,-1178.882080
3717,-1422.726196,596.466187
1233,225.883759,-1612.089355
4582,7.256550,-93.939917
3563,-528.467102,349.509003
2757,-120.221893,-1340.841187
5936,703.891050,317.530109
2463,838.139648,-595.434814
6141,214.217199,-1063.111913
5618,789.808228,613.425110
2701,738.075684,993.232605
4065,-55.649216,264.130005
1699,-158.590408,1355.147583
5142,-542.804138,1456.733643
2206,561.105905,847.838448
3024,221.070557,-184.358017
626,641.745117,-417.033112
3500,539.560425,-1272.575928
352,1104.041748,949.344055
1797,1517.632690,221.414963
1840,468.386406,-303.200351
3187,1090.269936,-760.843486
5423,-1512.687622,264.634552
3189,-172.315628,-42.610973
3985,-931.630554,-1575.490356
6120,212.061752,1080.899902
1168,8.947891,477.747101
774,537.509460,-910.640259
1286,-347.707581,258.774780
3196,983.147156,-1189.875977
3597,-172.898232,-14.511914
1667,616.244141,-225.622498
5798,1101.236694,-657.950134
4093,1133.715308,-908.801692
4177,676.126465,-703.960999
4197,1074.721924,-372.453522
3059,738.334473,-625.093872
4956,131.382248,366.904236
5990,270.953125,-989.217163
2580,-637.316128,-11.822363
2628,219.020309,806.298706
4992,1029.468209,-652.231434
4075,902.013431,-459.024813
2940,610.183216,-155.601509
2960,497.283997,-916.233887
2129,1433.743530,-780.040344
2669,1333.773315,-989.617126
748,863.175110,-615.595886
603,-338.534729,-694.428711
1456,-935.853760,-1081.276245
620,-289.785889,180.313232
3796,-141.665374,263.181157
3519,-640.981894,-462.560306
583,358.277222,-556.716553
3629,550.564270,-1595.937256
4652,-1321.189331,-1004.542236
662,1375.073242,658.942749
2499,-549.661987,919.141968
2590,-547.711426,-228.830704
116,1466.267578,-639.745300
6006,183.908340,-1638.051147
4522,-589.197815,-1553.583862
5088,1248.071777,865.855286
4738,-800.371704,705.116943
408,-992.541748,-1335.434814
4267,-500.791565,552.140015
1863,-143.804916,-790.080200
1804,-300.118195,-151.607086
3262,695.393250,-508.677856
4843,-661.922241,-1461.804688
4708,1017.613647,259.186035
3978,443.582001,487.284607
1564,781.225830,212.695953
1992,-1420.697632,-981.677063
402,549.630493,404.039185
3207,214.689407,-387.569916
5785,97.192360,-625.702761
6176,636.266174,-986.941284
1451,1056.040405,-686.278809
2112,1438.303223,569.124329
5202,-888.274670,-916.503978
6112,-1264.831787,-1085.409302
1852,-1110.160278,-1014.871216
5878,-906.193970,-902.437073
4657,-395.230438,-1445.746216
707,-1292.994141,754.184204
5621,798.035156,-430.593811
255,1272.306396,-1041.771240
1176,686.160339,-104.264893
1503,-96.853660,-518.104132
3075,-144.549454,239.939178
4655,212.878708,898.626221
3464,274.368256,991.611145
1275,-115.466965,636.877197
2788,270.862213,1046.802124
1900,213.358368,682.399841
5676,-113.353596,589.345089
708,50.159709,-142.490371
5153,-122.602433,-315.322940
4963,304.259460,896.325195
2012,187.379059,557.928162
3566,-10.636178,-316.130742
234,104.846312,-400.671445
4249,352.476868,706.760681
4234,253.952393,852.914124
2870,309.182831,779.296936
1279,330.116791,974.663208
374,-536.311829,-1409.251465
2255,214.345032,757.143066
1806,1451.917236,297.518494
4268,-593.616882,-578.138611
3741,-1190.509816,-689.246547
2688,883.404602,-1310.997437
242,291.242676,817.881592
2260,1468.249878,-181.665985
4241,393.403320,1099.296265
4959,217.455637,-226.157743
3859,-571.185242,-638.662292
1335,-69.127490,830.555657
1521,-588.353882,-1505.174072
803,1451.920654,-4.876884
5511,7.567776,-1376.167358
4003,-1045.372779,629.741549
3962,-1103.628052,894.551025
5954,189.463779,67.059842
1028,489.026672,71.758827
5995,636.232300,125.131958
5487,-341.608337,-516.927246
2575,752.018311,305.797119
6068,-607.927156,117.928136
4893,-1108.764453,572.394690
3350,734.895935,321.288879
4810,1057.015500,-859.705045
5232,645.966919,-1517.870605
2034,622.487671,-649.351196
245,-784.656006,1094.273315
3698,-1506.148071,506.045532
961,-1689.916260,-357.293427
194,958.631958,-778.831543
2665,-323.772247,782.402588
4474,1400.489746,117.448883
1085,1052.924773,-710.599531
3267,977.320312,-941.859070
4386,790.809326,-903.358459
5982,1133.653931,-797.114197
5052,1113.631104,-882.078003
2684,940.174255,-787.718567
5311,978.062927,-869.028442
3026,514.746277,1162.874023
3987,1117.576782,-896.487976
6188,1078.275818,-675.258749
3010,900.255616,-618.992553
6168,-1076.056825,-536.723629
5272,1029.938455,-640.892407
5596,1024.965982,-567.635720
4473,1103.805542,-763.489258
1651,1174.239868,-1150.763306
12,1147.731445,-818.389893
5067,1007.525421,-788.520313
5721,1076.610748,-741.897103
3582,1034.052492,-638.193684
2995,622.601275,-322.858822
463,1044.118896,-915.887451
6227,1019.946431,-580.157875
1775,-4.745485,-358.714473
5863,1078.303224,-644.976888
3587,1382.013428,503.082520
3881,780.068607,-473.255460
5709,925.162720,-680.951477
2645,1061.119238,-625.642281
5123,1240.533325,-1178.476807
1236,817.749271,-582.603950
536,-1706.764526,-184.432205
5792,1147.054760,-792.622192
5754,846.893066,-574.800598
5354,877.291803,-1110.885345
5729,464.666443,-342.447845
2792,1134.204069,-850.330504
5590,1086.220404,-777.115063
1539,1016.519350,-559.014809
4766,1079.740910,-754.361477
5295,980.826813,-846.588031
6062,1256.347778,-897.397949
5244,1069.356657,-766.930436
900,344.440129,-432.984710
5366,1206.631348,-721.735596
4689,1073.112915,-644.309143
3679,942.078003,-1069.351929
4834,1437.961792,493.189453
5883,-1042.166382,-644.824097
5641,-234.196289,67.886986
4989,556.282410,-236.716064
935,-824.751648,-1558.047119
3780,-211.170639,1236.652954
3980,1130.474495,-850.620143
4850,1009.475624,-591.604577
4401,-1060.486328,-1221.631104
2,1207.536255,287.533051
1722,1248.560913,-1028.358643
6200,-826.664368,-97.234650
1414,-423.270813,152.898453
3758,1307.080933,-409.017822
6046,-1512.331299,678.669800
4690,1006.840698,1099.737549
4063,393.403320,1099.296265
5327,1206.100464,900.046326
1355,-406.244263,351.103668
5656,-552.715393,1460.010010
3875,1451.715210,-582.263977
2666,193.764334,-670.346825
5021,1292.737427,-927.228882
1221,-413.034467,292.530876
2915,1554.649658,57.626381
6015,-242.025010,-1030.945585
1256,683.538330,-992.921692
704,1388.458252,263.697998
217,815.210510,-1469.986450
4192,-529.111694,-1470.380005
3178,-648.391235,656.190247
4642,-708.683960,467.729187
2778,1362.788208,377.794556
3919,1319.206299,-748.225220
200,231.771667,-481.755249
1829,-526.863831,-1029.859619
2159,672.804016,-553.064941
5612,1170.014404,-537.495850
3056,1006.478271,-881.435852
4541,1078.397827,-1236.249756
1949,1129.639160,-850.003540
5518,1046.958252,-637.316040
2039,-612.303101,-944.133972
1362,1084.091797,-514.223755
4252,1543.619019,-152.850967
2931,-728.119810,-120.802912
1382,663.160339,-632.043701
2079,1189.617798,-846.859863
3976,-1113.379517,-546.222656
2872,-553.125000,-1581.626343
4405,1303.781982,688.865784
787,-647.965332,-1363.515381
49,281.669769,-1067.453491
1302,-772.561768,-1421.775024
4116,1116.151123,163.933792
1570,1068.524780,-829.784973
2972,1054.664425,-830.111000
2924,915.174500,-1314.892334
1158,1168.218994,-542.928894
717,934.941833,-819.296204
5613,1414.944702,-897.456116
604,-421.065065,478.666521
5701,242.867870,568.648690
1961,-1068.797363,672.864929
5368,-1047.743286,544.401489
1759,635.324951,346.399353
3630,-876.162484,-918.345272
3155,-691.073120,637.687744
4208,-638.882629,555.516785
1244,-1530.538696,583.751282
1330,959.532288,-150.052719
3113,341.638092,-1602.119385
2893,206.682861,1327.260132
1270,579.913818,388.473602
2081,-308.582367,-1181.290894
2477,-857.508423,-1285.954224
2799,-1171.432983,-665.692932
5372,-522.338989,-962.430603
4539,-413.626678,-818.850830
2191,274.730816,-1049.818716
3873,756.582392,344.786685
1977,-578.255920,-929.875305
2500,-86.278168,229.397315
4803,-357.244222,659.185764
4744,-490.962510,630.115876
479,707.777771,-884.569336
5541,-740.017456,-1174.897339
735,-547.008504,681.802322
1116,-967.608398,899.351013
2902,-682.273438,555.543152
979,-754.015930,-33.220406
3450,811.574951,238.692444
2335,-770.181946,864.304504
2197,-358.006439,-1745.852051
3034,664.696777,1157.225342
2102,503.429993,-1322.822632
4578,-58.181519,-1431.630371
1045,-279.249725,-429.661163
3250,1061.266479,-1295.997803
3793,-91.969574,-40.598309
3395,-961.346313,-817.528076
5394,334.642059,-26.281940
489,767.787354,1245.192383
2226,-141.467010,938.811279
5521,-346.272888,192.850168
3366,-329.922006,-161.007695
3013,1413.903687,-659.242859
3797,-438.941620,1271.648315
1843,318.915985,-1127.569458
730,213.357361,-1399.557007
342,1566.946045,-239.286865
807,633.129883,602.419495
3277,982.884399,987.495117
1311,-179.630247,311.754444
15,911.715027,1003.227966
4333,744.269226,-246.354034
4167,-355.512543,197.457413
933,-1433.917480,-687.031250
3325,-192.149881,804.646965
3618,740.008667,738.030823
3690,542.706226,-283.578433
1156,-239.449760,625.108543
3930,1036.329636,-616.064834
3614,-454.758545,1441.701050
1509,-304.760437,1487.341064
2131,-594.084534,1426.057251
303,-1518.934204,453.773315
5207,637.638733,-1222.819946
4643,-691.942444,605.269531
1783,-1095.610840,571.180298
919,-1514.311768,725.938110
2854,-324.766907,182.351181
5772,-1081.575195,-774.567566
3869,922.290114,435.207007
5674,-1119.102783,881.165100
4653,-1047.698364,799.238525
5795,-1101.892578,764.501099
1379,-445.288330,1231.552002
1204,651.699585,486.927673
1329,-1026.737915,428.322479
4860,716.414246,-850.704895
2882,-238.955750,63.071335
2056,-484.264893,-1378.936279
3935,1067.711182,803.679199
3308,-909.419556,-1439.676880
3253,476.448206,245.878884
780,-882.703186,1039.373901
3605,-537.626831,41.038662
4315,-1145.674072,318.896240
398,-921.676941,115.008408
809,643.533875,305.253906
1533,402.929962,59.700699
1333,650.878967,221.474930
397,-1114.646484,-661.012817
731,-1641.273315,289.565247
5488,-1161.459106,501.152344
5870,-1176.831177,440.667023
5238,-12.234201,819.569470
5447,-999.827915,363.723374
1344,-1006.371625,381.437656
3981,-862.018677,198.919998
4554,-975.315369,403.217133
4247,-358.982941,12.567364
225,378.613301,281.498350
5734,-845.662292,297.582794
4662,-454.531622,205.252589
5113,-867.585388,583.534607
6180,-1510.930420,415.258423
712,-662.164618,-194.443505
5343,-890.100525,414.577301
1265,-1031.036499,397.327240
2402,-936.933653,289.750686
1907,-1061.912231,367.843384
5976,-936.231018,313.326263
1842,-965.527893,397.864471
5392,-1128.633423,443.418671
1469,33.314398,253.051497
3783,-1051.357178,408.796265
6108,-1057.346531,411.174740
2557,-991.473877,724.123962
4816,-1076.333618,313.437439
4015,-215.179199,-678.992004
6005,-1152.212646,493.716064
3920,-126.481339,1283.650269
3320,-969.451233,929.194214
6136,-123.842361,-49.514458
5214,99.314423,-813.680786
3849,29.212372,-810.945862
235,397.624725,-1516.947754
4990,372.383972,-1552.705444
6026,817.825195,-912.877563
3827,943.253540,-1274.457031
4415,-9.923698,1537.320679
388,609.373779,1069.457153
851,-1169.534424,1134.558838
612,219.173538,-1489.926758
3486,-330.079224,-11.728745
2070,557.650269,-1600.442139
5794,-854.124199,618.953086
2961,-540.918762,1163.140747
3495,412.336365,398.068695
5742,-51.405822,411.850973
2782,430.449677,476.785278
3446,317.545227,410.084656
1720,305.645538,300.852325
6082,249.499542,311.204773
3123,508.789124,455.356232
2938,387.082855,360.263702
3707,351.670685,322.409119
2508,-75.073708,-39.121475
3531,385.484467,476.643402
196,304.689362,382.423676
4161,308.217285,272.306274
5857,244.486002,-348.222532
204,1185.637695,-950.082092
4300,562.992432,279.817322
4579,542.016663,303.191711
4223,305.973069,568.194156
4107,55.679260,985.905945
4220,-482.039368,492.756958
2789,508.407641,-509.345825
68,362.120422,550.800842
1443,401.198883,604.587891
499,-225.764565,569.674699
4266,947.433594,-1160.898682
4407,789.290833,-810.506409
3118,-684.561096,1421.801758
3349,-110.577715,-179.921260
1192,-115.055008,-179.245987
680,-1598.944458,247.711609
3148,277.316345,151.748398
4915,307.409302,-60.765076
5196,-1313.470337,405.408173
4777,594.196777,364.296143
344,730.361145,586.343689
3848,555.104916,266.188767
5053,-454.758545,1441.701050
2749,224.769592,543.862915
4189,375.939514,581.729980
6224,316.942963,786.590149
5096,210.261169,443.208160
274,279.193093,431.392913
3950,342.959778,660.423279
3619,314.539001,464.884125
5825,224.728943,485.277527
962,282.162384,517.868835
2511,442.909912,644.176941
632,144.836258,281.911652
3432,463.826782,835.825012
2412,222.936859,389.951324
1079,308.577118,602.378174
2941,93.548645,442.926758
3790,-629.675415,1183.392700
2689,701.170288,1099.312378
874,212.914001,418.301666
1501,-1205.309692,-937.016907
4705,13.327271,1161.108398
2525,86.969322,949.312744
1668,1060.854492,-202.929886
2919,1585.547119,-240.378418
695,-1040.026733,-910.798401
1229,890.259399,1154.848145
690,1360.492676,20.898750
1053,1452.809082,316.459778
4540,1543.801514,38.384811
3459,1493.842529,210.910446
1209,1440.727173,37.840237
4106,878.337646,-235.660751
3652,1540.721313,107.575203
4034,958.670837,1044.649902
505,841.238464,-1018.322876
6040,521.827454,195.346100
3105,-366.820831,-540.186096
373,-1718.143555,-243.715637
2207,-868.664124,-677.749939
3380,1223.057861,-787.829285
2243,-1572.244629,-202.395813
4726,-213.821106,1172.134277
2312,-38.176529,1449.858398
1637,-850.214600,-814.531677
277,-1031.562866,-973.047424
2404,358.633881,-207.250809
6167,-989.018311,-1412.352661
3279,-712.175232,1387.240112
2222,-114.327456,-253.949859
736,583.740967,-831.607849
4584,25.502712,-952.125122
4676,565.628418,309.314972
2461,811.537292,234.380203
2543,764.153870,242.412018
2368,683.869690,269.904510
2097,844.733521,320.805267
4373,763.875427,255.472198
2387,696.569946,210.532928
2798,-148.840836,-1749.420044
997,787.734436,254.507050
2544,-1.590145,-1381.424683
3646,-1054.037708,-639.570704
149,628.983944,190.897833
4079,856.280106,-806.292683
2485,-789.841858,-319.478973
5467,-175.824203,-1728.202393
1679,-944.275818,-802.580383
2301,-913.124023,-877.794983
646,-999.796875,-866.698486
858,-1039.808336,-863.000423
5321,-987.704673,-869.673473
2353,-1125.296021,-855.009583
4560,-963.721985,-909.582153
5094,-1123.228638,1118.697266
1596,-1382.915283,-322.295013
2143,360.608337,-1641.696899
2209,1259.083862,-1000.518066
3236,1225.188110,-533.846375
5089,-201.842723,-1028.989805
1757,766.381679,169.499509
2063,1084.872925,-1168.919189
2397,-153.918747,1370.766357
5918,-13.260086,1182.602051
4270,1.630090,1018.768291
5948,-57.608253,1134.595459
5270,4.333409,-225.114582
5998,1.608925,-178.012863
1683,749.940918,556.925659
213,742.431946,431.145142
1378,330.766849,57.675154
2479,-1647.073364,79.468185
1293,1206.631348,-721.735596
1708,-836.788086,-1167.617554
3264,268.598480,-812.213379
579,919.980469,-751.752869
1662,739.550476,-545.660583
3002,287.993896,-1737.257935
2167,-826.184998,-913.232483
3049,-148.045517,-1642.153076
1810,20.238213,-1008.162415
810,-624.281189,-25.004147
2965,383.512361,607.546215
3708,-1391.718750,-945.902954
292,-611.046875,1070.822021
649,1428.063721,476.821655
1741,631.730249,385.809557
5300,143.174044,144.201390
146,508.407641,-509.345825
5604,1334.419067,-51.960770
4354,1211.856445,877.875000
2602,50.651894,-981.589172
4506,562.298645,-1590.623169
546,-101.844025,-1162.627441
4124,1254.258179,830.867126
665,-235.498840,987.845581
5784,1326.374756,649.026062
3803,454.884308,-736.897156
3201,-624.281189,-25.004147
167,-978.093567,-1176.634766
6034,-1351.194824,-1074.031738
3687,562.809753,-1516.796509
792,-89.171890,-1697.822266
6010,-756.158020,-928.210388
2813,-923.255920,-1152.996094
5626,-892.603088,-1153.937378
6025,-957.390381,-1245.470215
5959,-851.076355,-1082.014771
2772,-980.702914,1024.614811
545,-851.017761,-1126.572388
5756,-1089.509155,1012.383057
272,170.669617,766.594543
847,609.214050,236.757935
2831,322.635011,101.765808
5987,188.719925,-962.164612
1226,-44.486755,789.765198
5070,81.451050,930.489380
453,8.244751,738.353760
4505,134.293457,-1633.495239
6047,829.250305,-1256.354614
4127,-307.031342,1518.082031
3288,-1316.218018,858.134583
5462,-618.857117,-1381.977051
3843,-346.002472,980.186829
3265,-384.256608,402.328547
2089,796.452637,1285.725952
6182,1319.163330,-351.863983
1284,1262.094971,-25.001698
1803,951.981079,-93.248016
4432,375.178375,1015.066528
55,757.656738,-741.474854
2290,798.496948,1222.086670
4168,348.946472,-1127.121704
4053,-723.777527,1059.265991
4944,-1007.866829,-861.810997
37,-978.930115,1210.484253
1403,-182.754578,-486.806244
594,749.646301,-1068.968872
3968,-1647.357056,-251.315430
5753,-418.885590,-1470.053711
13,759.757996,1148.589966
1763,-990.505615,-1544.100830
3425,542.615967,1263.916626
3584,-74.710121,-1542.856445
5930,609.496765,192.525314
3245,519.327332,94.174988
967,413.360291,763.988037
3369,-789.841858,-319.478973
687,-720.940369,-1072.979492
1458,515.554626,-1125.294434
4397,-983.349129,-940.393711
4737,-119.272781,-351.582055
4194,-1081.749007,-1002.364588
3879,-1261.293579,-401.701782
4967,-1069.012233,-885.969090
5486,-975.987462,-823.051929
1138,-967.710754,-763.769409
5493,-1023.532186,-770.414050
333,-334.369019,82.692337
570,546.508850,-1582.470337
1649,1144.102783,-671.773010
100,1480.466797,-689.026123
5409,795.579773,-553.582581
4949,1059.283203,-904.022156
1587,1060.302124,-514.026672
5490,1063.244507,-558.489929
655,1555.825317,-396.549927
6117,1118.804530,-705.950348
2812,1099.298706,-694.418579
4096,1409.625366,558.498718
5903,416.978127,97.730099
2519,1000.955811,-387.749817
2327,1019.351103,-571.787384
2278,995.459715,-482.224467
4639,-2.553432,-970.422180
4091,838.373313,-552.852774
2563,66.606804,-1069.724121
2731,-3.323380,-871.078064
283,48.756195,-972.277222
3855,83.226501,-1037.492065
5691,-48.596370,-1059.551418
3885,-26.069256,-1498.939941
1271,181.207153,-1020.597534
2595,49.590500,-919.007629
1899,-639.912109,-206.030548
1163,114.332260,-1102.848999
607,-203.611465,-743.922852
3195,1022.182861,815.184875
2462,416.309753,-1609.230469
1531,-179.947784,-822.670105
5116,126.908478,-1079.205688
3937,1160.720093,970.246521
4353,-566.538707,588.859151
4209,-794.045410,958.349487
1577,838.373313,-552.852774
5872,61.835732,-953.108521
2472,145.319290,-1070.104370
826,172.897278,-947.945618
4542,138.561508,-1166.266235
4348,42.612228,-941.856262
2253,-639.981628,-1091.326660
3908,991.018555,-23.116280
5821,-523.254211,-289.890747
2266,-1571.682739,-259.474945
713,-161.963867,404.082658
543,-922.154968,-199.408371
367,-569.699219,-969.343567
5992,-366.661102,-789.435791
1844,-642.719116,-884.810303
317,-1037.532104,-962.815125
1113,-495.110294,-813.448625
4993,-579.582092,-21.356190
956,-671.693909,-1192.976807
1774,-914.095215,-1113.791138
5050,1445.600586,-330.899384
1513,1211.569265,-382.335104
2829,959.691040,-505.189148
2194,1214.356689,-343.955658
4084,548.912964,1211.861328
5911,544.085510,-1342.284180
5961,417.464050,126.644882
216,-312.019432,-331.780271
3374,-113.301605,1174.034302
2437,-234.796326,1414.173096
639,1116.151123,163.933792
3328,-1254.068604,302.267090
4020,-170.455124,-81.139000
745,-1612.350830,-4.408661
4831,1196.260620,231.429459
5013,161.962769,1287.742676
3966,857.499878,1194.488037
5369,-1083.401367,277.031250
1527,-151.027053,159.142162
3609,-136.301651,190.097153
3996,151.532822,-648.586914
110,-69.363245,-596.725244
3983,913.059326,885.072144
3428,1064.220703,-59.571037
4872,-422.618683,1365.243896
2418,-461.562103,-1616.606812
4527,372.038483,1356.847534
5358,-697.875916,501.714417
5616,-873.172607,-632.938049
2185,-367.204803,-957.763123
297,158.350021,-1537.145508
1420,760.285306,-537.408476
3281,506.783081,941.840637
976,689.541321,1325.871460
578,-653.279053,-1509.916138
3644,-595.278198,885.538635
4683,-783.452881,-1160.720215
86,-889.340210,-1031.877563
1117,-868.513367,-1033.329956
666,-863.088501,-971.459839
1812,-852.754761,-1352.399780
2088,-172.359894,-1315.878174
223,1060.909058,645.875854
236,875.471008,-1382.497192
1094,-976.524292,-520.044495
2819,-1616.463013,253.418243
4832,1315.349609,-722.509460
615,692.918640,1284.096680
3291,57.435692,-323.146942
4614,-493.270508,-261.997650
6070,-962.664795,1012.906860
3020,939.724182,1152.566895
4460,1004.541016,1116.390381
5874,-890.542603,-713.101318
4900,-594.776672,750.372986
6027,449.370178,955.382263
2381,765.136658,-1339.373413
4313,-532.659363,-877.330261
1541,-1414.692139,-1052.569092
3268,-454.531622,205.252589
4875,-394.316329,20.781713
1216,-1006.591797,-984.527893
38,-1052.902466,-916.249695
1016,153.140442,1231.561768
5603,-916.421939,-788.052980
1691,85.926933,-1711.507690
4007,670.538391,-1355.800415
440,-108.995667,-401.846741
4681,707.574585,1180.622070
266,-93.390718,-290.832669
70,414.799127,-846.607693
2451,-618.303277,295.898023
21,-468.369293,186.190079
4552,390.917206,-1673.612427
5049,-204.004288,-1552.675049
143,1252.227905,845.468994
2424,92.336731,1159.215698
318,320.551697,1210.452148
2138,463.423096,-535.604919
3319,-632.519104,251.843079
2626,90.294144,-99.612144
3170,748.861328,351.497925
4395,612.126160,361.250336
4888,777.431152,367.665588
3497,873.119324,413.373383
2797,822.640076,395.461853
2833,723.544067,349.072113
4912,783.021790,418.032318
6172,-1674.982788,-170.562881
2113,-585.722654,1006.331205
2795,-1555.509766,7.290260
1491,-1158.757262,336.962394
5774,-1141.162453,588.283450
4363,358.350907,371.557838
6001,-493.884926,3.943883
5499,-718.053282,313.542436
5455,-721.599743,421.430157
1947,-816.266789,311.633456
6018,-925.721554,795.830939
5083,-968.504433,320.296002
5036,729.886365,316.807970
4848,776.590393,324.160950
1684,727.826599,288.744385
3112,-972.156128,24.741379
1289,-1125.964966,115.051819
2425,301.793732,607.216248
169,1067.115112,-292.682922
329,235.463501,578.933533
4142,-876.303040,1175.136963
435,-408.359536,492.436777
3825,-714.804738,477.482990
6086,-935.015564,790.147522
6088,-265.215416,261.664756
1884,-620.577454,515.824280
3761,-445.811017,532.948355
5766,-412.359629,707.033668
5532,-620.577454,515.824280
2760,-1355.229980,-809.021240
1447,896.670288,546.234985
1410,368.123413,1438.145020
5138,1022.817566,-479.544353
2768,1256.996216,-779.076172
2317,177.601578,-1147.639282
3006,-373.981659,1089.227905
518,40.042652,462.020761
477,1074.894043,312.754669
4281,1023.005981,405.431091
376,-1573.949707,-717.497192
3048,-1540.983154,657.255615
1544,702.046692,-343.491333
2316,-320.325043,-1067.801392
5818,1330.104492,-422.662750
5279,576.091244,424.793952
1033,-94.488477,-446.233765
6222,-9.790161,-1170.150024
4055,889.964233,-1388.279907
560,1414.944702,-897.456116
5172,433.043916,-456.782548
3928,311.632935,-559.432617
3941,332.594535,-407.153841
4233,426.699310,-571.359558
2393,538.079895,-512.668701
5496,439.034882,-526.080383
3715,382.114838,-474.448120
2241,493.186707,-529.981018
3101,-208.239777,-433.677551
1549,455.355743,-467.600494
4017,399.091309,-509.315369
3835,407.066772,-531.899170
2431,-132.332489,-194.587418
672,427.730957,-491.342529
3496,655.355591,340.302765
1215,809.366089,377.243103
3461,-344.521149,-1002.758911
749,-854.423828,-1567.658325
3552,-815.157593,1366.493774
3014,-1326.331177,388.998535
917,-330.249573,-1604.407349
3166,-371.662628,1452.751099
576,351.760654,-575.673176
2898,-1062.124512,1067.232422
4494,-690.956492,64.741791
3909,-555.484375,665.957153
3241,-365.855499,365.569702
5275,-181.502274,223.901306
3599,-479.720337,744.474304
4622,-437.951721,727.317383
5632,-707.307373,1259.747803
5154,-450.665924,596.689148
821,-557.435913,707.301025
5924,-217.144958,401.892487
5267,-427.790619,542.954529
4568,-599.492188,566.169983
1307,-487.676025,588.667419
3581,-568.108276,699.761414
1612,-595.658630,717.850037
1243,-444.718445,343.175293
4698,-530.205872,445.908081
1239,-540.733765,407.228027
2664,-493.049561,635.739441
4969,-580.050464,579.123512
6202,-669.501953,707.723450
2147,-622.260315,505.510559
2662,-528.565651,662.440993
5576,-510.343567,689.072632
288,-626.780762,682.429871
4940,-642.643982,688.107178
3762,-397.502441,458.762024
6069,359.940613,-814.503967
3114,-678.063293,627.694763
798,822.700195,1218.838989
3649,-1694.275757,225.676529
2348,1587.374634,-160.667068
1839,-288.813336,218.131927
4312,-1240.616455,647.914490
220,1151.540771,879.955078
5552,-580.615662,304.880493
2475,-356.435028,-1604.640259
6024,1017.501221,-617.099792
4323,-512.808044,-1699.049438
2300,789.952576,399.266327
238,649.200012,522.027588
2681,-1705.929199,-469.603302
1462,987.255249,-181.178177
1798,7.161781,1515.086304
3498,-754.508911,874.968750
2333,-561.583578,596.688939
841,-447.961487,786.213501
5708,689.331726,1343.238892
4232,447.843018,1218.946655
3598,414.799127,-846.607693
4235,1183.889404,705.510681
2527,-160.961884,1334.607056
2409,853.438293,-196.515060
2945,-968.801453,-786.313660
5422,453.808258,-1614.915283
1971,469.684326,1244.955688
5835,-604.165405,1374.243774
1050,977.128540,-730.927185
2810,570.929932,-1347.288940
3578,27.180370,850.802489
3057,-198.003571,869.044495
5397,498.904480,1292.773315
5074,1.625893,1234.530029
5716,375.847839,-223.768539
2808,-192.149881,804.646965
5692,-11.450371,-1301.011597
5940,-1020.807007,-1442.165039
4487,-1460.658203,599.527283
4038,-473.528839,795.300415
2208,-869.673889,371.249969
872,1106.249023,-1070.248047
5811,271.412048,-532.536621
2608,543.731018,-486.876770
1285,382.883423,-499.510437
3403,-525.165833,-1682.025879
5647,356.388502,-201.277041
3628,66.673271,-275.655609
1021,-1647.763428,336.863800
347,810.946655,1239.335327
4719,1252.481323,779.328674
744,-930.316284,322.502533
573,-596.917668,437.462855
4588,1507.238159,382.294250
2025,1001.500732,-1310.195312
5281,-621.751160,-316.019897
2187,961.722839,-499.540466
4924,1397.865479,-462.958191
5211,838.551661,-336.038940
5885,1102.863525,-691.261414
2997,1067.490967,-581.851746
1213,1139.363159,-882.583313
4158,393.403320,1099.296265
6160,708.569702,400.841949
2180,-1289.962036,-329.873230
2787,-879.598938,-1622.095337
859,-862.573242,-1546.128296
4994,995.719914,-582.966741
3284,-492.797241,-1186.260742
4105,-1424.701660,-825.856262
3753,212.122192,1150.253174
3229,-23.257716,-262.936157
863,759.690918,327.494141
4811,740.737793,959.566406
1950,685.219299,1031.107910
6226,1188.762329,-7.106298
51,774.988098,341.531586
582,840.701843,317.454468
530,-1189.640747,1050.500732
2321,1429.703247,94.829460
5922,278.814392,737.140076
4346,-461.150604,-1392.233032
1290,-144.001740,94.986786
5862,878.126099,327.372742
127,847.997925,360.148376
5061,810.283386,233.224991
5605,528.312910,465.504812
2325,619.147751,389.610574
4752,847.789124,340.616608
4957,931.894836,361.515747
3172,903.798279,415.667480
5599,1321.623657,59.632759
5540,1064.327148,681.796021
3854,624.110596,122.905853
2161,-46.294983,1078.755615
4841,-1559.692505,-91.146286
2713,815.087769,262.954468
4375,784.408325,-1358.993042
1251,-569.200195,-235.994064
6156,431.467005,352.152808
112,1433.987305,-97.693336
4097,227.495719,-68.667264
5454,-194.063614,639.938416
4735,-1176.746460,-404.164001
4431,-1040.621216,-446.610779
4736,92.679131,567.103455
2466,-451.548035,931.208008
1228,-43.651242,-1129.008280
733,884.709473,1005.369507
1118,294.006104,-84.083008
3094,957.365967,-1235.461670
1543,-1106.994873,-564.983398
1709,1161.696655,-971.773621
1039,1045.321167,-744.942871
4776,790.943665,-1020.168213
214,54.114594,1526.987061
69,-454.531622,205.252589
52,-1056.930660,602.443627
4424,-1249.768921,-1134.538940
426,-1717.225342,48.868111
971,8.039791,-1348.304932
2911,280.334045,1017.121948
1306,1520.239746,274.680695
2248,240.499634,-1346.313843
1046,-1648.542725,109.519348
1417,766.381679,169.499509
5213,564.922791,-1488.589355
779,318.157990,-1717.562378
1126,-1281.100220,1017.811279
5009,-589.790283,541.627991
4825,-412.776113,248.420358
316,-364.269958,-998.363770
3746,-636.353882,804.495728
4958,-157.901306,419.295197
2744,-1292.588745,-157.372284
2040,572.408081,-1571.972046
1121,1070.728760,667.762695
3787,-728.523865,1201.434937
3025,-996.212158,277.153320
2955,-1292.833252,90.982460
4795,-1238.740723,-960.802856
5796,-1004.948547,-847.107519
2615,-1057.537080,-816.698153
906,-1019.364990,-556.510559
3437,-1127.538940,-564.606628
3918,-97.552948,696.486511
2610,-1192.505615,419.525421
3146,669.484314,272.886230
385,804.071289,326.036530
4057,1126.104004,440.088837
860,694.382910,298.989821
1298,735.183197,287.083503
103,726.713745,212.053467
4955,842.518188,347.645996
2265,704.014465,251.381683
4839,-1226.228516,-1280.165039
5192,-983.991172,-861.533000
2568,330.359253,-1554.423096
2600,1541.069824,-180.659515
1313,-839.099976,-1264.707275
5547,664.549622,-993.038696
3439,-832.727356,-945.308655
1499,-2.307857,-230.675852
3851,-728.575623,-1151.255615
718,-546.439261,223.377095
5428,-1162.763184,-596.794250
3744,160.622467,1164.870728
4350,464.363861,-1561.213379
2225,-898.557971,-952.600010
1816,-1253.661377,-1351.181763
4767,-446.451599,-825.116943
3913,-665.866089,-976.782471
394,226.221344,1417.769165
1,-1103.941406,138.319031
5602,439.948181,1119.528442
1926,930.710259,-386.228152
2177,-1149.455566,-566.353516
3298,779.579102,1096.890015
1563,-1535.604248,365.197510
3620,-930.705078,-1329.338623
1419,1566.776367,-275.102264
2094,-990.163574,-1164.204956
3116,-158.471878,-1512.902710
2044,1157.641637,-565.087331
1732,-900.659119,-1053.671387
4356,-891.329590,-1305.461182
1972,-953.123352,-1200.118286
2611,-973.475037,-1281.861084
5177,-1048.302002,1021.839233
2390,-824.774780,821.646057
4284,1055.429443,-541.392578
1217,-868.991760,706.819336
1165,-860.317078,328.792816
1717,-1089.471191,-222.397507
5504,-1180.563599,1092.816650
1473,-940.033875,-1469.227905
654,64.313980,-1015.242065
2523,1136.414673,-848.005859
445,-541.998474,-1711.691650
908,114.957947,-1275.164551
4988,-292.196320,-588.347656
334,-852.829895,-1066.821533
734,-1041.944365,374.764306
2528,-1092.127319,445.766327
2403,928.853577,-1435.088623
1721,391.982544,368.632355
5633,569.125427,-1181.581909
4480,663.125980,-484.497238
5075,-196.251114,993.858887
737,535.562260,359.520290
5527,568.934387,410.509491
5198,1057.077026,-753.823303
6183,832.307495,449.769714
5383,-583.512799,257.791106
911,-241.533997,-1432.007812
5778,-288.706390,16.176277
3794,82.036980,371.249969
94,25.901684,970.465759
2219,18.944328,822.120422
4239,278.122284,427.462982
2567,423.854095,384.473175
2866,469.012756,460.641388
1837,-298.564026,404.186951
5908,1106.858154,446.862976
4061,-741.558777,-876.092346
6,-834.444580,-731.082092
3257,-130.303874,-296.895086
5188,1044.118896,-915.887451
3838,258.650513,-1692.782104
4144,-1070.361115,613.534711
3956,-877.405090,-1031.831107
5448,-796.801157,-1018.560487
3711,-953.042358,-1171.430298
4586,-950.181396,-871.456848
2481,-1003.486816,-871.245911
1498,-100.619751,995.087158
993,-993.085205,846.656311
2223,-811.402832,713.578430
4906,-975.732727,741.543213
1642,-696.121704,451.474213
3336,-1042.814819,798.160950
3537,-931.063121,371.689124
4559,-34.922285,747.609461
4157,-37.547088,752.266039
5978,-46.197500,746.654903
1090,-231.050507,808.024475
3912,-115.388564,669.084507
5574,-145.303909,1217.652832
1672,-239.255005,562.197510
3850,62.576851,1372.875488
660,-642.673828,740.769714
2545,-612.667480,618.565857
1297,-543.264526,365.554596
3998,-838.200832,693.410613
5888,-858.086887,682.296233
6077,-16.077354,-238.618835
5463,-876.362548,393.798743
5044,-719.038208,503.464172
5319,-1629.299683,-398.580963
2355,-703.143250,692.294128
2450,-623.819092,439.982056
6215,27.654404,1039.080566
3895,234.030945,-1703.190430
5789,-1054.144897,381.742065
3055,-1067.931152,379.044708
1698,-669.384338,-45.867615
5836,-1166.331787,707.088745
3963,-633.005371,316.454956
5525,-1169.779907,995.765259
4379,-710.716736,-1571.519165
4577,-1080.876335,85.877842
2200,-613.619202,-652.353333
3045,-947.749023,-9.441238
5489,-1143.808838,89.100380
5285,-490.962510,630.115876
2464,-1007.128174,307.349213
4611,-996.212158,277.153320
2122,-930.039165,137.503271
4139,-1076.993717,198.434020
1023,-1093.604488,187.467342
4146,420.029327,1443.401367
2927,-995.945679,-5.431757
1830,-723.662842,-84.494919
3243,-984.486061,597.521412
3891,-1309.262939,5.919222
6155,693.101746,1000.112854
3836,-1125.432495,85.122498
3282,-160.759476,-314.340819
670,-119.830460,-10.598766
4960,-1202.755493,142.205475
2198,-1141.881592,-10.357410
452,-1393.002075,-79.255928
972,-1081.874146,94.231941
4225,-1518.934204,453.773315
2742,-1094.983887,5.147421
3692,-1416.557129,311.795166
4812,-929.359009,-92.486519
1160,-996.745483,259.095001
4570,-1047.093750,-105.765327
1212,-1000.197066,257.740221
4775,-1168.759766,171.033295
1867,-668.519592,468.746613
3676,-1442.802979,87.156410
5169,-881.763000,1249.577881
1764,-992.770996,947.717346
3766,-1143.808838,89.100380
1412,-1101.761418,113.559012
5500,-1348.089844,836.242432
990,-270.098996,-112.700062
4790,-1076.996948,144.346680
1958,-993.593262,111.787476
2150,-1325.830444,66.928940
4837,-1026.246460,39.585709
2880,-1201.002930,82.008148
90,-446.120977,704.508602
3907,62.371644,-48.276644
6003,-154.535294,19.627048
932,-625.542542,-56.238876
1360,194.509613,-1480.135620
3788,1392.948242,399.689911
2815,-525.686340,-691.615051
1224,-302.521576,993.959412
3607,-1248.871582,113.091141
3062,-1464.890869,288.446716
1592,965.533325,-735.407593
4119,-1180.157593,38.811836
1183,-1148.049438,-37.380196
4485,101.773804,1413.953735
3712,-978.762424,66.195650
5477,-1417.856934,673.069580
4230,-841.246582,136.203979
1000,-1156.502319,64.394989
5231,464.666443,-342.447845
432,201.801697,-244.989624
4282,423.884918,-341.603790
3795,440.010406,-315.535217
1569,461.137939,-232.812363
3363,1450.316284,-229.924240
4596,346.165894,-508.415894
2352,321.898021,-352.333381
3357,475.133057,-446.473724
1578,419.479156,-396.948486
1982,458.958923,-432.812683
5325,379.977264,-418.342285
5508,434.424487,-348.026410
3435,430.221450,-415.856895
938,-112.528107,1053.912476
905,-589.447998,631.931030
5945,1047.370160,-694.055707
3039,-755.018677,-72.497322
1711,-818.103149,507.089050
1671,-960.660645,1082.698486
3554,982.798523,-300.793213
2077,-999.646240,-57.901230
5713,1357.052002,-943.902039
1519,-1219.493408,76.633263
3370,-1081.023926,188.811539
844,-1337.878784,197.179474
5363,-1436.852905,382.987061
564,-1199.131470,215.191742
2901,-1125.639771,449.869171
1188,-986.459961,193.650604
951,-1127.782227,563.969604
5688,-999.763916,422.424927
1303,-1027.276001,278.450806
913,-1124.675851,473.057055
2897,-1192.552294,171.954561
2035,-1251.547363,260.730743
2359,-1288.607422,274.022339
627,-1353.963623,110.272552
4113,-1370.314087,137.642197
4656,-1032.221669,304.527909
883,-1233.515869,121.495880
5577,-1212.165771,145.739883
2656,-1180.229004,139.545181
5104,-1205.237427,210.010773
5806,-1483.670898,131.529068
1485,-843.959028,813.172872
6158,-1189.053134,174.431085
2516,-1119.460205,161.310684
5059,-3.346994,79.718073
5629,-1367.704468,94.679314
524,-876.271057,-56.721603
4326,-1234.979858,210.887756
991,172.653030,1164.340088
4263,-1028.083130,-175.672165
4538,-1457.830933,186.591797
3695,616.336895,-321.841795
1962,1167.089233,620.786621
2309,-490.962510,630.115876
1817,-1377.598511,99.009995
5432,887.840332,-1239.060547
2457,-73.990936,436.089294
5686,-1399.745483,167.287292
3393,-1185.359131,198.656723
3122,-1307.199097,202.604950
4382,-1424.506104,144.612091
5187,-1186.696332,207.101634
834,-1167.148926,104.607597
3812,-1279.959839,91.924889
145,-1126.355647,191.085906
57,-1291.835815,236.919434
5395,-1376.527466,30.896896
3408,-1034.180658,119.715660
2380,-1040.567139,654.027405
945,-1305.043823,194.844727
3544,-1355.979858,133.155579
5823,-1278.699463,210.272842
4869,-55.862778,-468.135956
497,439.356995,-297.949036
3946,504.555054,-452.884216
60,430.226715,-526.168457
1728,434.100952,-409.015778
1639,461.166168,-388.840240
3931,433.888217,-438.599771
4870,415.848268,-429.522125
152,504.155640,-511.859436
1120,340.962738,-480.335236
3147,329.986206,-363.474182
760,-1522.039551,-611.926636
882,1115.653076,59.300323
4649,1257.154297,256.264191
3548,1113.631104,-882.078003
1880,1090.195923,-720.758362
6154,-558.590332,1299.771851
5365,1022.636494,-532.853246
2506,612.753662,401.417694
5506,-1192.681871,500.261028
3484,-773.049255,221.638657
1904,-794.656921,1215.577637
2732,-581.473999,1329.959106
3149,-975.534546,1088.060913
5364,-346.002472,980.186829
4447,-835.703344,840.014846
5289,-681.358398,919.048218
3128,-1063.118164,500.823914
5384,-1007.850830,542.733215
2860,-1017.906250,497.085144
5077,-1155.613770,466.101013
3651,-1053.418877,430.313718
3577,-419.763733,-39.101070
4025,-926.659363,656.241455
1966,-1031.471069,748.805542
141,-1179.763672,809.417236
1536,-1034.179199,626.049927
5242,-986.471045,597.510732
4451,-1304.925293,605.314087
3768,-1051.992434,530.936204
2487,-1129.808228,441.534454
5023,-1177.963379,699.881592
5689,-1076.996948,144.346680
5697,-926.719788,231.282288
6023,-1160.847534,759.021179
2994,-367.372711,200.853745
5315,-1477.238037,-1084.384155
3522,888.431946,-1296.632568
504,1365.052246,353.342529
3296,-1527.133667,434.793610
3553,-633.997253,372.473999
4206,-860.317078,328.792816
2347,232.484558,1294.195435
773,147.225050,192.353991
2875,-319.109406,883.887756
1169,-4.212097,1159.834106
3945,-397.489685,1258.407837
1476,117.584991,1155.702393
74,192.353119,1087.512085
218,72.483261,1106.091675
5657,-429.450043,499.581116
1773,140.070010,-323.643828
571,1494.948975,260.726105
1957,591.065035,-459.101449
1582,1077.539307,-862.790344
6072,744.904202,-341.464625
5356,1064.052160,-674.271436
2375,99.787598,-574.723083
3442,1060.609009,-721.736633
3399,-278.273394,241.590972
2948,-193.985825,-996.686829
3330,-275.645477,-717.328674
1602,4.075653,-905.221619
336,-1721.913574,-131.136597
5986,1270.717407,564.755920
6206,-1506.258911,115.021317
3487,-1534.402954,21.614700
2118,966.015625,-507.287903
3965,-179.266739,1176.790894
3678,-1438.742065,106.658058
1027,-1692.604370,-58.461128
2085,-1666.498169,-52.279465
1887,1304.455811,-899.405762
5812,-326.454865,-1351.783691
4502,1130.413696,-227.520111
2144,-123.701477,749.371948
4722,545.532471,57.745956
3999,1518.805542,143.016663
1677,723.557373,139.779846
5741,-1163.209473,-807.578430
3536,-49.973091,970.716187
5502,258.438698,-453.828754
1416,119.338242,-0.020599
2702,961.732056,299.516937
5533,-1209.590942,-167.234955
5064,-992.150391,-588.693054
743,-1290.425537,902.831787
1973,-353.313965,-540.254028
3030,-642.868774,-807.158997
2796,-577.315369,-842.697510
1062,-166.061890,1085.434448
3434,-201.803314,1297.891235
5937,-256.487549,708.627075
996,67.574760,529.481445
1530,-634.017746,-856.539074
5304,-948.115601,-763.069458
4453,-554.981506,525.382812
5178,872.441406,381.893036
4174,1026.938843,-435.503967
3235,-158.815373,-310.756146
3186,1.211761,-319.388336
2067,923.411194,-1275.331421
2837,133.414139,-317.329010
4826,500.084122,-414.452497
3156,518.301819,-486.003601
563,124.362396,-1757.256104
3506,731.205200,-1443.541260
3586,498.904480,1292.773315
91,-140.267593,1118.331909
3997,-37.362235,-134.186451
181,-131.189728,895.855103
4917,-496.728516,1083.842041
3561,610.457397,1367.542358
1583,-189.086014,886.167847
2229,702.903564,1328.553101
3686,707.238586,1320.442993
2238,-573.526428,1445.676636
1653,359.445475,382.449446
2350,-77.395317,-976.468933
3315,1195.457886,758.244019
82,-682.135071,-1580.591553
4749,-210.340057,-1288.485962
5669,649.836304,-947.752686
377,-166.135651,-1353.382935
3821,542.370422,112.189163
2258,613.447449,143.087036
2573,559.191895,80.061256
5828,520.575806,-1351.109985
1273,-1058.847412,-869.647888
4419,459.792053,-498.147949
3550,518.507856,151.998013
772,851.668274,-1131.023438
3590,1100.436890,-660.771851
914,-69.689301,-101.369537
4030,1042.943237,-1284.774780
1170,154.249863,39.601585
1661,-337.875153,1199.177490
2494,-814.667419,-55.609192
5739,209.151367,-1250.033447
3668,-263.034515,1410.720093
2964,1212.557495,-281.308655
4335,119.290192,1491.377808
3333,-350.756866,-116.120590
2817,-204.773788,1272.206421
1796,-244.971985,-448.641052
3716,880.783264,-1284.200195
1347,1439.735352,-392.331940
386,1208.727783,90.595016
4574,1383.036499,-338.737640
3007,1469.129150,201.880798
232,-858.791504,607.047791
638,-71.920113,-1354.658569
2962,-1332.688721,312.034882
405,-49.264885,582.575256
2905,11.650295,184.876129
219,-158.334564,1147.210693
6013,339.810279,-1142.381913
4763,-565.291809,-1204.826660
4095,-639.111084,-974.521545
1277,-1135.513428,-762.092529
1871,-391.816864,829.400574
1124,-572.155884,202.810150
2967,195.572128,-1169.005493
3406,1215.879028,479.732666
56,-611.314697,-940.118652
3517,-1147.745483,-981.547119
5007,-1064.433716,-531.197449
2151,-1035.308228,-480.900696
2447,-723.938049,-875.137939
2440,-899.829224,-558.833374
755,-1143.261475,-190.720505
3853,-999.456177,-346.109375
2821,-1011.192505,-384.776276
4009,-1033.767226,-467.156616
193,-1085.271484,-443.809113
4516,-1416.035278,-903.976746
4904,-518.177673,-694.509827
482,-1138.176758,-626.769714
3833,-1045.060913,-507.477356
763,-1086.663208,-560.856384
3732,-1188.744385,-523.224304
4503,-351.621948,-1051.535522
1129,-566.573975,-1407.243042
3404,-1302.590454,-643.415161
1656,-1495.424561,-704.996887
3792,-1375.798950,-616.511719
1421,-729.698547,-847.102234
3027,-533.941650,-1015.866943
2934,-194.012421,-398.990448
2160,-1017.860229,-1068.278198
1155,-531.010193,-1099.058594
5417,-717.430115,-885.578796
1195,-808.727905,-884.319641
1989,-926.804077,-806.617249
4297,-362.640472,-1454.206421
4991,-945.894226,-978.529297
1433,-783.981437,-737.566539
5424,-1521.880859,-705.441406
1470,-1078.222290,-989.590942
2917,-543.909851,-1052.247925
1526,-548.055359,-940.440735
2326,-531.127319,-1068.428345
400,-1187.376099,-497.180176
1439,-1693.904785,5.190168
5528,325.657108,-1144.994316
777,-45.601356,-727.213928
1641,362.867157,-294.149078
3234,-1090.702637,-467.924866
5156,391.740957,-561.724234
1364,-568.108276,699.761414
2775,927.383179,-294.331909
4564,-1567.386230,74.848755
4717,-1290.285034,-18.543278
1323,-1688.556885,274.431091
5200,-251.231201,1328.902222
468,211.277924,969.404297
5662,-23.971519,894.963379
5298,1191.734497,-1064.881348
2166,803.827942,-1442.745239
5695,-448.425720,-467.820099
4986,-1038.135620,-1458.494751
1489,829.250305,-1256.354614
5771,-319.462036,543.519043
3108,780.959534,-1378.380615
3047,1019.887207,72.398849
771,1290.046387,506.918457
642,673.061951,1326.588867
3659,1118.049316,-1213.310059
308,-1112.437866,-504.905396
326,-1270.656250,-92.789818
1123,161.563156,1234.197998
5900,-56.174408,1098.021362
1627,155.919052,1103.573853
1888,26.034111,-1784.584351
5649,605.634033,353.971069
230,621.447693,529.685974
3755,572.304367,399.996871
1493,-269.238708,-459.213379
3545,-1119.162720,-637.097778
621,-285.218353,719.259583
4544,-52.614380,998.881653
4287,-351.102722,1223.536255
4580,-92.294617,1012.127563
5247,-130.495529,-1188.955200
2936,865.801514,-96.489563
2344,293.055298,-600.392700
633,-713.615417,-942.788940
5627,-488.046387,-916.552246
443,31.664028,205.827332
3725,1415.261841,69.039742
3830,-166.010513,1513.691284
1371,1167.579834,101.784409
4646,453.492950,-19.657173
3103,-1187.965454,174.335037
1818,20.284435,-1570.220581
4700,-62.832486,-282.820750
2802,857.748779,1222.711304
421,92.227936,-139.839453
6054,562.397095,-399.526489
2136,1147.678467,-38.633377
1800,-164.720795,738.338440
5868,765.372559,879.711609
1077,-89.190727,1204.636719
5952,180.786316,1340.817261
4092,438.141089,-446.576030
2939,851.238647,1150.074829
2058,1470.548340,-617.210327
4018,-797.296753,-313.702148
1629,-937.934204,-651.013916
5184,462.291595,-1061.336060
1988,1476.370728,251.099884
3742,513.962524,487.642517
1159,-1674.364868,-283.747498
1727,602.689880,-1356.822632
4891,616.717651,-1144.795776
4928,-669.781372,394.820862
476,520.876709,-1407.573242
4761,51.743484,-795.553406
3993,-754.218018,-541.387695
379,144.873779,-310.589447
3518,964.216431,-83.372849
2389,-114.474533,-1721.071899
5119,-703.754822,-1039.891968
2873,-761.989868,-864.183105
4479,-782.818546,-826.948378
5411,142.230972,-256.427521
4155,689.728210,390.836090
273,733.670410,413.056885
3084,-889.340210,-1031.877563
4495,77.279639,-144.242886
1150,549.093811,125.089462
320,-347.474823,-33.374209
4163,957.365967,-1235.461670
819,531.867126,-7.434809
4677,-178.067291,-358.915863
2307,363.961540,-119.565429
2504,299.820007,452.609711
1261,-1122.977369,125.677928
4212,-528.661316,-1296.015869
4011,-854.609680,-977.487061
2263,-376.023407,683.438782
187,-316.118225,740.427124
129,141.227341,311.253998
2245,391.461670,296.904572
1009,901.665710,658.420044
3317,694.739945,526.285756
5804,698.546082,534.641174
5420,64.675148,509.851501
5607,-991.869873,-526.830872
5507,-634.960520,-74.600918
854,-701.107483,1194.473145
5955,912.129456,342.388336
4907,577.560669,128.021561
3252,578.944885,150.366196
3986,-587.704651,589.005798
2629,576.366821,118.897217
459,614.039124,157.394135
4618,201.084305,656.085144
5012,537.999634,435.274048
3023,272.522827,329.771088
3177,-576.215959,595.838399
5241,-598.330889,606.335571
2288,-604.025891,570.278597
2341,-222.919189,-1252.984619
684,-274.187163,244.552287
4890,-791.056030,-1050.534058
3259,-150.392836,304.575610
1225,-998.909912,1247.715088
4343,-915.083008,-762.848145
4285,-971.615479,-981.331726
6212,585.231873,375.472321
5826,689.758606,425.451050
5160,-571.308973,603.237574
2811,-706.121582,-1216.350098
1114,92.227936,-139.839453
3145,-860.212891,971.735596
2591,679.282532,1231.800293
4243,-503.326599,-715.992554
1052,-567.292575,-653.083298
2106,-1560.575684,-425.189606
28,334.101501,1095.478394
2299,33.358795,-793.204651
3358,318.245263,154.341660
6053,-78.533289,-403.030008
1373,511.312805,-1019.824707
2182,92.267441,1468.836548
1024,-10.082676,1449.292236
3033,-824.268421,-1137.024224
6123,-536.120667,-741.489075
5475,-113.017505,-383.968821
2989,633.433167,-112.892578
5522,-1189.431396,940.221802
458,-963.970093,740.939270
4670,502.751404,1413.833496
5640,-136.143784,-1212.337769
5776,-1384.148438,522.018005
5561,14.975624,686.410034
4802,307.553358,518.549024
846,-423.780945,612.968262
4536,-484.084595,499.388123
2632,-552.361877,649.478943
3413,-1202.615967,546.535278
3955,-459.250214,704.177368
4845,-690.964600,728.849670
4631,-575.846130,573.448425
5875,-783.260986,587.536377
2470,510.189636,-1421.536743
5146,1436.356567,-228.062851
5223,-51.777023,1525.547974
1463,-799.937687,-161.180459
4134,605.079334,-208.920137
949,-1124.542603,738.924866
5186,-110.760468,818.182068
510,483.129815,122.339008
1970,379.971588,1327.885864
1133,-114.750183,-1605.983765
795,-264.171722,-1623.597656
754,-1320.922852,-167.146759
898,1000.558105,-541.270447
5135,1528.332275,336.875366
4437,1368.295044,522.446899
1795,982.541138,-783.565308
312,-753.409485,-1171.761963
4942,-1004.995000,343.092919
5730,-862.018677,198.919998
5557,498.736267,194.478409
1241,493.997375,214.795425
930,397.930176,102.237503
1692,437.848053,182.539001
1103,1305.609375,-374.272095
4521,459.693451,124.454086
6031,473.232483,235.860641
706,661.515625,-19.606575
1522,534.745938,88.035970
2559,-873.952393,-955.012695
4340,-1060.714233,-940.848694
3134,-69.446236,53.821190
842,457.183777,127.896118
2694,648.717346,822.654968
1981,-1348.442749,-30.149117
950,-1627.060547,-188.772644
378,-1292.628906,-505.522400
1676,-914.633301,1022.603149
4602,-1034.308960,-764.667236
4531,-891.172398,325.030615
291,-101.005958,-1170.744048
3932,-1647.701782,13.053932
120,-1004.149170,1185.904907
5680,172.653030,1164.340088
1164,698.719604,-262.822388
5314,1250.471313,816.560059
6195,715.918030,1090.307373
4248,870.929269,-1413.834881
5387,195.735153,-1679.753174
1184,838.959656,-583.181946
2120,234.042786,1497.272949
4164,1138.945801,-976.342224
2635,601.167786,1104.226196
3278,-624.281189,-25.004147
134,552.657654,-1466.729858
4778,1393.230591,167.135284
3003,1224.777954,761.468811
5609,422.664948,1058.342163
2546,-327.884338,1481.194824
393,-570.208130,713.730713
3018,-941.439087,1253.020020
5374,-840.278831,747.273122
3115,-1119.460205,161.310684
4668,-45.601356,-727.213928
3829,339.447845,-1732.038696
915,520.696777,1160.060791
1660,-1671.687744,197.452606
4231,301.818359,-1637.231079
3159,134.293457,-1633.495239
2505,358.723785,-1686.029663
4637,-223.800579,-1017.531845
3846,716.177917,163.697464
215,780.764038,609.923645
1945,-150.809830,-234.928986
5410,-693.873779,-1641.449219
2881,210.465332,1445.951050
5864,-7.754440,628.558167
3392,151.446303,1034.081224
5209,147.485657,1042.396606
5837,-819.963745,1228.230103
442,-28.870602,943.950562
791,-55.998451,464.651825
3570,150.473099,996.090820
5438,87.445720,848.330931
1857,150.238464,-415.015228
2003,1254.080078,539.799072
3705,419.393982,-896.004517
4054,830.651733,1165.448364
2533,662.575256,-1594.735718
4238,378.794678,-331.831970
4946,161.797485,314.376862
1968,-643.687805,-1032.024414
5208,-1.535540,-980.483494
4757,4.367252,1389.716431
6032,573.670227,797.455078
757,-231.919678,-1258.011963
3763,137.762268,-545.811768
617,-981.506226,347.334656
5461,-148.589218,-836.168152
5586,-1527.007690,386.412323
42,-482.192688,1091.502441
4743,640.915710,322.253876
3419,173.469666,1397.713745
4624,-631.904053,-955.441711
2984,-586.290283,-941.280151
3091,-12.137013,-230.712971
2853,-1264.907104,-1323.163574
3809,-124.700974,-1482.014893
5492,145.480309,-102.027920
3341,1190.765991,909.206604
5951,126.129120,-1224.333374
3324,468.520782,-66.541206
2019,628.886475,-1054.929199
1688,-20.593288,-1104.310425
3160,-1011.586060,341.626526
4441,-292.535431,-1142.349121
4260,615.246399,1291.554443
3957,514.463867,701.673340
179,306.423584,1321.845215
3342,294.496429,1031.750000
1504,194.184708,843.737244
1967,-672.947815,73.838768
625,1122.486572,811.672241
2761,147.707077,1123.515259
5722,147.707077,1123.515259
4033,334.101501,1095.478394
1374,-590.832947,-1234.981323
3038,-710.996826,-1371.747192
4088,103.496811,1351.705322
205,-19.892376,-780.099304
3269,-732.056763,-791.015564
1938,72.181786,801.757507
1339,-97.937744,716.413086
2066,1530.410378,-25.693425
1234,-1262.806274,-923.943726
643,-240.663391,-875.686829
1986,-640.744019,-1441.805908
3499,1466.162354,171.189392
2009,-921.758789,-873.530334
5121,-1754.119751,-100.188087
5895,-689.251526,-1162.815796
1996,-291.667389,-471.542877
2621,-965.214270,-235.191228
3097,868.407715,-1480.481934
3490,1564.650635,-192.817154
295,913.612061,344.045044
3622,579.131653,-1482.588867
4818,-974.676819,-1296.842529
2128,856.838013,-1453.330566
1193,532.759338,-1507.332397
2671,-1560.530762,92.856499
6022,451.315277,-1136.540283
1802,376.014435,-26.467968
348,-1080.938599,-850.469238
436,-1041.777222,-935.478943
2366,-1388.504150,-965.395203
2214,412.860748,34.062923
148,434.040833,40.360348
2906,442.808350,95.189110
4148,691.533752,-42.142311
1719,457.216797,53.817543
3791,382.913940,6.273531
5367,401.612640,122.991425
2641,428.048767,127.337524
1341,373.694366,34.185787
808,-848.377747,1071.750488
1186,79.328308,951.327637
4478,22.761494,951.121094
2178,189.498184,1002.769897
4897,97.521545,612.778564
2859,-751.227781,577.975197
537,-1482.724365,511.371582
4793,-552.902527,-71.659401
3632,-928.596611,339.285212
2534,375.178375,1015.066528
1072,-817.619873,-997.163025
2043,-312.394318,1534.169189
5029,79.220055,-1076.729248
2322,-722.518799,-680.574890
4347,534.096313,993.735168
3422,-38.668274,406.238983
3697,1239.053467,-995.367065
203,1029.196667,-645.396935
2076,-120.407990,565.170044
3694,-1056.443245,-593.545902
741,242.730316,1484.508789
1332,-1067.748102,-577.749791
1702,-998.041992,-646.891235
1678,176.723495,863.550110
4454,278.814392,737.140076
3394,126.010651,1023.591797
4964,484.681030,-1411.913574
3871,-283.419037,1204.391602
2601,-819.963745,1228.230103
4074,-217.716339,1053.815430
4153,-571.290771,122.143967
3840,-636.794617,-559.662292
5149,150.771240,1519.834595
5274,150.771240,1519.834595
3883,-395.427612,-835.935852
372,93.828247,-453.287628
5929,-468.798676,-1572.135376
5299,524.322449,-137.985138
3223,-673.420715,676.038513
3673,-1132.639282,-390.018372
2252,-1109.671143,-824.918579
1127,461.454651,1397.440796
3662,128.917908,775.214050
5243,752.947721,-428.078614
5941,1157.641637,-565.087331
3203,949.852417,-1296.920410
3067,-1003.019775,874.907654
5710,-412.481018,469.999084
3542,-637.414124,587.113281
1675,1092.591553,-836.672485
3460,1078.053223,-1069.449097
509,-49.250790,-834.323410
4439,-861.102539,-26.939220
4360,1100.994385,-1160.360352
2308,-1066.262085,-624.139404
3168,-1126.570190,-1319.463257
3720,-565.473267,916.533264
856,485.511536,921.786133
2132,-1204.549683,186.388641
1149,40.042652,462.020761
4936,125.857208,678.802917
1735,342.018555,642.412292
910,204.814948,723.422273
756,244.966915,755.793698
1937,162.451691,614.473999
2532,242.583893,772.746033
3066,154.419403,537.028992
5235,147.297165,838.624084
351,216.834869,720.447876
2612,280.246796,847.028137
4687,398.459473,790.194397
47,298.918152,799.186707
1299,-41.885754,1047.349565
135,196.221268,823.461121
5022,75.204391,874.910400
1946,428.827576,702.268066
1408,319.940125,682.884216
4396,84.395020,12.092373
4581,231.806976,486.851410
5783,131.070038,791.973267
2277,59.174995,-19.834877
3381,344.014496,847.575195
22,254.260590,812.077637
1317,836.823425,345.676086
401,310.425079,497.054016
857,-651.193237,1246.643921
1673,833.954895,231.551544
3183,-388.492340,1514.040283
520,51.644258,-779.104208
4999,-171.261129,132.836832
2071,134.293457,-1633.495239
648,-62.602722,-499.786804
163,1210.318726,47.755478
1707,-630.707703,-212.848404
3329,-523.388367,1459.457764
3594,1033.756226,-53.986320
3083,-338.453181,184.643686
674,-286.210266,1487.508667
4492,-404.995270,1161.441040
983,1245.776123,-757.246155
3841,374.407851,-1087.857421
4716,-302.915009,-654.452393
183,-390.426361,-547.421387
1726,-3.477118,-1315.014598
2571,274.730816,-1049.818716
2858,97.192360,-625.702761
814,1423.315796,-622.730408
2654,-754.965179,-788.029868
1208,-1193.991981,-1310.419048
3009,357.596313,-577.685913
2878,-508.799622,179.010971
5935,-1145.052124,-154.599731
1826,-1552.245239,-174.217468
5068,1507.815674,-449.320587
5726,1513.858398,-573.290344
2047,1091.369263,972.416992
1063,-1219.225464,1082.322144
1779,-958.175964,-1337.906128
3493,-152.792068,-1108.647461
4286,-251.026031,343.999939
441,-615.051819,2.111156
1175,1132.465088,-380.279327
4703,483.602295,-430.969818
4566,543.252014,103.264450
4293,616.472778,-282.433746
5435,143.978775,1446.420776
5476,707.870122,-1405.599038
5985,-218.887214,1087.672991
2115,29.802750,814.607605
877,221.440195,-540.147189
4934,337.491089,339.131073
5234,107.117096,1222.141968
5587,-922.466125,1022.524658
3423,-986.282043,174.079041
699,174.918121,1131.989868
4627,320.535792,272.297700
3696,501.190796,-1623.745850
3022,-405.721405,633.296448
500,-240.270477,145.004608
17,-533.805908,595.063721
4727,-71.948692,343.144012
890,-533.234070,425.241760
5664,-146.519043,1404.785034
5706,59.983223,887.651001
1614,70.173851,-585.415466
240,130.037506,-1752.531250
2918,-591.091187,659.542175
5707,368.123413,1438.145020
1179,-13.177904,-310.436257
355,996.974854,523.758057
1381,177.523041,1455.756470
2515,739.301941,1274.839722
2179,846.521912,-1408.194458
2892,1174.615967,302.328339
2156,-319.144470,845.625916
2762,-538.953430,-1451.471436
4926,232.484558,1294.195435
1466,508.483643,990.982056
2862,1161.628540,-1215.429443
3901,375.178375,1015.066528
6028,-19.000225,1235.818970
2117,-15.470627,599.581299
1078,-320.480194,1383.236084
5080,-1492.373413,256.320770
4938,-831.072123,147.756509
4638,368.800735,105.465888
2658,388.156342,174.959351
403,-1005.765560,553.094385
2480,-1116.422725,694.490563
389,-979.548157,405.375641
1442,-1406.250488,607.456726
2495,-1164.092561,-254.641840
5702,-1502.943848,-236.003540
5003,-1140.720570,728.398253
2073,620.172841,11.302455
1609,-522.314697,42.505341
5261,-791.335999,212.182571
551,-1006.459717,188.691513
6042,1050.617432,972.403564
2594,311.390137,676.763000
6075,854.177429,-776.420105
1248,569.063843,251.088013
4908,-1542.935425,-927.835876
3693,341.397614,281.438171
5201,578.358032,-263.922333
1969,519.987122,-500.835083
2807,854.177429,-776.420105
6124,-490.962510,630.115876
2340,448.659943,922.420471
3011,-1061.421021,-610.028137
3071,1370.464355,-48.034187
4654,-1571.168701,-206.701126
4178,1008.059814,33.787868
2121,232.484558,1294.195435
4768,43.569458,-1372.189575
1413,-8.859360,-1148.378296
1345,-1076.781780,-556.207383
5239,-1040.675659,-678.193604
2714,1364.348999,-59.651741
1664,1488.981934,414.976562
1983,-429.853577,-1529.900635
5051,-1131.579346,278.480286
2549,390.628289,1235.165844
4080,629.943542,-174.558823
5033,-269.897064,-1205.765137
2383,584.720764,-1117.588257
290,-94.592377,1414.319946
3738,325.460144,736.552063
3926,733.699280,178.571121
2324,1002.134766,925.419922
3870,311.232788,-1052.485107
4138,1281.102051,-960.781372
6035,-1350.561523,-426.953186
4977,1137.959523,-468.945201
173,901.119141,1010.176514
5889,-380.719759,280.865970
6021,751.914062,-658.129761
3210,174.942798,-84.038327
1980,1027.603149,-1015.611694
2292,-1226.933838,138.799484
5745,641.881803,561.408476
5329,609.055534,332.570344
1831,-585.368103,-898.651245
3171,-591.402710,-785.082947
5510,-1127.445557,-1391.828735
3596,-1432.544312,820.662109
424,249.246735,1446.664062
999,1445.387573,483.039124
2007,275.463867,-1631.342529
1377,-1444.104248,782.037598
395,-635.370789,740.726135
3225,-532.191238,-958.213915
3332,-502.300955,-936.663931
3226,1406.911621,-799.914368
1851,-527.766152,-236.857907
1356,-1061.434814,984.590393
1860,1356.327515,299.027039
4070,1478.614380,-377.819427
2577,1281.618408,-867.467651
4128,193.734495,-403.744602
5950,1535.525024,31.278152
2952,954.877899,-598.024153
3847,-993.631348,-1130.909424
1635,-796.590271,-750.124268
498,337.578434,-135.315802
4898,-124.273392,-1469.605225
5441,334.978777,849.273607
5139,-1131.579346,278.480286
2256,1489.480225,453.484436
5800,742.184387,1292.370239
3939,1443.460083,-513.293396
5335,-936.678345,498.518414
5339,936.029236,-14.114960
3899,-1522.296997,-827.100525
4721,-1756.951904,-221.770218
1846,554.220642,820.180420
4332,956.716248,904.483582
523,235.423096,-748.265015
850,271.458649,-1631.462158
307,-1363.041748,-217.666290
881,900.869629,724.470642
475,-1018.768921,-669.698914
892,-1077.605347,-572.190979
1002,-1044.310791,-583.964478
3533,-795.166443,921.230530
611,-527.040222,1292.403320
1534,-715.660339,-704.112122
968,-837.428650,-868.371521
2900,-1064.467285,-591.886536
2736,-1715.810059,-215.179184
4625,-1718.712158,219.264771
370,409.525940,252.852295
2721,1229.301392,-1054.161621
3258,-504.985962,-244.457733
4518,-466.694336,-752.723511
5132,-530.496277,-742.981079
1388,-644.778564,-769.890015
1574,-1325.446411,752.998291
1322,247.088531,350.762085
6221,-330.646601,385.256062
5290,-1085.557983,680.617065
6151,-729.207336,995.054932
6020,97.990470,-341.197303
586,-1048.302002,1021.839233
2712,674.173218,-814.318054
2364,550.918945,8.001549
4607,244.337921,115.555695
2146,-976.531128,931.716370
2203,1090.269936,-760.843486
3051,243.294067,-1440.665771
4342,-518.020752,-1243.495117
1099,402.241211,-1624.889038
5644,-12.148762,-956.837425
3789,782.731628,886.284790
3141,-530.350220,-1473.450684
595,-1601.692627,-560.209412
1640,-639.259949,-155.738037
1862,1562.791260,-338.916962
5317,-980.043963,296.351053
4697,-79.298615,-652.706055
574,1490.037842,-5.270166
4715,168.446060,-1427.175171
5642,531.734615,-99.603634
4471,585.143982,1030.036377
4019,-1249.700806,-1234.240479
1315,521.701416,-391.424896
3314,179.008774,-1458.922485
5548,-187.048096,-1083.935913
382,-1106.138672,-1242.731689
5305,1100.722046,957.986389
1296,391.294708,419.382416
1106,-808.179678,-851.634370
4569,293.588470,-1561.630371
3099,14.709221,-779.894775
4496,-19.868698,-1497.578613
3194,-487.389526,-1121.051025
260,-1303.310181,-543.316956
3310,-1478.360596,614.183105
3886,188.441422,-560.868591
2680,399.507202,1102.298584
960,-151.778824,959.391296
2406,-707.396729,-228.699875
651,461.339783,-803.040527
1879,-876.162484,-918.345272
3606,-1231.687134,-298.739319
1738,-19.892376,-780.099304
1049,361.507141,-433.180511
4056,-311.546598,1023.989719
5904,-847.720032,1352.544678
3852,999.125366,1006.018311
5736,719.571777,-745.122253
4457,-11.103161,-636.085876
880,-166.988815,-1660.585449
2973,-1219.695190,-532.421448
5386,462.291595,-1061.336060
727,420.615358,-387.349991
1030,-1562.390015,18.359612
281,715.617859,-1209.146484
2753,-464.227509,-413.828339
3655,-1472.921021,781.653259
1267,-1544.104070,282.230576
5810,652.438843,-1549.743042
4002,157.644516,-1422.532104
2417,490.536011,493.296021
4945,788.793213,1070.210571
2006,-164.908142,1218.247925
1919,-1538.368164,-47.687523
3302,514.683289,-482.076141
853,-626.013247,-222.856888
4510,1437.705444,-769.018616
3110,-1120.833496,878.743591
5259,753.254206,-432.192693
1018,494.574646,-303.409515
111,-632.714355,1410.718872
4324,-402.385406,1495.600342
929,1348.517700,357.372345
35,-198.849731,-284.812256
3938,-137.834244,-313.222687
2382,-937.934204,-651.013916
198,-770.464111,574.964355
5418,-777.227112,54.564926
2899,1382.424316,-541.150818
2468,232.484558,1294.195435
341,-875.510463,255.674432
5111,-46.534065,-1518.202881
4801,-687.650391,270.768707
4292,289.102783,-1247.321045
1747,-616.918884,736.857239
4525,-1532.348511,-967.246948
117,-504.123291,-434.897614
5625,-1033.698120,-554.405090
4740,1489.766968,-339.775696
4914,-1165.488403,-1248.403076
5237,-869.303833,402.851959
3050,-1065.709913,642.270608
3311,-931.591370,584.137207
2944,-867.680908,1248.191895
5442,-619.326172,1217.854248
5048,444.917023,1424.309692
2747,-638.436035,1198.035767
125,361.426514,-856.711426
438,-952.504700,1091.562866
1876,-1081.775513,380.005890
6050,-1432.628784,866.485901
5024,-1014.081851,743.004986
5905,-461.326447,696.868164
3631,-677.557495,432.397949
4887,-988.837524,639.883850
2958,-1201.882202,737.077271
5997,-1047.668701,674.155396
4851,-1035.029943,577.274090
5514,-930.377563,633.867554
4691,-1215.371948,916.089355
3575,-1461.752197,-701.764648
1054,-252.165496,-463.665914
3820,964.398682,-205.480698
676,-740.578430,923.548462
3888,276.167480,-684.036011
3338,-876.162484,-918.345272
1998,-1183.967285,-741.338379
1087,-620.116394,-759.585388
3528,-912.145203,-653.067627
3364,-841.024170,-560.658081
2846,-1025.236450,-935.999512
3974,286.947693,-450.614532
924,-1048.828979,1122.885132
3021,-51.051437,-1465.612183
3431,-1623.707153,450.026733
2840,839.819336,-1420.720947
2793,669.910706,-1492.228882
656,-880.410095,1075.370239
5081,-1638.665039,-277.160889
2257,-909.419556,-1439.676880
1444,-799.497314,1233.360718
3060,53.446075,419.903412
2357,1169.836914,891.480713
5060,1118.253662,597.299561
759,886.282227,890.148682
4842,510.932068,62.897072
2356,496.820923,1400.909180
4978,-1432.439575,-690.730896
4519,-1345.363159,-544.612122
3044,-1438.555900,-593.804614
390,-1415.193848,-548.867615
797,-1599.427734,-453.168030
5718,-1309.099421,-630.600973
1110,-1505.591553,-589.953064
6213,-1568.463501,-523.448425
2384,-1424.148438,-484.723846
4390,-1520.365601,-373.884216
6150,-1201.710378,-387.808538
2433,-1302.132935,-575.123474
1259,-1532.755005,-537.814758
729,-406.761200,-1092.102173
353,-1462.181763,239.053772
904,-1088.647356,-465.729764
5313,-1122.236816,-636.893677
4973,-932.130775,-869.933022
5814,-1031.361572,-1088.574951
4594,-1284.803711,-861.950989
2771,-941.084717,-1128.224243
514,-393.533508,-634.184143
4337,-873.375000,-1269.686646
3515,-797.786194,-1213.967529
2670,-771.672791,-992.511597
550,-869.493774,-1207.910522
5457,-1129.674316,-698.896362
1276,-1057.369507,-713.593384
2045,-1144.823853,-1091.864746
3798,-1174.226318,-718.797485
5450,-792.831848,-1156.681274
1178,-1092.150146,-692.285828
4172,-1057.071411,-1055.649658
5446,-877.007690,-262.760193
5071,-1102.129395,-707.758911
5593,-910.505920,-1196.705200
2232,-977.223755,-547.624390
5637,-1080.713697,-632.493057
528,-1052.784371,-704.535132
4909,-1074.564899,-615.733314
4641,-1204.309082,-661.796631
1620,-1086.686051,-617.513948
2153,-114.647413,-260.266554
4558,-1199.402222,-817.931152
3466,-544.901917,-763.408447
794,-929.113098,1223.786987
162,-1156.938477,-608.301697
4123,84.078002,-1133.426141
2189,-114.647413,-260.266554
6125,-714.946045,-1469.235107
788,60.034706,755.190186
3958,-24.228439,775.317749
5738,-714.946045,-1469.235107
885,-1058.616821,-850.379395
2445,-1101.995605,-896.333862
3474,-1158.327026,-822.386536
4444,-982.041552,-335.394327
2953,-618.473399,-858.689196
5623,-616.682312,-1006.757568
1572,-10.357388,-1019.852905
5538,-1074.110903,-546.840900
5390,-1154.261108,-492.597290
2426,-1062.828125,-563.155701
2823,437.879639,1133.618530
5877,-1538.554077,-983.375488
2172,-1010.260498,-832.191345
884,-949.689819,-913.111816
2373,902.213562,841.596619
871,-965.391052,846.007874
5956,436.143632,212.468172
5600,687.709229,365.789398
1482,-427.925063,-454.534698
4798,856.280106,-806.292683
268,-591.621765,-1539.541992
4280,405.180116,213.622728
3441,-419.603607,1270.114624
5020,37.260178,-1613.630371
2075,1375.610229,350.592590
4147,-5.037292,1432.114868
1556,-610.331726,1412.183228
4227,756.639832,295.012085
4345,-799.937687,-161.180459
2295,655.178537,-173.241943
5564,-1323.492920,-1221.475586
2139,1523.297485,318.911743
5551,-416.163300,-222.093872
5617,332.677460,-1044.454956
4472,-1107.071289,-1390.465820
5063,414.509369,-1695.239868
1093,-1068.439087,-930.077942
1618,-185.525742,1000.703796
1292,183.908340,-1638.051147
1115,419.323883,701.091370
2021,-685.310791,1315.531006
224,514.697937,1258.674561
3494,945.596924,-1441.145508
2570,-524.236816,1140.009888
1048,-193.212036,-148.572415
2978,-1299.562256,-1045.519165
3658,1397.051025,-258.677216
1770,-1407.362427,141.805695
327,146.584554,-1231.455120
1811,-356.021165,438.439780
381,377.752716,-1521.417603
5199,-84.407898,-1542.902588
3415,-1.535540,-980.483494
484,960.902710,-1344.476807
2254,1299.892944,726.970520
3826,-696.669373,-1096.274292
4524,-1191.789718,210.432072
4756,-122.366379,-1275.140991
3089,-1075.588501,-916.888123
1750,-354.448914,171.686829
44,876.812134,1002.064819
5001,-943.008045,507.819950
4355,474.718919,1146.889638
1594,1395.355835,-921.333069
3970,-1555.679810,577.583374
3372,639.043518,-1425.065186
3131,-1705.929199,-469.603302
2655,-1545.034302,-310.889740
4042,-356.162445,917.464417
6071,-99.731637,-340.321518
2625,-492.415283,615.820923
313,-283.148193,359.105011
5898,-918.348068,52.144014
3775,-67.366592,-1677.006104
3295,-1716.312866,-133.418579
5650,857.564392,1241.375732
5449,244.486002,-348.222532
1013,560.187439,334.122162
415,546.873352,340.149872
375,375.847839,-223.768539
5197,-32.393647,-70.890235
3414,-369.601013,-332.606018
2763,-82.070206,-615.183533
2869,-1138.547119,-79.292717
384,465.964874,-1200.339844
5283,-1308.182007,-436.293854
4972,1398.896484,-211.782166
2983,-69.190620,-1069.622925
5141,-1456.686768,-256.807770
776,669.847351,-401.916992
1202,1121.754672,-582.099499
3503,-118.728928,-50.138916
2135,495.725673,250.986016
325,440.971222,1433.124390
992,1514.499390,194.890411
4016,-133.619476,-210.794479
2613,-1130.423950,-202.761536
6145,-452.250916,1449.197998
1057,756.638245,-1499.891479
1861,421.757294,-751.531860
875,588.528076,448.815643
2435,-222.191620,1454.324341
2439,-516.535400,-35.610641
5470,-1623.751221,423.812500
4384,-670.109896,29.247827
2105,1465.552856,-37.325874
5881,-1542.040894,616.669556
4565,943.755432,-1319.669800
4797,-640.240845,-1419.342163
800,724.346680,276.866394
5468,-712.221252,1335.752930
3802,-397.582659,102.424338
1809,1024.551758,347.934174
6097,957.901855,1033.674194
5866,1395.100098,-837.701660
3752,-1511.387939,-302.298157
1762,-628.269470,143.208954
5655,-1292.979248,929.042114
1194,-1736.666992,-55.508652
1262,-1622.314575,159.010971
3080,1362.294800,-607.304321
519,1256.840454,-1081.475342
5773,1533.970703,-327.414062
3077,322.635011,101.765808
1931,-539.817261,1131.889648
628,-193.442139,772.630005
4076,-687.650391,270.768707
3669,557.055298,550.856140
1181,-1087.868408,-883.838135
3463,601.880127,-980.298462
106,783.805786,-1422.213745
5248,-1435.364380,-346.197784
1438,-895.338592,83.336083
4927,-1634.866455,228.466415
4132,-190.009781,-293.399902
1685,-734.121765,742.400513
6135,-272.500641,-235.759674
2843,-1126.003784,143.338654
3081,246.556610,960.882568
4465,-40.192139,-483.330902
1218,-672.260254,2.347860
211,1493.665283,35.521420
4785,1408.609863,600.609436
4330,4.477161,-1509.260742
4702,-881.912062,-578.378201
5332,194.926453,-1520.834839
1590,987.344177,-763.303650
1161,-1157.172485,234.977554
5025,836.595825,426.696655
5045,-1471.928467,-628.879639
2725,-1197.605957,-216.572952
1780,306.850677,1442.666504
1868,1259.308472,642.619629
3184,46.267700,-209.971680
4773,-462.216919,126.184906
4259,-1021.372070,802.940796
2818,1112.424316,1035.437500
3591,718.032166,-1544.374023
5028,-1095.042114,-332.286957
2279,1483.061401,322.778412
4682,1368.295044,522.446899
4331,1559.720703,-225.298630
4476,311.232788,-1052.485107
3199,-972.509521,1158.542236
5440,-406.761200,-1092.102173
4319,-1149.766321,410.686838
1731,156.990753,1264.383301
4237,-444.374940,-497.247228
5115,-275.419373,1423.628052
3512,-738.925232,-156.533615
4339,-211.170639,1236.652954
3154,-382.879852,-1745.985229
5670,13.416231,-264.261019
4251,614.119751,333.922363
4612,735.047913,-1549.829468
5782,-1609.345825,-110.042908
4004,941.738403,133.694595
4316,-583.748352,-1300.482544
1258,787.062744,707.640930
1254,89.986015,-1262.290405
1368,-1100.662476,-481.748779
4049,1081.289795,-1288.476318
2719,173.351257,-1640.216187
16,-233.604858,121.554733
3458,-535.365784,-1596.700928
1312,568.077881,829.670410
2465,-702.671597,-124.780855
6230,827.823120,818.161316
2727,-1249.516113,170.353638
5916,18.961761,879.538635
65,275.006409,-1715.499878
5813,132.032196,-626.862305
3702,-778.029907,479.925140
2820,1063.374185,-578.345277
4195,-515.083374,976.014038
3572,-348.179932,1032.554443
1004,-895.069092,704.162476
2374,1032.445190,734.433044
1453,1429.703247,94.829460
6056,-244.169769,-1655.155762
6078,-1011.267700,-1067.989380
2581,-811.299255,-842.632955
3718,1554.790161,-7.183105
5155,-230.800537,830.447449
4512,212.065399,-1435.020630
192,-32.837006,-1432.020386
5328,-756.703491,1146.472778
5887,-708.474657,-135.990514
3767,156.990753,1264.383301
6169,-288.527557,-1495.206909
3505,-1048.539429,-587.838867
5217,-237.502991,-249.623901
980,-1301.342529,797.151978
1903,1252.227905,845.468994
3508,-450.882233,-155.029785
1446,-701.168030,1127.152222
2734,194.084396,1475.269165
2804,1501.485352,-435.239655
6119,-31.177078,-1295.616821
4455,-227.785339,-258.460480
5309,335.637360,1405.038696
5246,-991.374756,-623.749634
5630,-839.969482,-1025.892700
1598,1136.302856,-240.010406
688,-44.993294,-774.954102
3647,-625.775330,-1638.166138
2586,-1441.651245,-162.510391
1104,-798.258423,1375.636475
6133,-8.059799,1283.097290
2937,60.383267,-149.220179
3334,134.293457,-1633.495239
4982,331.024750,-1110.269531
4729,-1201.883667,665.749878
5429,-157.607773,-1541.568726
5909,-890.006897,-855.664429
4821,538.044108,1001.019615
6102,-158.711334,-844.684387
5882,140.203644,-1711.275391
3215,653.423218,1218.629272
4013,-309.265283,165.276225
5725,494.686079,-306.018995
5748,129.768687,395.854822
1906,-310.168182,-368.748505
1070,-321.069305,-1712.693604
815,14.032227,-1235.184692
1358,-1185.232910,765.392761
2536,-785.777375,307.974800
1607,-658.229004,-1420.315552
3299,-1175.100586,808.316345
593,-618.303277,295.898023
4470,-306.788507,152.138818
5222,-1095.042114,-332.286957
2484,1129.977905,1006.511353
1245,183.908340,-1638.051147
5464,1319.415161,239.840454
2239,-920.124451,-1379.884644
1308,-451.582611,-770.731445
2832,-810.760315,-1491.652344
4171,551.404480,-1585.581543
328,843.831543,-902.157715
3992,-381.732056,1293.107178
5421,-1301.856567,868.138916
2072,-1237.553955,717.122864
4224,218.751801,-988.606445
1102,317.338562,1270.349854
4159,1090.838989,-1139.683228
4595,721.634817,-5.059891
6100,-490.962510,630.115876
5210,1060.540405,-232.470398
4861,350.212891,24.019123
5253,1232.394287,-717.040405
2776,520.727661,1117.302368
262,1132.422363,-1055.562256
5124,-905.336643,-105.886018
2605,-929.129761,1210.986572
3595,-1130.571655,-62.159729
6134,-196.251114,993.858887
3082,296.592976,-915.131454
4430,619.967099,-907.450945
3769,-1611.825317,536.346375
4822,-789.741455,882.874817
2535,-1632.906372,-448.600555
3140,-1001.342285,1148.520386
817,222.622000,-99.508000
391,-761.956614,-244.495056
5037,284.927765,-1458.439819
3729,-1391.493042,712.039001
5775,-493.180481,136.675232
4780,-815.399963,-1086.259888
5765,293.300537,-150.320938
3377,1450.930298,134.064514
314,-627.851501,1391.388550
4952,-79.551420,-686.471333
5483,111.554111,194.731282
502,-444.393463,1387.175049
5380,-1723.652832,-32.801617
2844,-1118.753540,-233.961105
1288,508.407641,-509.345825
3834,936.029236,-14.114960
1101,-303.759918,-1001.819885
1436,996.093628,-1073.636475
2922,218.812363,-22.079468
5519,-375.617737,1174.255737
678,-246.728477,-712.400980
3777,-667.173767,-1099.912476
371,-404.750061,1483.890381
1729,-1204.518311,547.204651
1309,1102.440308,-1125.984985
5906,13.177631,1537.371582
1674,1250.726440,-1048.062256
4156,484.521790,-1549.802124
4685,-544.482056,438.208618
5944,-591.640869,687.147156
722,-880.336914,710.619019
569,-609.807861,566.243530
2237,-968.499084,584.063782
2914,328.468832,-402.584706
5653,-119.642502,-1100.741943
3221,-209.012207,127.789825
6093,-77.862671,-1109.961426
762,-838.587524,437.918335
531,-1295.003418,-207.454132
4272,-842.261475,-2.094561
1589,-1507.661987,327.873108
4006,1000.634727,-538.135834
3028,-1565.432373,-185.588226
5170,-1265.453613,-783.267395
5720,-212.415603,-786.566757
3222,-1241.238770,-292.013062
3704,94.047363,-811.089478
2910,-487.620117,243.818817
2884,-1683.798950,-38.803387
5062,-77.862671,-1109.961426
4135,1517.997681,224.582916
5150,1209.686401,-1103.989380
5344,91.935550,-506.282582
4589,1227.269653,599.572632
6129,632.441772,1300.038818
1479,-1325.888134,168.482335
1035,616.906348,-415.293735
5458,-793.529053,-1286.886719
5106,-624.281189,-25.004147
3209,-1263.554077,420.308136
2235,624.347656,-843.595154
4941,348.705703,86.956791
5755,-56.914856,76.064878
2729,-788.097961,-659.930908
2002,-260.246124,121.042313
5690,-345.355255,-1326.828491
340,-1047.601929,-1224.297607
4695,-100.814941,1479.621338
3815,-197.899734,-1163.284912
768,1071.909424,-1164.760132
5336,1517.400757,-143.916138
985,1193.471069,162.158356
4619,1425.718262,198.806671
3989,861.793091,-83.013710
641,-1085.370483,-283.600250
4204,-490.172119,1239.821655
2078,-717.011230,-18.048569
3959,-1007.220703,288.363525
5174,-990.320557,-493.335449
2103,-517.623108,-242.324158
2339,-106.327484,-1393.928589
2233,1412.943970,-717.235596
1349,-982.552124,1252.982666
2531,-817.416321,1355.153687
2643,24.060722,1501.976929
4436,156.990753,1264.383301
2041,-1314.480713,953.958557
2800,-470.183289,-1461.858276
446,-433.622284,-1324.174927
3443,-71.288651,1355.950806
5357,-456.305145,215.325180
2609,1419.923706,389.725311
5183,1549.423340,48.148903
222,457.713654,1424.151123
3309,206.144768,-435.722521
873,-279.011776,380.415331
3861,791.210449,-955.513733
4548,97.772873,-1713.959961
3479,746.650635,-1190.280396
3602,111.003372,1506.381958
5699,906.134616,-466.318518
2408,1087.695801,661.984741
673,-306.913818,207.196365
5679,608.791626,-1318.697144
942,542.492615,-1128.011841
2781,94.900299,932.143433
1032,-881.947876,16.146408
2497,247.649445,1222.071045
4366,122.468689,-1738.398071
5696,-460.924835,1100.002441
5066,-352.889099,-61.614494
3653,565.793274,1312.312622
2362,269.669556,-1001.295044
1022,1281.618408,-867.467651
1084,1350.573120,667.296692
4302,-235.581848,-979.774475
6219,316.386932,-1377.847412
6157,0.077644,1325.736328
4880,-1727.435303,64.821251
3917,781.275085,-1504.558716
4882,957.365967,-1235.461670
3280,-346.891724,872.735596
6059,-170.605814,-67.401355
5388,-689.251526,-1162.815796
4170,1225.645386,871.359436
2274,831.753174,650.835815
5715,-85.952873,-1148.297241
2175,1287.933350,-354.507538
2991,-832.497620,1132.182861
114,1338.326904,353.437622
1891,989.927856,842.386658
2634,-862.879456,1303.694946
2690,-423.179779,286.662872
3887,-516.882019,1426.656128
4965,-1180.264160,-991.928772
5572,-491.560547,872.886841
889,-495.981506,388.549194
170,129.236023,-121.627747
133,788.824646,-92.670006
123,1480.325195,60.978981
4894,457.915955,183.247559
5567,-1358.570557,658.311951
5348,-641.032349,-1436.365601
1850,299.649445,565.894165
485,386.177673,685.822083
5515,1354.887329,-965.422913
3202,256.651611,-1375.596924
6095,-1255.871094,264.692169
4434,977.245056,-726.314941
4829,274.730816,-1049.818716
2530,454.812347,-1165.742065
6104,-1539.211426,-581.516663
2895,-314.273834,-1754.709229
5350,956.716248,904.483582
154,-1149.766321,410.686838
5103,40.042652,462.020761
728,1202.379150,836.413025
4704,541.246094,-741.089233
4762,-1378.407471,603.418396
2181,1435.742676,-731.833130
5360,1290.408203,-807.078857
2555,-1422.519775,-542.789429
5746,-689.861206,-341.473572
3754,-1012.722693,-195.436446
2267,-1543.287476,-21.315556
1260,-1427.178039,38.813063
4567,469.531647,-1309.900146
3483,572.408081,-1571.972046
2622,-1118.044067,-468.746674
414,73.138620,-66.939517
1955,232.529968,-1665.633911
4253,1239.647705,737.880493
3019,894.517090,-1390.373657
5091,-76.036995,-1760.940552
5606,-397.050659,1324.720215
1858,-1588.514038,-564.705750
2830,741.016602,-1524.331299
5805,964.216431,-83.372849
1555,200.623322,-656.844482
4950,-1054.278687,-1401.481201
1518,132.979568,-1770.223267
4647,284.927765,-1458.439819
2305,-834.376587,-986.434875
2080,-1666.246704,327.725403
2925,932.540405,1162.657349
793,-1394.888306,592.981995
664,-1199.298950,733.768799
5573,-94.857941,-1754.243896
1007,1060.609009,-721.736633
5362,-751.227781,577.975197
4707,-260.008575,187.044846
4141,928.927551,-363.379669
4468,841.711182,-663.118896
6186,-627.669925,-61.127673
5685,-1086.363525,1116.853394
3244,-601.456055,946.278870
4481,-1718.146240,-338.040985
4100,-1684.116211,-444.061035
251,-1546.933838,-967.951172
2137,526.715027,-1523.240601
3713,689.611877,-374.719940
2042,-560.397958,226.375416
5893,611.646518,333.565776
806,976.569336,-947.834900
1630,-274.187163,244.552287
165,-1293.779053,208.334778
5942,-973.549072,-440.300873
1441,235.691498,960.181580
3975,-67.160454,-366.718567
5342,769.153625,878.752808
6048,-1645.814331,-278.963684
2060,330.465729,1492.363281
5693,-1261.798828,547.115967
184,-450.882233,-155.029785
1730,-41.641747,-1741.332397
2735,-492.194690,431.258512
3535,-1556.845703,-179.644775
1845,-1327.092041,119.787628
5984,8.405960,230.104019
554,269.413631,-511.159200
2283,53.592201,-266.942719
3864,-1458.861694,767.236877
5219,-450.042053,-1154.843872
5979,-771.606506,-1596.488647
3214,543.932548,-372.484453
4556,-1360.980347,-355.222076
6060,369.764984,1038.012695
5118,970.445862,1018.775513
3863,419.109192,-921.991943
1885,-266.817322,-426.672791
4910,896.218445,1120.906250
4269,1169.566650,-46.650909
1152,-877.188904,-1412.349976
3400,-1494.213227,205.034838
3098,-1558.813354,-511.920776
4442,152.951065,-519.454285
4024,155.016037,-814.103027
824,504.543518,-1642.398926
2509,-530.577026,1429.556274
1232,-1372.206543,827.481567
3547,156.990753,1264.383301
363,1390.326782,-306.151489
577,419.109192,-921.991943
271,933.890320,221.870300
5677,-1121.531982,163.199661
1715,-1196.104492,470.926727
3343,-1525.983276,-960.617371
5491,477.462402,-94.492607
2828,-1526.895020,13.765392
1849,1119.404663,113.675247
4374,-467.789551,1108.361328
5474,409.501373,-1360.978149
6228,1363.487305,-884.322144
4306,293.013580,939.996826
721,-260.098846,1415.566772
6113,-1696.515747,-243.198975
619,-546.439261,223.377095
4200,-421.805267,1495.841553
796,-383.831397,-1416.352431
5419,60.383267,-149.220179
4650,900.791565,-645.901123
4464,274.730816,-1049.818716
4098,376.882599,509.518921
4110,-325.623604,117.381777
1538,833.037842,-460.381561
3348,795.792419,936.321533
2022,1452.898315,-348.007599
5097,-410.668610,120.335663
350,-336.901947,131.457535
6083,-1494.215698,4.556656
946,699.275024,-1442.057007
3004,214.217199,-1063.111913
5791,-1158.897339,364.521088
1881,-546.439261,223.377095
3475,-543.231523,551.107799
3383,-1087.868408,-883.838135
3914,177.523041,1455.756470
3356,442.595397,-264.912837
5073,-543.231523,551.107799
1508,-198.148514,-1665.235840
522,-290.576324,493.553101
4207,1133.847656,600.215515
2596,-968.191467,1091.839966
1401,-1436.027710,648.086792
2008,-402.385406,1495.600342
5682,-402.385406,1495.600342
3161,305.979711,1082.733705
1841,1207.223999,539.840820
5850,-439.617157,-1717.292480
362,451.515991,1444.240601
3779,1095.333618,526.550293
2513,-1073.241577,-1375.420288
3095,366.272075,251.866366
5827,-641.736511,-385.410004
5453,-1201.549683,1076.023071
1206,-677.991943,-1320.094727
4753,886.530640,-1260.879028
2863,-173.280685,-1460.321411
4108,190.423508,-1662.575195
2478,1168.392962,-77.894005
4440,957.662659,-1177.881104
5204,1207.223999,539.840820
3379,134.293457,-1633.495239
3150,-1372.206543,827.481567
6144,-300.585052,978.486145
4185,447.907471,-926.740112
5379,-1376.975708,210.136368
4427,-1080.716309,-1327.631104
5427,1541.435425,93.469528
3053,-161.404432,-902.808922
4513,-272.668915,-1776.065674
3539,-1516.611938,491.934326
3304,1103.262939,-168.029236
4633,96.330307,-1286.919922
182,-389.296204,-1684.531372
1219,-1281.533569,941.074158
3700,87.479439,464.844177
5659,-572.009277,-1719.615601
3438,-1290.423462,-235.291183
588,1116.151123,163.933792
4466,-715.588989,188.704147
4413,-195.045044,-1042.325684
2765,-695.561951,573.051392
4746,995.522352,-36.877603
1944,274.730816,-1049.818716
6179,-848.500610,-1260.628296
801,-986.531189,1203.505981
3677,1169.835571,-1143.890869
2631,-1069.302124,1200.574097
4765,1333.773315,-989.617126
3822,1365.007080,-931.880493
920,2.593446,-437.921440
2700,405.887268,-1483.352051
1478,-345.355255,-1326.828491
954,-267.929906,-329.010107
1752,-376.087860,220.187744
2583,1169.182986,-468.805007
4008,-1419.730469,-283.113342
4047,1603.670288,-172.267349
2619,1565.852905,-40.111603
2334,368.025421,1122.111084
5006,1360.080933,175.602219
3188,-1134.948608,376.887604
845,1472.456665,-722.065186
185,278.269562,-1561.936279
4491,375.847839,-223.768539
3947,-638.436035,1198.035767
4724,208.546030,-286.495421
462,-534.383118,-222.401554
2649,-108.579254,-1758.701782
6126,-376.691833,-275.243805
1666,495.648621,1239.916870
899,232.484558,1294.195435
5425,-490.253540,59.572525
3942,-0.034508,1351.027832
895,760.607056,1008.405273
5803,-978.930115,1210.484253
1787,-651.539490,-511.004578
4528,732.878723,313.695648
5280,-374.480397,665.482068
455,1337.961792,486.547668
423,135.258469,1347.638550
39,502.314724,113.922954
5408,1118.642944,405.615540
1815,1541.093018,-161.527893
987,-168.855990,864.282987
568,631.944763,1136.056885
3411,1480.837280,-508.539062
2685,461.541626,-1556.176758
5479,-517.968506,-1710.796997
4844,988.509399,1022.612915
233,1053.032715,920.135925
4666,-311.489532,-1363.253784
5478,-905.336643,-105.886018
4027,-1007.292480,102.816956
4711,-1323.543335,982.849609
5058,-977.628662,449.322815
5658,293.083496,-1474.962158
4289,475.085571,-1637.195923
5592,-150.392836,304.575610
2430,789.593384,-1309.417114
2486,-111.230741,456.466463
943,317.545227,410.084656
4509,92.227936,-139.839453
4873,-344.920288,-1509.463745
247,1436.326538,275.500641
1951,1247.512573,-208.413727
1071,462.291595,-1061.336060
2125,32.748657,-1383.538086
4520,485.369279,218.640752
2968,-1728.969360,-295.707123
2491,-636.720283,-660.182879
4530,-1527.711914,689.874634
4304,130.247055,-1367.575806
5993,453.492950,-19.657173
50,1377.029541,-249.001404
1781,-978.093567,-1176.634766
4126,605.427612,-1072.055664
3008,-335.020432,61.515277
3142,-348.043213,238.267666
2606,-621.751160,-316.019897
4976,873.886169,1217.956177
5445,122.433121,1496.542847
3237,1495.064209,238.822723
4341,-1414.539917,-365.717468
5361,1234.652100,301.089813
5614,167.430634,-1370.170044
1502,1384.927856,584.458618
1873,1238.454468,-1096.813232
5843,1180.481567,349.754791
1807,-1218.649487,447.690018
4364,-1468.074585,-498.603943
6174,-169.295364,875.953735
1060,682.612488,1096.479370
4754,721.015564,-947.065491
2805,-1334.335571,-27.837963
248,-948.025330,815.556213
1109,837.764404,-1142.608765
3323,-56.405525,-435.543915
963,-344.898285,-1350.168945
2683,-131.471558,-1650.014038
2868,-834.083008,-1409.307861
1354,1030.235352,-1275.681396
4399,-793.286499,-447.427979
1145,-876.670166,-523.612976
3402,-1186.963135,965.293274
5700,-708.386719,1104.928467
820,-1671.784790,-10.792332
3889,1112.025076,-489.922998
4805,-1525.117920,-731.060242
1075,1558.414673,-231.915833
4758,-719.755064,-360.600458
5002,-1336.279419,904.664429
5340,349.555206,1339.761230
3905,-768.662884,-305.462825
587,-706.519592,-1469.174072
6004,818.042175,1114.171875
4932,-27.635529,-1464.907349
4201,408.082031,1306.985352
5728,-1008.264227,-845.649304
3106,-715.417480,-1619.416260
5413,-753.943787,-1458.986938
73,-429.446014,-1232.526367
4179,-79.830933,1338.407104
861,1063.832405,-700.779249
5831,1018.333496,-1059.370483
5732,661.892090,-1561.161865
4486,193.734495,-403.744602
1516,-110.577715,-179.921260
1008,-817.416321,1355.153687
2693,-514.144836,291.657837
6132,-76.025841,993.208984
3133,-889.813721,1253.870605
1789,-557.675119,-646.331004
2864,-207.097781,-709.837357
5581,1058.757568,-1071.262817
1083,-209.915787,-1275.980469
865,-820.075623,-1212.165161
3208,-1051.203613,-549.236084
5137,232.484558,1294.195435
1761,616.906348,-415.293735
4067,1389.157227,-301.320343
4671,-824.046082,-1536.797363
5758,174.942798,-84.038327
4229,-49.250790,-834.323410
4118,-540.230103,-1599.158569
1606,-1095.825073,-545.181152
4,-554.501770,-565.415894
4659,80.830796,521.458174
189,1279.218140,816.161316
1573,257.963989,433.286133
3117,-291.667389,-471.542877
4791,-843.571812,848.994172
3157,667.239807,-1585.244751
3858,-396.346161,-1495.727417
343,344.440129,-432.984710
4814,-525.686340,-691.615051
811,-1125.093018,985.110962
4864,-1185.261597,-1314.388306
5054,-1555.509766,7.290260
1497,773.178711,-329.961182
299,-239.449760,625.108543
3355,506.051208,575.948730
4078,-45.104612,623.773672
6138,32.027339,535.159774
3543,-981.905925,396.342490
1051,-1165.627319,432.900635
1776,-89.635025,-1356.838013
3346,-1084.390991,-922.948792
5027,12.304987,163.046013
226,1121.754672,-582.099499
5171,-387.621150,191.075012
5355,247.672638,-1131.394287
4620,-423.116697,-965.431796
5230,1137.896118,-199.193375
4433,-359.338075,314.435040
723,-791.410583,-289.293274
6030,127.776184,-1701.685059
2526,686.399109,-1343.126221
738,-132.776108,540.310425
486,-287.106079,1430.080200
1755,-1334.652466,-161.986969
1391,234.030945,-1703.190430
